,X-axis,Y-Axis,Z-Axis
0,-52,-169,917
1,-59,-155,896
2,11,-80,1021
3,33,-63,1035
4,28,-81,1021
5,31,-75,1031
6,11,-65,1032
7,37,-86,1025
8,21,-53,997
9,23,-73,1004
10,35,-61,1006
11,15,-75,1026
12,23,-71,1007
13,35,-47,994
14,18,-83,1016
15,23,-56,1018
16,30,-70,1002
17,22,-71,1029
18,39,-68,1025
19,23,-76,1017
20,12,-61,1024
21,28,-60,1029
22,37,-62,1011
23,34,-38,1011
24,4,-81,1023
25,28,-67,1040
26,41,-33,995
27,22,-75,1029
28,36,-69,1011
29,-1,-66,1037
30,32,-74,1023
31,35,-66,1025
32,40,-51,1001
33,35,-50,1036
34,27,-70,999
35,17,-61,1010
36,29,-73,1013
37,25,-54,1034
38,26,-76,1030
39,26,-69,1025
40,25,-67,1021
41,46,-64,1024
42,11,-62,1024
43,38,-49,1005
44,14,-70,1029
45,31,-70,1002
46,20,-76,1014
47,17,-70,1044
48,54,-60,988
49,24,-67,1025
50,45,-57,1007
51,13,-77,1035
52,16,-62,1032
53,36,-73,1004
54,19,-67,1029
55,25,-74,1026
56,25,-50,1042
57,34,-75,1040
58,32,-71,1015
59,30,-57,1019
60,20,-76,1042
61,40,-40,997
62,-1,-84,1029
63,51,-49,1001
64,32,-82,1013
65,32,-66,1015
66,33,-58,1009
67,50,-61,997
68,8,-77,1035
69,48,-53,1036
70,4,-81,1017
71,45,-61,1017
72,10,-77,1040
73,30,-44,1021
74,15,-63,1020
75,13,-77,1039
76,20,-46,1007
77,15,-78,1034
78,21,-64,1020
79,28,-78,1048
80,23,-64,1024
81,29,-62,1039
82,28,-56,1011
83,14,-73,1034
84,26,-70,1003
85,29,-70,1006
86,30,-73,1024
87,52,-58,1019
88,12,-66,1013
89,15,-74,1018
90,34,-49,1012
91,38,-72,1032
92,29,-57,989
93,16,-59,1017
94,34,-76,1023
95,39,-57,1026
96,14,-65,1045
97,33,-63,1011
98,30,-54,1011
99,20,-78,1016
100,27,-63,1016
101,29,-61,996
102,20,-74,1021
103,20,-57,1022
104,22,-91,1029
105,34,-60,1038
106,27,-48,1021
107,39,-81,1011
108,7,-64,1031
109,45,-58,1023
110,13,-72,1035
111,33,-63,1014
112,35,-59,1007
113,7,-79,1016
114,33,-65,1000
115,30,-58,1016
116,30,-66,1011
117,16,-91,1037
118,42,-44,1022
119,21,-73,1024
120,30,-53,1012
121,25,-75,1019
122,20,-54,1013
123,19,-72,1022
124,29,-55,1003
125,16,-80,1014
126,28,-59,1018
127,38,-71,1019
128,20,-69,1027
129,44,-53,1019
130,13,-70,1010
131,41,-57,993
132,9,-64,1020
133,18,-76,1021
134,32,-63,1002
135,23,-72,993
136,26,-63,1027
137,36,-72,1013
138,36,-61,1012
139,32,-70,1006
140,12,-50,999
141,20,-79,1016
142,36,-48,1005
143,12,-71,1016
144,22,-61,1002
145,20,-68,1000
146,33,-58,1021
147,21,-59,1019
148,45,-55,1017
149,13,-74,1033
150,43,-63,996
151,26,-74,1020
152,19,-62,1037
153,28,-73,1018
154,19,-67,1021
155,15,-54,1013
156,15,-79,1033
157,17,-70,1018
158,40,-43,984
159,16,-94,1023
160,15,-63,1016
161,40,-60,1012
162,19,-55,1026
163,9,-83,1037
164,51,-48,1012
165,0,-104,1040
166,52,-40,991
167,16,-64,1019
168,35,-66,1018
169,27,-60,1012
170,31,-73,1015
171,21,-60,1016
172,40,-50,1006
173,15,-79,1020
174,23,-60,1044
175,46,-55,1012
176,34,-58,1019
177,3,-73,1015
178,43,-44,989
179,9,-80,1023
180,50,-40,997
181,17,-76,1021
182,29,-66,984
183,28,-68,1023
184,41,-57,1021
185,33,-53,1009
186,11,-66,1005
187,45,-58,1012
188,28,-77,1020
189,22,-75,1032
190,38,-60,1020
191,18,-79,1031
192,36,-39,1022
193,30,-63,1022
194,18,-81,1025
195,24,-59,1002
196,24,-70,1025
197,10,-74,1033
198,54,-49,1016
199,11,-75,1032
200,29,-56,1010
201,12,-83,1024
202,36,-54,1006
203,10,-82,1027
204,45,-44,1011
205,17,-96,1036
206,46,-63,1011
207,27,-74,1010
208,17,-90,1028
209,43,-34,1005
210,-4,-83,1037
211,32,-55,1020
212,22,-55,1019
213,23,-71,1038
214,14,-71,1033
215,22,-46,1007
216,20,-72,1048
217,43,-57,1032
218,41,-66,1023
219,31,-66,1033
220,37,-66,1023
221,35,-59,1025
222,34,-82,1013
223,32,-50,1010
224,7,-73,1023
225,43,-72,1041
226,16,-72,1037
227,26,-78,1023
228,29,-57,1023
229,19,-86,1023
230,20,-59,1027
231,13,-72,1015
232,39,-57,1009
233,26,-79,1029
234,21,-57,1012
235,37,-75,1037
236,34,-64,1022
237,32,-67,1033
238,15,-58,1036
239,36,-55,1021
240,16,-72,1016
241,12,-69,1030
242,43,-72,1026
243,14,-52,1027
244,20,-72,1056
245,34,-65,1016
246,36,-57,1035
247,24,-67,1025
248,16,-81,1037
249,36,-49,1020
250,31,-80,1023
251,34,-64,1025
252,51,-68,1031
253,20,-74,1032
254,30,-56,997
255,25,-70,1035
256,20,-53,1029
257,13,-75,1042
258,25,-58,1025
259,-3,-80,1023
260,42,-40,1005
261,27,-85,1034
262,37,-64,1029
263,28,-61,1019
264,40,-67,1024
265,32,-64,1035
266,30,-54,1017
267,18,-66,1015
268,26,-71,1029
269,37,-46,979
270,3,-73,1045
271,33,-56,1023
272,35,-71,1033
273,30,-55,1010
274,24,-75,1034
275,28,-62,1024
276,27,-66,1005
277,20,-66,1029
278,29,-67,1030
279,28,-71,1029
280,22,-73,1006
281,24,-76,1018
282,23,-72,1036
283,24,-58,1023
284,39,-64,1039
285,20,-66,1032
286,22,-88,1049
287,39,-44,1008
288,23,-68,1043
289,35,-73,1040
290,25,-66,1019
291,40,-76,1031
292,15,-71,1024
293,45,-43,1022
294,26,-65,1016
295,20,-63,1042
296,26,-68,1042
297,25,-58,1016
298,8,-78,1021
299,39,-57,1017
300,20,-77,1014
301,23,-76,1023
302,41,-74,1009
303,30,-63,1007
304,23,-57,1013
305,24,-68,1034
306,20,-69,1027
307,40,-57,1003
308,6,-86,1044
309,40,-54,1029
310,34,-64,1029
311,33,-62,1028
312,46,-59,1035
313,43,-76,1026
314,5,-66,1057
315,50,-56,1024
316,3,-79,1030
317,50,-48,1019
318,35,-74,1000
319,26,-63,1016
320,20,-50,1020
321,15,-81,1012
322,25,-45,1006
323,-11,-80,1011
324,2,-77,1022
325,2,-77,1001
326,29,-75,1021
327,2,-102,1047
328,40,-56,1037
329,43,-63,1030
330,39,-40,1046
331,28,-61,1055
332,38,-39,1009
333,3,-77,1016
334,6,-78,985
335,5,-84,974
336,2,-102,980
337,-17,-94,978
338,20,-85,941
339,32,-42,919
340,55,-56,931
341,72,-25,947
342,53,-34,951
343,51,-43,959
344,34,-78,993
345,19,-81,1032
346,0,-104,1061
347,-28,-115,1112
348,-13,-106,1078
349,-27,-102,1110
350,8,-87,1071
351,-13,-52,1056
352,-1,-42,1046
353,-3,-41,1045
354,28,-25,996
355,42,-42,994
356,34,-68,1002
357,76,-55,999
358,83,-94,1003
359,66,-63,996
360,55,-93,948
361,9,-71,943
362,-19,-68,918
363,-50,-86,924
364,-26,-63,907
365,0,-51,888
366,19,-97,903
367,54,-64,912
368,64,-66,936
369,54,-93,985
370,35,-64,999
371,25,-56,1030
372,6,-68,1066
373,-20,-53,1068
374,-7,-63,1102
375,9,-50,1108
376,11,-58,1088
377,42,-36,1066
378,50,-71,1065
379,43,-48,1056
380,82,-50,1047
381,41,-44,1037
382,39,-64,1009
383,56,-39,995
384,1,-61,991
385,10,-55,966
386,30,-78,976
387,-1,-103,977
388,7,-110,969
389,-12,-92,989
390,-4,-95,999
391,-7,-99,966
392,-13,-70,985
393,33,-52,949
394,34,-54,965
395,65,-52,947
396,71,-29,923
397,69,-52,946
398,74,-56,942
399,40,-65,939
400,43,-65,999
401,34,-47,1027
402,11,-66,1038
403,17,-78,1049
404,22,-80,1079
405,25,-71,1090
406,19,-82,1110
407,35,-77,1111
408,13,-63,1125
409,21,-63,1128
410,-3,-52,1099
411,11,-28,1113
412,32,-45,1071
413,12,-40,1039
414,38,-52,983
415,17,-80,978
416,46,-61,962
417,40,-95,962
418,59,-67,920
419,53,-81,973
420,57,-55,946
421,50,-80,959
422,45,-72,940
423,30,-84,959
424,21,-60,973
425,18,-67,993
426,4,-64,994
427,-5,-58,1031
428,3,-60,1047
429,6,-65,1053
430,14,-72,1094
431,38,-64,1095
432,33,-73,1095
433,52,-74,1078
434,59,-72,1082
435,65,-82,1067
436,66,-59,1071
437,71,-45,1073
438,54,-46,1075
439,44,-56,1091
440,66,-22,1073
441,21,-43,1074
442,12,-60,1096
443,-1,-80,1071
444,-5,-53,1046
445,-2,-95,1069
446,-2,-81,1024
447,21,-84,1014
448,20,-99,1004
449,71,-67,977
450,50,-70,988
451,67,-66,960
452,57,-72,958
453,34,-68,995
454,33,-72,1007
455,-8,-78,1046
456,31,-50,1038
457,27,-62,1069
458,3,-36,1083
459,30,-42,1077
460,47,-35,1052
461,21,-71,1051
462,52,-72,1036
463,41,-113,1068
464,47,-78,1039
465,33,-84,1061
466,32,-72,1078
467,44,-45,1062
468,10,-85,1116
469,41,-51,1093
470,-11,-73,1124
471,32,-54,1080
472,-22,-81,1089
473,8,-81,1093
474,16,-45,1067
475,0,-77,1062
476,29,-36,1027
477,44,-45,1005
478,32,-41,988
479,69,-33,949
480,33,-67,937
481,49,-49,935
482,24,-70,933
483,20,-91,923
484,-3,-110,990
485,10,-84,1011
486,2,-89,1035
487,-4,-87,1055
488,11,-64,1057
489,7,-75,1059
490,-4,-44,1060
491,9,-75,1063
492,10,-67,1074
493,25,-56,1062
494,57,-61,1079
495,67,-40,1084
496,73,-36,1079
497,70,-48,1065
498,72,-66,1082
499,48,-74,1043
500,-15,-92,1039
501,-62,-113,1052
502,-73,-117,1052
503,-83,-129,1076
504,-56,-113,1025
505,-3,-72,1044
506,56,-12,1006
507,59,-9,1021
508,117,12,970
509,59,-16,967
510,43,-34,957
511,-11,-92,924
512,-34,-143,839
513,24,-101,784
514,74,-50,790
515,143,4,761
516,183,35,792
517,142,51,811
518,81,25,859
519,20,-32,962
520,-19,-101,1092
521,-71,-150,1182
522,-103,-191,1263
523,-52,-185,1332
524,-26,-162,1359
525,-19,-117,1312
526,-47,-71,1261
527,-77,4,1179
528,-38,24,1157
529,22,42,1096
530,73,0,1041
531,121,0,1021
532,163,-39,995
533,217,-53,966
534,198,-60,893
535,81,-106,833
536,-15,-99,787
537,-129,-109,735
538,-145,-80,674
539,-134,-87,620
540,-40,-103,634
541,59,-119,660
542,122,-124,737
543,182,-88,809
544,146,-64,866
545,78,-54,1023
546,9,1,1102
547,-62,-43,1222
548,-92,-24,1278
549,-78,-32,1301
550,-63,-45,1331
551,14,-68,1339
552,37,-68,1324
553,84,-48,1299
554,69,-27,1309
555,107,2,1243
556,100,7,1179
557,94,-17,1101
558,75,-20,1050
559,99,-43,1017
560,93,-95,975
561,71,-134,909
562,2,-146,885
563,-71,-132,866
564,-107,-143,898
565,-86,-111,884
566,-100,-76,786
567,-69,-61,765
568,-6,-61,793
569,119,-69,762
570,129,-41,764
571,112,-43,762
572,107,-59,801
573,50,-75,905
574,72,-20,969
575,52,-43,1094
576,57,-44,1144
577,37,-75,1209
578,59,-70,1262
579,80,-110,1312
580,46,-96,1336
581,22,-78,1314
582,-53,-60,1346
583,-46,-37,1335
584,-49,-3,1307
585,-51,-10,1276
586,1,8,1206
587,2,-8,1110
588,20,-40,986
589,33,-85,925
590,34,-104,870
591,39,-124,868
592,44,-142,852
593,50,-132,833
594,58,-85,842
595,77,-83,803
596,72,-96,749
597,61,-74,688
598,48,-52,665
599,18,-73,686
600,11,-39,714
601,-9,-22,789
602,-34,-55,909
603,-40,-30,1034
604,-43,-61,1168
605,-16,-99,1228
606,11,-119,1294
607,6,-150,1359
608,26,-142,1387
609,13,-125,1381
610,1,-118,1354
611,4,-70,1322
612,58,-18,1277
613,84,30,1210
614,171,64,1104
615,175,51,1005
616,183,15,887
617,157,-9,827
618,80,-39,784
619,-19,-93,780
620,-86,-112,814
621,-126,-125,888
622,-108,-143,901
623,-92,-146,938
624,-28,-151,938
625,29,-128,934
626,61,-112,881
627,26,-97,892
628,6,-80,928
629,2,-24,982
630,42,-12,1053
631,40,-1,1074
632,103,34,1070
633,92,-11,1103
634,123,-20,1066
635,70,-50,1012
636,41,-75,968
637,43,-51,980
638,43,-91,1041
639,29,-85,1141
640,75,-48,1152
641,70,-87,1212
642,56,-103,1230
643,11,-136,1252
644,-22,-170,1235
645,-74,-127,1196
646,-110,-95,1120
647,-132,-80,1075
648,-108,13,976
649,-52,39,939
650,66,52,888
651,138,15,834
652,239,30,771
653,235,-27,781
654,201,-45,798
655,142,-50,845
656,40,-57,896
657,-27,-68,980
658,-81,-90,1017
659,-117,-110,1092
660,-108,-134,1147
661,-99,-134,1133
662,-61,-135,1072
663,-30,-114,1051
664,7,-79,997
665,50,-49,1018
666,77,-9,1027
667,126,0,1039
668,112,24,1102
669,136,11,1104
670,153,-42,1118
671,133,-36,1169
672,81,-54,1170
673,51,-82,1141
674,-38,-116,1162
675,-88,-89,1187
676,-101,-51,1173
677,-46,-70,1155
678,15,-47,1069
679,46,-36,1038
680,87,-57,970
681,115,-41,874
682,116,-68,836
683,115,-28,790
684,59,-74,788
685,-11,-74,866
686,-68,-59,876
687,-50,-90,991
688,-20,-82,1031
689,11,-96,1028
690,36,-111,1076
691,78,-113,1102
692,74,-109,1111
693,48,-106,1140
694,21,-49,1106
695,-2,-49,1176
696,4,4,1125
697,70,-6,1115
698,77,-15,1142
699,121,-20,1114
700,82,-95,1092
701,86,-77,1098
702,11,-131,1097
703,-51,-134,1086
704,-91,-101,1127
705,-102,-42,1133
706,-87,-48,1131
707,-50,-28,1093
708,2,-21,1057
709,83,-51,976
710,92,-67,930
711,111,-66,857
712,76,-95,820
713,90,-112,796
714,55,-115,871
715,75,-109,923
716,78,-82,912
717,49,-103,950
718,-13,-119,976
719,-32,-73,957
720,-42,-96,937
721,-72,-109,920
722,-62,-24,914
723,-79,-22,943
724,-25,0,951
725,0,-17,982
726,58,-55,1048
727,121,-50,1092
728,138,-88,1105
729,117,-125,1126
730,95,-125,1140
731,68,-115,1174
732,38,-112,1199
733,-18,-104,1191
734,-4,-44,1143
735,-40,-57,1143
736,-14,23,1045
737,-38,21,1013
738,-36,16,936
739,-19,-2,880
740,-11,-31,837
741,29,-25,829
742,48,-1,779
743,94,-69,783
744,117,-80,865
745,108,-119,895
746,110,-182,912
747,97,-239,941
748,2,-229,972
749,-115,-239,1005
750,-167,-177,1055
751,-166,-127,1042
752,-134,-52,1046
753,-72,51,1035
754,40,124,1067
755,100,149,1050
756,161,159,978
757,144,100,980
758,104,3,1008
759,64,-110,1005
760,19,-221,1018
761,-32,-218,1020
762,4,-194,979
763,27,-164,913
764,54,-145,924
765,96,-85,906
766,105,-47,942
767,71,2,916
768,1,-6,905
769,-64,-12,1032
770,-65,-8,1121
771,-101,-37,1172
772,-72,-50,1181
773,-12,-82,1172
774,76,-82,1185
775,112,-81,1094
776,74,-69,1010
777,32,-85,959
778,11,-87,940
779,79,-46,919
780,77,-70,953
781,89,-46,967
782,89,-50,1026
783,151,-35,1034
784,78,-82,1086
785,-3,-92,1036
786,-129,-111,1025
787,-200,-83,986
788,-202,-49,977
789,-117,-22,916
790,5,9,846
791,122,21,837
792,243,6,813
793,292,-31,836
794,294,-73,849
795,218,-119,898
796,98,-166,1024
797,-20,-177,1128
798,-110,-204,1201
799,-162,-137,1246
800,-179,-112,1249
801,-177,-78,1261
802,-115,-46,1203
803,-59,-22,1153
804,10,13,1147
805,98,8,1113
806,155,-3,1031
807,202,8,1037
808,206,-15,1035
809,182,-32,1018
810,129,-42,1000
811,84,-56,940
812,-10,-119,892
813,-103,-174,932
814,-154,-198,932
815,-151,-205,947
816,-122,-162,920
817,-73,-86,936
818,4,-40,963
819,81,-6,968
820,122,28,962
821,108,9,932
822,101,0,886
823,51,-44,949
824,33,-61,935
825,-2,-50,968
826,27,-60,1002
827,76,-48,1035
828,98,-54,1101
829,143,-95,1144
830,147,-78,1156
831,100,-125,1212
832,40,-148,1225
833,-6,-163,1294
834,-35,-139,1291
835,-36,-74,1267
836,-17,-15,1228
837,-27,9,1157
838,0,33,1104
839,5,36,1010
840,-27,0,951
841,-62,-72,921
842,-19,-77,903
843,-10,-132,921
844,81,-109,903
845,121,-111,899
846,174,-96,846
847,197,-85,799
848,117,-91,815
849,87,-77,789
850,-20,-71,818
851,-84,-67,825
852,-105,-92,934
853,-115,-88,1034
854,-32,-52,1151
855,16,-20,1187
856,39,-33,1216
857,61,-26,1319
858,66,-46,1348
859,39,-44,1382
860,-5,-81,1351
861,10,-87,1325
862,26,-61,1238
863,43,-37,1180
864,84,17,1101
865,137,18,1029
866,132,-5,943
867,93,-16,953
868,34,-55,918
869,-4,-85,923
870,-94,-154,923
871,-92,-133,950
872,-107,-105,954
873,-42,-77,977
874,30,-80,922
875,97,-63,875
876,141,-56,874
877,125,-77,843
878,82,-97,858
879,20,-126,913
880,-19,-104,936
881,-23,-84,1014
882,-41,-65,1064
883,0,-28,1095
884,26,-7,1087
885,43,-20,1085
886,42,-36,1049
887,39,-38,1066
888,20,-60,1177
889,53,-76,1204
890,28,-81,1263
891,48,-63,1283
892,69,-117,1320
893,137,-48,1231
894,79,-80,1139
895,30,-73,1031
896,10,-63,947
897,-28,-70,925
898,-59,-65,869
899,-58,-78,819
900,-57,-55,783
901,-33,-78,787
902,26,-61,782
903,26,-68,799
904,72,-63,827
905,59,-50,840
906,39,-67,912
907,67,-33,960
908,27,-55,1057
909,10,-44,1113
910,24,-61,1165
911,65,-73,1168
912,81,-88,1113
913,82,-96,1126
914,69,-64,1084
915,41,-40,1026
916,-29,-84,1008
917,-52,-43,1007
918,-60,-21,1037
919,-52,-50,1117
920,57,-37,1105
921,101,-99,1144
922,150,-82,1138
923,77,-82,1190
924,68,-82,1186
925,-4,-96,1224
926,-32,-69,1179
927,-52,-79,1121
928,-61,-116,1082
929,-28,-111,1020
930,3,-150,909
931,55,-126,762
932,72,-109,709
933,75,-50,659
934,84,9,633
935,83,61,662
936,63,-1,740
937,0,-27,821
938,9,-81,919
939,-27,-161,1028
940,-72,-229,1070
941,-101,-208,1061
942,-84,-109,1046
943,-61,-14,1028
944,13,58,1024
945,135,128,981
946,194,181,969
947,205,151,958
948,175,-3,970
949,121,-123,1063
950,103,-161,1198
951,24,-248,1244
952,-51,-256,1301
953,-98,-233,1366
954,-94,-113,1375
955,-128,-48,1382
956,-167,11,1291
957,-166,0,1149
958,-61,-6,1071
959,31,-75,1012
960,113,-46,897
961,162,-76,848
962,195,-35,797
963,222,-16,746
964,179,-37,659
965,116,-31,568
966,-5,-74,539
967,-77,-78,529
968,-79,-109,587
969,-1,-120,607
970,5,-156,670
971,14,-116,798
972,-3,-111,952
973,-18,-91,1090
974,-40,-114,1229
975,13,-76,1313
976,26,-69,1403
977,46,-3,1356
978,54,6,1287
979,29,9,1265
980,33,11,1281
981,66,23,1270
982,49,-1,1243
983,33,-45,1258
984,63,-34,1225
985,123,-76,1182
986,143,-99,1106
987,114,-109,1036
988,10,-126,1044
989,8,-149,983
990,-21,-139,969
991,-44,-116,898
992,-104,-72,843
993,-108,-101,885
994,-14,-98,859
995,15,-50,785
996,16,0,671
997,40,-26,651
998,90,-23,687
999,46,-32,655
1000,30,-25,646
1001,12,-34,681
1002,19,-106,777
1003,41,-101,933
1004,88,-85,1089
1005,75,-62,1211
1006,85,-41,1299
1007,61,-64,1411
1008,40,-75,1510
1009,-5,-91,1562
1010,-97,-89,1617
1011,-67,-58,1577
1012,-51,-57,1524
1013,39,-33,1449
1014,95,-12,1295
1015,91,-17,1172
1016,96,-1,948
1017,58,-60,783
1018,-7,-117,721
1019,-31,-148,651
1020,-77,-170,671
1021,-36,-142,643
1022,-15,-121,689
1023,62,-74,743
1024,119,-45,803
1025,167,-20,792
1026,150,-11,826
1027,95,-19,841
1028,32,-38,904
1029,3,-20,953
1030,-39,-33,1006
1031,-25,-64,1041
1032,-40,-67,1115
1033,-26,-57,1159
1034,9,-76,1163
1035,-24,-121,1179
1036,-75,-108,1215
1037,-74,-86,1278
1038,-31,-80,1338
1039,25,-49,1343
1040,59,-49,1338
1041,147,-25,1328
1042,220,17,1327
1043,284,36,1253
1044,208,5,1153
1045,134,17,1051
1046,20,-42,998
1047,-73,-76,954
1048,-145,-117,905
1049,-183,-128,815
1050,-170,-138,800
1051,-86,-149,774
1052,0,-146,755
1053,64,-109,712
1054,93,-93,708
1055,102,-76,713
1056,93,-84,781
1057,59,-71,860
1058,68,-50,974
1059,86,17,1042
1060,59,-15,1098
1061,92,8,1129
1062,46,-6,1171
1063,38,-15,1174
1064,-14,-35,1174
1065,-44,-87,1145
1066,-62,-111,1119
1067,-59,-142,1210
1068,25,-146,1291
1069,57,-141,1338
1070,70,-112,1319
1071,70,-66,1281
1072,26,-53,1213
1073,18,-19,1176
1074,-11,11,1088
1075,-31,20,1017
1076,20,-9,958
1077,46,-28,893
1078,81,-61,914
1079,104,-67,828
1080,110,-87,769
1081,64,-95,745
1082,28,-112,764
1083,13,-101,770
1084,-34,-129,812
1085,-34,-103,854
1086,-72,-91,913
1087,-51,-88,986
1088,-38,-83,1019
1089,-9,-85,1122
1090,63,-63,1168
1091,51,-58,1157
1092,47,-41,1159
1093,49,-40,1163
1094,50,-11,1138
1095,29,-40,1118
1096,43,-30,1076
1097,47,-56,1066
1098,55,-41,1032
1099,52,-64,1038
1100,97,-54,1028
1101,94,-83,1059
1102,45,-71,1091
1103,27,-94,1094
1104,-8,-107,1094
1105,-4,-106,1093
1106,-6,-110,1098
1107,35,-73,1067
1108,17,-94,1039
1109,49,-49,974
1110,47,-24,932
1111,22,-52,928
1112,-4,-23,916
1113,-102,-72,920
1114,-102,-83,920
1115,-42,-117,938
1116,-6,-121,953
1117,77,-72,950
1118,89,-39,982
1119,101,-33,976
1120,91,-16,971
1121,26,-33,1041
1122,20,-41,1018
1123,-12,-95,1001
1124,-38,-121,984
1125,-24,-89,904
1126,19,-92,873
1127,81,-66,888
1128,140,-36,908
1129,143,20,957
1130,125,18,1031
1131,69,0,1049
1132,-8,-88,1104
1133,-77,-168,1215
1134,-135,-224,1281
1135,-142,-208,1270
1136,-108,-213,1289
1137,-38,-142,1269
1138,33,-37,1233
1139,58,46,1136
1140,43,83,1031
1141,71,98,915
1142,118,52,870
1143,153,-42,820
1144,131,-77,816
1145,122,-124,823
1146,149,-104,848
1147,137,-126,822
1148,31,-120,790
1149,-71,-107,749
1150,-171,-100,793
1151,-204,-87,739
1152,-160,-90,720
1153,-115,-89,781
1154,-2,-73,817
1155,101,-27,919
1156,160,8,1024
1157,171,38,1082
1158,180,42,1178
1159,114,-15,1308
1160,65,-53,1339
1161,39,-134,1358
1162,4,-163,1341
1163,-44,-184,1324
1164,-68,-157,1329
1165,4,-85,1280
1166,7,-68,1264
1167,37,21,1190
1168,15,1,1154
1169,47,29,1027
1170,65,13,910
1171,73,-6,825
1172,91,-35,776
1173,93,-40,766
1174,53,-112,691
1175,15,-127,663
1176,-28,-176,701
1177,-56,-190,755
1178,-46,-163,751
1179,-86,-127,759
1180,-44,-95,755
1181,42,-52,813
1182,153,-7,861
1183,158,-24,939
1184,135,10,1026
1185,65,11,1101
1186,-4,-23,1233
1187,-68,-45,1328
1188,-87,-43,1363
1189,-79,-40,1337
1190,-36,-58,1334
1191,30,-30,1255
1192,97,-56,1219
1193,140,-60,1185
1194,144,-81,1177
1195,81,-94,1151
1196,32,-102,1169
1197,19,-101,1171
1198,31,-86,1154
1199,16,-83,1102
1200,4,-61,965
1201,18,-64,867
1202,0,-81,816
1203,-13,-81,726
1204,-19,-92,728
1205,-24,-76,724
1206,1,-55,752
1207,35,-24,780
1208,104,-9,782
1209,150,-14,741
1210,181,-51,719
1211,103,-92,741
1212,27,-98,811
1213,-47,-122,922
1214,-93,-122,1025
1215,-96,-87,1167
1216,-130,-82,1328
1217,-78,-28,1411
1218,6,-11,1453
1219,91,-38,1456
1220,128,-55,1429
1221,159,-58,1400
1222,115,-57,1367
1223,84,-36,1293
1224,28,-40,1244
1225,41,0,1184
1226,22,-24,1138
1227,52,-39,1047
1228,60,-90,915
1229,48,-139,789
1230,37,-126,719
1231,0,-124,682
1232,-35,-91,672
1233,-74,-53,706
1234,-31,-28,761
1235,0,-45,814
1236,93,-47,878
1237,138,-50,894
1238,140,-73,885
1239,114,-117,899
1240,32,-102,935
1241,-41,-92,993
1242,-60,-39,1081
1243,-90,-22,1154
1244,-89,-7,1228
1245,-10,-12,1298
1246,12,-27,1304
1247,47,-86,1278
1248,62,-99,1234
1249,30,-123,1196
1250,27,-113,1160
1251,50,-75,1121
1252,69,-34,1180
1253,84,18,1183
1254,95,27,1120
1255,87,-20,1085
1256,78,-63,1019
1257,41,-113,985
1258,-26,-156,931
1259,-54,-169,881
1260,-93,-156,912
1261,-71,-93,885
1262,-32,-52,875
1263,-22,-24,870
1264,70,11,820
1265,84,-12,789
1266,130,5,745
1267,81,-61,791
1268,81,-34,806
1269,40,-51,919
1270,-14,-48,1033
1271,-80,-57,1158
1272,-58,-48,1228
1273,-42,-79,1275
1274,9,-77,1293
1275,46,-124,1275
1276,63,-131,1203
1277,54,-120,1207
1278,55,-96,1154
1279,47,-60,1136
1280,41,-1,1168
1281,31,15,1160
1282,55,40,1157
1283,74,18,1105
1284,123,4,1003
1285,104,-15,914
1286,46,-94,854
1287,11,-112,842
1288,-14,-123,860
1289,-17,-108,860
1290,-33,-130,916
1291,-22,-107,936
1292,27,-79,938
1293,27,-79,914
1294,66,-70,860
1295,14,-99,894
1296,31,-77,877
1297,4,-87,952
1298,-7,-61,996
1299,-11,-48,1069
1300,-18,-21,1089
1301,19,-33,1171
1302,46,-25,1177
1303,61,-57,1178
1304,93,-64,1131
1305,88,-97,1124
1306,69,-92,1122
1307,17,-92,1138
1308,-8,-72,1190
1309,13,-29,1158
1310,-20,-32,1147
1311,-12,-17,1105
1312,0,-21,1044
1313,34,-49,1022
1314,40,-87,975
1315,22,-90,917
1316,-39,-127,903
1317,-40,-87,902
1318,-31,-81,947
1319,4,-23,956
1320,46,-1,946
1321,69,-27,945
1322,98,-44,950
1323,127,-81,926
1324,82,-115,975
1325,16,-106,969
1326,-16,-135,1002
1327,-58,-100,1016
1328,-40,-85,1029
1329,-15,-80,1033
1330,-12,-69,1012
1331,68,-35,982
1332,39,-51,966
1333,57,-38,941
1334,56,-48,936
1335,53,-17,921
1336,33,-34,973
1337,54,-12,1007
1338,57,-20,1030
1339,75,-50,1082
1340,58,-96,1111
1341,28,-136,1100
1342,-17,-161,1146
1343,-45,-170,1134
1344,-71,-149,1121
1345,-82,-107,1155
1346,-40,-73,1127
1347,20,-25,1099
1348,74,0,1089
1349,100,13,1045
1350,98,12,966
1351,86,-32,928
1352,63,-38,924
1353,52,-71,882
1354,31,-87,882
1355,20,-99,869
1356,24,-110,883
1357,1,-119,871
1358,38,-67,855
1359,15,-74,877
1360,-11,-88,881
1361,10,-76,901
1362,-8,-71,958
1363,8,-78,1023
1364,-8,-68,1059
1365,29,-47,1099
1366,6,-38,1158
1367,22,-24,1184
1368,1,-33,1198
1369,13,-27,1184
1370,47,-46,1114
1371,24,-76,1114
1372,10,-82,1134
1373,27,-59,1070
1374,50,-77,1071
1375,77,-65,1010
1376,81,-75,1015
1377,119,-68,990
1378,105,-86,1024
1379,108,-76,978
1380,56,-99,919
1381,20,-85,920
1382,-18,-91,889
1383,-63,-91,907
1384,-2,-56,884
1385,-19,-51,898
1386,-6,-63,882
1387,25,-71,904
1388,35,-57,895
1389,7,-101,915
1390,19,-70,937
1391,1,-90,970
1392,-9,-51,1007
1393,35,-31,1055
1394,81,-29,1087
1395,120,-21,1094
1396,101,-34,1155
1397,116,-35,1166
1398,41,-63,1190
1399,1,-81,1171
1400,-59,-70,1173
1401,-70,-59,1140
1402,-58,-48,1105
1403,1,-33,1042
1404,48,-40,1006
1405,117,-44,975
1406,85,-68,964
1407,95,-81,977
1408,50,-104,970
1409,6,-127,997
1410,-6,-152,999
1411,-18,-126,1003
1412,3,-119,995
1413,8,-101,975
1414,34,-68,923
1415,68,-56,920
1416,77,-32,894
1417,86,-30,882
1418,47,-41,872
1419,48,-27,908
1420,23,-35,961
1421,6,-25,1013
1422,35,-36,1053
1423,20,-74,1104
1424,30,-92,1124
1425,18,-94,1148
1426,-4,-132,1194
1427,-26,-111,1167
1428,-55,-79,1177
1429,-42,-24,1133
1430,-28,-4,1117
1431,63,21,1100
1432,110,14,1067
1433,165,-20,1052
1434,160,-51,1032
1435,111,-92,1000
1436,42,-125,1020
1437,17,-94,1009
1438,-65,-113,1045
1439,-60,-64,998
1440,-49,-65,996
1441,-23,-61,967
1442,60,-40,954
1443,74,-68,900
1444,84,-86,897
1445,58,-93,926
1446,45,-110,968
1447,55,-74,1012
1448,33,-87,1025
1449,21,-53,1032
1450,32,-39,1057
1451,45,-9,1069
1452,37,-25,1072
1453,1,-52,1080
1454,3,-69,1086
1455,-12,-71,1111
1456,-30,-96,1146
1457,19,-81,1141
1458,-25,-84,1180
1459,24,-59,1106
1460,16,-22,1089
1461,56,-13,1036
1462,61,-25,1005
1463,107,11,963
1464,92,-47,993
1465,77,-94,976
1466,51,-118,1018
1467,26,-125,1054
1468,27,-131,1099
1469,37,-116,1082
1470,11,-90,1071
1471,6,-57,1076
1472,9,-38,1015
1473,-6,-65,1007
1474,1,-40,950
1475,-20,-35,962
1476,-42,-36,947
1477,8,-27,935
1478,16,-22,915
1479,44,-37,917
1480,140,-2,946
1481,142,-81,998
1482,149,-102,1010
1483,108,-136,1029
1484,19,-169,1078
1485,-22,-166,1102
1486,-86,-157,1143
1487,-96,-96,1161
1488,-85,-59,1181
1489,-48,2,1111
1490,12,0,1077
1491,50,-1,1049
1492,84,7,1012
1493,69,-54,1022
1494,91,-34,993
1495,64,-68,980
1496,50,-45,1018
1497,79,-39,1005
1498,74,-69,1000
1499,77,-92,966
1500,46,-93,969
1501,18,-143,997
1502,2,-113,971
1503,-58,-101,956
1504,-61,-73,955
1505,-87,-90,1007
1506,-11,-25,1014
1507,16,-39,1028
1508,61,-11,1012
1509,82,-27,986
1510,76,-59,989
1511,60,-57,1027
1512,35,-64,1029
1513,17,-76,1024
1514,0,-73,1042
1515,18,-80,1053
1516,22,-82,1106
1517,86,-62,1073
1518,58,-103,1079
1519,40,-111,1074
1520,-19,-118,1078
1521,-8,-87,1067
1522,-32,-88,1057
1523,8,-35,1034
1524,29,-24,1017
1525,38,-40,1022
1526,84,-11,989
1527,77,-59,979
1528,66,-36,960
1529,7,-80,959
1530,-1,-48,952
1531,-29,-110,976
1532,-5,-89,928
1533,0,-100,944
1534,17,-98,921
1535,41,-90,928
1536,40,-103,947
1537,70,-76,950
1538,63,-58,954
1539,96,-43,955
1540,56,-74,1010
1541,60,-39,1023
1542,47,-33,1062
1543,30,-47,1110
1544,19,-71,1130
1545,4,-47,1095
1546,-46,-75,1112
1547,-40,-52,1114
1548,-51,-67,1095
1549,-49,-75,1098
1550,-4,-52,1064
1551,-4,-68,1093
1552,40,-65,1055
1553,80,-68,1044
1554,109,-41,1051
1555,91,-52,1043
1556,83,-53,993
1557,52,-59,965
1558,27,-24,902
1559,11,-32,887
1560,12,-61,887
1561,26,-71,831
1562,17,-87,822
1563,18,-114,830
1564,26,-128,858
1565,31,-127,893
1566,-6,-142,934
1567,2,-117,996
1568,0,-75,1037
1569,15,-63,1082
1570,6,-29,1110
1571,23,-46,1129
1572,26,-17,1159
1573,24,-40,1140
1574,34,-39,1156
1575,44,-44,1147
1576,15,-63,1119
1577,11,-31,1116
1578,-2,-53,1083
1579,16,-15,1059
1580,28,-33,1023
1581,31,-50,1017
1582,48,-46,977
1583,35,-92,944
1584,21,-102,950
1585,-22,-129,965
1586,17,-118,971
1587,3,-137,980
1588,29,-73,965
1589,37,-38,947
1590,61,-52,950
1591,85,-34,886
1592,53,-47,907
1593,47,-62,935
1594,41,-91,945
1595,13,-80,980
1596,-3,-89,1021
1597,0,-103,1082
1598,-12,-71,1073
1599,43,-49,1073
1600,29,-56,1097
1601,71,-31,1073
1602,74,-55,1045
1603,72,-63,1062
1604,52,-73,1072
1605,23,-53,1100
1606,18,-59,1107
1607,4,-62,1110
1608,17,-49,1056
1609,0,-29,1040
1610,-13,-50,1029
1611,12,-50,984
1612,-7,-80,955
1613,-34,-101,939
1614,0,-91,946
1615,19,-100,945
1616,58,-118,973
1617,93,-85,961
1618,94,-56,966
1619,111,-59,960
1620,107,-36,949
1621,78,-16,934
1622,33,-17,941
1623,-15,-42,987
1624,-41,-52,1009
1625,-37,-55,1031
1626,-54,-103,1080
1627,-13,-105,1099
1628,23,-91,1051
1629,6,-119,1072
1630,60,-79,1062
1631,65,-66,1072
1632,71,-65,1082
1633,71,-29,1079
1634,54,-18,1090
1635,44,-14,1099
1636,39,-3,1116
1637,51,-12,1114
1638,35,-8,1062
1639,24,-18,1042
1640,-25,-64,1066
1641,-38,-99,1034
1642,-21,-87,1005
1643,-16,-127,993
1644,1,-96,1009
1645,21,-118,1009
1646,53,-115,986
1647,86,-107,970
1648,68,-92,977
1649,72,-74,957
1650,63,-43,980
1651,25,-45,988
1652,21,-49,990
1653,-7,-50,1009
1654,10,-49,1020
1655,-5,-40,1003
1656,48,-32,1024
1657,34,-23,998
1658,49,-53,975
1659,38,-60,953
1660,50,-66,975
1661,45,-88,1015
1662,32,-89,1070
1663,49,-98,1115
1664,52,-94,1113
1665,15,-82,1170
1666,14,-58,1171
1667,-17,-64,1194
1668,-21,-44,1204
1669,-49,-55,1184
1670,-30,-52,1137
1671,-21,-44,1102
1672,16,-26,1054
1673,30,-30,979
1674,86,-43,950
1675,87,-46,925
1676,102,-54,877
1677,95,-94,887
1678,88,-95,879
1679,81,-84,915
1680,28,-123,919
1681,25,-93,936
1682,-41,-104,962
1683,-25,-55,950
1684,-48,-50,985
1685,-8,-19,935
1686,-39,-48,975
1687,8,-16,969
1688,31,-40,997
1689,61,-42,1012
1690,73,-63,1053
1691,93,-93,1088
1692,108,-92,1127
1693,87,-103,1141
1694,53,-101,1144
1695,21,-111,1183
1696,18,-108,1208
1697,-5,-87,1215
1698,-16,-81,1206
1699,-27,-72,1175
1700,-8,-42,1129
1701,-4,-63,1084
1702,-11,-29,1026
1703,0,-29,963
1704,-1,-19,911
1705,27,-28,877
1706,31,-39,827
1707,48,-64,821
1708,67,-71,816
1709,88,-102,811
1710,89,-111,801
1711,46,-115,851
1712,41,-70,863
1713,9,-113,930
1714,12,-66,957
1715,0,-64,976
1716,-20,-38,1023
1717,-3,-48,1044
1718,24,-36,1070
1719,44,-44,1107
1720,47,-29,1110
1721,48,-31,1144
1722,49,-58,1154
1723,56,-61,1185
1724,36,-81,1160
1725,26,-76,1148
1726,-1,-87,1167
1727,3,-91,1140
1728,40,-94,1099
1729,20,-92,1083
1730,32,-70,1062
1731,16,-50,1011
1732,7,-51,959
1733,-8,-44,950
1734,-7,-34,917
1735,-10,-74,911
1736,3,-44,860
1737,34,-81,839
1738,65,-78,818
1739,53,-95,826
1740,62,-84,828
1741,68,-74,832
1742,25,-81,861
1743,29,-50,894
1744,11,-73,930
1745,-4,-59,959
1746,24,-70,998
1747,0,-93,1056
1748,26,-86,1073
1749,20,-91,1137
1750,33,-74,1200
1751,34,-64,1205
1752,14,-56,1205
1753,43,-41,1207
1754,39,-32,1199
1755,52,-49,1175
1756,26,-47,1165
1757,77,-42,1111
1758,37,-59,1106
1759,18,-47,1087
1760,-11,-60,1030
1761,-25,-51,987
1762,-54,-64,950
1763,-46,-80,908
1764,-32,-41,869
1765,-9,-83,814
1766,26,-61,772
1767,49,-72,766
1768,67,-65,736
1769,110,-54,758
1770,106,-80,832
1771,93,-74,888
1772,101,-62,924
1773,50,-109,992
1774,18,-83,1023
1775,-10,-96,1091
1776,-30,-86,1113
1777,-48,-96,1140
1778,-32,-73,1168
1779,-42,-75,1193
1780,-7,-37,1189
1781,12,-47,1200
1782,41,-20,1200
1783,94,-24,1158
1784,94,-40,1131
1785,96,-42,1108
1786,87,-71,1078
1787,102,-77,1052
1788,71,-102,1030
1789,22,-81,994
1790,-13,-103,1016
1791,-53,-102,996
1792,-57,-123,969
1793,-64,-81,967
1794,-50,-97,945
1795,-11,-48,892
1796,3,-47,846
1797,19,-55,815
1798,42,-39,828
1799,55,-51,829
1800,56,-54,854
1801,103,-35,845
1802,55,-89,905
1803,101,-57,919
1804,69,-106,949
1805,74,-87,997
1806,53,-88,1041
1807,-6,-126,1099
1808,1,-80,1182
1809,-25,-82,1220
1810,-40,-53,1281
1811,-14,-43,1300
1812,-6,-29,1308
1813,-5,-1,1270
1814,61,15,1209
1815,27,-25,1166
1816,56,-33,1114
1817,65,-39,1054
1818,67,-72,1012
1819,66,-59,960
1820,65,-98,956
1821,46,-115,920
1822,66,-88,887
1823,25,-103,882
1824,-4,-111,863
1825,-16,-106,878
1826,-26,-67,872
1827,-7,-71,868
1828,-31,-97,900
1829,-10,-60,912
1830,0,-58,944
1831,44,-65,949
1832,57,-49,967
1833,70,-69,996
1834,80,-59,1001
1835,66,-48,996
1836,64,-67,1064
1837,49,-68,1089
1838,13,-96,1153
1839,25,-75,1206
1840,3,-83,1217
1841,4,-68,1225
1842,-18,-66,1218
1843,4,-57,1195
1844,6,-35,1193
1845,26,-35,1160
1846,25,-41,1102
1847,62,-27,1065
1848,44,-40,1026
1849,74,-48,960
1850,44,-56,919
1851,45,-68,915
1852,31,-69,911
1853,11,-75,884
1854,28,-80,866
1855,1,-86,877
1856,0,-92,884
1857,-3,-105,899
1858,-7,-111,932
1859,0,-91,947
1860,39,-74,959
1861,20,-76,1017
1862,61,-42,988
1863,75,-46,996
1864,74,-27,1013
1865,58,-45,1052
1866,84,-37,1037
1867,37,-74,1084
1868,63,-55,1057
1869,17,-78,1108
1870,37,-74,1124
1871,29,-55,1134
1872,11,-92,1191
1873,0,-75,1185
1874,-6,-65,1200
1875,-34,-90,1232
1876,-10,-81,1176
1877,0,-64,1166
1878,27,-67,1138
1879,27,-61,1107
1880,64,-31,1056
1881,67,-27,1017
1882,71,-38,961
1883,53,-39,901
1884,29,-68,887
1885,36,-52,836
1886,17,-78,829
1887,3,-95,849
1888,23,-93,838
1889,-7,-87,845
1890,-12,-95,889
1891,3,-64,900
1892,8,-79,947
1893,26,-52,991
1894,22,-45,1027
1895,40,-75,1092
1896,39,-64,1142
1897,42,-50,1127
1898,57,-54,1173
1899,32,-58,1177
1900,34,-74,1200
1901,43,-52,1157
1902,15,-59,1163
1903,21,-51,1141
1904,14,-56,1104
1905,20,-61,1115
1906,14,-61,1089
1907,26,-78,1078
1908,28,-89,1084
1909,-2,-92,1077
1910,26,-94,1059
1911,14,-92,1013
1912,-11,-101,1018
1913,22,-85,959
1914,9,-61,920
1915,20,-67,889
1916,29,-65,839
1917,46,-54,791
1918,25,-40,780
1919,33,-50,773
1920,29,-54,792
1921,46,-49,833
1922,21,-80,859
1923,55,-67,888
1924,12,-64,980
1925,38,-46,1024
1926,12,-78,1086
1927,0,-80,1143
1928,10,-59,1185
1929,2,-93,1225
1930,15,-57,1236
1931,10,-66,1250
1932,40,-50,1203
1933,12,-40,1209
1934,37,-60,1181
1935,61,-53,1149
1936,67,-46,1098
1937,39,-53,1030
1938,46,-56,978
1939,40,-68,962
1940,22,-64,936
1941,23,-89,930
1942,-5,-89,902
1943,-13,-119,899
1944,-9,-80,890
1945,-19,-122,898
1946,4,-93,873
1947,14,-66,856
1948,-3,-63,864
1949,25,-60,834
1950,48,-30,861
1951,47,-40,898
1952,66,-35,890
1953,49,-54,928
1954,39,-72,985
1955,33,-70,1021
1956,24,-86,1078
1957,11,-80,1118
1958,-24,-81,1195
1959,23,-53,1187
1960,-15,-64,1231
1961,5,-55,1241
1962,22,-50,1245
1963,44,-40,1194
1964,51,-55,1188
1965,53,-50,1149
1966,54,-39,1084
1967,66,-48,1031
1968,47,-46,973
1969,41,-63,926
1970,50,-67,874
1971,45,-63,845
1972,23,-87,817
1973,14,-91,811
1974,1,-102,837
1975,4,-89,849
1976,-10,-80,869
1977,-1,-99,905
1978,14,-81,933
1979,7,-90,946
1980,28,-95,990
1981,49,-53,1029
1982,26,-65,1052
1983,56,-49,1038
1984,46,-67,1085
1985,68,-23,1073
1986,22,-46,1074
1987,38,-49,1114
1988,41,-34,1088
1989,10,-55,1138
1990,32,-58,1118
1991,8,-68,1133
1992,13,-95,1113
1993,28,-99,1131
1994,26,-64,1136
1995,34,-83,1098
1996,42,-70,1106
1997,31,-62,1080
1998,25,-64,1059
1999,29,-70,1037
2000,51,-53,958
2001,11,-86,933
2002,20,-81,894
2003,18,-64,880
2004,15,-46,833
2005,7,-68,827
2006,27,-56,849
2007,21,-60,844
2008,32,-54,866
2009,40,-66,887
2010,27,-73,975
2011,40,-95,998
2012,36,-98,1030
2013,19,-110,1097
2014,14,-80,1127
2015,37,-63,1171
2016,25,-60,1192
2017,31,-75,1163
2018,29,-50,1181
2019,41,-49,1159
2020,36,-66,1140
2021,28,-60,1089
2022,21,-58,1117
2023,-10,-71,1103
2024,24,-60,1083
2025,11,-56,1047
2026,4,-74,1044
2027,29,-62,1035
2028,39,-58,1006
2029,54,-76,956
2030,25,-87,959
2031,39,-91,923
2032,47,-62,901
2033,21,-69,896
2034,13,-57,898
2035,22,-50,872
2036,18,-47,861
2037,9,-53,878
2038,30,-55,905
2039,22,-72,911
2040,15,-87,932
2041,31,-69,994
2042,12,-76,1050
2043,25,-69,1082
2044,28,-46,1136
2045,58,-45,1162
2046,40,-42,1220
2047,63,-42,1218
2048,62,-70,1203
2049,51,-77,1191
2050,41,-63,1160
2051,0,-72,1159
2052,0,-40,1123
2053,8,-59,1080
2054,38,-23,1033
2055,17,-65,1016
2056,40,-58,960
2057,28,-73,943
2058,61,-93,911
2059,38,-89,909
2060,15,-98,914
2061,25,-68,948
2062,36,-49,943
2063,46,-58,964
2064,17,-61,980
2065,45,-50,979
2066,18,-83,1001
2067,38,-69,987
2068,3,-93,1012
2069,8,-57,1019
2070,-1,-63,1029
2071,28,-56,1014
2072,24,-52,1025
2073,55,-43,1024
2074,73,-50,1025
2075,62,-82,1047
2076,27,-77,1048
2077,19,-87,1087
2078,36,-68,1087
2079,23,-80,1087
2080,19,-80,1105
2081,6,-55,1122
2082,35,-48,1139
2083,31,-51,1124
2084,24,-76,1092
2085,12,-64,1080
2086,12,-73,1045
2087,18,-78,1005
2088,16,-77,996
2089,29,-42,967
2090,4,-61,984
2091,31,-54,899
2092,28,-64,907
2093,44,-56,904
2094,9,-88,910
2095,37,-69,903
2096,28,-79,965
2097,24,-83,992
2098,30,-84,1023
2099,30,-62,1036
2100,16,-90,1061
2101,25,-70,1065
2102,0,-72,1073
2103,27,-51,1057
2104,5,-81,1050
2105,52,-72,1043
2106,28,-68,1036
2107,39,-61,1038
2108,28,-61,1065
2109,10,-76,1064
2110,16,-54,1060
2111,24,-65,1065
2112,34,-64,1084
2113,41,-58,1070
2114,20,-49,1048
2115,36,-78,1030
2116,15,-77,1063
2117,20,-90,1047
2118,38,-85,1013
2119,1,-100,981
2120,22,-64,955
2121,11,-70,951
2122,46,-47,910
2123,35,-48,912
2124,31,-56,884
2125,22,-87,919
2126,34,-57,912
2127,25,-79,935
2128,17,-68,1009
2129,20,-88,1011
2130,12,-81,1060
2131,9,-82,1061
2132,20,-47,1092
2133,47,-69,1068
2134,20,-76,1097
2135,58,-56,1053
2136,-2,-79,1106
2137,36,-55,1058
2138,15,-60,1054
2139,19,-67,1037
2140,22,-54,1028
2141,22,-55,1037
2142,31,-44,1014
2143,19,-71,1011
2144,52,-50,972
2145,1,-71,989
2146,47,-44,964
2147,22,-90,1002
2148,23,-55,988
2149,42,-80,982
2150,20,-71,976
2151,23,-83,968
2152,26,-80,994
2153,19,-81,964
2154,14,-89,948
2155,31,-111,954
2156,44,-57,957
2157,22,-88,954
2158,31,-50,948
2159,17,-53,976
2160,7,-74,1029
2161,24,-43,1053
2162,-6,-66,1068
2163,20,-79,1077
2164,-16,-47,1110
2165,36,-35,1098
2166,14,-39,1104
2167,31,-34,1094
2168,29,-54,1093
2169,62,-56,1059
2170,37,-61,1061
2171,37,-89,1040
2172,44,-65,1001
2173,1,-110,981
2174,30,-79,936
2175,12,-98,948
2176,17,-63,932
2177,56,-81,964
2178,48,-70,974
2179,42,-79,980
2180,29,-67,998
2181,33,-62,1007
2182,16,-75,1018
2183,-5,-73,1033
2184,20,-64,1043
2185,44,-56,1000
2186,20,-86,1016
2187,51,-76,1001
2188,29,-67,979
2189,30,-66,980
2190,11,-61,968
2191,12,-65,960
2192,46,-47,963
2193,56,-64,981
2194,62,-69,1010
2195,79,-37,1045
2196,32,-82,1094
2197,39,-76,1096
2198,10,-74,1117
2199,0,-90,1144
2200,6,-74,1119
2201,1,-79,1123
2202,8,-59,1112
2203,39,-46,1074
2204,32,-48,1060
2205,53,-41,1053
2206,10,-64,1016
2207,64,-54,972
2208,27,-86,983
2209,39,-71,976
2210,27,-74,988
2211,29,-81,1001
2212,20,-97,991
2213,38,-79,991
2214,28,-77,986
2215,14,-91,1002
2216,52,-77,980
2217,8,-68,997
2218,6,-81,995
2219,-7,-67,1006
2220,10,-58,991
2221,17,-70,1020
2222,34,-28,997
2223,29,-76,985
2224,39,-60,981
2225,48,-64,996
2226,41,-76,1007
2227,35,-86,1046
2228,38,-59,1057
2229,19,-99,1067
2230,-3,-73,1135
2231,17,-86,1124
2232,23,-86,1122
2233,27,-66,1115
2234,21,-55,1104
2235,38,-44,1089
2236,56,-41,1056
2237,43,-40,1032
2238,40,-47,1009
2239,36,-59,995
2240,-2,-60,990
2241,30,-52,953
2242,20,-56,950
2243,34,-63,949
2244,32,-72,913
2245,47,-61,918
2246,16,-90,960
2247,20,-63,960
2248,22,-69,979
2249,2,-87,1023
2250,12,-60,1057
2251,22,-68,1059
2252,10,-76,1097
2253,53,-57,1083
2254,27,-71,1108
2255,45,-61,1097
2256,68,-47,1103
2257,0,-78,1087
2258,4,-73,1085
2259,-8,-71,1073
2260,0,-68,1088
2261,5,-76,1090
2262,2,-33,1033
2263,39,-26,1014
2264,43,-57,1002
2265,37,-55,1016
2266,53,-56,997
2267,32,-68,1005
2268,57,-74,1011
2269,39,-80,1006
2270,31,-72,998
2271,37,-95,990
2272,22,-86,948
2273,37,-73,927
2274,16,-68,919
2275,0,-53,928
2276,-17,-69,944
2277,3,-35,951
2278,-4,-52,967
2279,45,-56,1016
2280,24,-72,1055
2281,62,-48,1100
2282,47,-76,1131
2283,64,-50,1139
2284,42,-75,1163
2285,53,-75,1154
2286,32,-83,1162
2287,25,-100,1138
2288,45,-85,1108
2289,29,-68,1083
2290,10,-72,1074
2291,16,-65,1030
2292,4,-39,1014
2293,-12,-69,999
2294,-3,-32,951
2295,-10,-74,936
2296,8,-55,918
2297,33,-65,937
2298,18,-71,941
2299,53,-64,918
2300,60,-58,951
2301,46,-63,932
2302,58,-68,935
2303,21,-77,982
2304,34,-76,993
2305,28,-89,1009
2306,31,-94,1006
2307,34,-87,1063
2308,30,-103,1085
2309,5,-88,1078
2310,1,-65,1112
2311,-8,-54,1084
2312,2,-44,1087
2313,-15,-48,1114
2314,6,-33,1104
2315,-7,-56,1121
2316,20,-50,1096
2317,23,-73,1087
2318,42,-72,1048
2319,67,-60,996
2320,49,-65,996
2321,52,-55,949
2322,40,-70,942
2323,44,-63,917
2324,37,-87,932
2325,-5,-84,926
2326,14,-111,915
2327,5,-87,912
2328,16,-96,941
2329,-6,-64,965
2330,17,-57,955
2331,0,-42,981
2332,25,-40,989
2333,29,-64,1033
2334,45,-61,1029
2335,56,-72,1028
2336,44,-88,1056
2337,49,-73,1061
2338,40,-65,1073
2339,42,-75,1092
2340,46,-62,1090
2341,32,-54,1122
2342,30,-55,1110
2343,31,-59,1103
2344,10,-74,1105
2345,-6,-88,1087
2346,-20,-95,1029
2347,2,-67,1016
2348,4,-71,1022
2349,22,-40,980
2350,33,-32,944
2351,52,-37,932
2352,57,-61,923
2353,44,-61,908
2354,40,-80,911
2355,23,-92,934
2356,11,-81,950
2357,14,-84,975
2358,4,-78,988
2359,38,-64,1017
2360,19,-55,1009
2361,34,-56,1033
2362,23,-60,1033
2363,31,-48,1059
2364,43,-51,1009
2365,26,-69,1028
2366,29,-58,1031
2367,42,-51,1046
2368,47,-55,1030
2369,41,-46,997
2370,5,-72,1031
2371,27,-49,1014
2372,13,-72,1022
2373,23,-75,1007
2374,16,-88,1044
2375,7,-79,1061
2376,6,-87,1057
2377,12,-80,1071
2378,1,-81,1060
2379,28,-54,1076
2380,13,-67,1054
2381,8,-74,1051
2382,48,-40,996
2383,11,-81,1005
2384,47,-62,973
2385,41,-64,970
2386,38,-72,964
2387,57,-72,978
2388,36,-75,961
2389,47,-65,966
2390,59,-63,942
2391,34,-68,959
2392,23,-70,971
2393,-2,-97,994
2394,-26,-65,1009
2395,2,-61,1005
2396,-30,-69,1035
2397,3,-62,1031
2398,35,-53,1062
2399,40,-49,1071
2400,72,-46,1061
2401,75,-79,1067
2402,63,-69,1065
2403,50,-82,1046
2404,25,-107,1048
2405,23,-73,1090
2406,23,-81,1064
2407,0,-89,1070
2408,8,-70,1052
2409,29,-53,1057
2410,21,-73,1048
2411,5,-59,1051
2412,20,-65,1049
2413,11,-52,1057
2414,40,-69,1049
2415,31,-72,1010
2416,74,-73,1006
2417,51,-71,1012
2418,71,-60,987
2419,34,-62,922
2420,59,-69,918
2421,14,-71,913
2422,13,-80,896
2423,28,-72,898
2424,-1,-72,920
2425,4,-63,974
2426,-13,-96,1028
2427,15,-62,1063
2428,16,-57,1082
2429,16,-72,1114
2430,38,-52,1123
2431,27,-83,1162
2432,47,-67,1121
2433,47,-75,1146
2434,27,-55,1111
2435,41,-56,1088
2436,24,-68,1084
2437,37,-46,1050
2438,30,-82,1013
2439,53,-59,960
2440,26,-91,945
2441,22,-76,951
2442,31,-75,950
2443,19,-82,945
2444,15,-87,953
2445,20,-75,994
2446,21,-61,970
2447,23,-76,1006
2448,20,-51,1010
2449,38,-86,1018
2450,29,-79,1005
2451,45,-62,1010
2452,27,-78,1023
2453,29,-44,1024
2454,27,-54,1056
2455,28,-33,1041
2456,18,-71,1067
2457,35,-47,1034
2458,30,-77,1060
2459,37,-81,1063
2460,12,-88,1057
2461,38,-77,1071
2462,9,-87,1061
2463,29,-66,1076
2464,48,-44,1067
2465,33,-61,1077
2466,27,-53,1029
2467,23,-65,1044
2468,34,-71,1005
2469,3,-82,1003
2470,13,-64,1003
2471,21,-70,975
2472,20,-67,975
2473,24,-59,955
2474,2,-57,947
2475,32,-64,952
2476,15,-64,982
2477,26,-80,993
2478,25,-90,1015
2479,31,-83,1015
2480,52,-68,1028
2481,35,-70,1054
2482,57,-54,1052
2483,47,-43,1038
2484,45,-59,1037
2485,52,-51,1003
2486,20,-95,1020
2487,45,-64,1019
2488,33,-65,1029
2489,-9,-91,1047
2490,9,-49,1041
2491,2,-67,1016
2492,11,-60,1045
2493,1,-59,1058
2494,6,-67,1048
2495,26,-67,1077
2496,33,-61,1082
2497,33,-77,1094
2498,46,-69,1093
2499,35,-60,1084
2500,28,-74,1095
2501,9,-83,1060
2502,20,-72,1018
2503,9,-60,1011
2504,29,-49,956
2505,22,-71,935
2506,50,-44,896
2507,21,-85,915
2508,49,-83,910
2509,51,-68,911
2510,27,-69,909
2511,22,-81,921
2512,33,-71,966
2513,20,-62,969
2514,-1,-77,998
2515,44,-52,1010
2516,8,-74,1033
2517,37,-78,1056
2518,29,-82,1059
2519,30,-80,1093
2520,29,-85,1117
2521,21,-71,1096
2522,14,-55,1114
2523,16,-64,1108
2524,7,-46,1101
2525,22,-32,1075
2526,20,-52,1074
2527,43,-49,1016
2528,38,-66,1054
2529,32,-52,1045
2530,50,-67,993
2531,33,-76,988
2532,22,-86,975
2533,25,-76,963
2534,30,-60,921
2535,17,-84,898
2536,30,-61,896
2537,3,-79,898
2538,24,-59,879
2539,15,-64,904
2540,0,-70,938
2541,22,-64,948
2542,-5,-61,1012
2543,12,-66,1034
2544,1,-83,1047
2545,25,-77,1085
2546,24,-73,1071
2547,32,-88,1111
2548,41,-69,1112
2549,45,-78,1094
2550,54,-63,1089
2551,25,-77,1098
2552,42,-41,1089
2553,38,-46,1094
2554,39,-40,1063
2555,40,-65,1013
2556,39,-60,993
2557,40,-60,996
2558,41,-68,983
2559,15,-81,969
2560,6,-44,953
2561,7,-63,938
2562,9,-45,955
2563,-7,-74,953
2564,11,-70,935
2565,-5,-82,924
2566,40,-75,938
2567,40,-80,954
2568,51,-61,966
2569,53,-72,998
2570,43,-37,1025
2571,39,-72,1053
2572,22,-57,1089
2573,3,-62,1083
2574,14,-76,1098
2575,25,-49,1084
2576,11,-69,1099
2577,51,-70,1089
2578,35,-92,1108
2579,39,-74,1073
2580,34,-77,1074
2581,31,-54,1078
2582,49,-55,1037
2583,11,-81,1049
2584,36,-66,1011
2585,27,-62,986
2586,0,-96,973
2587,23,-60,939
2588,-4,-59,936
2589,-5,-69,951
2590,5,-64,955
2591,17,-54,945
2592,13,-61,1004
2593,50,-48,982
2594,20,-72,992
2595,46,-49,970
2596,31,-88,1020
2597,35,-72,1014
2598,52,-74,1029
2599,56,-76,1047
2600,38,-45,1037
2601,30,-64,1051
2602,27,-36,1037
2603,10,-56,1086
2604,21,-42,1062
2605,30,-57,1047
2606,9,-50,1062
2607,14,-50,1067
2608,0,-66,1084
2609,7,-72,1058
2610,30,-61,1077
2611,0,-88,1089
2612,15,-74,1056
2613,26,-54,1039
2614,18,-81,1048
2615,47,-60,1023
2616,57,-67,1025
2617,67,-48,1026
2618,47,-64,1015
2619,43,-65,1001
2620,15,-75,993
2621,13,-87,963
2622,19,-71,947
2623,7,-63,934
2624,17,-82,951
2625,27,-89,925
2626,22,-72,948
2627,59,-62,959
2628,11,-87,986
2629,41,-60,1014
2630,36,-81,1023
2631,38,-72,1060
2632,35,-80,1065
2633,46,-53,1053
2634,42,-78,1082
2635,7,-56,1095
2636,21,-46,1067
2637,-6,-42,1074
2638,-8,-39,1060
2639,0,-46,1064
2640,13,-52,1047
2641,11,-50,1040
2642,23,-68,1012
2643,60,-57,1026
2644,20,-91,1033
2645,59,-73,1016
2646,36,-67,1034
2647,34,-82,1060
2648,37,-65,1024
2649,26,-57,1039
2650,9,-79,1050
2651,21,-67,999
2652,37,-52,1003
2653,14,-72,991
2654,36,-68,962
2655,-7,-71,988
2656,16,-53,960
2657,9,-52,978
2658,47,-49,959
2659,17,-75,991
2660,53,-63,961
2661,27,-88,1018
2662,58,-71,994
2663,38,-92,1012
2664,41,-77,1026
2665,29,-61,1025
2666,34,-84,1042
2667,35,-53,1052
2668,-3,-88,1091
2669,32,-48,1071
2670,13,-70,1079
2671,-8,-57,1088
2672,27,-71,1048
2673,11,-53,1053
2674,6,-74,1058
2675,33,-50,1043
2676,29,-46,1049
2677,28,-94,1036
2678,25,-64,1038
2679,27,-87,1032
2680,34,-81,991
2681,26,-72,997
2682,43,-60,972
2683,28,-44,1001
2684,39,-38,946
2685,12,-59,978
2686,10,-53,970
2687,32,-66,970
2688,31,-66,976
2689,27,-68,1006
2690,6,-84,1008
2691,37,-81,1013
2692,31,-77,1011
2693,30,-77,1023
2694,37,-54,1072
2695,17,-74,1075
2696,27,-57,1057
2697,29,-70,1061
2698,14,-80,1077
2699,36,-56,1072
2700,12,-58,1083
2701,22,-71,1066
2702,22,-45,1059
2703,31,-44,1071
2704,32,-67,1062
2705,41,-82,1039
2706,35,-88,1025
2707,35,-108,1030
2708,33,-78,996
2709,39,-84,999
2710,14,-64,958
2711,5,-59,955
2712,10,-59,946
2713,23,-46,932
2714,18,-80,942
2715,53,-46,944
2716,35,-74,942
2717,28,-76,999
2718,21,-91,979
2719,36,-67,999
2720,4,-96,1028
2721,28,-71,1051
2722,26,-58,1033
2723,21,-95,1075
2724,39,-67,1055
2725,34,-80,1054
2726,37,-68,1058
2727,16,-64,1080
2728,20,-38,1090
2729,27,-40,1092
2730,25,-37,1055
2731,39,-48,1055
2732,11,-49,1037
2733,45,-55,1025
2734,28,-67,989
2735,53,-74,988
2736,27,-69,951
2737,18,-75,954
2738,31,-75,926
2739,27,-84,950
2740,16,-71,953
2741,19,-78,964
2742,42,-64,988
2743,5,-81,992
2744,8,-79,996
2745,33,-61,991
2746,5,-75,1027
2747,49,-46,999
2748,10,-63,1017
2749,38,-51,1041
2750,29,-56,1042
2751,37,-57,1008
2752,32,-62,1026
2753,35,-72,1010
2754,78,-54,1013
2755,40,-87,1059
2756,38,-75,1034
2757,13,-71,1055
2758,2,-79,1043
2759,4,-69,1060
2760,0,-57,1041
2761,14,-65,1048
2762,16,-72,1057
2763,33,-59,1027
2764,7,-71,1032
2765,44,-30,992
2766,27,-72,982
2767,12,-70,995
2768,46,-26,964
2769,20,-81,985
2770,43,-53,953
2771,59,-56,941
2772,20,-86,977
2773,38,-67,955
2774,24,-80,974
2775,17,-78,1013
2776,-4,-87,1044
2777,-1,-71,1057
2778,2,-71,1047
2779,8,-84,1035
2780,28,-64,1054
2781,36,-60,1050
2782,40,-59,1022
2783,47,-57,1018
2784,51,-36,1016
2785,19,-66,1030
2786,6,-62,1038
2787,32,-48,1031
2788,7,-62,1045
2789,24,-78,1056
2790,30,-86,1067
2791,8,-99,1064
2792,20,-104,1074
2793,13,-70,1078
2794,14,-67,1070
2795,16,-44,1063
2796,-8,-64,1035
2797,42,-52,1020
2798,22,-62,1011
2799,61,-50,985
2800,53,-62,975
2801,22,-66,949
2802,52,-55,943
2803,33,-63,956
2804,20,-61,975
2805,24,-64,990
2806,6,-61,970
2807,26,-73,1007
2808,10,-80,1002
2809,14,-71,1020
2810,19,-99,1056
2811,39,-76,1051
2812,22,-92,1070
2813,42,-81,1073
2814,31,-61,1099
2815,55,-37,1075
2816,41,-51,1073
2817,34,-46,1038
2818,32,-56,1066
2819,14,-56,1063
2820,25,-60,1043
2821,16,-61,1056
2822,25,-56,1057
2823,-4,-75,1063
2824,2,-54,1078
2825,19,-68,1035
2826,20,-55,1025
2827,24,-75,1012
2828,20,-67,1003
2829,34,-71,975
2830,34,-84,991
2831,44,-54,945
2832,47,-61,961
2833,38,-53,962
2834,33,-70,966
2835,20,-70,969
2836,17,-60,951
2837,14,-56,989
2838,4,-57,1002
2839,3,-52,1015
2840,27,-62,1029
2841,8,-84,1054
2842,13,-84,1094
2843,34,-57,1094
2844,4,-84,1115
2845,20,-62,1108
2846,40,-67,1125
2847,25,-62,1089
2848,59,-47,1061
2849,51,-49,1081
2850,52,-61,1042
2851,67,-50,1033
2852,21,-74,1046
2853,44,-48,988
2854,20,-63,985
2855,-1,-79,974
2856,16,-72,975
2857,0,-80,965
2858,-4,-59,975
2859,5,-72,1001
2860,14,-85,1015
2861,26,-75,999
2862,51,-72,996
2863,16,-84,1044
2864,56,-58,1029
2865,28,-48,1018
2866,35,-74,1026
2867,26,-63,1025
2868,22,-49,1010
2869,22,-57,1017
2870,20,-63,1001
2871,7,-71,1006
2872,30,-56,1032
2873,20,-56,1050
2874,22,-61,1045
2875,23,-75,1035
2876,36,-64,1038
2877,20,-56,1035
2878,32,-76,1063
2879,29,-79,1037
2880,29,-59,1048
2881,49,-63,1045
2882,19,-50,1045
2883,38,-76,1028
2884,49,-41,981
2885,14,-81,1014
2886,31,-44,976
2887,12,-82,994
2888,35,-55,1004
2889,22,-76,997
2890,26,-58,1006
2891,36,-55,999
2892,21,-81,1017
2893,32,-57,1018
2894,34,-64,1004
2895,23,-71,1010
2896,39,-56,1023
2897,35,-85,1015
2898,32,-61,1017
2899,22,-67,1023
2900,29,-44,1036
2901,13,-83,1046
2902,41,-68,1059
2903,19,-57,1043
2904,20,-78,1052
2905,18,-48,1028
2906,10,-74,1045
2907,3,-66,1048
2908,23,-74,1026
2909,39,-59,1013
2910,22,-87,1022
2911,60,-56,1047
2912,49,-74,1009
2913,44,-81,1028
2914,34,-59,978
2915,38,-72,982
2916,32,-58,983
2917,0,-80,1002
2918,21,-53,993
2919,12,-52,955
2920,-9,-91,1000
2921,34,-57,968
2922,6,-93,1014
2923,17,-68,997
2924,22,-75,1020
2925,23,-90,1008
2926,52,-53,1048
2927,28,-69,1033
2928,52,-48,1041
2929,29,-81,1035
2930,47,-51,1046
2931,24,-57,1059
2932,11,-81,1072
2933,20,-56,1032
2934,31,-62,1043
2935,26,-62,1018
2936,35,-69,1010
2937,22,-77,1040
2938,39,-39,1030
2939,22,-77,1038
2940,24,-70,1039
2941,17,-65,1038
2942,20,-88,1026
2943,25,-73,1016
2944,15,-84,1025
2945,16,-70,1000
2946,12,-68,1012
2947,25,-48,969
2948,20,-59,949
2949,25,-77,956
2950,57,-61,930
2951,58,-59,912
2952,30,-78,948
2953,18,-70,938
2954,39,-60,945
2955,30,-81,959
2956,16,-81,1023
2957,29,-56,1021
2958,16,-76,1051
2959,25,-60,1062
2960,11,-75,1075
2961,18,-71,1077
2962,6,-67,1084
2963,28,-54,1111
2964,44,-63,1129
2965,15,-53,1096
2966,33,-49,1072
2967,37,-49,1054
2968,45,-61,1034
2969,32,-69,1040
2970,27,-61,1008
2971,35,-56,992
2972,46,-75,984
2973,12,-82,1001
2974,37,-67,972
2975,2,-83,990
2976,18,-76,979
2977,40,-53,999
2978,32,-65,978
2979,23,-73,988
2980,46,-55,952
2981,0,-75,980
2982,44,-64,950
2983,42,-56,989
2984,22,-54,979
2985,20,-71,985
2986,42,-64,971
2987,49,-72,1010
2988,40,-63,1011
2989,18,-77,1020
2990,39,-64,1030
2991,8,-83,1073
2992,45,-63,1076
2993,7,-71,1083
2994,45,-71,1119
2995,10,-55,1130
2996,14,-55,1121
2997,22,-64,1107
2998,36,-40,1102
2999,22,-54,1094
3000,1,-66,1085
3001,29,-28,1050
3002,27,-67,1032
3003,15,-53,985
3004,22,-64,989
3005,43,-64,945
3006,23,-91,932
3007,41,-62,918
3008,35,-82,924
3009,48,-80,906
3010,21,-96,973
3011,40,-67,966
3012,28,-96,1023
3013,35,-78,1026
3014,20,-86,1064
3015,26,-71,1058
3016,20,-58,1066
3017,15,-70,1078
3018,7,-51,1101
3019,20,-63,1078
3020,11,-55,1075
3021,0,-78,1092
3022,31,-53,1067
3023,29,-61,1052
3024,40,-58,1019
3025,39,-78,1029
3026,56,-61,1020
3027,47,-78,1008
3028,49,-73,1019
3029,49,-67,990
3030,20,-67,1010
3031,29,-74,1013
3032,25,-66,1004
3033,23,-63,1014
3034,6,-67,1020
3035,-9,-58,1028
3036,22,-49,996
3037,-9,-69,1035
3038,5,-58,1007
3039,10,-44,1017
3040,23,-63,1007
3041,25,-67,1035
3042,29,-72,1025
3043,29,-68,1046
3044,50,-72,1032
3045,30,-87,1035
3046,65,-48,1049
3047,43,-67,1040
3048,30,-67,1034
3049,38,-59,1039
3050,30,-66,1022
3051,22,-74,1025
3052,10,-66,1030
3053,18,-56,1012
3054,-6,-63,1044
3055,-13,-49,1011
3056,11,-61,1016
3057,-6,-72,1050
3058,7,-65,1013
3059,38,-74,1035
3060,20,-77,1000
3061,48,-69,998
3062,55,-69,1022
3063,44,-66,988
3064,42,-61,999
3065,42,-75,999
3066,45,-53,1004
3067,45,-80,1005
3068,42,-46,989
3069,36,-59,1007
3070,29,-72,1013
3071,14,-55,1004
3072,8,-66,1019
3073,1,-78,1054
3074,12,-59,1048
3075,5,-61,1023
3076,-1,-68,1055
3077,19,-63,1060
3078,9,-69,1082
3079,29,-55,1061
3080,33,-72,1072
3081,32,-56,1034
3082,39,-69,1042
3083,59,-59,1018
3084,51,-73,1005
3085,56,-77,1008
3086,33,-77,1018
3087,63,-80,1014
3088,37,-53,1014
3089,27,-73,1007
3090,7,-62,996
3091,4,-57,1011
3092,-3,-62,1014
3093,6,-68,1016
3094,4,-67,1011
3095,21,-60,1012
3096,18,-69,1011
3097,20,-48,999
3098,-2,-80,1027
3099,35,-68,1003
3100,41,-55,984
3101,54,-61,998
3102,41,-68,983
3103,65,-74,1011
3104,53,-67,1016
3105,40,-80,1049
3106,51,-56,1010
3107,9,-88,1060
3108,20,-58,1060
3109,3,-71,1053
3110,-7,-55,1047
3111,-16,-58,1062
3112,-14,-43,1055
3113,23,-40,1024
3114,4,-68,1051
3115,37,-37,1040
3116,45,-63,1046
3117,33,-56,1001
3118,30,-76,1016
3119,41,-72,999
3120,60,-71,991
3121,40,-86,980
3122,33,-89,981
3123,63,-83,951
3124,25,-72,967
3125,47,-70,950
3126,11,-80,980
3127,29,-65,980
3128,1,-65,998
3129,20,-40,1017
3130,-16,-56,1009
3131,24,-44,1015
3132,-3,-51,1052
3133,25,-54,1023
3134,13,-72,1055
3135,32,-56,1039
3136,47,-62,1030
3137,41,-83,1053
3138,44,-77,1037
3139,61,-95,1042
3140,42,-79,1044
3141,42,-101,1049
3142,31,-60,1037
3143,14,-97,1035
3144,31,-66,1026
3145,4,-72,1025
3146,16,-70,1015
3147,9,-60,1028
3148,-3,-50,1021
3149,-1,-47,1013
3150,12,-42,1003
3151,18,-54,971
3152,26,-68,990
3153,38,-62,967
3154,59,-48,942
3155,34,-85,976
3156,52,-67,977
3157,57,-91,1001
3158,25,-99,1017
3159,44,-86,996
3160,42,-88,1006
3161,35,-80,1025
3162,49,-68,1028
3163,17,-73,1045
3164,30,-57,1061
3165,20,-51,1060
3166,0,-52,1032
3167,-2,-41,1048
3168,-6,-46,1044
3169,13,-50,1045
3170,26,-40,1029
3171,27,-64,1021
3172,15,-81,1018
3173,56,-66,1013
3174,46,-88,1014
3175,54,-87,1031
3176,55,-80,1008
3177,52,-78,1020
3178,50,-74,1033
3179,52,-95,1029
3180,42,-70,991
3181,17,-96,1017
3182,22,-73,1003
3183,-13,-50,977
3184,-15,-54,1016
3185,-24,-44,1010
3186,-1,-14,990
3187,14,-41,1002
3188,13,-43,1002
3189,40,-63,1010
3190,27,-62,995
3191,40,-74,984
3192,66,-84,993
3193,46,-81,1035
3194,54,-82,1057
3195,57,-65,1053
3196,45,-92,1056
3197,74,-70,1049
3198,33,-73,1044
3199,37,-68,1009
3200,24,-64,1024
3201,7,-64,1026
3202,9,-58,1027
3203,0,-28,1011
3204,-7,-76,1041
3205,4,-35,1031
3206,9,-47,1056
3207,17,-65,1064
3208,23,-34,1019
3209,28,-62,1053
3210,42,-57,1044
3211,40,-70,1026
3212,44,-69,1043
3213,52,-46,1011
3214,57,-68,1040
3215,55,-69,1032
3216,52,-78,988
3217,18,-85,988
3218,40,-61,976
3219,-4,-81,976
3220,16,-56,972
3221,7,-58,980
3222,-3,-58,987
3223,-1,-46,1006
3224,3,-50,1029
3225,16,-50,1026
3226,13,-66,1072
3227,42,-47,1069
3228,24,-66,1100
3229,54,-56,1081
3230,49,-79,1099
3231,56,-48,1091
3232,51,-86,1066
3233,78,-72,1045
3234,43,-78,1033
3235,68,-65,990
3236,59,-73,999
3237,39,-63,976
3238,36,-65,939
3239,1,-57,984
3240,12,-69,958
3241,-16,-71,979
3242,-5,-36,1018
3243,1,-45,1001
3244,-1,-77,1071
3245,3,-75,1036
3246,31,-57,1036
3247,4,-88,1060
3248,62,-62,1040
3249,50,-70,1038
3250,53,-88,1045
3251,37,-79,1054
3252,75,-60,1010
3253,45,-86,1014
3254,61,-57,990
3255,28,-77,985
3256,26,-74,966
3257,4,-58,978
3258,15,-60,1001
3259,-12,-70,1008
3260,-2,-51,1045
3261,-8,-63,1042
3262,-37,-79,1088
3263,17,-44,1067
3264,12,-64,1092
3265,10,-76,1077
3266,32,-55,1054
3267,31,-79,1066
3268,64,-45,1016
3269,62,-74,1016
3270,49,-59,977
3271,42,-63,976
3272,40,-68,970
3273,54,-64,941
3274,31,-87,956
3275,40,-59,936
3276,15,-77,962
3277,12,-76,976
3278,16,-60,1007
3279,21,-51,1017
3280,-36,-81,1051
3281,16,-33,1045
3282,8,-81,1074
3283,13,-79,1104
3284,17,-70,1078
3285,24,-78,1070
3286,11,-70,1065
3287,22,-88,1075
3288,49,-62,1045
3289,48,-82,1046
3290,46,-61,1014
3291,38,-73,994
3292,34,-67,1005
3293,34,-57,1002
3294,24,-67,1003
3295,-8,-65,1001
3296,11,-75,998
3297,-11,-70,1000
3298,8,-72,1018
3299,-8,-62,1035
3300,12,-64,1018
3301,13,-73,1013
3302,31,-58,1028
3303,35,-88,1003
3304,17,-68,1001
3305,34,-74,1014
3306,38,-50,996
3307,32,-81,1006
3308,61,-55,984
3309,52,-71,992
3310,52,-59,985
3311,41,-78,1013
3312,51,-61,1001
3313,28,-65,1002
3314,9,-68,1028
3315,27,-56,1019
3316,-1,-74,1042
3317,9,-55,1045
3318,13,-68,1045
3319,10,-51,1054
3320,0,-76,1044
3321,21,-56,1064
3322,12,-75,1062
3323,31,-62,1025
3324,35,-68,1012
3325,24,-72,1016
3326,42,-65,1016
3327,46,-74,984
3328,59,-63,996
3329,52,-69,1000
3330,69,-63,984
3331,47,-60,1004
3332,38,-59,979
3333,4,-74,1011
3334,3,-80,1018
3335,3,-68,1002
3336,5,-61,1031
3337,-7,-68,1018
3338,-9,-78,1024
3339,20,-63,1016
3340,11,-62,1014
3341,8,-76,1013
3342,18,-72,1027
3343,51,-58,1019
3344,36,-73,1019
3345,46,-57,998
3346,78,-72,1014
3347,57,-58,1012
3348,50,-58,1031
3349,30,-75,1058
3350,31,-66,1027
3351,21,-70,1042
3352,10,-83,1043
3353,2,-61,1069
3354,-6,-72,1034
3355,5,-58,1053
3356,-3,-56,1045
3357,-8,-84,1048
3358,29,-45,1006
3359,30,-65,985
3360,24,-77,991
3361,52,-74,991
3362,48,-66,974
3363,52,-52,976
3364,37,-66,961
3365,63,-61,976
3366,54,-64,992
3367,28,-79,998
3368,25,-50,1005
3369,20,-73,1013
3370,-8,-78,1037
3371,17,-66,1055
3372,-20,-77,1078
3373,23,-39,1040
3374,-30,-61,1053
3375,3,-56,1065
3376,17,-59,1054
3377,41,-45,1028
3378,20,-83,1033
3379,36,-43,1013
3380,37,-77,1008
3381,63,-51,991
3382,47,-74,995
3383,43,-80,1007
3384,60,-58,1004
3385,49,-85,1003
3386,31,-68,1023
3387,41,-80,993
3388,8,-88,1035
3389,10,-73,1038
3390,-11,-78,1037
3391,-4,-66,1031
3392,7,-55,1031
3393,9,-66,1039
3394,26,-64,1024
3395,27,-53,980
3396,22,-52,1010
3397,27,-52,1009
3398,34,-76,996
3399,64,-46,979
3400,49,-70,1003
3401,51,-62,1001
3402,39,-57,1029
3403,21,-73,1023
3404,27,-71,1033
3405,20,-83,1054
3406,28,-83,1048
3407,30,-75,1101
3408,32,-71,1062
3409,9,-91,1085
3410,21,-68,1076
3411,21,-42,1044
3412,11,-69,1047
3413,13,-50,1026
3414,48,-41,994
3415,20,-45,1007
3416,54,-64,967
3417,48,-40,989
3418,36,-61,940
3419,38,-72,976
3420,53,-60,974
3421,53,-82,1004
3422,47,-67,978
3423,29,-92,1040
3424,28,-60,1009
3425,24,-73,1054
3426,40,-72,1057
3427,21,-70,1075
3428,17,-68,1075
3429,29,-64,1064
3430,4,-73,1057
3431,40,-42,1039
3432,13,-60,1053
3433,14,-60,1040
3434,22,-61,1005
3435,18,-58,1021
3436,27,-58,1003
3437,38,-66,1016
3438,21,-81,1031
3439,49,-61,1018
3440,25,-97,1061
3441,63,-74,1037
3442,20,-79,1055
3443,33,-88,1058
3444,37,-55,1041
3445,39,-78,1049
3446,42,-58,1019
3447,7,-66,1014
3448,30,-48,993
3449,-2,-59,1003
3450,24,-70,949
3451,7,-43,952
3452,3,-70,965
3453,20,-45,924
3454,13,-82,949
3455,37,-61,981
3456,30,-92,1016
3457,49,-67,1002
3458,50,-72,1057
3459,32,-101,1071
3460,32,-73,1081
3461,41,-77,1093
3462,17,-70,1091
3463,27,-78,1098
3464,25,-58,1073
3465,16,-37,1077
3466,16,-77,1058
3467,0,-54,1005
3468,17,-45,996
3469,16,-62,988
3470,2,-59,988
3471,5,-74,997
3472,40,-61,982
3473,25,-87,993
3474,31,-89,1011
3475,39,-94,1031
3476,48,-64,1029
3477,45,-76,1006
3478,32,-74,1039
3479,30,-63,1029
3480,23,-68,1005
3481,33,-51,1024
3482,18,-42,997
3483,44,-49,975
3484,3,-69,963
3485,29,-48,970
3486,37,-70,982
3487,15,-72,981
3488,39,-64,999
3489,49,-56,1011
3490,15,-71,1041
3491,19,-79,1037
3492,29,-64,1079
3493,36,-85,1060
3494,48,-73,1072
3495,44,-61,1081
3496,35,-62,1067
3497,15,-60,1057
3498,18,-57,1067
3499,30,-45,1023
3500,30,-49,999
3501,11,-69,1007
3502,20,-52,952
3503,12,-72,989
3504,39,-50,953
3505,14,-85,974
3506,18,-59,988
3507,15,-87,1012
3508,25,-64,1002
3509,8,-75,1016
3510,28,-74,1039
3511,35,-74,1014
3512,45,-54,1014
3513,28,-80,1041
3514,41,-57,1009
3515,40,-61,1045
3516,30,-81,1009
3517,23,-44,987
3518,17,-58,990
3519,26,-66,1006
3520,20,-78,1037
3521,14,-57,999
3522,21,-76,1038
3523,32,-72,1034
3524,1,-88,1080
3525,41,-26,1021
3526,12,-86,1052
3527,12,-60,1072
3528,23,-69,1022
3529,13,-55,1023
3530,19,-85,1031
3531,31,-54,1036
3532,37,-81,1010
3533,33,-50,964
3534,30,-81,983
3535,34,-70,976
3536,43,-65,966
3537,30,-63,999
3538,46,-70,983
3539,27,-77,1021
3540,15,-56,1021
3541,12,-60,1025
3542,11,-57,1048
3543,-8,-54,1033
3544,12,-73,1051
3545,-3,-74,1077
3546,27,-60,1038
3547,22,-66,1038
3548,30,-48,1022
3549,43,-80,1018
3550,25,-56,1006
3551,46,-52,1008
3552,40,-59,979
3553,49,-77,991
3554,53,-46,981
3555,26,-83,991
3556,19,-72,1018
3557,30,-69,1037
3558,9,-70,1036
3559,5,-92,1056
3560,-1,-79,1069
3561,2,-66,1049
3562,18,-54,1017
3563,-4,-82,1054
3564,34,-60,1002
3565,15,-60,1007
3566,40,-56,995
3567,32,-65,995
3568,50,-73,975
3569,52,-78,969
3570,32,-80,989
3571,46,-64,958
3572,31,-70,983
3573,13,-80,988
3574,56,-54,1001
3575,-4,-91,1034
3576,28,-64,1024
3577,0,-74,1041
3578,0,-66,1064
3579,15,-55,1083
3580,-9,-83,1082
3581,1,-57,1083
3582,18,-51,1068
3583,26,-52,1062
3584,32,-68,1043
3585,61,-66,1029
3586,55,-54,997
3587,51,-80,1024
3588,69,-57,963
3589,39,-68,983
3590,43,-68,965
3591,34,-74,966
3592,47,-65,975
3593,31,-85,995
3594,13,-75,1010
3595,18,-78,1014
3596,-17,-81,1037
3597,9,-66,1043
3598,2,-73,1043
3599,-3,-88,1057
3600,13,-57,1061
3601,31,-45,1045
3602,25,-75,1060
3603,57,-56,1045
3604,38,-78,1035
3605,59,-35,1028
3606,55,-68,1003
3607,23,-53,1011
3608,57,-50,991
3609,35,-77,1028
3610,33,-59,1016
3611,0,-101,1046
3612,19,-54,1017
3613,2,-86,1059
3614,7,-60,1060
3615,4,-72,1071
3616,14,-60,1088
3617,35,-40,1054
3618,9,-72,1056
3619,46,-38,1045
3620,47,-34,1035
3621,30,-64,1011
3622,30,-68,1002
3623,23,-70,994
3624,37,-61,983
3625,28,-67,979
3626,18,-82,983
3627,30,-70,969
3628,13,-83,1000
3629,7,-82,1023
3630,21,-64,1027
3631,19,-92,1048
3632,28,-57,1031
3633,34,-61,1062
3634,40,-38,1065
3635,31,-48,1043
3636,46,-59,1042
3637,36,-45,1039
3638,20,-62,1047
3639,33,-50,1008
3640,0,-72,1043
3641,25,-56,1009
3642,11,-79,1023
3643,-8,-82,1024
3644,7,-63,1020
3645,7,-96,1051
3646,28,-63,1032
3647,12,-72,1048
3648,29,-48,1030
3649,44,-45,1035
3650,48,-42,1037
3651,52,-41,1033
3652,39,-40,1016
3653,42,-40,1026
3654,38,-49,982
3655,22,-74,983
3656,22,-68,1005
3657,5,-67,998
3658,0,-95,995
3659,5,-83,1017
3660,-7,-88,1018
3661,-5,-77,1038
3662,34,-66,1023
3663,13,-78,1061
3664,42,-62,1055
3665,54,-52,1031
3666,68,-38,1036
3667,60,-59,1021
3668,55,-44,1039
3669,43,-48,1022
3670,58,-59,1024
3671,28,-68,1019
3672,26,-52,1010
3673,6,-74,1019
3674,0,-80,1028
3675,-9,-96,1017
3676,-16,-79,1031
3677,-1,-84,1013
3678,2,-73,1034
3679,33,-85,1039
3680,45,-69,1057
3681,61,-56,1033
3682,60,-50,1015
3683,68,-40,1002
3684,61,-45,988
3685,50,-55,989
3686,53,-40,977
3687,30,-57,979
3688,13,-71,984
3689,-2,-76,977
3690,-3,-68,1008
3691,-20,-87,1012
3692,1,-101,1043
3693,-21,-91,1011
3694,8,-75,1027
3695,17,-80,1069
3696,37,-54,1067
3697,64,-43,1019
3698,62,-59,1029
3699,60,-48,1036
3700,76,-23,1030
3701,65,-60,1028
3702,45,-48,1013
3703,51,-43,989
3704,-1,-82,1000
3705,-10,-69,996
3706,11,-80,1002
3707,-40,-92,1027
3708,-22,-91,992
3709,-26,-94,1034
3710,1,-72,1029
3711,16,-78,1006
3712,23,-64,1018
3713,44,-69,1006
3714,74,-47,1020
3715,62,-49,1001
3716,81,-27,980
3717,42,-48,1012
3718,41,-57,1007
3719,20,-81,998
3720,22,-61,996
3721,-2,-85,1018
3722,0,-86,1011
3723,-32,-100,1026
3724,-19,-91,1029
3725,-2,-92,1038
3726,-12,-76,1023
3727,10,-55,1021
3728,31,-80,1046
3729,46,-65,1026
3730,68,-53,1040
3731,80,-40,1003
3732,69,-48,1002
3733,40,-62,1007
3734,51,-55,991
3735,9,-61,990
3736,9,-88,993
3737,9,-81,971
3738,-17,-84,996
3739,-5,-95,981
3740,-16,-83,1004
3741,6,-87,1021
3742,9,-83,996
3743,27,-70,1023
3744,59,-58,1013
3745,49,-70,1026
3746,66,-67,1030
3747,84,-40,1024
3748,60,-63,1025
3749,58,-50,1001
3750,20,-61,1020
3751,4,-58,1008
3752,12,-47,1003
3753,-22,-87,1042
3754,-24,-81,1023
3755,-4,-65,1025
3756,-29,-99,1050
3757,15,-61,1028
3758,28,-78,1023
3759,58,-68,1051
3760,61,-76,1027
3761,49,-63,1039
3762,71,-45,1015
3763,78,-59,1009
3764,46,-57,1035
3765,49,-50,1027
3766,16,-55,1028
3767,-5,-68,1033
3768,-17,-54,997
3769,-33,-87,998
3770,-2,-75,1004
3771,4,-66,988
3772,5,-75,964
3773,36,-61,983
3774,37,-75,987
3775,61,-59,985
3776,74,-68,989
3777,58,-62,1007
3778,78,-64,1009
3779,59,-84,1021
3780,54,-42,1052
3781,10,-64,1050
3782,16,-56,1037
3783,-33,-70,1056
3784,-10,-52,1036
3785,-14,-76,1053
3786,-4,-43,1057
3787,-21,-78,1043
3788,17,-69,1036
3789,50,-48,998
3790,44,-70,1021
3791,71,-69,1007
3792,66,-55,1019
3793,77,-64,1038
3794,44,-64,1057
3795,44,-66,1037
3796,55,-56,1044
3797,-5,-72,1051
3798,9,-53,1012
3799,-5,-61,1042
3800,-23,-79,1040
3801,-21,-67,1017
3802,-9,-65,1005
3803,13,-63,996
3804,22,-64,1003
3805,37,-69,971
3806,54,-81,1001
3807,60,-64,1006
3808,81,-62,1007
3809,61,-70,1016
3810,32,-74,1019
3811,12,-83,1052
3812,41,-63,1050
3813,10,-72,1055
3814,-15,-89,1075
3815,-17,-60,1047
3816,-25,-66,1061
3817,-2,-63,1049
3818,15,-61,1026
3819,12,-65,1011
3820,56,-61,1023
3821,65,-47,1001
3822,77,-75,996
3823,56,-74,1022
3824,66,-64,983
3825,53,-65,1010
3826,32,-81,1013
3827,20,-93,1051
3828,3,-62,1054
3829,-10,-75,1071
3830,-24,-68,1071
3831,-16,-73,1063
3832,2,-48,1044
3833,8,-55,1025
3834,31,-71,1010
3835,43,-42,997
3836,72,-77,1002
3837,77,-59,987
3838,75,-76,974
3839,67,-70,987
3840,63,-77,996
3841,30,-81,992
3842,25,-80,1023
3843,-7,-88,1060
3844,-18,-82,1075
3845,-13,-70,1051
3846,-32,-58,1066
3847,-9,-40,1057
3848,-34,-65,1055
3849,53,-30,1029
3850,12,-82,1029
3851,56,-47,980
3852,74,-60,987
3853,74,-58,987
3854,75,-78,992
3855,70,-64,981
3856,48,-74,976
3857,0,-92,991
3858,11,-74,1020
3859,-27,-64,1043
3860,-30,-63,1047
3861,-32,-64,1053
3862,-15,-57,1034
3863,-17,-58,1045
3864,20,-50,1025
3865,15,-68,1042
3866,66,-50,999
3867,60,-72,1027
3868,86,-75,1010
3869,77,-69,1015
3870,73,-76,975
3871,43,-92,994
3872,40,-60,996
3873,5,-81,1013
3874,-14,-59,996
3875,-31,-83,1031
3876,-18,-57,1025
3877,-22,-75,1056
3878,-29,-62,1052
3879,12,-70,1030
3880,31,-58,1052
3881,47,-51,1033
3882,52,-56,1041
3883,83,-62,1023
3884,83,-65,1019
3885,97,-45,977
3886,34,-93,1005
3887,42,-56,989
3888,13,-92,995
3889,-5,-80,963
3890,-24,-82,1017
3891,-3,-55,1017
3892,-21,-80,1032
3893,-7,-59,1036
3894,20,-47,997
3895,3,-67,1049
3896,52,-38,1038
3897,69,-58,1037
3898,59,-73,1043
3899,57,-61,1046
3900,66,-62,1018
3901,64,-68,1017
3902,35,-81,1016
3903,27,-62,1008
3904,2,-86,1023
3905,0,-69,1000
3906,-13,-81,1014
3907,-15,-64,1009
3908,-22,-64,1027
3909,-6,-60,1018
3910,36,-70,1024
3911,11,-81,1035
3912,53,-50,984
3913,63,-83,1010
3914,74,-52,1007
3915,57,-79,1033
3916,51,-77,1019
3917,34,-56,1016
3918,34,-79,1016
3919,0,-70,1002
3920,1,-64,1007
3921,-28,-67,1007
3922,-5,-76,1010
3923,2,-42,1002
3924,-19,-77,1042
3925,12,-64,1015
3926,38,-63,1021
3927,56,-81,1019
3928,50,-81,1045
3929,66,-76,1029
3930,82,-68,1044
3931,39,-77,1045
3932,53,-71,1029
3933,35,-43,1047
3934,5,-77,1036
3935,0,-50,1022
3936,-1,-44,1017
3937,-20,-75,1014
3938,-15,-49,1001
3939,-4,-66,1007
3940,13,-60,1023
3941,17,-71,1015
3942,51,-60,1032
3943,40,-84,1031
3944,78,-59,1019
3945,70,-80,1037
3946,56,-64,1029
3947,53,-72,1036
3948,26,-70,1043
3949,41,-55,1009
3950,0,-58,1005
3951,13,-59,997
3952,-3,-52,991
3953,-5,-47,996
3954,-15,-74,996
3955,0,-55,982
3956,-7,-98,1011
3957,46,-63,996
3958,22,-86,1045
3959,36,-70,1024
3960,48,-76,1054
3961,51,-57,1049
3962,44,-71,1073
3963,61,-47,1036
3964,20,-80,1042
3965,35,-43,1016
3966,11,-54,1029
3967,13,-57,996
3968,7,-64,1016
3969,2,-65,991
3970,-2,-64,1008
3971,40,-64,1003
3972,23,-88,1014
3973,44,-70,1036
3974,45,-63,1014
3975,28,-80,1057
3976,57,-68,1004
3977,27,-80,1047
3978,33,-51,1030
3979,47,-37,1033
3980,11,-67,1039
3981,24,-52,1036
3982,16,-39,1003
3983,-11,-65,1030
3984,30,-42,1013
3985,12,-64,991
3986,22,-60,1008
3987,35,-72,1001
3988,20,-81,1028
3989,35,-54,1034
3990,39,-88,1057
3991,29,-76,1034
3992,39,-68,1054
3993,40,-66,1015
3994,0,-59,1034
3995,26,-58,1026
3996,14,-66,1025
3997,17,-70,1043
3998,24,-55,1030
3999,27,-64,1007
4000,33,-69,1018
4001,25,-72,1037
4002,30,-78,1024
4003,23,-95,1006
4004,55,-72,1013
4005,32,-76,996
4006,29,-80,1026
4007,37,-72,1010
4008,44,-55,1018
4009,13,-64,1016
4010,7,-54,999
4011,20,-50,1002
4012,22,-48,1005
4013,-3,-64,1017
4014,29,-56,1029
4015,25,-41,1016
4016,25,-82,1016
4017,29,-64,1036
4018,29,-70,1001
4019,45,-78,1020
4020,37,-72,1045
4021,36,-64,1014
4022,29,-74,1030
4023,35,-76,1030
4024,39,-40,1025
4025,1,-74,1046
4026,29,-62,1032
4027,6,-63,1020
4028,20,-44,1016
4029,10,-70,1048
4030,34,-51,1033
4031,20,-71,1033
4032,20,-67,1032
4033,10,-76,1045
4034,56,-63,1024
4035,26,-66,1019
4036,42,-77,1005
4037,35,-51,1024
4038,44,-66,1010
4039,20,-72,1025
4040,45,-55,1005
4041,-5,-75,1028
4042,25,-60,1037
4043,9,-61,1019
4044,11,-73,1051
4045,11,-64,1027
4046,12,-79,1055
4047,38,-72,1023
4048,29,-70,1056
4049,49,-51,1032
4050,50,-71,1027
4051,34,-58,1030
4052,66,-48,1036
4053,31,-70,1034
4054,27,-64,1019
4055,39,-63,992
4056,2,-72,1027
4057,2,-58,1015
4058,2,-77,1013
4059,0,-63,1019
4060,20,-60,1046
4061,37,-59,1030
4062,15,-72,1030
4063,47,-52,1032
4064,55,-85,1017
4065,79,-57,1009
4066,57,-65,1019
4067,32,-63,1008
4068,53,-59,1001
4069,38,-64,1018
4070,8,-85,1023
4071,16,-69,1003
4072,-7,-73,1040
4073,3,-89,1024
4074,-9,-58,1018
4075,5,-80,1025
4076,30,-60,1009
4077,45,-59,1009
4078,46,-66,1029
4079,55,-56,1019
4080,60,-60,1007
4081,39,-67,1019
4082,62,-58,1014
4083,43,-79,1034
4084,20,-58,1028
4085,15,-74,1036
4086,2,-76,1030
4087,4,-87,1022
4088,10,-72,1014
4089,11,-56,1017
4090,17,-62,978
4091,5,-57,1021
4092,23,-64,1008
4093,25,-57,1002
4094,65,-61,1004
4095,47,-53,1015
4096,62,-69,993
4097,30,-74,1022
4098,43,-71,1034
4099,12,-77,1048
4100,-8,-85,1047
4101,2,-62,1020
4102,4,-98,1019
4103,-4,-67,1024
4104,25,-61,1030
4105,-7,-65,1032
4106,46,-49,983
4107,20,-67,999
4108,33,-64,998
4109,56,-61,1010
4110,48,-78,1006
4111,51,-55,1037
4112,38,-81,1033
4113,45,-53,1004
4114,14,-80,1034
4115,15,-63,1038
4116,33,-72,1027
4117,7,-67,1012
4118,23,-59,1023
4119,18,-68,1028
4120,33,-53,1003
4121,17,-67,1036
4122,40,-51,1003
4123,23,-52,996
4124,32,-71,998
4125,40,-63,999
4126,33,-66,981
4127,34,-61,1008
4128,12,-74,1008
4129,51,-65,993
4130,13,-74,1023
4131,38,-62,1010
4132,30,-78,1022
4133,21,-55,1015
4134,25,-87,1051
4135,30,-35,992
4136,-2,-92,1047
4137,29,-51,1009
4138,1,-80,1033
4139,37,-74,1036
4140,15,-80,1035
4141,23,-70,1039
4142,40,-66,1034
4143,40,-64,999
4144,28,-87,1016
4145,48,-51,991
4146,17,-82,1021
4147,35,-64,1015
4148,34,-64,1006
4149,35,-75,1027
4150,13,-66,1028
4151,40,-58,1026
4152,4,-82,1009
4153,4,-69,1020
4154,19,-65,1013
4155,12,-59,1007
4156,8,-69,1011
4157,11,-85,1018
4158,40,-46,1010
4159,29,-60,1028
4160,39,-64,1015
4161,41,-52,1014
4162,34,-63,1029
4163,40,-58,1034
4164,20,-77,1045
4165,46,-59,1017
4166,-2,-64,1034
4167,10,-65,1015
4168,-3,-76,1029
4169,11,-80,1028
4170,18,-74,1044
4171,29,-75,1012
4172,26,-74,1018
4173,35,-74,1023
4174,45,-49,1023
4175,52,-47,1007
4176,45,-70,1022
4177,24,-76,1039
4178,44,-56,1018
4179,1,-76,1019
4180,10,-61,1031
4181,7,-76,1039
4182,16,-79,1011
4183,19,-68,1014
4184,35,-85,1036
4185,28,-50,1006
4186,40,-67,1013
4187,34,-71,1012
4188,39,-67,1002
4189,28,-87,1024
4190,34,-53,1018
4191,9,-71,1033
4192,34,-77,1045
4193,7,-64,1021
4194,4,-66,1022
4195,10,-71,1019
4196,31,-58,1026
4197,11,-64,1025
4198,38,-57,1017
4199,29,-83,1013
4200,37,-62,1052
4201,55,-40,1019
4202,21,-93,1048
4203,56,-49,1017
4204,32,-85,1040
4205,35,-68,1021
4206,1,-76,1035
4207,-1,-78,1053
4208,27,-63,992
4209,8,-73,1014
4210,27,-58,1016
4211,30,-76,1045
4212,47,-38,986
4213,43,-71,1014
4214,26,-64,1011
4215,25,-60,1001
4216,43,-50,1020
4217,12,-52,1045
4218,27,-62,1042
4219,15,-72,1058
4220,21,-75,1045
4221,5,-86,1018
4222,20,-73,1021
4223,27,-81,1040
4224,29,-73,1032
4225,33,-60,1002
4226,40,-59,1008
4227,42,-59,1005
4228,48,-42,1008
4229,44,-56,1019
4230,36,-49,1013
4231,29,-65,1026
4232,39,-63,1031
4233,3,-87,1055
4234,31,-65,1046
4235,16,-80,1056
4236,11,-71,1042
4237,20,-80,1045
4238,20,-54,1033
4239,20,-72,1039
4240,34,-61,1045
4241,51,-46,1016
4242,16,-76,1022
4243,46,-55,996
4244,30,-68,1009
4245,25,-58,998
4246,25,-56,1014
4247,19,-78,1008
4248,24,-77,1005
4249,7,-67,1018
4250,18,-70,1030
4251,37,-65,1024
4252,23,-73,1019
4253,29,-67,1053
4254,38,-61,1028
4255,17,-80,1035
4256,25,-66,1020
4257,6,-60,1042
4258,15,-72,1031
4259,-4,-61,1049
4260,13,-68,1007
4261,18,-74,1011
4262,23,-60,1027
4263,29,-79,1009
4264,49,-61,991
4265,39,-76,1037
4266,40,-61,1017
4267,37,-47,996
4268,19,-81,1039
4269,32,-63,1016
4270,11,-55,1000
4271,17,-71,1020
4272,11,-69,1030
4273,11,-70,1028
4274,27,-64,1011
4275,16,-80,1039
4276,37,-64,1009
4277,29,-64,1016
4278,34,-45,1000
4279,32,-56,1018
4280,54,-64,1018
4281,33,-56,1028
4282,38,-74,1039
4283,31,-63,1012
4284,-12,-88,1049
4285,32,-68,1023
4286,-3,-72,1029
4287,3,-56,1016
4288,20,-79,1019
4289,18,-66,1028
4290,29,-72,1043
4291,36,-67,1010
4292,31,-71,1017
4293,34,-67,1007
4294,39,-63,1016
4295,40,-63,1012
4296,8,-78,1018
4297,36,-61,1006
4298,14,-71,995
4299,11,-79,1001
4300,20,-71,997
4301,1,-80,1005
4302,20,-79,1007
4303,44,-67,993
4304,38,-61,1008
4305,16,-72,1036
4306,34,-57,1005
4307,32,-69,1031
4308,60,-49,1002
4309,24,-73,1016
4310,30,-67,1032
4311,23,-59,1031
4312,9,-75,1040
4313,30,-56,1021
4314,-3,-73,1035
4315,39,-64,1006
4316,33,-65,1003
4317,24,-98,1011
4318,33,-50,1000
4319,9,-78,1010
4320,28,-58,1034
4321,34,-69,1014
4322,4,-71,1041
4323,38,-61,1015
4324,23,-55,1013
4325,16,-74,995
4326,20,-60,1016
4327,39,-53,985
4328,30,-58,1022
4329,37,-52,1015
4330,39,-59,1007
4331,9,-87,1029
4332,40,-43,997
4333,10,-69,1029
4334,23,-81,1028
4335,11,-51,1016
4336,19,-81,1016
4337,23,-59,1011
4338,29,-85,1043
4339,45,-75,1017
4340,29,-74,1037
4341,47,-46,1009
4342,41,-81,1052
4343,54,-57,1023
4344,30,-65,1043
4345,20,-62,1025
4346,0,-87,1034
4347,36,-66,995
4348,11,-68,1022
4349,11,-70,1012
4350,20,-68,997
4351,32,-79,1013
4352,34,-71,995
4353,32,-64,1025
4354,30,-84,1029
4355,54,-56,1019
4356,36,-83,1035
4357,46,-71,1046
4358,29,-65,1055
4359,31,-69,1042
4360,6,-82,1045
4361,17,-53,990
4362,-5,-74,1013
4363,32,-52,1019
4364,11,-81,1012
4365,26,-52,998
4366,13,-59,999
4367,29,-57,1002
4368,51,-61,1014
4369,39,-67,1020
4370,28,-77,1051
4371,36,-69,1013
4372,15,-80,1040
4373,12,-76,1008
4374,21,-66,1037
4375,20,-74,1028
4376,25,-59,1021
4377,26,-63,1042
4378,7,-62,1013
4379,36,-60,996
4380,30,-58,1014
4381,16,-70,988
4382,35,-73,1010
4383,40,-55,1002
4384,20,-92,1019
4385,36,-57,1002
4386,17,-108,1032
4387,22,-71,1024
4388,7,-74,1017
4389,16,-86,1016
4390,28,-46,1036
4391,18,-61,1011
4392,23,-61,1024
4393,36,-61,990
4394,39,-68,1024
4395,30,-45,1029
4396,35,-63,1015
4397,30,-68,1003
4398,20,-81,1017
4399,8,-85,1019
4400,45,-61,988
4401,-3,-79,1026
4402,28,-65,1013
4403,10,-84,1019
4404,24,-61,1028
4405,30,-55,1019
4406,28,-61,1051
4407,47,-58,1021
4408,31,-65,1052
4409,21,-56,1037
4410,34,-79,1039
4411,33,-60,1029
4412,23,-73,1032
4413,12,-79,1011
4414,19,-75,1023
4415,11,-72,1016
4416,30,-60,1016
4417,21,-71,1013
4418,21,-61,1004
4419,29,-63,1015
4420,49,-66,1020
4421,36,-75,1044
4422,30,-76,1045
4423,21,-74,1035
4424,20,-72,1026
4425,21,-55,1030
4426,30,-66,1033
4427,-8,-75,1023
4428,30,-72,1041
4429,44,-45,1000
4430,31,-55,1018
4431,42,-68,1015
4432,34,-40,1009
4433,33,-64,1033
4434,48,-73,1033
4435,29,-60,1022
4436,22,-86,1011
4437,12,-55,1036
4438,-6,-76,1037
4439,1,-59,1026
4440,14,-57,1013
4441,20,-58,1021
4442,25,-63,1007
4443,57,-51,1001
4444,42,-60,1027
4445,35,-62,1027
4446,50,-53,1012
4447,33,-92,1036
4448,49,-65,999
4449,16,-72,1019
4450,39,-52,1013
4451,6,-87,1027
4452,19,-71,1009
4453,14,-69,1013
4454,17,-79,1030
4455,28,-64,1011
4456,19,-54,1026
4457,40,-58,1017
4458,55,-73,1021
4459,27,-69,1023
4460,54,-71,1029
4461,37,-64,1015
4462,40,-71,1025
4463,26,-61,1045
4464,17,-81,1038
4465,10,-77,1046
4466,11,-76,1014
4467,20,-55,1034
4468,25,-66,1017
4469,19,-70,1009
4470,39,-56,1022
4471,14,-64,1016
4472,50,-62,1013
4473,39,-64,1001
4474,47,-58,1015
4475,33,-73,1046
4476,66,-49,1010
4477,11,-98,1034
4478,38,-64,1002
4479,23,-71,1006
4480,8,-64,1009
4481,19,-51,1015
4482,20,-62,1023
4483,10,-69,1035
4484,55,-60,1013
4485,29,-63,1037
4486,26,-86,1022
4487,23,-67,1009
4488,22,-81,1040
4489,35,-69,1008
4490,13,-77,1016
4491,39,-64,1004
4492,3,-85,1032
4493,30,-59,1006
4494,18,-61,1010
4495,39,-66,1019
4496,40,-72,1016
4497,11,-56,1016
4498,28,-82,1027
4499,13,-72,1019
4500,22,-69,1018
4501,15,-81,1025
4502,25,-51,1006
4503,12,-81,1033
4504,35,-54,1010
4505,26,-70,999
4506,21,-63,1004
4507,30,-70,1013
4508,37,-70,1032
4509,38,-53,1017
4510,39,-60,1022
4511,39,-66,1021
4512,44,-63,1006
4513,20,-83,1030
4514,31,-76,1015
4515,16,-71,1013
4516,8,-61,1024
4517,16,-72,1008
4518,2,-72,1037
4519,36,-56,1010
4520,12,-75,1029
4521,17,-80,1043
4522,28,-68,1007
4523,56,-57,1030
4524,45,-82,1043
4525,33,-48,1016
4526,40,-88,1022
4527,37,-61,1029
4528,25,-54,1018
4529,12,-71,1000
4530,29,-62,1029
4531,0,-61,1031
4532,7,-56,1025
4533,8,-63,1025
4534,30,-64,1023
4535,31,-68,1009
4536,20,-93,1034
4537,37,-58,992
4538,29,-81,1022
4539,27,-61,1007
4540,44,-64,999
4541,-4,-76,1033
4542,49,-53,1023
4543,25,-56,1007
4544,19,-76,1028
4545,20,-51,985
4546,26,-57,1015
4547,17,-78,1029
4548,41,-62,1031
4549,13,-88,1029
4550,41,-78,1023
4551,31,-82,1009
4552,29,-69,1018
4553,16,-76,1023
4554,29,-63,1008
4555,44,-56,1019
4556,17,-69,1019
4557,19,-75,1029
4558,20,-40,1002
4559,26,-71,994
4560,28,-52,1012
4561,20,-73,1021
4562,25,-74,1018
4563,28,-63,1016
4564,25,-68,1001
4565,20,-61,1019
4566,14,-72,991
4567,11,-75,1011
4568,29,-54,995
4569,20,-70,1030
4570,40,-57,1008
4571,27,-66,1023
4572,27,-57,1021
4573,30,-47,1026
4574,34,-82,1020
4575,10,-75,1034
4576,12,-77,1040
4577,26,-69,1019
4578,21,-60,1039
4579,26,-65,1025
4580,13,-64,1032
4581,28,-44,1019
4582,7,-76,1047
4583,49,-70,1017
4584,35,-71,1031
4585,49,-74,1021
4586,22,-58,1041
4587,52,-69,1027
4588,20,-72,1046
4589,22,-69,1025
4590,14,-75,1033
4591,18,-72,1016
4592,30,-51,1013
4593,14,-66,1013
4594,29,-63,1034
4595,34,-49,1017
4596,33,-74,1011
4597,26,-49,985
4598,36,-72,1009
4599,29,-71,1018
4600,40,-61,1020
4601,20,-75,1034
4602,14,-71,1012
4603,10,-65,1013
4604,12,-60,1009
4605,29,-67,1025
4606,20,-61,1034
4607,40,-59,1030
4608,38,-44,1031
4609,36,-63,1016
4610,53,-40,1038
4611,31,-74,1038
4612,20,-84,1021
4613,37,-62,1023
4614,3,-84,1026
4615,16,-74,1025
4616,19,-65,1023
4617,37,-71,1043
4618,16,-71,1034
4619,47,-56,1021
4620,9,-69,1024
4621,45,-51,1044
4622,24,-66,1049
4623,33,-52,1020
4624,32,-55,1009
4625,-3,-75,1055
4626,25,-63,1000
4627,-3,-72,1009
4628,14,-81,1018
4629,30,-40,1000
4630,24,-85,1017
4631,20,-58,1020
4632,25,-57,1014
4633,33,-58,1019
4634,40,-64,1015
4635,20,-96,1043
4636,39,-49,1024
4637,27,-68,1031
4638,18,-88,1039
4639,21,-65,1004
4640,15,-63,1042
4641,28,-80,1009
4642,33,-59,1014
4643,32,-67,1015
4644,38,-48,1044
4645,44,-52,1027
4646,45,-58,1009
4647,37,-66,1024
4648,11,-72,1039
4649,24,-57,1025
4650,0,-90,1039
4651,0,-49,1003
4652,15,-72,1029
4653,16,-71,1011
4654,20,-54,1009
4655,22,-63,1015
4656,43,-52,1014
4657,47,-61,1018
4658,59,-56,1020
4659,44,-65,1035
4660,15,-80,1050
4661,26,-80,1022
4662,10,-79,1041
4663,16,-61,1032
4664,6,-70,1019
4665,13,-63,1008
4666,4,-69,998
4667,22,-55,1003
4668,39,-54,1000
4669,26,-48,1003
4670,54,-64,1020
4671,33,-71,1034
4672,31,-72,1026
4673,11,-72,1040
4674,17,-74,1050
4675,22,-68,1038
4676,18,-74,1000
4677,20,-76,1000
4678,19,-55,1009
4679,37,-54,1006
4680,21,-52,1011
4681,28,-59,1008
4682,24,-75,1009
4683,40,-51,1020
4684,28,-84,1017
4685,19,-77,1037
4686,21,-55,1011
4687,13,-89,1026
4688,1,-81,1008
4689,18,-51,992
4690,36,-74,1025
4691,28,-71,990
4692,47,-56,1020
4693,34,-42,1012
4694,32,-54,1023
4695,29,-66,1023
4696,6,-79,1008
4697,18,-66,1030
4698,11,-70,1042
4699,8,-77,1032
4700,-1,-80,1016
4701,24,-47,997
4702,6,-78,1017
4703,21,-48,997
4704,50,-67,978
4705,33,-53,1016
4706,60,-58,1019
4707,39,-89,1049
4708,31,-88,1030
4709,6,-92,1057
4710,15,-80,1057
4711,2,-68,1004
4712,14,-69,1016
4713,3,-64,1012
4714,42,-54,991
4715,34,-45,996
4716,50,-52,993
4717,55,-63,1018
4718,54,-44,1001
4719,54,-81,1015
4720,26,-76,1041
4721,29,-85,1038
4722,0,-75,1028
4723,18,-95,1016
4724,-5,-76,1030
4725,26,-57,1021
4726,36,-63,1000
4727,20,-67,1037
4728,66,-41,1008
4729,57,-55,996
4730,34,-56,1026
4731,39,-59,1016
4732,25,-86,1050
4733,10,-78,1033
4734,10,-70,1023
4735,-22,-91,1012
4736,20,-60,1032
4737,13,-83,999
4738,37,-63,1014
4739,36,-65,1014
4740,51,-40,998
4741,53,-61,1013
4742,22,-65,1017
4743,58,-79,1031
4744,19,-66,1048
4745,25,-62,1045
4746,-15,-96,1017
4747,20,-88,1017
4748,-10,-73,1012
4749,10,-82,1021
4750,55,-33,988
4751,37,-62,989
4752,52,-65,1006
4753,39,-55,1011
4754,76,-50,989
4755,22,-96,1026
4756,34,-54,1030
4757,9,-86,1055
4758,-6,-75,1020
4759,-14,-79,1039
4760,25,-56,1039
4761,20,-54,1014
4762,19,-58,1036
4763,44,-43,1015
4764,52,-43,974
4765,56,-71,1014
4766,38,-63,1021
4767,31,-66,1023
4768,23,-67,1027
4769,15,-79,1051
4770,-20,-65,1054
4771,0,-81,1041
4772,7,-52,1018
4773,-4,-89,1011
4774,42,-61,997
4775,40,-53,996
4776,42,-61,1015
4777,61,-37,1022
4778,29,-74,1009
4779,46,-73,1009
4780,9,-81,1033
4781,16,-65,1036
4782,-19,-98,1049
4783,16,-66,1049
4784,-20,-82,1019
4785,18,-48,1000
4786,20,-80,1006
4787,47,-34,1000
4788,56,-49,1001
4789,55,-69,1014
4790,59,-50,1019
4791,49,-72,1035
4792,28,-81,1057
4793,32,-68,1034
4794,-12,-86,1037
4795,17,-78,1047
4796,6,-60,1029
4797,30,-40,1016
4798,4,-61,1023
4799,40,-52,990
4800,54,-64,998
4801,58,-63,1008
4802,58,-57,1021
4803,38,-80,1014
4804,24,-82,1034
4805,20,-80,1029
4806,-3,-81,1054
4807,-10,-59,1044
4808,-15,-83,1041
4809,28,-57,997
4810,9,-84,1010
4811,41,-49,1007
4812,61,-46,990
4813,55,-49,999
4814,35,-72,1012
4815,49,-65,1019
4816,6,-81,1050
4817,10,-80,1040
4818,-20,-80,1052
4819,-17,-82,1074
4820,-5,-60,1029
4821,8,-63,1023
4822,20,-55,1010
4823,55,-48,971
4824,48,-49,993
4825,88,-58,986
4826,51,-81,1005
4827,39,-61,1029
4828,31,-87,1047
4829,20,-76,1041
4830,-6,-93,1062
4831,1,-81,1037
4832,13,-69,1012
4833,-1,-61,1031
4834,19,-51,1004
4835,35,-52,1004
4836,65,-69,1005
4837,69,-54,1003
4838,54,-57,1016
4839,47,-79,1009
4840,37,-65,1044
4841,19,-81,1033
4842,4,-75,1041
4843,-16,-81,1054
4844,0,-55,1034
4845,-5,-71,1012
4846,29,-54,997
4847,20,-52,1011
4848,54,-60,1012
4849,65,-52,1004
4850,50,-89,1029
4851,66,-78,1014
4852,11,-84,1020
4853,18,-73,1014
4854,20,-81,1041
4855,7,-64,1036
4856,12,-61,1017
4857,3,-61,1014
4858,0,-47,1016
4859,33,-55,975
4860,55,-36,1028
4861,47,-72,1006
4862,31,-79,1002
4863,47,-58,1002
4864,7,-69,1045
4865,26,-84,1031
4866,28,-62,1055
4867,8,-76,1045
4868,-1,-81,1008
4869,22,-48,986
4870,16,-58,1007
4871,23,-62,1023
4872,42,-43,1010
4873,45,-48,1013
4874,36,-68,996
4875,51,-58,1029
4876,26,-87,1052
4877,8,-90,1062
4878,19,-61,1041
4879,13,-53,1047
4880,-8,-87,1030
4881,7,-59,1001
4882,35,-25,992
4883,3,-75,1006
4884,40,-60,1022
4885,62,-49,1012
4886,39,-60,1013
4887,30,-107,998
4888,37,-52,1006
4889,2,-81,1027
4890,15,-76,1038
4891,24,-63,1032
4892,11,-69,1045
4893,8,-72,1026
4894,29,-61,1011
4895,31,-58,997
4896,55,-63,1005
4897,44,-61,990
4898,58,-67,1020
4899,27,-70,1026
4900,18,-89,1016
4901,3,-78,1032
4902,15,-78,1049
4903,35,-66,1000
4904,19,-68,1030
4905,3,-69,1010
4906,25,-54,1029
4907,37,-64,997
4908,33,-61,1016
4909,44,-51,1001
4910,42,-51,1012
4911,29,-64,996
4912,11,-87,1037
4913,36,-64,1023
4914,9,-72,1026
4915,8,-87,1041
4916,18,-70,1028
4917,35,-61,1025
4918,21,-63,1015
4919,37,-64,1009
4920,27,-50,1013
4921,51,-56,1000
4922,22,-57,1003
4923,45,-71,996
4924,16,-86,1021
4925,33,-62,1018
4926,9,-88,1025
4927,10,-71,1017
4928,20,-66,1012
4929,10,-72,1036
4930,39,-78,1018
4931,32,-54,1009
4932,26,-53,1014
4933,40,-69,1013
4934,43,-47,1019
4935,23,-82,1024
4936,21,-56,1021
4937,24,-79,1051
4938,9,-62,1044
4939,22,-68,1025
4940,6,-64,1042
4941,28,-63,995
4942,11,-74,1006
4943,49,-60,1005
4944,41,-69,1015
4945,39,-48,986
4946,24,-73,1019
4947,19,-81,1022
4948,53,-50,1018
4949,0,-72,1051
4950,18,-68,1032
4951,16,-73,1007
4952,50,-60,998
4953,24,-73,1022
4954,55,-59,1010
4955,29,-56,1024
4956,36,-52,1015
4957,40,-63,1013
4958,28,-61,1018
4959,21,-83,1020
4960,27,-72,1040
4961,19,-65,1017
4962,15,-66,1032
4963,14,-48,1039
4964,17,-72,1027
4965,36,-57,992
4966,35,-58,1037
4967,19,-64,1017
4968,25,-62,997
4969,50,-55,1007
4970,4,-71,1038
4971,28,-63,1040
4972,32,-70,1045
4973,9,-72,1018
4974,20,-70,1034
4975,41,-63,1025
4976,38,-46,1047
4977,30,-70,1012
4978,42,-59,997
4979,35,-49,1041
4980,29,-57,1014
4981,36,-64,999
4982,8,-66,1036
4983,39,-47,1029
4984,-2,-76,1022
4985,40,-47,1026
4986,10,-62,1027
4987,29,-81,1023
4988,48,-48,1011
4989,30,-76,1002
4990,32,-74,1030
4991,38,-63,1017
4992,13,-79,1059
4993,41,-53,1031
4994,36,-61,1040
4995,34,-72,1019
4996,0,-68,1046
4997,24,-65,1036
4998,31,-56,1048
4999,6,-72,1074
5000,36,-65,1020
5001,13,-60,999
5002,29,-67,1023
5003,47,-52,989
5004,31,-61,1013
5005,44,-62,999
5006,22,-58,1018
5007,34,-65,1022
5008,5,-65,1035
5009,25,-76,1013
5010,20,-71,1042
5011,15,-81,1047
5012,51,-45,1013
5013,11,-78,1038
5014,33,-65,1033
5015,43,-62,1008
5016,24,-81,1020
5017,44,-55,1007
5018,20,-84,1049
5019,29,-48,1028
5020,22,-78,1057
5021,5,-61,1035
5022,20,-72,986
5023,29,-74,1041
5024,20,-78,1023
5025,39,-69,1037
5026,50,-57,1033
5027,30,-74,1020
5028,33,-58,1007
5029,26,-66,1023
5030,45,-57,1023
5031,20,-75,1028
5032,20,-56,1037
5033,31,-89,1000
5034,7,-56,1013
5035,32,-80,1026
5036,34,-64,1013
5037,50,-67,990
5038,28,-70,996
5039,55,-51,1018
5040,42,-48,988
5041,21,-64,1003
5042,1,-76,1030
5043,49,-46,1018
5044,-2,-73,1040
5045,41,-66,1025
5046,15,-72,1037
5047,17,-75,1003
5048,37,-73,992
5049,30,-61,1025
5050,49,-64,1018
5051,46,-72,1017
5052,25,-56,1023
5053,30,-59,1026
5054,14,-75,1031
5055,24,-64,1013
5056,4,-72,1020
5057,12,-69,1040
5058,16,-69,1020
5059,9,-72,1022
5060,16,-66,1023
5061,41,-59,1014
5062,32,-64,1027
5063,34,-62,1016
5064,20,-71,1007
5065,25,-72,1013
5066,30,-74,1013
5067,16,-69,1009
5068,8,-57,1020
5069,26,-64,1003
5070,15,-73,999
5071,12,-80,1024
5072,52,-41,1007
5073,34,-77,1035
5074,22,-68,1037
5075,39,-52,1013
5076,40,-60,1004
5077,33,-73,1023
5078,26,-73,1023
5079,14,-73,1031
5080,0,-66,1018
5081,23,-62,1018
5082,24,-53,1014
5083,20,-67,1002
5084,20,-81,1037
5085,54,-69,1001
5086,31,-75,1004
5087,26,-97,1005
5088,54,-42,1011
5089,11,-96,1046
5090,24,-63,1032
5091,16,-61,1007
5092,11,-70,1018
5093,-5,-79,1009
5094,29,-50,1007
5095,39,-86,1030
5096,31,-37,1007
5097,37,-90,1015
5098,47,-59,996
5099,31,-69,1016
5100,47,-77,1022
5101,31,-68,1007
5102,20,-82,1023
5103,20,-71,1007
5104,22,-73,1035
5105,39,-51,1001
5106,20,-63,1026
5107,12,-60,991
5108,29,-63,1020
5109,11,-76,1023
5110,35,-60,1006
5111,58,-52,1017
5112,26,-69,1023
5113,21,-62,1034
5114,24,-79,1020
5115,23,-71,1022
5116,24,-54,1036
5117,12,-61,998
5118,38,-62,1001
5119,34,-67,1018
5120,22,-65,1024
5121,36,-60,985
5122,24,-76,1028
5123,32,-67,1022
5124,18,-83,1022
5125,21,-67,1009
5126,37,-84,1015
5127,11,-51,1023
5128,23,-69,1005
5129,22,-47,1008
5130,29,-61,1018
5131,21,-76,1020
5132,54,-51,1022
5133,22,-78,1025
5134,16,-59,1010
5135,31,-69,1041
5136,17,-69,1017
5137,28,-61,1029
5138,25,-56,1027
5139,16,-70,1020
5140,20,-68,1002
5141,30,-61,1023
5142,14,-61,1011
5143,27,-69,1004
5144,10,-53,1016
5145,28,-73,989
5146,33,-71,1016
5147,29,-66,1024
5148,14,-82,1038
5149,31,-74,1017
5150,18,-75,1027
5151,38,-57,995
5152,30,-70,1003
5153,26,-73,1004
5154,26,-56,1014
5155,30,-74,1040
5156,30,-73,1001
5157,22,-62,1036
5158,19,-70,1037
5159,37,-53,1019
5160,8,-77,1023
5161,29,-60,1011
5162,18,-74,1031
5163,20,-67,1034
5164,15,-51,1018
5165,33,-61,1041
5166,11,-74,1016
5167,29,-68,1028
5168,23,-71,1021
5169,36,-63,1035
5170,39,-63,1018
5171,24,-72,1010
5172,14,-71,1014
5173,29,-72,1029
5174,33,-66,1020
5175,24,-71,1024
5176,19,-66,1032
5177,3,-82,1043
5178,38,-50,1019
5179,36,-65,1018
5180,21,-64,1029
5181,29,-57,1009
5182,34,-75,1017
5183,16,-80,1040
5184,38,-55,993
5185,19,-88,1025
5186,32,-57,1005
5187,31,-58,1009
5188,42,-61,1028
5189,9,-62,1011
5190,27,-65,1028
5191,43,-41,1004
5192,20,-64,1043
5193,34,-59,1031
5194,42,-73,1026
5195,13,-81,1062
5196,31,-69,1038
5197,17,-77,1032
5198,29,-60,1045
5199,37,-61,1030
5200,24,-56,1021
5201,29,-68,1035
5202,30,-45,994
5203,6,-58,1023
5204,23,-73,1016
5205,26,-42,1016
5206,17,-80,1038
5207,32,-66,999
5208,2,-83,1040
5209,36,-58,998
5210,16,-72,1022
5211,28,-59,1008
5212,5,-67,1026
5213,18,-61,1029
5214,25,-78,1006
5215,35,-61,1006
5216,30,-62,1037
5217,55,-58,1018
5218,10,-79,1018
5219,23,-91,1004
5220,40,-54,1029
5221,24,-81,1013
5222,34,-58,1009
5223,11,-74,1016
5224,29,-57,1014
5225,13,-61,1024
5226,29,-58,1023
5227,41,-46,1011
5228,37,-61,1021
5229,26,-52,1025
5230,33,-72,1036
5231,30,-60,1015
5232,15,-79,1047
5233,18,-49,996
5234,18,-58,1036
5235,23,-61,999
5236,36,-69,1029
5237,44,-52,1025
5238,29,-70,1022
5239,34,-54,1011
5240,30,-78,1006
5241,32,-52,1013
5242,30,-91,1020
5243,21,-59,1025
5244,37,-54,1001
5245,6,-88,1042
5246,24,-41,1019
5247,34,-69,1009
5248,31,-58,991
5249,24,-78,1011
5250,29,-63,1021
5251,34,-68,1016
5252,10,-76,1038
5253,31,-77,1012
5254,30,-61,1022
5255,16,-66,1000
5256,21,-59,1000
5257,16,-60,1012
5258,7,-60,1003
5259,39,-50,1009
5260,19,-67,1016
5261,46,-57,1028
5262,25,-54,1029
5263,44,-75,1016
5264,21,-50,1001
5265,32,-78,1019
5266,20,-73,1019
5267,33,-47,1023
5268,13,-69,1027
5269,15,-69,1002
5270,40,-34,1004
5271,-9,-89,1007
5272,51,-59,1004
5273,41,-58,1008
5274,17,-81,1007
5275,35,-48,1003
5276,24,-55,996
5277,29,-60,1008
5278,13,-75,1036
5279,41,-64,1012
5280,10,-81,1029
5281,22,-64,1015
5282,34,-64,1000
5283,45,-65,1010
5284,39,-64,1036
5285,23,-55,1013
5286,40,-52,1003
5287,33,-66,1017
5288,32,-61,1010
5289,26,-63,1021
5290,10,-69,1018
5291,22,-58,985
5292,40,-50,1009
5293,12,-83,1029
5294,38,-52,1025
5295,10,-66,1025
5296,18,-75,1023
5297,49,-47,1001
5298,26,-60,1019
5299,43,-66,989
5300,31,-88,1019
5301,30,-58,1016
5302,41,-72,1032
5303,14,-83,1026
5304,19,-64,1026
5305,36,-58,1006
5306,19,-72,1023
5307,29,-60,990
5308,29,-73,998
5309,41,-59,995
5310,31,-72,992
5311,60,-83,1015
5312,26,-69,1045
5313,49,-67,1018
5314,30,-72,1018
5315,27,-70,1036
5316,30,-73,1028
5317,14,-55,1028
5318,3,-73,1010
5319,40,-48,1012
5320,16,-76,1038
5321,27,-63,1040
5322,40,-75,1007
5323,29,-72,1014
5324,32,-62,1006
5325,31,-65,1012
5326,28,-61,1014
5327,24,-63,1032
5328,22,-78,1014
5329,26,-64,1016
5330,39,-46,990
5331,25,-58,997
5332,25,-67,1023
5333,17,-65,1011
5334,29,-60,1023
5335,21,-75,1038
5336,21,-62,1046
5337,10,-88,1056
5338,28,-47,1017
5339,11,-83,1015
5340,22,-61,1019
5341,22,-66,1025
5342,17,-57,1019
5343,16,-59,1030
5344,22,-66,1001
5345,40,-72,1029
5346,39,-45,1023
5347,37,-88,1024
5348,40,-59,1017
5349,11,-69,1020
5350,31,-72,1029
5351,8,-54,1023
5352,16,-70,1016
5353,32,-66,1013
5354,29,-76,1023
5355,26,-62,1029
5356,50,-64,1015
5357,29,-71,1038
5358,44,-79,1029
5359,24,-71,1057
5360,45,-67,1023
5361,32,-64,1027
5362,19,-78,1014
5363,17,-76,1008
5364,14,-64,1035
5365,30,-73,1001
5366,13,-59,1029
5367,20,-70,1008
5368,31,-66,1024
5369,51,-59,1023
5370,31,-79,1026
5371,32,-70,1046
5372,44,-57,1011
5373,12,-60,1052
5374,13,-79,1037
5375,15,-67,1045
5376,35,-51,1007
5377,13,-77,1023
5378,22,-52,1013
5379,29,-54,1017
5380,23,-65,1036
5381,50,-43,1000
5382,30,-77,1017
5383,35,-54,1018
5384,13,-67,1040
5385,40,-45,1023
5386,39,-61,1015
5387,4,-101,1045
5388,42,-46,1037
5389,24,-97,1036
5390,33,-52,1006
5391,27,-72,1004
5392,32,-63,1006
5393,23,-62,992
5394,43,-56,1020
5395,24,-67,1011
5396,25,-65,1024
5397,33,-66,1009
5398,11,-56,1038
5399,21,-74,1007
5400,36,-62,1015
5401,23,-61,1016
5402,27,-62,1016
5403,43,-51,1039
5404,42,-59,1011
5405,15,-71,1041
5406,34,-78,1014
5407,38,-62,1017
5408,1,-80,1043
5409,30,-61,1027
5410,10,-63,1022
5411,17,-62,1038
5412,18,-61,1002
5413,30,-58,1034
5414,23,-58,1015
5415,23,-54,1025
5416,20,-69,1009
5417,24,-61,1032
5418,46,-69,1032
5419,20,-77,1016
5420,14,-71,1022
5421,32,-55,1015
5422,11,-93,1022
5423,24,-65,1020
5424,20,-60,999
5425,21,-67,1013
5426,6,-64,1014
5427,30,-57,994
5428,35,-79,1002
5429,8,-78,1043
5430,44,-64,1003
5431,-4,-80,1015
5432,31,-63,1040
5433,33,-72,1020
5434,20,-55,1010
5435,19,-77,1011
5436,15,-50,1011
5437,12,-68,1035
5438,11,-66,1031
5439,38,-59,1013
5440,14,-79,1045
5441,34,-59,1028
5442,15,-75,1043
5443,27,-72,1023
5444,24,-68,1029
5445,39,-61,1009
5446,24,-83,1030
5447,30,-67,1042
5448,32,-48,1007
5449,0,-93,1009
5450,22,-63,989
5451,33,-58,1016
5452,26,-67,1007
5453,29,-54,1014
5454,26,-63,1013
5455,37,-58,1012
5456,33,-55,1015
5457,39,-59,1003
5458,11,-74,1029
5459,31,-58,1039
5460,13,-64,1016
5461,19,-55,1034
5462,14,-81,1023
5463,22,-71,1027
5464,33,-66,1027
5465,25,-74,1014
5466,34,-58,1011
5467,16,-67,1009
5468,24,-60,990
5469,21,-62,1017
5470,21,-62,1020
5471,25,-55,1022
5472,9,-79,1028
5473,24,-49,1027
5474,21,-54,1028
5475,29,-64,1034
5476,28,-70,1032
5477,46,-43,993
5478,2,-66,1002
5479,31,-47,1011
5480,10,-80,1007
5481,14,-68,1037
5482,27,-61,1008
5483,5,-62,1000
5484,21,-63,1036
5485,28,-46,1019
5486,19,-68,1035
5487,35,-54,1025
5488,35,-56,1017
5489,17,-72,1031
5490,33,-61,1037
5491,39,-66,1018
5492,15,-72,1010
5493,24,-73,1036
5494,52,-65,1003
5495,6,-76,1038
5496,14,-80,1017
5497,43,-49,1023
5498,17,-67,1017
5499,28,-55,1003
5500,21,-72,1013
5501,8,-75,1025
5502,37,-62,1008
5503,23,-71,996
5504,13,-72,1016
5505,40,-70,1013
5506,24,-75,1026
5507,20,-52,1020
5508,35,-64,1003
5509,29,-61,1029
5510,31,-67,1019
5511,14,-61,1037
5512,15,-80,1040
5513,34,-57,1001
5514,20,-72,1030
5515,37,-64,1010
5516,32,-74,1034
5517,26,-59,1036
5518,22,-62,1007
5519,33,-73,1032
5520,23,-66,1020
5521,47,-52,1040
5522,17,-80,1031
5523,27,-71,1024
5524,7,-81,1037
5525,38,-56,1015
5526,23,-66,1029
5527,23,-69,1016
5528,27,-44,1032
5529,10,-89,1026
5530,23,-51,1037
5531,46,-71,1033
5532,15,-78,1022
5533,52,-66,996
5534,8,-81,1015
5535,43,-59,1009
5536,30,-62,1006
5537,38,-52,993
5538,19,-68,1011
5539,19,-76,1013
5540,33,-53,1006
5541,30,-79,1036
5542,17,-51,1004
5543,36,-70,1031
5544,18,-76,1045
5545,41,-54,1007
5546,23,-64,1036
5547,36,-63,1029
5548,34,-36,1004
5549,11,-76,1031
5550,28,-48,1008
5551,25,-72,1031
5552,34,-56,1018
5553,25,-74,1040
5554,34,-60,1013
5555,27,-72,1034
5556,27,-74,1038
5557,40,-61,1031
5558,38,-47,1006
5559,16,-72,1035
5560,30,-53,1035
5561,37,-64,1012
5562,17,-57,1024
5563,35,-75,1031
5564,25,-67,1022
5565,23,-81,1032
5566,32,-71,1018
5567,47,-55,1020
5568,20,-78,1015
5569,32,-61,1012
5570,23,-67,1011
5571,0,-69,1035
5572,25,-68,1011
5573,19,-87,1026
5574,21,-71,1004
5575,26,-63,1022
5576,23,-56,1004
5577,22,-64,995
5578,11,-76,1035
5579,31,-55,1000
5580,21,-83,1020
5581,13,-57,1018
5582,46,-78,1022
5583,-3,-72,1023
5584,27,-68,1015
5585,13,-65,1027
5586,22,-60,1046
5587,30,-59,1026
5588,28,-81,1016
5589,23,-61,1029
5590,0,-75,1044
5591,44,-35,996
5592,20,-80,1028
5593,35,-70,1024
5594,7,-81,1022
5595,39,-74,1038
5596,31,-70,1017
5597,18,-65,1040
5598,44,-64,1002
5599,23,-48,1015
5600,-4,-87,1032
5601,21,-55,1027
5602,24,-83,1019
5603,28,-62,1016
5604,2,-100,1029
5605,38,-51,1005
5606,20,-65,1024
5607,29,-51,1009
5608,32,-61,978
5609,41,-44,1003
5610,17,-67,1028
5611,45,-68,1015
5612,0,-65,1031
5613,26,-81,1013
5614,24,-59,1017
5615,13,-79,1044
5616,33,-72,1036
5617,30,-56,1027
5618,29,-67,1016
5619,28,-72,1002
5620,33,-53,1036
5621,29,-63,1008
5622,4,-70,1049
5623,31,-65,1010
5624,3,-67,1037
5625,39,-68,1009
5626,15,-82,1049
5627,30,-72,1026
5628,25,-61,1023
5629,37,-50,1013
5630,32,-51,1020
5631,6,-92,1018
5632,27,-50,1029
5633,30,-80,1022
5634,31,-56,1027
5635,23,-76,1016
5636,20,-61,1029
5637,32,-58,1008
5638,31,-77,1017
5639,9,-61,1002
5640,43,-52,1002
5641,8,-80,1019
5642,31,-52,997
5643,6,-69,1031
5644,36,-71,1028
5645,43,-60,1009
5646,20,-76,1019
5647,55,-48,1018
5648,21,-70,1023
5649,22,-58,1013
5650,31,-47,986
5651,-6,-92,1028
5652,50,-48,1022
5653,32,-63,1007
5654,23,-73,1044
5655,44,-61,1023
5656,22,-72,1040
5657,62,-38,1005
5658,4,-76,1045
5659,47,-49,1020
5660,25,-71,1025
5661,27,-70,1037
5662,20,-76,1008
5663,29,-80,1014
5664,26,-58,993
5665,20,-80,1019
5666,44,-60,1020
5667,35,-59,1020
5668,20,-67,1040
5669,21,-74,1015
5670,29,-50,1013
5671,21,-65,1030
5672,8,-71,1037
5673,26,-55,1032
5674,13,-60,1018
5675,24,-80,1030
5676,40,-61,1011
5677,29,-60,1006
5678,30,-66,1010
5679,32,-63,1033
5680,21,-74,1007
5681,23,-56,1016
5682,20,-75,1009
5683,27,-72,1033
5684,39,-43,1010
5685,15,-83,1032
5686,44,-56,1013
5687,45,-56,1023
5688,11,-83,1044
5689,21,-64,1038
5690,18,-72,1053
5691,44,-62,1015
5692,11,-54,1049
5693,30,-72,1015
5694,25,-65,1031
5695,33,-45,1010
5696,20,-70,1024
5697,48,-56,1013
5698,29,-74,1012
5699,30,-59,1007
5700,28,-56,1013
5701,-10,-81,1014
5702,39,-56,1019
5703,17,-74,1013
5704,42,-56,1040
5705,46,-55,1036
5706,19,-68,1045
5707,43,-55,1001
5708,40,-67,1029
5709,22,-81,1028
5710,27,-81,1030
5711,31,-54,1014
5712,19,-83,1046
5713,13,-66,1023
5714,41,-72,999
5715,35,-51,1031
5716,19,-71,1034
5717,32,-56,1022
5718,28,-67,1033
5719,30,-72,1012
5720,20,-80,1033
5721,18,-70,1055
5722,29,-72,1029
5723,27,-87,1052
5724,45,-43,988
5725,18,-74,1045
5726,40,-68,1019
5727,29,-60,1037
5728,33,-66,1018
5729,9,-56,1006
5730,14,-75,1018
5731,36,-57,1003
5732,17,-82,1030
5733,43,-60,995
5734,29,-85,1032
5735,53,-54,1005
5736,30,-83,1039
5737,29,-53,1020
5738,28,-69,1026
5739,20,-64,1017
5740,21,-61,1015
5741,29,-52,1008
5742,22,-84,1003
5743,39,-63,1034
5744,40,-66,1010
5745,48,-52,1007
5746,26,-68,1012
5747,32,-66,1010
5748,42,-69,1002
5749,13,-87,1036
5750,25,-58,1036
5751,16,-72,1038
5752,48,-54,1014
5753,18,-78,1030
5754,36,-63,997
5755,45,-61,1031
5756,25,-69,1025
5757,54,-52,1005
5758,14,-66,1031
5759,31,-62,1016
5760,39,-57,1017
5761,11,-73,1033
5762,40,-57,1034
5763,40,-66,1026
5764,20,-57,1013
5765,29,-72,1038
5766,49,-54,991
5767,16,-84,1014
5768,21,-66,1017
5769,28,-80,1031
5770,26,-73,1019
5771,23,-67,1016
5772,25,-75,1016
5773,25,-72,1041
5774,44,-49,1024
5775,16,-73,1021
5776,50,-53,1008
5777,3,-66,1012
5778,22,-87,1015
5779,29,-73,1022
5780,39,-41,1023
5781,3,-72,1033
5782,29,-69,1039
5783,29,-57,1009
5784,47,-55,997
5785,14,-78,1010
5786,14,-65,1011
5787,19,-57,1020
5788,10,-65,1037
5789,26,-68,1018
5790,33,-73,1009
5791,6,-61,1017
5792,18,-68,1027
5793,31,-72,1023
5794,36,-60,996
5795,30,-81,1012
5796,41,-63,1011
5797,25,-73,1023
5798,2,-67,1050
5799,13,-73,1032
5800,17,-59,1023
5801,13,-62,1015
5802,27,-58,997
5803,32,-85,1004
5804,39,-56,990
5805,36,-78,1008
5806,37,-60,996
5807,34,-66,1027
5808,10,-60,1029
5809,12,-79,1026
5810,22,-72,1021
5811,20,-67,1040
5812,46,-77,1007
5813,38,-61,1023
5814,37,-54,993
5815,44,-60,1010
5816,39,-53,1000
5817,26,-76,1025
5818,15,-60,1007
5819,14,-64,1020
5820,24,-61,1010
5821,21,-78,1029
5822,53,-59,989
5823,40,-65,1003
5824,30,-66,991
5825,33,-80,1022
5826,32,-73,1017
5827,20,-80,1031
5828,47,-52,1013
5829,22,-60,1023
5830,43,-49,1006
5831,0,-73,1014
5832,26,-73,1027
5833,35,-57,1017
5834,17,-71,1026
5835,35,-69,1031
5836,13,-73,1036
5837,40,-63,1010
5838,16,-74,1033
5839,20,-58,1031
5840,33,-74,1013
5841,29,-74,1039
5842,30,-87,1018
5843,34,-47,1004
5844,48,-60,1013
5845,30,-72,1036
5846,24,-76,1007
5847,29,-73,1024
5848,13,-58,1013
5849,15,-69,1033
5850,34,-49,1027
5851,27,-79,1041
5852,42,-54,1016
5853,34,-60,997
5854,33,-72,1016
5855,35,-61,1013
5856,26,-77,1033
5857,-2,-62,1022
5858,9,-90,1036
5859,27,-61,1012
5860,7,-88,1037
5861,22,-50,1014
5862,32,-65,1015
5863,33,-61,1003
5864,29,-48,1021
5865,44,-58,1010
5866,20,-68,1013
5867,29,-83,1014
5868,15,-70,1031
5869,34,-74,1004
5870,14,-81,1040
5871,31,-59,1015
5872,30,-76,1011
5873,37,-64,1029
5874,47,-53,1008
5875,15,-81,1031
5876,15,-80,1042
5877,21,-60,1007
5878,10,-88,1029
5879,4,-78,1013
5880,26,-68,1046
5881,27,-60,1013
5882,37,-60,999
5883,42,-70,1022
5884,39,-56,1008
5885,38,-56,1012
5886,7,-79,1026
5887,20,-63,1011
5888,1,-63,1019
5889,27,-46,1016
5890,25,-64,1022
5891,41,-74,1032
5892,47,-50,992
5893,26,-77,1010
5894,24,-61,1012
5895,32,-68,1009
5896,17,-54,1043
5897,8,-82,1029
5898,26,-60,1042
5899,17,-70,1032
5900,45,-61,1011
5901,32,-73,1032
5902,32,-51,1023
5903,39,-60,1003
5904,20,-64,1047
5905,47,-44,1001
5906,20,-71,1047
5907,0,-65,1045
5908,43,-45,1034
5909,2,-86,1034
5910,38,-63,1030
5911,31,-52,1002
5912,70,-50,998
5913,12,-66,1020
5914,45,-52,1008
5915,12,-74,1036
5916,20,-81,1011
5917,26,-77,1005
5918,21,-61,1016
5919,4,-80,1018
5920,45,-68,1020
5921,38,-46,1006
5922,24,-75,1016
5923,29,-59,1038
5924,22,-73,1027
5925,20,-68,1034
5926,40,-51,1030
5927,7,-89,1026
5928,39,-59,1025
5929,24,-76,1011
5930,24,-60,996
5931,18,-60,1013
5932,31,-55,994
5933,30,-51,1007
5934,14,-67,1013
5935,9,-64,1037
5936,28,-64,1031
5937,15,-78,1034
5938,44,-59,1010
5939,28,-74,1033
5940,39,-71,1024
5941,38,-67,1027
5942,24,-73,989
5943,9,-56,1013
5944,31,-74,1017
5945,7,-73,1018
5946,9,-72,1046
5947,20,-66,1045
5948,40,-64,1029
5949,20,-69,1019
5950,24,-56,1001
5951,31,-56,979
5952,24,-54,997
5953,30,-67,1019
5954,28,-63,1018
5955,24,-70,1044
5956,11,-76,1043
5957,3,-64,1026
5958,29,-58,996
5959,20,-64,1027
5960,48,-50,1016
5961,34,-55,996
5962,12,-79,1057
5963,45,-67,1014
5964,15,-73,1028
5965,42,-74,1039
5966,33,-70,1037
5967,16,-71,1035
5968,28,-59,1018
5969,29,-62,1038
5970,22,-63,1035
5971,36,-44,991
5972,1,-81,1050
5973,46,-64,995
5974,24,-95,1036
5975,40,-58,999
5976,7,-68,1038
5977,51,-45,1009
5978,6,-82,1026
5979,41,-57,1009
5980,30,-78,1008
5981,33,-59,997
5982,16,-77,1017
5983,22,-67,1013
5984,17,-72,1016
5985,23,-72,1021
5986,27,-79,1032
5987,49,-41,1023
5988,26,-66,1009
5989,18,-64,1002
5990,24,-41,1006
5991,13,-70,1015
5992,23,-72,1024
5993,23,-76,1002
5994,37,-64,1042
5995,32,-81,1017
5996,54,-61,1025
5997,26,-82,1043
5998,47,-49,1017
5999,29,-63,1025
6000,11,-74,1004
6001,16,-50,1008
6002,8,-72,1023
6003,50,-62,1013
6004,21,-85,1023
6005,34,-61,1025
6006,28,-72,1024
6007,35,-63,1014
6008,18,-52,1032
6009,7,-82,1011
6010,7,-60,1017
6011,30,-56,1007
6012,11,-79,1034
6013,41,-52,1038
6014,39,-86,1022
6015,40,-54,1029
6016,33,-65,1036
6017,16,-73,1017
6018,20,-54,1032
6019,15,-67,1017
6020,9,-63,1021
6021,45,-62,1010
6022,30,-74,1027
6023,35,-79,1030
6024,49,-57,1028
6025,51,-53,1001
6026,19,-77,1010
6027,25,-44,1015
6028,19,-65,1013
6029,10,-60,1020
6030,13,-68,1035
6031,32,-63,1024
6032,36,-61,1029
6033,25,-71,1016
6034,40,-68,1023
6035,38,-60,1014
6036,18,-69,1039
6037,8,-77,1029
6038,13,-56,1016
6039,14,-85,1029
6040,15,-73,1015
6041,51,-52,1020
6042,18,-77,1023
6043,43,-72,1007
6044,47,-68,1024
6045,29,-69,1013
6046,5,-73,1005
6047,3,-68,1014
6048,19,-67,1008
6049,14,-66,1020
6050,30,-71,1013
6051,29,-68,1023
6052,39,-76,1028
6053,46,-61,1003
6054,21,-96,1040
6055,27,-67,1005
6056,5,-73,1018
6057,18,-68,1031
6058,28,-67,998
6059,28,-67,1036
6060,39,-58,1028
6061,53,-84,1007
6062,22,-83,1039
6063,49,-59,994
6064,18,-78,1024
6065,21,-56,1002
6066,9,-76,1027
6067,19,-49,1026
6068,6,-70,1027
6069,51,-48,1026
6070,35,-74,1022
6071,57,-64,1016
6072,28,-67,1006
6073,40,-64,1024
6074,3,-63,1007
6075,20,-58,1002
6076,10,-77,1029
6077,15,-60,1011
6078,31,-48,1027
6079,39,-66,1020
6080,55,-65,1035
6081,43,-57,995
6082,28,-68,1020
6083,14,-83,1034
6084,19,-66,996
6085,11,-70,1026
6086,17,-65,1030
6087,42,-57,1015
6088,40,-50,1018
6089,45,-76,1032
6090,54,-56,985
6091,37,-69,1002
6092,17,-79,1042
6093,38,-61,1021
6094,12,-67,1028
6095,8,-79,1043
6096,33,-39,999
6097,15,-64,1031
6098,33,-55,1018
6099,44,-58,1001
6100,52,-59,994
6101,25,-84,1008
6102,31,-65,1005
6103,8,-91,1036
6104,14,-52,1016
6105,28,-64,1028
6106,11,-56,1039
6107,47,-46,1017
6108,20,-60,1007
6109,29,-77,1024
6110,65,-66,979
6111,30,-81,1009
6112,0,-62,1023
6113,26,-73,1038
6114,13,-50,1020
6115,20,-65,1047
6116,22,-55,1033
6117,24,-82,1026
6118,25,-69,1002
6119,40,-69,1030
6120,22,-78,1016
6121,33,-73,1011
6122,11,-76,1025
6123,30,-52,1018
6124,34,-67,1032
6125,44,-61,1039
6126,30,-67,1032
6127,34,-77,1035
6128,32,-66,1007
6129,13,-85,1020
6130,19,-56,1024
6131,20,-77,1019
6132,22,-58,1048
6133,18,-55,1023
6134,20,-61,1038
6135,49,-55,1007
6136,20,-66,1014
6137,51,-58,1027
6138,40,-71,1007
6139,43,-80,1023
6140,24,-54,1044
6141,16,-54,1021
6142,10,-60,1061
6143,20,-48,1014
6144,47,-81,1011
6145,40,-43,986
6146,18,-83,1039
6147,28,-75,1014
6148,44,-72,1005
6149,19,-75,1019
6150,35,-62,1039
6151,19,-51,1013
6152,45,-44,1045
6153,33,-61,1038
6154,31,-46,1017
6155,30,-83,1035
6156,29,-83,1026
6157,44,-78,1027
6158,34,-68,1006
6159,9,-87,1058
6160,30,-32,1025
6161,0,-82,1036
6162,25,-51,1000
6163,34,-62,1032
6164,25,-90,1027
6165,44,-56,1007
6166,25,-82,1017
6167,7,-70,1017
6168,29,-48,994
6169,5,-63,1026
6170,17,-62,1030
6171,24,-65,1020
6172,28,-74,1040
6173,26,-56,1016
6174,21,-83,1048
6175,16,-64,1018
6176,18,-62,1005
6177,12,-75,1027
6178,26,-35,1010
6179,19,-64,1029
6180,38,-61,1017
6181,39,-64,1036
6182,28,-84,1036
6183,20,-72,1009
6184,20,-75,1017
6185,29,-79,1027
6186,15,-56,1004
6187,34,-66,1026
6188,18,-58,1015
6189,23,-75,1022
6190,3,-52,1033
6191,23,-70,1026
6192,35,-69,1026
6193,28,-93,1007
6194,36,-54,1034
6195,22,-67,1037
6196,20,-46,1016
6197,24,-61,1022
6198,35,-75,1022
6199,20,-69,1026
6200,18,-81,1021
6201,35,-81,1019
6202,16,-72,1030
6203,29,-63,1024
6204,26,-63,1003
6205,24,-56,1006
6206,16,-56,1036
6207,11,-77,1028
6208,37,-59,999
6209,41,-65,1020
6210,9,-101,995
6211,41,-60,998
6212,40,-61,1026
6213,28,-61,1029
6214,29,-58,1047
6215,39,-51,990
6216,7,-83,1022
6217,31,-55,1009
6218,14,-66,1023
6219,16,-58,1017
6220,26,-61,1016
6221,16,-75,1037
6222,31,-62,1013
6223,14,-78,1009
6224,39,-55,1000
6225,24,-60,1016
6226,35,-71,1033
6227,27,-57,1027
6228,24,-61,996
6229,22,-77,1027
6230,20,-59,1013
6231,18,-81,1036
6232,37,-46,1029
6233,30,-45,1024
6234,20,-70,1017
6235,29,-61,1016
6236,40,-52,1023
6237,15,-79,1022
6238,27,-59,1027
6239,33,-61,1029
6240,39,-51,1034
6241,34,-56,999
6242,21,-70,1034
6243,30,-68,1015
6244,35,-61,1007
6245,29,-68,1004
6246,20,-73,1017
6247,27,-56,1028
6248,30,-72,1027
6249,13,-56,1044
6250,25,-78,1028
6251,35,-62,1020
6252,11,-76,1025
6253,34,-58,1031
6254,30,-74,1004
6255,12,-87,1011
6256,28,-58,1030
6257,33,-56,1015
6258,26,-65,1021
6259,40,-62,1028
6260,29,-58,1007
6261,42,-51,1004
6262,0,-64,1013
6263,11,-69,1018
6264,2,-70,1004
6265,28,-68,1015
6266,42,-52,1018
6267,32,-73,1010
6268,21,-60,1013
6269,43,-53,1001
6270,34,-81,1005
6271,20,-68,1005
6272,29,-58,1000
6273,18,-81,1025
6274,40,-61,1011
6275,22,-77,1003
6276,44,-65,1010
6277,38,-63,1017
6278,22,-64,1039
6279,29,-74,1023
6280,19,-54,1023
6281,0,-79,1007
6282,30,-72,1031
6283,38,-59,1025
6284,36,-79,1040
6285,35,-52,1026
6286,49,-70,1011
6287,26,-54,1034
6288,29,-74,1032
6289,26,-82,1012
6290,6,-80,1041
6291,35,-59,1013
6292,15,-71,1016
6293,37,-65,1024
6294,38,-51,1036
6295,28,-48,1007
6296,20,-83,1043
6297,30,-60,1020
6298,23,-79,1037
6299,11,-71,1005
6300,16,-62,1018
6301,14,-68,1024
6302,30,-57,1003
6303,20,-77,1015
6304,46,-25,996
6305,28,-82,1027
6306,41,-55,1000
6307,18,-83,1024
6308,10,-71,994
6309,33,-65,1016
6310,22,-57,1023
6311,32,-68,1034
6312,48,-59,1024
6313,19,-59,1012
6314,35,-73,1022
6315,20,-63,1013
6316,6,-93,1022
6317,38,-44,1002
6318,21,-86,1032
6319,48,-41,1001
6320,0,-71,1024
6321,50,-43,1022
6322,25,-69,1023
6323,21,-62,1002
6324,38,-48,1033
6325,14,-96,1033
6326,25,-80,1016
6327,21,-85,1015
6328,15,-74,1018
6329,41,-51,1013
6330,33,-52,1027
6331,25,-61,1029
6332,38,-49,1041
6333,15,-69,1007
6334,41,-72,996
6335,19,-87,1029
6336,26,-71,1027
6337,35,-64,1002
6338,30,-87,1010
6339,30,-43,1016
6340,20,-71,1017
6341,36,-57,1022
6342,34,-69,1001
6343,11,-74,1015
6344,16,-84,1033
6345,41,-50,1017
6346,18,-70,1031
6347,30,-56,1019
6348,21,-56,1015
6349,42,-69,1036
6350,29,-61,1009
6351,13,-74,1021
6352,21,-75,1029
6353,11,-77,992
6354,15,-80,1039
6355,30,-74,1005
6356,20,-72,1023
6357,29,-56,1015
6358,42,-41,1009
6359,24,-87,1014
6360,20,-67,1023
6361,28,-61,1002
6362,18,-62,1010
6363,42,-71,1036
6364,45,-59,1025
6365,-1,-73,1026
6366,41,-53,1020
6367,14,-80,1027
6368,29,-46,1001
6369,11,-81,1033
6370,17,-68,1029
6371,24,-79,1007
6372,25,-72,1029
6373,32,-67,1017
6374,34,-65,1027
6375,24,-54,1041
6376,43,-67,1023
6377,10,-73,1030
6378,27,-58,1034
6379,22,-87,1026
6380,18,-84,1024
6381,11,-76,1040
6382,33,-56,1023
6383,37,-64,1017
6384,7,-69,1030
6385,33,-57,1027
6386,10,-69,1038
6387,31,-53,1009
6388,26,-73,1013
6389,16,-76,1006
6390,19,-67,1034
6391,30,-67,1007
6392,20,-72,1053
6393,53,-50,1007
6394,6,-81,1025
6395,53,-61,1015
6396,7,-72,1031
6397,37,-80,1018
6398,23,-51,1019
6399,11,-73,1025
6400,42,-72,1015
6401,9,-61,1022
6402,34,-63,997
6403,31,-79,1016
6404,28,-57,1037
6405,27,-74,1018
6406,33,-86,1040
6407,44,-87,1008
6408,34,-58,1003
6409,15,-83,1027
6410,44,-47,1011
6411,11,-68,1020
6412,28,-50,1023
6413,30,-67,1000
6414,29,-69,1011
6415,16,-74,1022
6416,37,-70,1017
6417,31,-62,1017
6418,21,-74,1031
6419,44,-48,1031
6420,26,-71,1005
6421,24,-63,1027
6422,28,-70,1015
6423,15,-59,1017
6424,29,-75,1022
6425,11,-74,1019
6426,37,-64,1003
6427,15,-90,1038
6428,12,-74,1029
6429,40,-41,1016
6430,9,-60,1055
6431,31,-66,1029
6432,16,-67,1031
6433,27,-60,1003
6434,23,-62,1023
6435,20,-74,1012
6436,21,-66,1012
6437,25,-47,1000
6438,7,-72,1023
6439,30,-59,1008
6440,28,-48,1048
6441,21,-87,1020
6442,40,-47,1023
6443,20,-99,1027
6444,44,-52,1010
6445,28,-71,1016
6446,12,-76,1017
6447,36,-62,1009
6448,23,-66,1024
6449,45,-46,1000
6450,12,-78,1031
6451,35,-56,1006
6452,10,-81,1046
6453,41,-50,987
6454,5,-81,1043
6455,43,-46,1006
6456,19,-72,1033
6457,40,-51,1020
6458,12,-67,1011
6459,52,-58,1007
6460,39,-64,1011
6461,22,-83,1016
6462,33,-63,1031
6463,23,-91,1006
6464,29,-65,1012
6465,15,-78,1010
6466,49,-49,1015
6467,24,-76,1040
6468,40,-39,1023
6469,13,-81,1036
6470,47,-54,1038
6471,29,-72,1031
6472,30,-62,1008
6473,33,-62,1043
6474,29,-65,1006
6475,34,-70,1023
6476,39,-38,1023
6477,9,-79,1043
6478,39,-84,1044
6479,33,-54,991
6480,16,-89,1025
6481,31,-51,1016
6482,3,-82,1022
6483,30,-52,1021
6484,30,-62,1032
6485,22,-76,1037
6486,37,-60,1026
6487,23,-64,1012
6488,22,-74,1012
6489,27,-58,1007
6490,7,-72,1011
6491,20,-59,1035
6492,25,-47,1037
6493,33,-61,1042
6494,25,-69,1010
6495,12,-68,1000
6496,24,-60,1001
6497,26,-66,1005
6498,26,-65,1010
6499,25,-80,1014
6500,29,-50,985
6501,31,-55,996
6502,26,-56,1035
6503,41,-55,1023
6504,23,-72,1044
6505,25,-72,1021
6506,36,-65,1024
6507,1,-70,1023
6508,36,-80,1048
6509,23,-73,1026
6510,27,-70,1024
6511,19,-61,1018
6512,40,-77,1011
6513,35,-74,990
6514,26,-69,1034
6515,35,-65,1006
6516,36,-66,1020
6517,27,-80,1019
6518,10,-70,1000
6519,30,-76,1029
6520,32,-56,1005
6521,1,-83,1005
6522,44,-54,999
6523,4,-78,1014
6524,37,-66,1006
6525,21,-64,1017
6526,32,-76,1024
6527,23,-41,1019
6528,36,-74,1034
6529,28,-37,1034
6530,25,-51,1018
6531,17,-81,1017
6532,19,-65,1023
6533,37,-60,1036
6534,24,-67,1031
6535,29,-69,1012
6536,19,-71,1015
6537,38,-52,1004
6538,17,-59,1006
6539,12,-59,1033
6540,23,-69,1032
6541,11,-87,1019
6542,36,-61,1016
6543,38,-55,1006
6544,19,-61,1036
6545,32,-68,1006
6546,15,-84,1040
6547,32,-34,1001
6548,0,-81,1057
6549,23,-46,1020
6550,19,-79,1031
6551,35,-55,1022
6552,20,-80,1018
6553,17,-62,1016
6554,31,-64,1009
6555,15,-70,1021
6556,30,-63,1029
6557,22,-61,1016
6558,14,-58,1031
6559,20,-72,1029
6560,36,-62,1000
6561,24,-80,996
6562,40,-64,996
6563,17,-72,1005
6564,17,-74,1005
6565,30,-60,1002
6566,31,-71,1020
6567,22,-83,1008
6568,51,-70,1009
6569,22,-75,1026
6570,41,-70,1014
6571,40,-58,1010
6572,9,-76,1038
6573,20,-61,1023
6574,16,-61,1040
6575,26,-57,1021
6576,14,-74,1054
6577,33,-63,1047
6578,15,-71,1034
6579,39,-62,1037
6580,26,-74,1043
6581,37,-67,1003
6582,18,-77,1025
6583,20,-84,1019
6584,15,-67,1025
6585,10,-81,1017
6586,33,-68,1013
6587,19,-52,1038
6588,20,-77,1013
6589,40,-65,1000
6590,29,-60,1012
6591,22,-64,1023
6592,26,-69,1030
6593,30,-62,1009
6594,18,-61,1034
6595,17,-61,1015
6596,21,-58,1013
6597,22,-66,1002
6598,34,-70,1018
6599,16,-70,1032
6600,29,-51,1022
6601,29,-80,1041
6602,36,-46,1016
6603,10,-89,1042
6604,19,-65,1033
6605,40,-64,1000
6606,31,-69,1018
6607,21,-64,995
6608,41,-61,991
6609,5,-87,1046
6610,32,-49,1012
6611,49,-56,1007
6612,23,-68,1019
6613,34,-58,1014
6614,22,-80,1020
6615,16,-77,1037
6616,39,-61,1016
6617,19,-66,1036
6618,23,-81,1010
6619,43,-58,1018
6620,19,-74,1032
6621,42,-59,1034
6622,38,-63,1016
6623,17,-80,1023
6624,12,-71,1016
6625,34,-61,1009
6626,29,-76,1040
6627,16,-51,1025
6628,16,-73,1040
6629,32,-43,1016
6630,31,-72,1024
6631,23,-57,1006
6632,34,-82,1022
6633,16,-88,1016
6634,35,-52,994
6635,19,-66,1033
6636,25,-86,1011
6637,26,-51,1019
6638,34,-77,996
6639,29,-69,1029
6640,15,-53,1025
6641,30,-93,1027
6642,20,-63,1010
6643,18,-79,1050
6644,27,-61,1034
6645,23,-66,1011
6646,24,-62,996
6647,14,-57,1034
6648,38,-57,1018
6649,21,-77,1039
6650,24,-78,1034
6651,21,-61,1047
6652,20,-60,1029
6653,53,-54,1020
6654,18,-65,1032
6655,25,-51,1011
6656,31,-51,1022
6657,37,-76,1015
6658,45,-57,996
6659,11,-81,1024
6660,29,-66,1017
6661,35,-53,1023
6662,17,-68,1020
6663,35,-65,1005
6664,27,-41,1013
6665,27,-72,1012
6666,38,-59,1012
6667,12,-65,1023
6668,30,-71,1008
6669,21,-60,1002
6670,26,-72,996
6671,25,-56,1003
6672,28,-66,1018
6673,44,-64,978
6674,22,-59,1005
6675,27,-56,1029
6676,25,-82,1035
6677,30,-71,1003
6678,30,-82,1013
6679,25,-48,1010
6680,13,-73,1033
6681,39,-44,1030
6682,20,-70,1044
6683,60,-61,1034
6684,27,-87,1037
6685,33,-56,1026
6686,5,-81,1010
6687,34,-55,1014
6688,23,-69,1008
6689,20,-48,1033
6690,46,-64,1018
6691,16,-57,1022
6692,46,-59,1021
6693,20,-89,1032
6694,24,-66,1019
6695,25,-61,1011
6696,8,-78,1008
6697,11,-56,1017
6698,12,-70,1016
6699,34,-63,1017
6700,25,-93,1019
6701,29,-56,1021
6702,26,-85,1026
6703,25,-68,1026
6704,17,-67,1034
6705,33,-70,1009
6706,12,-75,1038
6707,35,-61,1028
6708,38,-49,1007
6709,-2,-81,1031
6710,28,-63,1034
6711,29,-58,1028
6712,29,-72,1030
6713,41,-57,1018
6714,20,-69,1013
6715,13,-76,1030
6716,32,-59,1017
6717,18,-77,1037
6718,16,-65,1013
6719,54,-58,1015
6720,18,-87,1039
6721,29,-46,1021
6722,0,-81,1057
6723,38,-53,1032
6724,20,-77,1015
6725,52,-47,1015
6726,23,-67,1013
6727,20,-61,1039
6728,29,-56,1035
6729,24,-73,1022
6730,39,-55,1006
6731,2,-75,1007
6732,50,-44,1016
6733,20,-61,1033
6734,44,-57,1020
6735,11,-64,1016
6736,24,-60,1016
6737,25,-63,1016
6738,27,-72,1025
6739,35,-64,1024
6740,40,-59,1008
6741,26,-56,1032
6742,31,-58,1008
6743,21,-82,1029
6744,29,-46,999
6745,12,-68,1026
6746,30,-50,1022
6747,24,-83,1031
6748,20,-64,1009
6749,47,-72,1007
6750,31,-65,1017
6751,21,-68,1031
6752,11,-72,1017
6753,36,-57,1022
6754,7,-89,1044
6755,34,-60,1010
6756,11,-80,1031
6757,36,-69,993
6758,19,-69,1013
6759,17,-71,1051
6760,24,-57,1023
6761,47,-51,996
6762,9,-58,1004
6763,24,-66,1011
6764,16,-87,1045
6765,44,-57,1010
6766,35,-74,1003
6767,26,-66,1015
6768,25,-72,1026
6769,37,-47,1032
6770,31,-68,1033
6771,14,-71,1018
6772,47,-54,1044
6773,14,-76,1022
6774,43,-61,1017
6775,9,-71,1021
6776,31,-65,1019
6777,12,-51,1041
6778,30,-60,1013
6779,27,-61,1031
6780,26,-55,1017
6781,27,-80,1018
6782,16,-74,1016
6783,59,-65,1017
6784,12,-73,1029
6785,29,-61,1011
6786,21,-53,1020
6787,43,-54,1017
6788,9,-70,1028
6789,32,-53,1029
6790,28,-66,1021
6791,42,-60,1026
6792,14,-78,1027
6793,33,-59,1026
6794,24,-71,1025
6795,43,-74,1032
6796,36,-71,986
6797,30,-67,1036
6798,29,-61,1018
6799,12,-79,1026
6800,40,-56,997
6801,-1,-60,1023
6802,20,-61,1010
6803,30,-73,1010
6804,17,-64,1019
6805,24,-57,1009
6806,33,-65,1013
6807,22,-65,1020
6808,29,-65,1038
6809,38,-53,1028
6810,19,-63,1030
6811,32,-56,1026
6812,15,-65,1019
6813,25,-43,992
6814,27,-70,1018
6815,16,-62,1042
6816,23,-61,1040
6817,32,-64,1025
6818,29,-68,1027
6819,27,-74,1017
6820,20,-73,1025
6821,24,-61,1012
6822,33,-75,1025
6823,31,-69,1012
6824,18,-63,1040
6825,33,-75,994
6826,29,-68,1043
6827,18,-68,1009
6828,18,-73,1009
6829,15,-70,1000
6830,37,-55,1003
6831,21,-68,991
6832,40,-66,1008
6833,20,-74,1037
6834,38,-72,1001
6835,31,-53,1033
6836,-1,-80,1034
6837,47,-47,986
6838,2,-88,1042
6839,31,-61,995
6840,24,-74,1013
6841,3,-62,1023
6842,40,-64,1025
6843,18,-83,1029
6844,29,-47,1016
6845,33,-61,1014
6846,26,-73,1031
6847,11,-65,1017
6848,31,-67,1005
6849,33,-69,1031
6850,33,-64,1030
6851,14,-74,1030
6852,32,-59,1018
6853,13,-78,1015
6854,30,-67,1008
6855,22,-61,1016
6856,31,-61,1004
6857,19,-66,1013
6858,38,-75,1018
6859,10,-66,1036
6860,41,-68,1016
6861,9,-82,1033
6862,27,-66,1023
6863,23,-73,1035
6864,34,-69,1025
6865,20,-62,1012
6866,34,-73,1011
6867,28,-52,1029
6868,19,-74,999
6869,9,-57,1029
6870,30,-74,1004
6871,37,-57,1014
6872,24,-65,1013
6873,30,-68,1019
6874,16,-81,1010
6875,11,-48,1031
6876,21,-65,1009
6877,11,-57,1018
6878,38,-61,1023
6879,11,-79,1036
6880,33,-54,1002
6881,34,-76,1047
6882,48,-57,1013
6883,11,-81,1036
6884,34,-76,1011
6885,29,-49,1001
6886,-3,-82,1024
6887,38,-51,1018
6888,43,-70,1018
6889,18,-57,1009
6890,40,-90,1030
6891,35,-60,1030
6892,30,-56,1005
6893,22,-78,1043
6894,17,-68,1043
6895,29,-44,1020
6896,18,-68,1025
6897,23,-66,1018
6898,43,-49,978
6899,10,-91,1020
6900,32,-63,1013
6901,30,-61,1022
6902,22,-76,1039
6903,26,-65,1006
6904,30,-67,1020
6905,24,-77,1019
6906,12,-80,1037
6907,-4,-73,999
6908,39,-48,1013
6909,9,-78,1026
6910,28,-65,1007
6911,15,-71,1029
6912,29,-59,1027
6913,32,-54,1033
6914,34,-65,1039
6915,26,-69,1033
6916,27,-61,995
6917,24,-60,1009
6918,12,-68,1028
6919,29,-57,1017
6920,29,-54,1037
6921,21,-78,1013
6922,26,-64,1037
6923,19,-71,997
6924,24,-54,1013
6925,20,-78,1037
6926,39,-57,1042
6927,48,-64,1023
6928,40,-78,1034
6929,39,-70,1012
6930,30,-71,1014
6931,17,-74,1036
6932,33,-58,995
6933,25,-67,1015
6934,9,-74,1009
6935,29,-76,1016
6936,20,-92,1028
6937,39,-69,1034
6938,5,-72,1019
6939,27,-82,1030
6940,28,-50,1006
6941,5,-69,1011
6942,18,-57,1023
6943,11,-62,1012
6944,37,-56,1008
6945,24,-72,1025
6946,20,-56,1018
6947,26,-67,1017
6948,17,-60,1029
6949,45,-82,1022
6950,40,-58,1037
6951,27,-74,1006
6952,34,-66,1028
6953,35,-72,1034
6954,27,-63,1021
6955,37,-72,1036
6956,37,-59,1022
6957,22,-69,1018
6958,24,-76,1016
6959,32,-53,1011
6960,33,-72,1026
6961,1,-91,1027
6962,42,-42,1007
6963,21,-73,1023
6964,31,-71,1028
6965,33,-60,1007
6966,17,-81,1044
6967,25,-55,1035
6968,36,-67,1036
6969,20,-86,1030
6970,56,-62,1012
6971,17,-71,1031
6972,21,-64,1053
6973,11,-47,1025
6974,33,-53,1015
6975,2,-83,1012
6976,43,-63,996
6977,26,-74,1019
6978,37,-72,1016
6979,3,-93,1021
6980,53,-52,1030
6981,20,-81,1029
6982,36,-67,1035
6983,37,-41,1007
6984,16,-64,1027
6985,2,-64,1010
6986,29,-54,1007
6987,38,-66,1017
6988,20,-69,1023
6989,18,-64,1023
6990,32,-63,1034
6991,13,-86,1037
6992,33,-55,1040
6993,34,-59,1026
6994,34,-62,1026
6995,28,-68,1013
6996,19,-76,1038
6997,29,-70,1031
6998,40,-70,1014
6999,23,-61,1031
7000,47,-67,980
7001,31,-85,1017
7002,47,-63,1006
7003,13,-88,1034
7004,35,-57,1010
7005,13,-94,1016
7006,26,-45,996
7007,24,-78,1008
7008,38,-71,1005
7009,40,-80,1021
7010,35,-73,1022
7011,11,-81,1028
7012,36,-75,1012
7013,12,-80,995
7014,39,-65,1029
7015,40,-36,1010
7016,0,-72,1028
7017,46,-56,1026
7018,13,-62,1020
7019,20,-78,1027
7020,50,-45,1006
7021,14,-72,1045
7022,29,-64,1019
7023,24,-66,1028
7024,45,-64,1029
7025,-2,-71,1041
7026,30,-73,1019
7027,33,-60,1019
7028,40,-70,1027
7029,36,-66,1019
7030,22,-93,1017
7031,44,-55,1013
7032,10,-72,1022
7033,29,-68,1031
7034,27,-72,1018
7035,-1,-84,1012
7036,38,-63,1008
7037,29,-75,1027
7038,34,-81,1023
7039,35,-53,996
7040,22,-61,1001
7041,4,-103,1003
7042,42,-48,1021
7043,20,-72,1035
7044,20,-65,1036
7045,18,-88,1049
7046,36,-57,1010
7047,15,-74,1015
7048,44,-58,1027
7049,10,-67,996
7050,23,-78,1033
7051,20,-65,989
7052,13,-89,1048
7053,48,-51,998
7054,-4,-87,1026
7055,32,-56,1017
7056,22,-64,1027
7057,28,-73,1013
7058,26,-72,1013
7059,22,-68,1031
7060,30,-59,996
7061,17,-69,1007
7062,31,-67,1021
7063,28,-78,1031
7064,26,-66,1056
7065,13,-76,1025
7066,37,-70,1050
7067,30,-53,1002
7068,21,-73,1023
7069,42,-40,1012
7070,12,-72,1017
7071,38,-65,1029
7072,25,-57,1008
7073,23,-85,1011
7074,52,-53,1007
7075,2,-62,1045
7076,27,-66,1009
7077,10,-85,1040
7078,46,-56,1002
7079,20,-74,1014
7080,25,-62,1018
7081,3,-92,1029
7082,20,-55,1015
7083,17,-77,1030
7084,27,-57,1028
7085,39,-73,1015
7086,6,-64,1027
7087,35,-79,1038
7088,46,-51,1030
7089,15,-65,1037
7090,25,-71,1045
7091,28,-61,1028
7092,24,-81,1030
7093,34,-58,1025
7094,31,-52,993
7095,21,-88,1024
7096,17,-58,1034
7097,52,-61,1041
7098,18,-64,1014
7099,43,-67,1031
7100,11,-74,1025
7101,38,-58,1016
7102,45,-87,1012
7103,21,-65,1013
7104,26,-80,1036
7105,37,-62,1005
7106,27,-70,1011
7107,36,-61,1025
7108,39,-46,1014
7109,8,-91,1040
7110,39,-64,1031
7111,18,-86,1038
7112,40,-67,1018
7113,40,-74,1030
7114,28,-79,1040
7115,18,-64,998
7116,36,-82,1035
7117,20,-59,1021
7118,19,-64,1057
7119,47,-73,1018
7120,22,-78,1030
7121,24,-73,1023
7122,31,-49,1028
7123,31,-74,1030
7124,14,-70,1022
7125,43,-52,1017
7126,33,-57,1025
7127,23,-71,1012
7128,40,-67,1029
7129,23,-61,1027
7130,13,-74,1034
7131,37,-49,1007
7132,20,-80,1052
7133,16,-57,1026
7134,14,-80,1053
7135,30,-61,1000
7136,30,-73,1013
7137,40,-55,1001
7138,34,-58,1022
7139,21,-58,1016
7140,38,-72,1039
7141,23,-70,1007
7142,32,-77,1028
7143,23,-73,1023
7144,51,-64,1002
7145,14,-65,1040
7146,17,-67,1025
7147,21,-69,1048
7148,28,-46,1020
7149,21,-67,1005
7150,11,-90,1038
7151,20,-57,1002
7152,35,-67,1026
7153,0,-50,1017
7154,12,-74,1039
7155,40,-48,1005
7156,22,-75,1026
7157,32,-49,1024
7158,17,-85,1026
7159,37,-53,1023
7160,29,-69,1014
7161,25,-62,1018
7162,23,-78,1030
7163,36,-69,1002
7164,46,-61,1006
7165,25,-78,1027
7166,34,-60,1027
7167,26,-63,1027
7168,35,-77,1001
7169,4,-82,1028
7170,45,-42,991
7171,30,-78,1032
7172,31,-63,1011
7173,46,-64,1015
7174,21,-69,1029
7175,30,-70,1030
7176,18,-57,1026
7177,31,-72,1017
7178,10,-88,1021
7179,29,-67,1003
7180,18,-74,1018
7181,15,-78,1023
7182,15,-71,993
7183,22,-78,1015
7184,58,-43,1005
7185,25,-62,1011
7186,28,-80,1055
7187,9,-61,1030
7188,27,-64,1009
7189,43,-70,1013
7190,26,-72,989
7191,30,-80,1017
7192,35,-50,998
7193,30,-67,1006
7194,19,-67,1005
7195,30,-66,991
7196,12,-68,1016
7197,29,-74,1001
7198,12,-68,1017
7199,8,-70,1034
7200,41,-65,1011
7201,42,-62,1010
7202,20,-79,1022
7203,40,-37,1023
7204,19,-72,1028
7205,15,-72,1017
7206,28,-58,1010
7207,19,-92,1028
7208,35,-56,1028
7209,38,-62,1019
7210,28,-68,1012
7211,42,-56,1012
7212,22,-79,1020
7213,33,-56,1004
7214,28,-62,1026
7215,31,-66,1024
7216,32,-72,1027
7217,32,-75,1015
7218,33,-76,1019
7219,24,-61,1014
7220,19,-81,1036
7221,33,-48,1016
7222,18,-57,1023
7223,32,-66,1023
7224,43,-67,1009
7225,29,-61,1037
7226,22,-69,1009
7227,46,-54,1006
7228,23,-65,1036
7229,29,-66,1016
7230,30,-66,996
7231,20,-62,1023
7232,35,-63,1011
7233,13,-71,1020
7234,42,-72,1029
7235,29,-69,1017
7236,28,-76,1006
7237,30,-62,1026
7238,22,-65,1030
7239,37,-59,1020
7240,18,-77,1037
7241,30,-63,1008
7242,20,-74,1046
7243,26,-72,1031
7244,42,-50,1023
7245,12,-96,1029
7246,33,-62,1019
7247,15,-78,997
7248,41,-64,1037
7249,10,-82,1040
7250,37,-49,1017
7251,14,-78,1021
7252,22,-74,1003
7253,20,-72,1025
7254,15,-72,1011
7255,36,-49,1017
7256,20,-65,1036
7257,33,-64,1021
7258,15,-70,1041
7259,25,-75,1029
7260,42,-59,999
7261,30,-84,1019
7262,12,-66,1010
7263,34,-64,1043
7264,20,-53,1024
7265,6,-82,1014
7266,42,-56,1010
7267,32,-77,1027
7268,20,-75,1048
7269,24,-68,1032
7270,26,-60,1028
7271,20,-71,1031
7272,22,-53,1012
7273,31,-78,1014
7274,31,-69,1015
7275,22,-55,1027
7276,39,-58,998
7277,24,-79,1032
7278,20,-57,1012
7279,41,-59,1032
7280,18,-76,1012
7281,19,-68,1051
7282,37,-71,1017
7283,22,-56,1016
7284,29,-67,1025
7285,11,-80,1035
7286,39,-60,999
7287,19,-67,1028
7288,22,-67,1022
7289,43,-61,1030
7290,19,-74,1004
7291,26,-61,1005
7292,19,-42,1013
7293,0,-87,1023
7294,36,-56,1031
7295,28,-61,1018
7296,29,-69,1020
7297,20,-70,1024
7298,22,-75,1027
7299,48,-61,1026
7300,30,-51,1025
7301,29,-72,1032
7302,32,-61,1028
7303,27,-75,1014
7304,19,-64,1011
7305,25,-66,1028
7306,20,-64,1022
7307,26,-64,1021
7308,22,-69,1016
7309,18,-67,1026
7310,27,-53,993
7311,22,-85,1026
7312,35,-66,1012
7313,41,-54,1015
7314,16,-78,1024
7315,16,-51,1025
7316,25,-73,1030
7317,38,-46,1021
7318,26,-87,1028
7319,35,-56,1013
7320,16,-66,1030
7321,25,-52,1012
7322,10,-68,1025
7323,27,-58,1000
7324,35,-78,1032
7325,38,-51,1000
7326,15,-100,1018
7327,40,-61,1015
7328,30,-73,1010
7329,43,-69,1037
7330,22,-57,1010
7331,28,-69,1036
7332,20,-64,1019
7333,21,-82,1030
7334,37,-61,1025
7335,0,-81,1030
7336,16,-62,1012
7337,22,-55,1033
7338,23,-80,1035
7339,41,-56,1016
7340,16,-79,1020
7341,38,-56,993
7342,-2,-85,1023
7343,39,-52,1016
7344,18,-65,1021
7345,23,-67,1005
7346,20,-73,1033
7347,32,-53,1035
7348,26,-60,1019
7349,33,-80,1026
7350,25,-71,1023
7351,46,-63,1012
7352,15,-63,1018
7353,24,-56,1024
7354,3,-81,1013
7355,26,-66,1028
7356,25,-59,1022
7357,32,-68,1023
7358,30,-61,1019
7359,11,-88,1013
7360,52,-45,1001
7361,15,-87,1024
7362,22,-62,1023
7363,20,-69,1040
7364,35,-62,1044
7365,31,-64,1018
7366,37,-56,1002
7367,15,-50,1026
7368,22,-61,994
7369,43,-55,1011
7370,0,-82,1037
7371,40,-63,1028
7372,25,-64,1028
7373,14,-72,1027
7374,38,-66,1047
7375,21,-75,1019
7376,20,-59,1036
7377,28,-57,1030
7378,12,-56,1015
7379,28,-59,1013
7380,42,-49,1013
7381,13,-66,1013
7382,17,-56,1028
7383,49,-58,1000
7384,-11,-79,1048
7385,50,-52,1016
7386,14,-67,1026
7387,39,-71,1026
7388,36,-66,1040
7389,21,-70,1029
7390,41,-43,1019
7391,6,-95,1038
7392,27,-56,1013
7393,8,-68,1040
7394,44,-42,1028
7395,12,-65,1010
7396,11,-61,1033
7397,30,-53,1015
7398,10,-69,1024
7399,34,-49,1005
7400,12,-87,1047
7401,33,-55,1013
7402,39,-70,1008
7403,27,-65,1020
7404,46,-61,1015
7405,21,-72,1023
7406,14,-68,1017
7407,31,-72,1057
7408,29,-61,1028
7409,45,-41,1010
7410,27,-82,1032
7411,42,-55,1015
7412,29,-58,1010
7413,21,-70,1040
7414,36,-48,1021
7415,11,-81,1040
7416,22,-77,1027
7417,38,-56,1017
7418,20,-71,1026
7419,21,-56,1034
7420,22,-72,1034
7421,21,-47,1012
7422,16,-69,1016
7423,11,-85,1033
7424,26,-76,999
7425,41,-46,1016
7426,13,-72,1040
7427,37,-61,1023
7428,23,-76,1015
7429,35,-48,996
7430,4,-83,1031
7431,34,-62,1015
7432,22,-65,1007
7433,30,-66,1023
7434,27,-75,1006
7435,43,-65,1026
7436,31,-69,1019
7437,30,-58,1016
7438,20,-69,1039
7439,24,-52,1017
7440,23,-63,1004
7441,34,-85,1034
7442,38,-55,1007
7443,35,-60,1023
7444,32,-77,1019
7445,37,-56,1019
7446,24,-81,1028
7447,11,-78,1029
7448,29,-48,1028
7449,20,-80,1017
7450,55,-44,985
7451,20,-68,1024
7452,42,-74,1002
7453,30,-72,1020
7454,23,-79,1033
7455,34,-64,1014
7456,16,-68,1012
7457,36,-87,1040
7458,46,-47,1003
7459,10,-91,1009
7460,42,-51,1012
7461,9,-92,1045
7462,51,-56,1013
7463,12,-82,1015
7464,59,-36,1029
7465,9,-72,1021
7466,22,-51,1003
7467,39,-65,1002
7468,24,-72,1039
7469,40,-68,1019
7470,8,-67,1042
7471,42,-61,1017
7472,13,-48,1029
7473,29,-72,1011
7474,20,-68,1024
7475,22,-68,1021
7476,28,-68,1029
7477,18,-66,1033
7478,31,-52,1036
7479,21,-67,1013
7480,22,-62,1022
7481,32,-64,1002
7482,26,-63,1021
7483,24,-64,1011
7484,38,-72,1016
7485,28,-62,1018
7486,33,-71,1007
7487,18,-71,1011
7488,13,-59,1001
7489,28,-61,1015
7490,13,-73,1013
7491,15,-72,1038
7492,15,-69,1010
7493,40,-48,1014
7494,21,-68,1012
7495,39,-63,1030
7496,21,-62,1031
7497,39,-69,1022
7498,28,-62,1020
7499,26,-65,1022
7500,6,-74,1015
7501,43,-56,1002
7502,26,-53,1019
7503,25,-80,1025
7504,15,-67,1020
7505,29,-68,1003
7506,28,-66,1011
7507,31,-63,1015
7508,38,-68,1017
7509,10,-85,1033
7510,25,-65,1042
7511,42,-70,1016
7512,26,-65,1037
7513,25,-81,1032
7514,31,-53,1000
7515,20,-72,1014
7516,12,-71,1011
7517,31,-49,1000
7518,28,-66,1033
7519,26,-64,1014
7520,22,-57,1026
7521,15,-73,1025
7522,26,-69,1015
7523,34,-54,1022
7524,12,-82,1026
7525,36,-51,1014
7526,25,-60,1043
7527,31,-60,1010
7528,38,-57,1000
7529,35,-72,1039
7530,40,-70,1002
7531,29,-60,1013
7532,13,-77,1041
7533,29,-49,988
7534,30,-62,1003
7535,9,-77,1020
7536,34,-62,1022
7537,15,-88,1030
7538,26,-59,1007
7539,23,-56,1004
7540,15,-75,1004
7541,23,-74,1014
7542,7,-59,1024
7543,43,-60,1007
7544,17,-68,1037
7545,33,-66,1014
7546,26,-71,1005
7547,19,-64,1014
7548,38,-60,1007
7549,23,-62,1036
7550,20,-81,1021
7551,22,-60,1008
7552,31,-80,1010
7553,17,-36,1019
7554,37,-64,1025
7555,20,-67,1020
7556,31,-72,1016
7557,14,-58,1034
7558,31,-85,1024
7559,13,-59,1051
7560,56,-44,1014
7561,18,-92,1043
7562,50,-64,1010
7563,25,-67,1017
7564,35,-56,1029
7565,30,-85,1015
7566,22,-66,1039
7567,39,-69,1018
7568,22,-72,1033
7569,23,-63,1039
7570,51,-63,1004
7571,25,-62,1032
7572,24,-68,1029
7573,17,-67,1006
7574,22,-56,1011
7575,24,-59,1020
7576,15,-73,1042
7577,22,-65,1013
7578,23,-76,1025
7579,23,-77,1017
7580,29,-58,1034
7581,30,-46,1006
7582,35,-81,1027
7583,36,-42,1003
7584,3,-94,1032
7585,36,-64,1030
7586,41,-45,996
7587,0,-92,1020
7588,40,-51,987
7589,25,-97,1025
7590,38,-54,1017
7591,45,-70,1006
7592,2,-62,1029
7593,49,-56,1006
7594,34,-65,1027
7595,12,-52,1022
7596,22,-64,1042
7597,22,-78,1029
7598,22,-59,1013
7599,34,-59,1027
7600,31,-65,995
7601,33,-68,1006
7602,21,-77,1018
7603,21,-64,1006
7604,23,-82,1023
7605,46,-46,1020
7606,8,-83,1023
7607,37,-70,1029
7608,31,-61,1007
7609,23,-67,1045
7610,25,-75,1027
7611,47,-61,1021
7612,26,-51,1013
7613,42,-72,1015
7614,25,-73,1009
7615,24,-61,1017
7616,35,-72,999
7617,36,-54,1012
7618,11,-63,1023
7619,42,-57,992
7620,28,-61,1006
7621,28,-62,1012
7622,14,-64,1025
7623,0,-73,1018
7624,26,-72,1008
7625,21,-70,1016
7626,35,-56,1010
7627,37,-62,1015
7628,20,-62,1016
7629,19,-74,1018
7630,42,-61,993
7631,6,-72,1036
7632,42,-67,1009
7633,36,-75,1020
7634,19,-75,1019
7635,43,-59,1006
7636,23,-66,1033
7637,11,-56,1011
7638,29,-73,1021
7639,25,-47,1019
7640,35,-69,1011
7641,24,-66,1034
7642,36,-50,998
7643,29,-71,1022
7644,7,-63,1015
7645,27,-54,1016
7646,19,-65,1017
7647,18,-54,1022
7648,18,-72,1045
7649,42,-53,995
7650,6,-79,1028
7651,14,-65,998
7652,10,-69,1014
7653,40,-57,1034
7654,27,-77,1024
7655,21,-77,1036
7656,35,-62,1001
7657,18,-76,1042
7658,37,-53,1005
7659,33,-60,1013
7660,17,-78,1037
7661,25,-71,1023
7662,36,-52,1020
7663,28,-68,1024
7664,12,-49,1032
7665,19,-76,1003
7666,37,-64,1037
7667,36,-59,990
7668,10,-88,1029
7669,26,-62,1040
7670,26,-77,1016
7671,38,-57,1018
7672,21,-76,1008
7673,19,-58,1032
7674,23,-81,1018
7675,30,-58,1038
7676,38,-60,1044
7677,17,-80,1018
7678,25,-75,995
7679,42,-66,1007
7680,36,-67,1019
7681,30,-61,1024
7682,20,-64,1045
7683,30,-71,1011
7684,44,-45,1018
7685,0,-68,1026
7686,26,-63,1022
7687,43,-60,1023
7688,16,-69,1002
7689,38,-66,1031
7690,31,-62,1016
7691,41,-65,1047
7692,20,-61,1016
7693,36,-58,1010
7694,-4,-75,1045
7695,29,-63,1013
7696,26,-76,1014
7697,29,-67,1025
7698,37,-59,1021
7699,28,-81,1026
7700,33,-58,1028
7701,32,-61,1013
7702,34,-72,1016
7703,28,-63,1012
7704,18,-75,1001
7705,29,-61,1002
7706,19,-88,1031
7707,52,-45,1004
7708,11,-83,1034
7709,29,-71,1007
7710,25,-65,1043
7711,26,-76,1023
7712,40,-61,985
7713,-3,-72,1044
7714,30,-62,1000
7715,31,-58,1007
7716,11,-78,1016
7717,22,-72,1013
7718,50,-52,1023
7719,29,-85,1028
7720,31,-62,1011
7721,26,-50,1027
7722,35,-57,1028
7723,18,-66,1021
7724,26,-76,1013
7725,22,-74,996
7726,43,-68,1038
7727,21,-84,1017
7728,51,-57,1003
7729,40,-77,1016
7730,18,-67,1023
7731,44,-47,1006
7732,4,-67,1027
7733,20,-56,1013
7734,10,-61,1045
7735,27,-61,1007
7736,9,-86,1040
7737,33,-68,1034
7738,23,-63,1030
7739,0,-83,1038
7740,33,-56,1012
7741,2,-74,1040
7742,41,-64,1033
7743,37,-69,1046
7744,41,-71,1013
7745,11,-57,1018
7746,27,-61,1044
7747,20,-64,1032
7748,34,-58,1017
7749,20,-85,1011
7750,21,-57,1029
7751,30,-51,1017
7752,16,-75,1033
7753,39,-51,1001
7754,10,-71,1030
7755,10,-58,1015
7756,33,-60,1016
7757,4,-69,1033
7758,43,-81,996
7759,5,-76,1034
7760,38,-57,1019
7761,13,-79,1040
7762,29,-63,1023
7763,19,-65,1015
7764,39,-74,1022
7765,20,-82,1019
7766,40,-57,1034
7767,-5,-84,1033
7768,25,-61,1010
7769,21,-78,1019
7770,33,-62,1022
7771,15,-83,1013
7772,27,-57,1014
7773,24,-66,1026
7774,21,-68,1000
7775,41,-54,1026
7776,24,-75,1018
7777,14,-66,1021
7778,29,-61,1031
7779,19,-79,1034
7780,29,-45,1008
7781,30,-72,1013
7782,29,-61,1024
7783,28,-60,1011
7784,20,-67,1020
7785,20,-83,1041
7786,40,-61,1011
7787,33,-67,1006
7788,3,-66,1022
7789,40,-58,1022
7790,42,-71,996
7791,20,-75,1026
7792,20,-72,1044
7793,48,-55,1007
7794,16,-79,1007
7795,43,-49,1014
7796,24,-64,995
7797,19,-77,1014
7798,21,-79,1036
7799,32,-61,1016
7800,23,-83,1014
7801,31,-52,1019
7802,31,-77,1031
7803,12,-58,1026
7804,23,-71,976
7805,25,-61,1007
7806,20,-60,1005
7807,27,-76,1023
7808,32,-51,993
7809,28,-73,1025
7810,30,-59,1010
7811,25,-63,1044
7812,26,-57,1032
7813,29,-70,1005
7814,11,-81,1036
7815,60,-57,1027
7816,19,-55,1014
7817,19,-90,1021
7818,31,-59,1023
7819,20,-61,1034
7820,17,-93,1040
7821,29,-54,1029
7822,21,-66,1008
7823,31,-64,1021
7824,16,-75,1002
7825,32,-53,1040
7826,29,-65,1033
7827,37,-61,1010
7828,14,-70,1018
7829,27,-41,1028
7830,37,-58,1017
7831,23,-83,1010
7832,22,-72,1029
7833,20,-62,1014
7834,17,-81,1029
7835,23,-52,1008
7836,22,-78,1008
7837,20,-74,991
7838,31,-64,1004
7839,25,-60,1013
7840,35,-69,1015
7841,20,-64,1042
7842,15,-61,1016
7843,20,-82,1018
7844,40,-38,1024
7845,38,-76,1018
7846,14,-88,1030
7847,53,-45,996
7848,3,-66,1041
7849,29,-59,1009
7850,26,-52,981
7851,18,-64,1032
7852,26,-53,1024
7853,8,-59,1033
7854,49,-68,1029
7855,26,-57,1020
7856,21,-76,1036
7857,38,-52,1027
7858,20,-81,1017
7859,35,-55,1024
7860,30,-64,1019
7861,25,-91,1021
7862,34,-62,1001
7863,25,-74,1042
7864,42,-47,1027
7865,2,-79,1044
7866,20,-62,1016
7867,21,-63,1024
7868,25,-78,1032
7869,31,-46,1020
7870,25,-92,1039
7871,40,-60,1002
7872,39,-75,1033
7873,37,-50,996
7874,29,-72,999
7875,16,-67,1022
7876,42,-62,1023
7877,4,-80,1048
7878,33,-42,1017
7879,33,-69,1032
7880,28,-71,1029
7881,25,-61,1025
7882,39,-56,1032
7883,18,-79,1031
7884,28,-55,1007
7885,7,-72,1026
7886,26,-60,992
7887,27,-57,988
7888,26,-72,1023
7889,37,-56,1026
7890,23,-75,1026
7891,31,-67,1019
7892,25,-70,1037
7893,17,-76,1030
7894,29,-52,1007
7895,3,-78,1034
7896,38,-49,1011
7897,30,-56,1042
7898,36,-65,998
7899,35,-58,1023
7900,32,-54,1013
7901,21,-74,1035
7902,22,-81,1024
7903,57,-50,1034
7904,4,-74,1034
7905,52,-52,1021
7906,10,-77,1054
7907,58,-53,1016
7908,10,-72,1038
7909,34,-62,1032
7910,27,-60,1023
7911,38,-66,1025
7912,-3,-92,1028
7913,55,-54,1023
7914,7,-73,1022
7915,49,-46,1017
7916,11,-73,1028
7917,38,-51,992
7918,16,-65,1031
7919,34,-53,1003
7920,13,-82,1029
7921,29,-51,1024
7922,24,-80,1033
7923,44,-45,1016
7924,19,-73,1017
7925,21,-80,1037
7926,33,-66,1011
7927,25,-58,1025
7928,28,-77,1017
7929,49,-60,1008
7930,20,-69,1036
7931,15,-54,1001
7932,18,-60,1006
7933,20,-55,1042
7934,27,-70,992
7935,22,-73,1008
7936,19,-52,1004
7937,26,-62,1038
7938,20,-64,1024
7939,12,-70,1023
7940,19,-74,1025
7941,38,-70,1014
7942,10,-86,1051
7943,38,-61,1003
7944,28,-63,1021
7945,9,-81,1044
7946,33,-48,1014
7947,35,-62,1015
7948,25,-75,1015
7949,33,-59,997
7950,9,-79,1038
7951,0,-68,1016
7952,32,-49,1018
7953,-1,-95,1037
7954,22,-59,1016
7955,5,-71,1022
7956,29,-73,1026
7957,28,-42,1009
7958,20,-81,1008
7959,31,-56,1021
7960,14,-76,1011
7961,20,-75,1040
7962,40,-52,1029
7963,25,-64,1036
7964,17,-76,1027
7965,29,-61,1012
7966,29,-54,1009
7967,28,-72,1008
7968,11,-70,1016
7969,41,-53,1050
7970,26,-62,1031
7971,29,-58,1013
7972,27,-70,1011
7973,30,-71,988
7974,28,-66,1025
7975,22,-80,998
7976,42,-66,1011
7977,10,-72,1017
7978,36,-49,1019
7979,25,-90,1020
7980,32,-51,1016
7981,14,-78,1041
7982,46,-57,990
7983,16,-73,1058
7984,39,-60,1020
7985,23,-76,1041
7986,41,-56,1022
7987,9,-94,1037
7988,21,-58,1010
7989,40,-64,1011
7990,5,-78,1029
7991,35,-61,1012
7992,2,-69,1037
7993,29,-69,1002
7994,23,-67,1008
7995,9,-67,1044
7996,34,-79,1027
7997,39,-71,1037
7998,22,-70,1028
7999,30,-78,997
8000,26,-79,1023
8001,31,-40,998
8002,28,-96,1041
8003,23,-61,1021
8004,21,-74,1028
8005,25,-79,1009
8006,20,-64,1031
8007,32,-64,1014
8008,26,-64,1043
8009,17,-54,1038
8010,26,-79,1024
8011,33,-55,1010
8012,10,-78,1031
8013,20,-54,1007
8014,20,-62,1006
8015,12,-75,1039
8016,37,-65,1024
8017,24,-63,1038
8018,36,-67,1010
8019,0,-84,1038
8020,51,-46,995
8021,1,-72,1023
8022,23,-67,993
8023,21,-54,1011
8024,11,-80,1028
8025,48,-50,1009
8026,12,-80,1036
8027,41,-55,1008
8028,14,-79,1028
8029,29,-77,1023
8030,41,-48,1011
8031,18,-80,1027
8032,28,-57,1003
8033,18,-59,1014
8034,42,-55,1019
8035,10,-84,1029
8036,47,-48,1021
8037,33,-73,1024
8038,53,-46,1002
8039,9,-80,1042
8040,47,-53,999
8041,22,-66,1016
8042,27,-78,1039
8043,41,-60,1018
8044,8,-84,1069
8045,25,-61,994
8046,29,-64,1005
8047,35,-57,1002
8048,9,-72,1030
8049,26,-59,996
8050,14,-62,1016
8051,28,-65,1024
8052,26,-68,1043
8053,20,-66,1035
8054,30,-61,1021
8055,8,-76,1039
8056,29,-70,1029
8057,40,-68,1011
8058,22,-64,998
8059,23,-73,1034
8060,33,-37,1027
8061,31,-69,1002
8062,13,-73,1030
8063,15,-64,1030
8064,28,-66,1036
8065,20,-65,1037
8066,42,-65,1026
8067,5,-81,1038
8068,48,-45,1011
8069,1,-78,1040
8070,29,-49,1001
8071,40,-69,1024
8072,17,-87,1036
8073,32,-72,1005
8074,21,-89,1041
8075,29,-57,1026
8076,24,-72,1004
8077,22,-52,1013
8078,7,-77,1027
8079,25,-55,1012
8080,40,-53,1012
8081,18,-78,1018
8082,36,-54,1024
8083,5,-67,1019
8084,27,-61,1020
8085,32,-63,1010
8086,24,-65,1027
8087,20,-61,1023
8088,35,-69,1010
8089,8,-61,1024
8090,14,-84,1014
8091,47,-63,1002
8092,25,-70,1028
8093,48,-43,1002
8094,23,-72,1039
8095,20,-52,1020
8096,31,-66,1020
8097,32,-56,1009
8098,22,-56,1007
8099,16,-52,1036
8100,44,-72,1003
8101,18,-65,1036
8102,23,-54,1017
8103,24,-81,1019
8104,24,-54,1014
8105,35,-57,1007
8106,21,-61,1024
8107,20,-72,1016
8108,22,-53,1030
8109,19,-49,1015
8110,28,-64,1008
8111,18,-60,1013
8112,23,-55,1028
8113,34,-68,1014
8114,35,-54,1019
8115,15,-86,1033
8116,36,-47,1007
8117,14,-79,1013
8118,15,-72,1030
8119,42,-61,1022
8120,20,-88,1023
8121,38,-52,1009
8122,23,-63,1021
8123,38,-56,1019
8124,20,-81,1016
8125,29,-66,1036
8126,20,-56,1028
8127,15,-73,1017
8128,23,-53,1015
8129,24,-59,1018
8130,27,-63,1040
8131,25,-64,1024
8132,17,-69,1033
8133,18,-81,1012
8134,28,-49,1005
8135,30,-72,1020
8136,24,-67,1032
8137,35,-70,1009
8138,12,-73,1042
8139,35,-61,1012
8140,40,-56,1011
8141,15,-91,1034
8142,29,-67,1027
8143,20,-63,1023
8144,13,-66,1022
8145,4,-84,1035
8146,18,-51,1030
8147,25,-81,1036
8148,21,-72,1020
8149,19,-57,1025
8150,11,-78,1032
8151,11,-63,1041
8152,27,-57,1015
8153,20,-54,1027
8154,42,-66,1048
8155,9,-80,1014
8156,19,-72,1016
8157,18,-87,1034
8158,26,-46,1010
8159,17,-80,1021
8160,20,-68,1018
8161,33,-73,1032
8162,18,-83,1026
8163,39,-57,1014
8164,30,-57,1013
8165,19,-88,1036
8166,26,-57,1025
8167,18,-67,1030
8168,6,-78,1041
8169,11,-80,1031
8170,17,-77,1036
8171,17,-52,1007
8172,5,-85,1032
8173,35,-57,1023
8174,35,-57,1000
8175,12,-64,1042
8176,20,-65,996
8177,33,-55,1014
8178,6,-81,1040
8179,27,-61,1008
8180,31,-68,1033
8181,21,-73,1009
8182,33,-67,1022
8183,9,-51,1014
8184,29,-63,1010
8185,11,-69,1009
8186,34,-61,1006
8187,35,-65,1016
8188,13,-64,1021
8189,35,-49,1025
8190,20,-65,1010
8191,16,-64,1006
