,X-axis,Y-Axis,Z-Axis
0,41,-28,1203
1,46,-7,1199
2,19,-17,1079
3,25,-14,1079
4,9,-15,1051
5,24,-31,1066
6,33,-19,1049
7,15,-16,1056
8,38,-24,1048
9,41,-27,1037
10,31,-36,1042
11,31,-31,1037
12,37,-31,1040
13,24,-10,1022
14,13,-34,1031
15,32,-25,1014
16,30,-14,1037
17,30,-34,1026
18,44,-6,1044
19,36,-12,1039
20,17,-23,1048
21,54,-22,1021
22,24,-28,1031
23,39,-24,1014
24,40,-16,1029
25,52,-32,1033
26,44,-48,1033
27,43,-25,1010
28,50,-28,985
29,16,-36,1015
30,55,0,1014
31,40,-33,1026
32,53,-43,1024
33,40,-30,1013
34,48,-25,1004
35,27,-40,1016
36,32,-18,993
37,44,-37,1014
38,40,-26,1002
39,44,-28,994
40,45,-36,981
41,35,-28,1030
42,54,-14,1006
43,41,-32,1011
44,45,-32,1023
45,57,-26,1021
46,38,-33,1005
47,48,-25,1024
48,25,-34,1030
49,52,-14,1008
50,33,-17,1051
51,45,-27,1020
52,48,-20,1033
53,49,-25,1021
54,35,-34,1052
55,35,-30,1070
56,26,-33,1044
57,49,-47,1038
58,47,-39,1045
59,38,-34,1061
60,51,-6,1037
61,20,-41,1077
62,53,-24,1059
63,38,-27,1073
64,42,-42,1091
65,38,-26,1075
66,45,-17,1052
67,30,-40,1113
68,37,-10,1100
69,46,-38,1093
70,35,-26,1103
71,40,-18,1090
72,23,-20,1109
73,5,-25,1113
74,36,-14,1098
75,20,-34,1116
76,32,-21,1129
77,31,-27,1130
78,12,-38,1135
79,19,-34,1160
80,44,-35,1129
81,32,-36,1139
82,38,-8,1148
83,41,-40,1147
84,37,-10,1156
85,64,-38,1157
86,25,-18,1165
87,23,-21,1163
88,31,-28,1156
89,40,-36,1154
90,36,-10,1122
91,15,-33,1148
92,17,-41,1139
93,37,-20,1137
94,16,-45,1133
95,28,-35,1144
96,44,-28,1134
97,30,-14,1124
98,12,-37,1154
99,29,-9,1149
100,37,-21,1143
101,28,-23,1140
102,36,-33,1135
103,25,-23,1133
104,39,-9,1139
105,12,-25,1127
106,31,-16,1113
107,31,-38,1120
108,29,0,1099
109,44,-27,1096
110,20,-45,1124
111,40,-21,1112
112,36,-28,1094
113,20,-25,1105
114,40,-31,1093
115,46,-12,1082
116,34,-21,1098
117,13,-33,1077
118,39,-13,1072
119,20,-17,1075
120,48,-13,1038
121,18,-34,1030
122,47,-27,1048
123,26,-23,1013
124,3,-23,1027
125,36,-5,1015
126,27,-32,1009
127,46,-27,1034
128,34,-28,1015
129,51,-41,1007
130,39,-6,993
131,32,-36,1014
132,34,-16,1022
133,25,-14,1025
134,32,0,992
135,25,-57,1017
136,55,0,987
137,19,-30,1038
138,58,-1,977
139,29,-18,1002
140,30,-18,1001
141,49,1,974
142,38,-29,983
143,52,-24,979
144,53,-31,1002
145,32,-17,995
146,32,-8,987
147,26,-40,984
148,51,-10,999
149,27,-21,990
150,29,-29,992
151,47,-5,1014
152,19,-21,1005
153,49,-3,998
154,43,-31,1032
155,40,-6,1006
156,36,-28,1032
157,54,3,1002
158,32,-31,1040
159,53,-15,1039
160,30,-16,1073
161,37,-22,1056
162,24,-11,1064
163,33,-24,1077
164,42,-4,1070
165,40,-20,1085
166,38,-20,1070
167,31,-28,1100
168,32,-12,1085
169,30,-9,1114
170,25,-10,1073
171,21,-36,1111
172,59,-21,1104
173,54,-7,1103
174,20,-15,1122
175,32,-25,1129
176,41,0,1111
177,21,-38,1147
178,43,-12,1135
179,36,-27,1134
180,25,3,1129
181,18,-11,1155
182,38,8,1157
183,21,-22,1162
184,35,-12,1170
185,5,-17,1176
186,43,-5,1168
187,30,-17,1176
188,20,-14,1165
189,10,-12,1173
190,13,-12,1170
191,20,-16,1173
192,35,-15,1173
193,17,-10,1166
194,23,-9,1153
195,3,-33,1191
196,37,-17,1161
197,22,-27,1164
198,34,-23,1166
199,20,-22,1153
200,17,-39,1167
201,23,-8,1148
202,1,-20,1136
203,22,-19,1130
204,36,-10,1104
205,30,-15,1118
206,11,-24,1100
207,2,-12,1108
208,1,-2,1116
209,13,-14,1089
210,23,-21,1108
211,30,-8,1084
212,-10,-26,1111
213,29,-17,1090
214,11,-12,1086
215,29,-26,1073
216,14,-23,1067
217,18,-14,1057
218,9,-47,1065
219,23,-10,1043
220,15,-46,1043
221,19,-25,1048
222,6,-38,1051
223,9,-16,1018
224,2,-31,1023
225,14,-28,1009
226,23,-33,1024
227,42,-10,1019
228,11,-42,988
229,5,-25,1017
230,20,-33,1008
231,21,-24,982
232,47,-28,985
233,17,-45,1003
234,27,-31,981
235,40,-23,975
236,20,-37,976
237,19,-33,992
238,19,-28,976
239,50,-22,953
240,8,-34,977
241,14,-45,933
242,32,-28,939
243,16,-51,964
244,32,-33,951
245,34,-38,931
246,25,-46,950
247,38,-41,935
248,37,-50,939
249,42,-43,941
250,40,-51,936
251,23,-44,930
252,47,-47,934
253,28,-59,946
254,50,-39,924
255,25,-36,953
256,22,-37,948
257,38,-19,941
258,26,-40,964
259,39,-38,975
260,23,-20,981
261,26,-35,980
262,48,-20,979
263,40,-37,995
264,33,-42,993
265,59,-24,989
266,21,-39,1010
267,25,-25,1011
268,41,-32,1014
269,48,-24,998
270,26,-54,1029
271,35,-22,1019
272,37,-32,1022
273,25,-22,1065
274,35,-38,1046
275,37,-31,1067
276,59,-32,1074
277,53,-26,1043
278,47,-28,1097
279,44,-33,1095
280,53,-23,1082
281,46,-36,1112
282,40,-14,1093
283,40,-32,1127
284,50,-9,1131
285,32,-39,1147
286,45,-12,1142
287,30,-36,1180
288,41,-6,1148
289,35,-19,1188
290,38,-16,1159
291,46,-13,1171
292,47,-7,1170
293,-4,-43,1183
294,61,-18,1150
295,25,-17,1183
296,38,-24,1206
297,47,-25,1186
298,20,-33,1183
299,39,-24,1198
300,31,-23,1196
301,43,-29,1185
302,35,-29,1193
303,34,-24,1197
304,41,-21,1185
305,21,-24,1204
306,41,-38,1196
307,35,-12,1186
308,27,-22,1160
309,31,-18,1198
310,23,-12,1172
311,22,-24,1177
312,20,-12,1175
313,35,-6,1159
314,26,-18,1179
315,40,-14,1155
316,30,-25,1166
317,31,-25,1160
318,18,-23,1145
319,24,-7,1160
320,41,-17,1143
321,26,-20,1137
322,41,-20,1142
323,28,-10,1103
324,31,-20,1125
325,25,-11,1111
326,17,-5,1098
327,18,-28,1084
328,24,-10,1083
329,29,-15,1101
330,7,-37,1108
331,19,2,1085
332,28,-27,1081
333,33,-22,1079
334,22,-17,1062
335,37,-14,1062
336,15,-30,1063
337,37,-7,1052
338,23,-12,1039
339,26,-28,1028
340,51,-8,1031
341,13,-46,1054
342,30,-8,1025
343,26,-14,1031
344,19,-17,1024
345,19,-3,1021
346,34,-12,1045
347,41,-15,1035
348,21,-21,1002
349,38,-6,1002
350,26,-26,1013
351,38,-32,1003
352,40,-22,998
353,32,-30,1000
354,38,-25,978
355,28,-24,1002
356,44,-16,974
357,32,-39,985
358,50,-28,976
359,28,-24,997
360,38,-23,963
361,42,-38,983
362,25,-23,966
363,41,-14,984
364,25,-13,982
365,36,-31,975
366,34,-14,982
367,45,-33,990
368,26,-27,996
369,57,-14,985
370,25,-16,999
371,62,-16,974
372,22,-21,996
373,47,-7,994
374,35,-18,1016
375,49,-26,1009
376,40,-38,1018
377,27,-14,1002
378,43,-23,1022
379,49,-12,1015
380,18,-37,1030
381,41,-6,1013
382,20,-34,1042
383,54,-23,1029
384,40,-31,1054
385,56,-28,1053
386,52,-20,1060
387,36,-23,1074
388,60,-12,1061
389,32,-18,1078
390,41,-20,1065
391,51,-11,1074
392,29,-22,1109
393,47,-10,1073
394,25,-17,1098
395,56,-4,1091
396,20,-24,1114
397,40,-1,1089
398,45,-19,1096
399,34,-6,1110
400,49,-6,1131
401,36,-17,1115
402,34,-28,1150
403,38,-18,1146
404,7,-26,1169
405,44,-9,1158
406,30,-30,1166
407,31,-25,1157
408,35,-41,1186
409,27,-6,1149
410,34,-37,1170
411,43,-13,1176
412,16,-31,1167
413,52,-15,1183
414,25,-6,1195
415,29,-17,1175
416,38,1,1162
417,19,-41,1179
418,48,-12,1182
419,39,-8,1165
420,27,-12,1164
421,26,-17,1171
422,29,-27,1175
423,28,-15,1151
424,23,-23,1182
425,23,-20,1174
426,31,-17,1165
427,22,-34,1156
428,30,3,1159
429,12,-26,1150
430,38,-16,1135
431,23,-19,1096
432,20,-29,1116
433,25,-38,1116
434,28,-14,1079
435,0,-36,1106
436,17,-33,1081
437,24,-31,1070
438,25,-30,1058
439,25,-33,1084
440,33,-27,1059
441,2,-47,1048
442,22,-33,1016
443,21,-42,1041
444,28,-20,1000
445,15,-41,1000
446,28,-42,998
447,22,-32,1005
448,29,-17,963
449,24,-47,989
450,30,-20,953
451,15,-40,966
452,40,-30,974
453,23,-30,955
454,3,-57,973
455,20,-25,955
456,22,-54,961
457,43,-40,939
458,43,-28,944
459,29,-47,930
460,32,-34,933
461,19,-29,939
462,18,-41,925
463,28,-47,948
464,35,-40,929
465,27,-47,932
466,42,-46,947
467,16,-40,970
468,31,-35,965
469,13,-29,951
470,25,-50,982
471,39,-31,936
472,5,-40,975
473,40,-15,951
474,23,-32,975
475,4,-53,960
476,53,-15,961
477,19,-38,994
478,32,-35,971
479,45,-17,975
480,21,-48,1010
481,34,-40,986
482,49,-24,980
483,28,-45,996
484,18,-43,1002
485,37,-15,996
486,9,-41,1034
487,43,-24,1002
488,32,-34,1015
489,35,-38,1023
490,35,-40,1009
491,29,-47,1043
492,43,-43,1021
493,31,-47,1047
494,27,-36,1061
495,63,-12,1081
496,21,-45,1085
497,55,-25,1057
498,34,-27,1063
499,26,-46,1111
500,32,-18,1087
501,38,-25,1102
502,16,-43,1146
503,42,-37,1125
504,41,-36,1134
505,18,-29,1138
506,48,-24,1144
507,37,-8,1148
508,36,-30,1174
509,40,-16,1163
510,38,-20,1188
511,49,-14,1184
512,23,-39,1224
513,37,4,1203
514,13,-13,1222
515,31,3,1224
516,25,-19,1230
517,46,-10,1222
518,20,-28,1228
519,26,6,1225
520,29,-8,1239
521,24,6,1240
522,40,5,1218
523,13,1,1239
524,42,4,1235
525,18,-6,1223
526,29,-13,1226
527,31,-10,1212
528,19,-2,1223
529,36,-6,1177
530,34,-4,1164
531,23,-13,1180
532,25,-15,1169
533,35,-13,1136
534,31,-18,1178
535,34,-14,1137
536,29,-5,1148
537,27,4,1111
538,0,-23,1128
539,38,-3,1101
540,34,-19,1094
541,31,-4,1067
542,30,-27,1078
543,49,-11,1077
544,36,-34,1060
545,57,-16,1051
546,43,-25,1063
547,42,-11,1039
548,41,-19,1035
549,52,-24,1004
550,31,-22,1030
551,46,-10,1005
552,26,-34,1039
553,47,-24,1019
554,40,-25,1023
555,47,-18,986
556,38,-29,1015
557,40,-17,1002
558,38,-32,1015
559,29,-12,1000
560,28,-28,1007
561,50,-6,985
562,24,-21,992
563,39,-11,1000
564,19,-26,988
565,11,-7,998
566,41,7,991
567,21,-21,1001
568,38,7,959
569,18,-8,992
570,34,-17,969
571,14,-23,984
572,18,-4,972
573,32,-9,977
574,32,3,973
575,32,-5,958
576,45,4,972
577,26,-10,977
578,19,-36,968
579,44,-2,940
580,24,-17,953
581,18,-22,972
582,41,-4,948
583,24,-28,991
584,34,-16,955
585,38,-33,985
586,52,-7,958
587,16,-28,991
588,38,-22,998
589,41,-19,1002
590,23,-35,1001
591,39,-12,985
592,11,-34,1013
593,12,-45,1037
594,50,-18,999
595,21,-35,1017
596,35,-40,1052
597,50,-42,1054
598,35,-33,1050
599,43,-27,1061
600,32,-50,1089
601,41,-28,1107
602,40,-37,1136
603,27,-27,1122
604,41,-2,1109
605,20,-34,1136
606,21,-18,1145
607,28,-23,1156
608,40,-13,1170
609,29,0,1161
610,33,0,1170
611,14,-35,1201
612,32,-16,1181
613,32,-9,1196
614,22,2,1217
615,18,-14,1207
616,29,-7,1191
617,15,-25,1195
618,6,-1,1204
619,19,0,1192
620,9,-11,1179
621,22,-4,1195
622,13,-13,1175
623,36,-8,1185
624,16,-17,1169
625,31,-17,1178
626,27,-8,1170
627,22,-39,1164
628,29,-11,1162
629,24,-43,1155
630,33,-8,1138
631,27,-31,1158
632,43,-7,1125
633,31,-34,1128
634,34,-39,1139
635,57,-18,1112
636,42,-35,1107
637,31,-36,1106
638,36,-41,1106
639,50,-41,1070
640,32,-39,1102
641,56,-39,1076
642,25,-51,1085
643,51,-33,1056
644,66,-31,1044
645,27,-46,1047
646,49,-38,1019
647,37,-36,1022
648,31,-50,1044
649,48,-31,990
650,43,-33,1031
651,36,-40,1022
652,50,-28,1019
653,22,-43,1036
654,53,-7,1015
655,45,-27,1023
656,35,-39,1016
657,39,-15,1015
658,28,-20,978
659,18,-28,995
660,22,-16,972
661,32,-26,982
662,19,-33,976
663,43,-34,978
664,43,-12,964
665,35,-30,944
666,41,-16,950
667,26,-28,957
668,32,-33,947
669,33,-15,936
670,21,-52,971
671,46,-6,935
672,45,-35,934
673,30,-28,943
674,52,-37,935
675,32,-27,942
676,34,-10,943
677,43,-36,939
678,45,-32,950
679,34,-31,947
680,41,-11,943
681,27,-59,970
682,39,-20,981
683,22,-41,991
684,38,-34,976
685,17,-43,983
686,56,-24,970
687,26,-62,997
688,42,-34,994
689,23,-47,1003
690,51,-28,987
691,20,-49,1046
692,53,-26,1005
693,7,-58,1036
694,47,-18,1045
695,19,-41,1031
696,17,-22,1062
697,19,-29,1049
698,46,-6,1045
699,7,-25,1091
700,43,-20,1087
701,15,-30,1082
702,20,-23,1090
703,33,-16,1081
704,14,-27,1099
705,41,-20,1104
706,20,-35,1135
707,37,-17,1112
708,33,-16,1125
709,27,-5,1140
710,17,-19,1138
711,29,-12,1151
712,27,-20,1157
713,20,-28,1160
714,13,-20,1176
715,26,-19,1167
716,6,-24,1164
717,32,-13,1161
718,21,-2,1161
719,26,-14,1165
720,40,-12,1169
721,10,-5,1175
722,45,-22,1155
723,22,-8,1176
724,31,-8,1182
725,24,-3,1189
726,20,-22,1162
727,26,-9,1184
728,32,-6,1157
729,19,-20,1177
730,51,-1,1163
731,17,-20,1201
732,26,-2,1178
733,19,-14,1174
734,20,2,1162
735,29,-24,1173
736,23,-8,1178
737,28,-32,1147
738,22,0,1158
739,17,-18,1149
740,36,6,1158
741,25,-28,1146
742,46,2,1135
743,18,-11,1148
744,32,-29,1136
745,16,-16,1124
746,22,-3,1110
747,22,-21,1099
748,9,-18,1109
749,35,-4,1091
750,14,-14,1088
751,25,-8,1086
752,32,-14,1077
753,13,-8,1049
754,21,-18,1050
755,42,-13,1057
756,29,-6,1057
757,33,-18,1054
758,58,-5,1053
759,40,-31,1051
760,43,-12,1033
761,29,-3,1032
762,38,-3,1027
763,38,-17,1033
764,39,0,1031
765,33,-12,1015
766,38,-2,1033
767,30,-17,1035
768,47,-7,1020
769,57,11,1030
770,26,-13,1014
771,48,2,1017
772,42,-15,1002
773,15,-14,1030
774,43,-13,1023
775,39,7,1017
776,7,-20,1020
777,33,-18,999
778,31,-11,1016
779,43,-1,1003
780,27,-17,1017
781,40,-9,1024
782,43,-6,1029
783,26,-6,1007
784,29,-9,1030
785,17,-34,1021
786,55,1,991
787,18,-14,1034
788,40,-3,982
789,21,-24,1033
790,40,-9,1008
791,36,-22,1035
792,48,-35,1026
793,39,-12,1027
794,26,-20,1028
795,54,-28,1036
796,26,-28,1017
797,47,-37,1051
798,39,-16,1050
799,28,-40,1083
800,41,-30,1058
801,34,-34,1082
802,43,-7,1066
803,22,-28,1088
804,34,-20,1091
805,43,-20,1089
806,20,-26,1084
807,36,-26,1110
808,36,-33,1115
809,31,-15,1096
810,29,-29,1118
811,45,-6,1120
812,30,-24,1125
813,29,-24,1073
814,10,-21,1112
815,36,-3,1098
816,20,-21,1124
817,33,-22,1090
818,28,-21,1109
819,14,-27,1128
820,22,-30,1121
821,29,-14,1130
822,17,-31,1097
823,7,-36,1115
824,17,-15,1104
825,37,-27,1111
826,10,-10,1118
827,47,-34,1111
828,17,-29,1116
829,41,-32,1124
830,34,-29,1117
831,20,-23,1113
832,33,-14,1120
833,19,-34,1111
834,43,-27,1082
835,9,-42,1115
836,44,-14,1066
837,15,-34,1091
838,18,-34,1088
839,36,-12,1076
840,20,-32,1096
841,48,-21,1064
842,37,-45,1076
843,36,-28,1070
844,31,-42,1097
845,32,-35,1088
846,58,-41,1063
847,34,-30,1074
848,45,-32,1069
849,16,-36,1083
850,42,-18,1044
851,40,-31,1060
852,39,-23,1048
853,28,-38,1063
854,32,-34,1031
855,17,-28,1039
856,50,-32,1033
857,36,-27,1053
858,36,-36,1039
859,25,-39,1035
860,43,-34,1031
861,25,-41,1016
862,50,-37,993
863,13,-35,1005
864,43,-37,991
865,29,-33,999
866,34,-39,994
867,21,-44,1027
868,40,-30,1008
869,34,-25,1015
870,29,-40,984
871,27,-33,1012
872,30,-49,1017
873,58,-21,1013
874,37,-35,997
875,41,-30,1015
876,45,-21,1009
877,38,-30,996
878,32,-47,1033
879,40,-22,1013
880,20,-36,1011
881,30,-38,1032
882,42,-24,1012
883,38,-55,1050
884,41,-30,1029
885,47,-30,1062
886,19,-31,1056
887,46,-24,1073
888,25,-47,1050
889,32,-1,1060
890,14,-45,1074
891,36,-22,1085
892,22,-30,1082
893,22,-33,1056
894,37,-21,1080
895,34,-36,1075
896,23,-13,1063
897,39,-19,1075
898,38,-14,1065
899,24,-33,1076
900,40,0,1064
901,20,-28,1072
902,40,-26,1080
903,23,-27,1084
904,25,-36,1080
905,43,-17,1053
906,25,-23,1077
907,27,-36,1097
908,43,-23,1092
909,34,-37,1088
910,46,-28,1099
911,29,-25,1094
912,39,-35,1092
913,49,-17,1087
914,16,-40,1122
915,29,-28,1107
916,36,-14,1121
917,34,-34,1118
918,34,-17,1114
919,45,-20,1097
920,35,-5,1099
921,17,-12,1130
922,12,-26,1115
923,43,-18,1107
924,35,-36,1128
925,38,-12,1107
926,33,-10,1099
927,45,-26,1103
928,32,-21,1092
929,24,-34,1086
930,38,-7,1084
931,18,-30,1095
932,33,-18,1065
933,31,-20,1098
934,16,-13,1090
935,44,-16,1082
936,22,-12,1093
937,32,-5,1090
938,46,-7,1078
939,20,-28,1065
940,35,-13,1086
941,31,-11,1056
942,25,-34,1077
943,17,-20,1084
944,35,-1,1092
945,21,1,1087
946,32,-20,1073
947,36,4,1069
948,33,-34,1080
949,39,-11,1064
950,17,-23,1063
951,19,-7,1051
952,38,-40,1057
953,38,-13,1037
954,25,-27,1061
955,43,-7,1053
956,30,-13,1068
957,44,-7,1051
958,16,-23,1066
959,50,-1,1035
960,15,-23,1058
961,32,-30,1046
962,29,-7,1043
963,37,-8,1033
964,19,-15,1062
965,18,-23,1082
966,54,12,1038
967,7,-5,1021
968,42,-20,1041
969,38,-23,1031
970,45,-2,1039
971,19,-39,1064
972,38,-14,1048
973,33,-17,1049
974,22,-30,1080
975,43,-14,1051
976,21,-32,1066
977,38,-18,1057
978,33,-23,1086
979,36,-32,1069
980,14,-16,1058
981,25,-20,1079
982,16,-31,1079
983,50,0,1096
984,38,-22,1096
985,21,-21,1081
986,25,-11,1074
987,35,-19,1098
988,29,-15,1072
989,38,-9,1101
990,15,-16,1106
991,45,0,1091
992,25,-6,1113
993,15,-16,1117
994,43,-4,1105
995,6,-17,1111
996,31,-20,1100
997,19,-28,1119
998,32,-10,1090
999,34,2,1080
1000,7,-31,1122
1001,25,-10,1096
1002,31,0,1084
1003,25,-3,1084
1004,31,-28,1119
1005,28,3,1087
1006,15,-34,1096
1007,27,-18,1087
1008,20,-18,1111
1009,34,-11,1085
1010,36,-34,1094
1011,20,-20,1094
1012,22,-35,1085
1013,35,-34,1113
1014,30,-34,1096
1015,31,-27,1109
1016,24,-33,1099
1017,43,-20,1099
1018,21,-31,1094
1019,28,-23,1081
1020,13,-29,1111
1021,38,-23,1088
1022,13,-45,1124
1023,26,-20,1096
1024,39,-38,1120
1025,28,-11,1076
1026,35,-31,1081
1027,23,-28,1087
1028,26,-20,1076
1029,25,-28,1078
1030,40,-32,1083
1031,32,-14,1072
1032,23,-12,1086
1033,25,-34,1074
1034,23,-39,1085
1035,32,-34,1069
1036,29,-24,1085
1037,28,-35,1087
1038,56,-20,1048
1039,32,-40,1062
1040,38,-28,1041
1041,37,-31,1052
1042,24,-28,1052
1043,48,-35,1031
1044,36,-43,1053
1045,40,-32,1028
1046,30,-51,1027
1047,29,-33,1039
1048,35,-34,1040
1049,42,-37,1035
1050,36,-28,1025
1051,39,-43,1031
1052,35,-29,1048
1053,43,-23,1040
1054,27,-39,1045
1055,31,-36,1022
1056,37,-32,1016
1057,18,-44,1022
1058,22,-31,1004
1059,33,-30,1023
1060,47,-42,1003
1061,33,-39,1009
1062,21,-44,1016
1063,40,-37,1009
1064,17,-47,1012
1065,32,-41,982
1066,28,-50,1008
1067,54,-50,988
1068,28,-33,1008
1069,48,-30,1005
1070,37,-33,1002
1071,28,-52,1011
1072,50,-35,994
1073,34,-43,988
1074,36,-44,1015
1075,34,-30,1013
1076,31,-48,1022
1077,36,-30,992
1078,32,-49,1020
1079,46,-25,1008
1080,32,-40,1015
1081,38,-36,1042
1082,43,-22,1034
1083,38,-17,1037
1084,26,-21,1042
1085,33,-32,1042
1086,25,-30,1048
1087,43,-28,1060
1088,37,-34,1060
1089,40,-37,1046
1090,34,-24,1081
1091,42,-40,1058
1092,32,-33,1062
1093,29,-27,1065
1094,40,-17,1077
1095,37,-27,1077
1096,21,-40,1085
1097,33,-33,1065
1098,21,-18,1068
1099,17,-26,1100
1100,32,-25,1091
1101,46,-26,1064
1102,33,-36,1091
1103,12,-53,1090
1104,40,-22,1082
1105,40,-24,1099
1106,32,-24,1092
1107,25,-27,1105
1108,29,-18,1111
1109,25,-45,1091
1110,33,-10,1089
1111,18,-40,1113
1112,31,-26,1084
1113,37,-39,1134
1114,25,-13,1108
1115,47,-39,1127
1116,17,-28,1126
1117,13,-28,1117
1118,25,-17,1111
1119,13,-40,1130
1120,50,-4,1109
1121,30,-32,1127
1122,43,-5,1118
1123,25,-33,1137
1124,29,-13,1128
1125,24,-27,1110
1126,33,-7,1109
1127,15,-17,1124
1128,41,-18,1110
1129,22,-19,1101
1130,41,-8,1096
1131,32,-17,1094
1132,32,-20,1103
1133,25,-29,1096
1134,21,-20,1085
1135,36,-12,1105
1136,14,-23,1094
1137,41,-13,1086
1138,25,-5,1090
1139,22,-17,1092
1140,43,3,1071
1141,30,-27,1088
1142,40,4,1056
1143,28,-13,1091
1144,52,-13,1084
1145,34,-8,1085
1146,12,-13,1078
1147,58,-8,1075
1148,8,-15,1080
1149,49,-14,1055
1150,17,-18,1066
1151,45,3,1055
1152,24,-28,1076
1153,40,-25,1077
1154,6,-27,1061
1155,34,9,1059
1156,20,-30,1054
1157,45,0,1049
1158,7,-24,1049
1159,41,-10,1038
1160,30,-28,1066
1161,42,-17,1021
1162,44,-11,1041
1163,37,-12,1028
1164,37,-29,1054
1165,43,-3,1021
1166,32,-53,1052
1167,56,-13,1028
1168,39,-13,1047
1169,38,-20,1057
1170,44,-7,1039
1171,31,-8,1065
1172,38,-9,1067
1173,20,-15,1046
1174,26,-25,1050
1175,28,-2,1064
1176,46,-17,1065
1177,24,-9,1057
1178,40,-21,1071
1179,38,-3,1090
1180,42,-2,1078
1181,24,-20,1063
1182,26,-8,1081
1183,30,-14,1078
1184,39,-2,1066
1185,20,-36,1073
1186,40,6,1033
1187,16,-20,1052
1188,28,-8,1080
1189,30,-17,1059
1190,31,-28,1072
1191,36,-12,1057
1192,42,-21,1051
1193,29,-39,1075
1194,38,-14,1068
1195,37,-18,1057
1196,17,-28,1071
1197,39,-18,1070
1198,39,-33,1064
1199,33,-17,1080
1200,15,-12,1098
1201,62,-4,1080
1202,18,-28,1096
1203,38,-7,1101
1204,38,-33,1109
1205,31,-18,1094
1206,29,-23,1101
1207,43,-19,1106
1208,40,-19,1117
1209,27,-25,1131
1210,35,-4,1104
1211,31,-30,1119
1212,17,-8,1113
1213,42,-16,1110
1214,26,-4,1096
1215,3,-7,1101
1216,28,-17,1107
1217,18,-16,1113
1218,32,-13,1134
1219,26,-29,1092
1220,39,-16,1086
1221,34,-35,1111
1222,31,-38,1092
1223,43,-17,1082
1224,27,1,1091
1225,29,-23,1081
1226,17,-27,1098
1227,29,-19,1109
1228,47,-25,1092
1229,26,-23,1088
1230,19,-35,1079
1231,40,-23,1101
1232,28,-36,1109
1233,23,-14,1088
1234,37,-21,1098
1235,6,-35,1136
1236,52,-12,1099
1237,13,-54,1112
1238,50,-20,1081
1239,13,-50,1098
1240,33,-24,1109
1241,38,-42,1095
1242,26,-4,1086
1243,18,-35,1107
1244,31,-22,1074
1245,14,-23,1067
1246,13,-28,1047
1247,23,-29,1046
1248,23,-26,1056
1249,32,-35,1034
1250,36,-33,1045
1251,20,-52,1043
1252,41,-28,1029
1253,24,-51,1029
1254,28,-29,1034
1255,41,-41,1031
1256,19,-49,1031
1257,30,-42,1043
1258,29,-33,1020
1259,30,-33,1009
1260,31,-45,1026
1261,33,-29,1033
1262,18,-34,1035
1263,41,-39,1025
1264,28,-33,1027
1265,48,-14,1040
1266,39,-25,1033
1267,32,-41,1038
1268,36,-7,1017
1269,25,-41,1044
1270,49,-25,1022
1271,39,-21,1020
1272,43,-27,1033
1273,22,-20,1027
1274,29,-43,1034
1275,38,-23,1016
1276,13,-44,1031
1277,37,-32,1011
1278,29,-35,1009
1279,43,-37,990
1280,31,-49,978
1281,42,-34,999
1282,28,-43,996
1283,41,-33,997
1284,36,-40,1000
1285,54,-34,992
1286,33,-36,1012
1287,34,-41,1007
1288,39,-31,1017
1289,52,-27,1014
1290,20,-34,1026
1291,39,-32,1017
1292,26,-40,1029
1293,29,-42,1051
1294,37,-20,1058
1295,19,-25,1057
1296,32,-36,1061
1297,18,-32,1080
1298,32,-32,1080
1299,51,-1,1071
1300,30,-32,1072
1301,38,-14,1066
1302,20,-34,1086
1303,39,-24,1057
1304,30,-26,1071
1305,38,-25,1061
1306,27,-30,1063
1307,30,-28,1063
1308,38,-15,1069
1309,32,-46,1062
1310,29,-8,1064
1311,28,-23,1066
1312,43,-34,1072
1313,25,-18,1059
1314,27,-23,1080
1315,40,-16,1086
1316,42,-17,1061
1317,6,-33,1099
1318,34,-19,1098
1319,30,-20,1114
1320,8,-20,1117
1321,42,-6,1125
1322,31,-17,1113
1323,25,-29,1146
1324,24,-6,1138
1325,29,-16,1145
1326,20,-13,1137
1327,25,-12,1121
1328,42,2,1131
1329,16,-4,1124
1330,38,-15,1115
1331,31,-26,1124
1332,43,-10,1118
1333,22,-10,1111
1334,40,-15,1093
1335,25,-22,1080
1336,26,-20,1072
1337,47,-1,1080
1338,8,-19,1098
1339,30,-7,1054
1340,41,-28,1072
1341,41,-38,1057
1342,40,-22,1056
1343,35,-44,1076
1344,46,-11,1076
1345,14,-20,1082
1346,24,-14,1098
1347,46,-9,1075
1348,22,-12,1088
1349,46,-22,1102
1350,29,-15,1099
1351,50,-18,1093
1352,35,-17,1100
1353,14,3,1090
1354,34,0,1074
1355,11,-16,1091
1356,25,-10,1102
1357,31,-14,1100
1358,40,0,1088
1359,12,-20,1078
1360,41,3,1059
1361,4,-6,1086
1362,42,-25,1039
1363,33,-9,1048
1364,19,-13,1030
1365,25,-12,1037
1366,28,-12,1046
1367,21,-10,1041
1368,39,-6,1032
1369,13,-16,1050
1370,49,-8,1034
1371,30,-19,1033
1372,20,-11,1014
1373,36,-3,1032
1374,17,-19,1048
1375,43,-8,1064
1376,17,-21,1059
1377,13,-6,1037
1378,21,-21,1068
1379,34,-3,1044
1380,33,0,1074
1381,33,-20,1069
1382,25,-21,1081
1383,40,0,1088
1384,32,-8,1063
1385,27,-8,1047
1386,20,-8,1079
1387,36,-8,1052
1388,29,-26,1068
1389,30,-30,1061
1390,50,5,1049
1391,25,-15,1063
1392,18,-21,1069
1393,38,-23,1069
1394,23,-9,1057
1395,43,-13,1049
1396,29,-23,1071
1397,42,-23,1040
1398,27,-36,1053
1399,31,-15,1054
1400,20,-23,1085
1401,19,-25,1107
1402,45,-5,1104
1403,21,-36,1099
1404,27,-14,1108
1405,29,-20,1099
1406,50,-1,1125
1407,40,-10,1092
1408,26,-14,1109
1409,58,-6,1107
1410,28,-29,1096
1411,32,-14,1099
1412,22,-26,1114
1413,34,-4,1091
1414,35,-29,1124
1415,46,-6,1096
1416,18,-31,1109
1417,54,-4,1098
1418,21,-32,1103
1419,23,-13,1093
1420,38,-27,1097
1421,25,-14,1103
1422,34,-23,1088
1423,29,-25,1083
1424,33,-41,1095
1425,36,-17,1055
1426,35,-32,1085
1427,29,-21,1058
1428,36,-28,1082
1429,27,-26,1062
1430,13,-15,1089
1431,24,-22,1079
1432,25,-34,1086
1433,26,-10,1090
1434,35,-36,1089
1435,7,-28,1112
1436,38,-28,1098
1437,31,-40,1112
1438,45,-22,1087
1439,49,-23,1107
1440,27,-24,1116
1441,37,-17,1095
1442,24,-36,1099
1443,43,-29,1079
1444,42,-34,1108
1445,38,-21,1076
1446,27,-34,1093
1447,28,-17,1045
1448,24,-40,1058
1449,38,-24,1037
1450,27,-33,1054
1451,34,-42,1037
1452,43,-41,1027
1453,27,-35,1035
1454,31,-28,1043
1455,23,-30,1044
1456,43,-44,1053
1457,23,-25,1073
1458,19,-40,1041
1459,29,-20,1048
1460,17,-42,1052
1461,26,-21,1036
1462,12,-47,1044
1463,47,-17,1046
1464,17,-37,1072
1465,35,-25,1053
1466,32,-32,1072
1467,42,-28,1062
1468,22,-32,1062
1469,40,-30,1057
1470,19,-37,1041
1471,44,-44,1044
1472,18,-54,1055
1473,35,-28,1035
1474,17,-49,1045
1475,30,-29,1010
1476,33,-48,1021
1477,38,-27,1013
1478,25,-39,1027
1479,17,-45,1029
1480,44,-34,1003
1481,13,-24,1006
1482,47,-21,1021
1483,25,-49,1027
1484,45,-22,1011
1485,24,-37,1020
1486,13,-35,1068
1487,37,-33,1030
1488,13,-30,1025
1489,50,-16,1053
1490,31,-20,1058
1491,31,-32,1055
1492,26,-27,1052
1493,25,-31,1054
1494,26,-39,1060
1495,41,-31,1040
1496,35,-33,1056
1497,37,-44,1016
1498,27,-27,1030
1499,45,-27,1027
1500,20,-41,1003
1501,41,-41,1037
1502,25,-37,1039
1503,45,-22,1015
1504,35,-45,1040
1505,38,-12,1045
1506,33,-38,1033
1507,37,-27,1052
1508,13,-23,1048
1509,22,-20,1063
1510,37,-31,1053
1511,35,-14,1060
1512,43,-16,1053
1513,19,-28,1062
1514,17,-10,1061
1515,38,-31,1057
1516,25,-26,1077
1517,40,-18,1065
1518,35,-25,1073
1519,21,-24,1078
1520,15,-20,1073
1521,35,-23,1056
1522,25,-13,1061
1523,19,-22,1076
1524,40,2,1063
1525,31,-35,1098
1526,50,-17,1070
1527,47,-14,1070
1528,17,-36,1090
1529,37,-16,1049
1530,42,-13,1057
1531,12,-28,1081
1532,36,-20,1070
1533,34,1,1080
1534,25,-28,1106
1535,35,-13,1069
1536,21,-34,1082
1537,16,-21,1098
1538,31,-5,1071
1539,20,-33,1089
1540,15,-24,1101
1541,38,-4,1101
1542,25,-37,1124
1543,41,-6,1092
1544,36,-23,1097
1545,23,-18,1110
1546,54,-8,1098
1547,25,-6,1104
1548,48,7,1112
1549,18,0,1106
1550,27,-3,1123
1551,34,-4,1099
1552,22,-2,1100
1553,42,-6,1093
1554,31,-1,1116
1555,39,-16,1116
1556,49,-5,1087
1557,22,-25,1096
1558,28,-9,1117
1559,53,4,1093
1560,13,-19,1108
1561,35,1,1102
1562,23,-18,1116
1563,41,7,1087
1564,12,-20,1123
1565,46,7,1110
1566,19,-27,1120
1567,32,-14,1118
1568,21,-17,1108
1569,30,-18,1132
1570,43,-17,1091
1571,43,3,1101
1572,23,-19,1103
1573,50,17,1096
1574,11,-28,1095
1575,32,-1,1070
1576,10,-15,1098
1577,51,-10,1074
1578,35,-19,1074
1579,38,-16,1071
1580,28,-23,1083
1581,27,-13,1073
1582,27,-9,1062
1583,28,-17,1082
1584,13,-18,1079
1585,31,-7,1077
1586,25,-8,1088
1587,28,-6,1090
1588,56,-11,1053
1589,13,-28,1077
1590,39,-6,1070
1591,30,-17,1067
1592,20,-26,1087
1593,16,-14,1069
1594,37,-22,1061
1595,34,-20,1070
1596,37,-16,1078
1597,29,-6,1068
1598,38,-32,1074
1599,46,-2,1060
1600,43,-17,1055
1601,15,-22,1058
1602,53,-10,1049
1603,38,-14,1058
1604,42,-17,1058
1605,33,-5,1045
1606,8,-28,1019
1607,32,-30,1051
1608,28,-22,1037
1609,35,-28,1054
1610,32,-22,1047
1611,21,-37,1048
1612,35,-18,1037
1613,22,-37,1044
1614,43,-15,1051
1615,38,-28,1025
1616,24,-31,1075
1617,34,-20,1031
1618,44,-20,1052
1619,27,-30,1043
1620,40,-36,1054
1621,23,-27,1035
1622,50,-12,1048
1623,37,-44,1051
1624,31,-25,1050
1625,35,-25,1042
1626,35,-26,1042
1627,32,-26,1038
1628,40,-22,1043
1629,31,-17,1056
1630,26,-39,1057
1631,36,-30,1042
1632,52,-9,1051
1633,11,-47,1076
1634,27,-17,1051
1635,22,-30,1062
1636,38,-26,1045
1637,26,-31,1069
1638,36,-40,1039
1639,32,-33,1045
1640,43,-27,1047
1641,31,-38,1083
1642,37,-16,1070
1643,45,-27,1079
1644,24,-39,1091
1645,57,-30,1059
1646,27,-28,1085
1647,34,-33,1072
1648,46,-39,1103
1649,30,-18,1091
1650,38,-38,1084
1651,43,-28,1096
1652,35,-26,1094
1653,24,-23,1106
1654,25,-19,1077
1655,36,-24,1092
1656,21,-23,1073
1657,31,-36,1091
1658,25,-33,1095
1659,29,-39,1090
1660,32,-28,1104
1661,49,-28,1079
1662,31,-36,1077
1663,39,-24,1097
1664,38,-36,1101
1665,18,-30,1085
1666,47,-29,1094
1667,35,-24,1097
1668,43,-23,1073
1669,24,-35,1077
1670,28,-40,1106
1671,45,-19,1073
1672,19,-34,1112
1673,30,-26,1089
1674,44,-16,1107
1675,25,-31,1120
1676,31,-35,1113
1677,31,-23,1084
1678,20,-34,1114
1679,26,-23,1102
1680,44,-35,1101
1681,28,-19,1072
1682,24,-31,1100
1683,27,-40,1083
1684,28,-18,1075
1685,14,-34,1079
1686,29,-39,1077
1687,20,-33,1065
1688,53,-32,1072
1689,32,-44,1068
1690,43,-28,1053
1691,35,-29,1067
1692,49,-17,1050
1693,26,-46,1045
1694,52,-26,1065
1695,13,-41,1048
1696,41,-29,1049
1697,13,-33,1038
1698,33,-27,1054
1699,44,-12,1053
1700,26,-45,1054
1701,33,-25,1038
1702,22,-40,1051
1703,33,-39,1014
1704,25,-28,1048
1705,20,-34,1048
1706,23,-29,1043
1707,25,-23,1035
1708,41,-22,1037
1709,29,-23,1033
1710,43,-25,1036
1711,27,-32,999
1712,42,-42,1015
1713,37,-39,1026
1714,38,-10,1009
1715,47,-33,1010
1716,25,-25,1018
1717,30,-25,996
1718,37,-28,1014
1719,21,-34,1003
1720,32,-17,1035
1721,36,-19,1023
1722,29,-31,1048
1723,30,-34,1022
1724,24,-12,1022
1725,43,-20,1016
1726,12,-37,1045
1727,38,-28,1018
1728,38,-15,1019
1729,20,-21,1013
1730,56,-19,1022
1731,28,-34,1040
1732,36,-20,992
1733,32,-12,1022
1734,27,-22,997
1735,44,-16,1012
1736,57,-1,1018
1737,8,-41,1042
1738,61,-17,1061
1739,40,-17,1045
1740,51,-28,1043
1741,25,-27,1065
1742,47,-11,1026
1743,4,-31,1052
1744,16,-12,1057
1745,29,-10,1064
1746,31,-6,1052
1747,40,-27,1083
1748,31,-8,1058
1749,21,-20,1077
1750,31,-6,1071
1751,25,-28,1079
1752,39,-4,1078
1753,38,-20,1077
1754,35,-15,1081
1755,32,-22,1071
1756,28,-3,1088
1757,29,-17,1090
1758,38,-9,1061
1759,32,-26,1083
1760,46,0,1092
1761,49,-18,1095
1762,50,4,1095
1763,38,-7,1108
1764,28,0,1104
1765,34,-12,1108
1766,15,-12,1105
1767,29,-3,1093
1768,28,-17,1135
1769,23,5,1114
1770,15,-8,1134
1771,26,-18,1120
1772,48,14,1103
1773,10,-35,1130
1774,24,-19,1112
1775,27,-14,1163
1776,48,-2,1114
1777,27,-20,1124
1778,34,0,1109
1779,37,-12,1130
1780,34,-16,1131
1781,42,-4,1094
1782,32,-7,1103
1783,30,-23,1139
1784,44,1,1105
1785,31,-7,1103
1786,34,-19,1098
1787,35,-18,1106
1788,24,-21,1108
1789,23,-15,1131
1790,30,-17,1118
1791,37,13,1113
1792,14,-20,1140
1793,32,0,1102
1794,25,-17,1113
1795,35,-10,1118
1796,33,-21,1110
1797,18,-33,1120
1798,43,15,1098
1799,15,-39,1106
1800,40,-8,1091
1801,18,-23,1089
1802,39,-7,1073
1803,36,-26,1073
1804,22,-24,1077
1805,40,-24,1061
1806,33,-24,1056
1807,30,-36,1070
1808,33,-34,1061
1809,54,-13,1056
1810,26,-23,1064
1811,56,-13,1057
1812,17,-21,1057
1813,31,-10,1051
1814,26,-11,1064
1815,36,-29,1066
1816,28,-17,1042
1817,30,-17,1041
1818,-8,-42,1063
1819,39,-12,1056
1820,33,-21,1062
1821,36,-23,1068
1822,37,-12,1055
1823,38,-33,1063
1824,21,-26,1076
1825,40,-32,1051
1826,18,-22,1058
1827,40,-34,1059
1828,36,4,1040
1829,34,-41,1059
1830,36,-19,1051
1831,25,-38,1027
1832,24,-21,1051
1833,34,-23,1044
1834,29,-32,1054
1835,30,-32,1049
1836,19,-21,1057
1837,9,-35,1062
1838,12,-33,1063
1839,26,-17,1063
1840,23,-37,1086
1841,31,-20,1060
1842,32,-20,1083
1843,29,-14,1081
1844,23,-38,1083
1845,32,-36,1074
1846,47,-22,1044
1847,36,-36,1074
1848,21,-24,1070
1849,32,-34,1052
1850,51,-14,1048
1851,27,-37,1069
1852,29,-25,1039
1853,21,-46,1057
1854,32,-28,1054
1855,39,-30,1051
1856,32,-40,1075
1857,43,-20,1094
1858,36,-47,1085
1859,23,-22,1091
1860,34,-38,1070
1861,30,-36,1091
1862,25,-8,1084
1863,29,-32,1068
1864,11,-45,1067
1865,46,-17,1067
1866,27,-31,1067
1867,37,-14,1081
1868,46,-42,1055
1869,26,-38,1097
1870,37,-32,1066
1871,39,-21,1049
1872,21,-36,1082
1873,37,-23,1048
1874,57,-32,1069
1875,34,-40,1081
1876,46,-18,1083
1877,36,-28,1073
1878,38,-4,1061
1879,31,-50,1078
1880,26,-20,1083
1881,34,-29,1058
1882,17,-26,1077
1883,32,-30,1057
1884,28,-21,1077
1885,15,-24,1079
1886,40,-14,1071
1887,27,-18,1073
1888,40,-8,1060
1889,37,-40,1077
1890,22,-34,1090
1891,49,-17,1074
1892,24,-40,1075
1893,48,-29,1079
1894,40,-22,1057
1895,37,-41,1059
1896,30,-22,1066
1897,42,-40,1045
1898,27,-23,1068
1899,24,-33,1061
1900,38,-6,1067
1901,20,-46,1062
1902,38,0,1068
1903,11,-42,1082
1904,42,-16,1076
1905,24,-38,1077
1906,21,-1,1042
1907,2,-40,1058
1908,23,0,1068
1909,29,-41,1042
1910,37,-29,1041
1911,24,-39,1087
1912,42,-28,1053
1913,36,-33,1076
1914,37,-30,1072
1915,37,-34,1068
1916,54,-28,1033
1917,33,-15,1064
1918,26,-32,1044
1919,41,-24,1063
1920,14,-28,1057
1921,20,-20,1071
1922,26,-40,1075
1923,25,-25,1069
1924,31,-30,1055
1925,5,-19,1059
1926,33,-24,1076
1927,38,-8,1075
1928,11,-15,1074
1929,41,-28,1064
1930,19,-18,1066
1931,42,-26,1083
1932,35,0,1041
1933,22,-17,1057
1934,43,-18,1046
1935,21,-28,1070
1936,43,-20,1054
1937,14,-27,1071
1938,50,-18,1045
1939,18,-26,1057
1940,36,-26,1064
1941,31,-21,1057
1942,26,-13,1052
1943,26,-30,1055
1944,26,-11,1076
1945,29,-20,1068
1946,33,-21,1068
1947,22,-24,1051
1948,38,-9,1051
1949,16,-26,1062
1950,37,6,1065
1951,21,-19,1064
1952,36,-2,1038
1953,30,-13,1070
1954,49,1,1047
1955,27,-23,1073
1956,45,-2,1069
1957,36,-39,1091
1958,49,-10,1063
1959,33,-39,1057
1960,38,-13,1062
1961,37,-36,1042
1962,23,-36,1070
1963,47,-23,1077
1964,16,-25,1064
1965,46,-11,1072
1966,21,-28,1074
1967,32,-23,1072
1968,33,-24,1065
1969,56,-8,1071
1970,24,-15,1084
1971,23,9,1070
1972,17,-33,1073
1973,36,3,1069
1974,25,-16,1080
1975,39,-2,1069
1976,38,-12,1087
1977,33,-16,1074
1978,38,-17,1089
1979,42,-3,1095
1980,57,-4,1103
1981,37,-3,1089
1982,36,-18,1089
1983,17,-17,1095
1984,49,-11,1081
1985,38,-17,1090
1986,32,-17,1085
1987,20,-28,1106
1988,48,-20,1073
1989,27,-10,1091
1990,37,-16,1077
1991,26,-15,1077
1992,50,-12,1081
1993,24,-31,1093
1994,32,-4,1088
1995,17,-27,1094
1996,35,-17,1072
1997,32,-20,1081
1998,33,-4,1075
1999,56,-19,1067
2000,22,-23,1103
2001,58,-15,1045
2002,34,-36,1099
2003,61,-16,1032
2004,19,-30,1082
2005,31,-14,1086
2006,37,-24,1081
2007,41,-10,1085
2008,35,-32,1098
2009,31,-30,1083
2010,27,-12,1072
2011,30,-44,1077
2012,33,-10,1084
2013,54,-18,1078
2014,36,-17,1083
2015,43,-18,1069
2016,41,-16,1073
2017,28,-19,1072
2018,54,-19,1081
2019,43,-10,1081
2020,30,-28,1082
2021,38,-20,1088
2022,54,-19,1077
2023,23,-24,1077
2024,48,-27,1095
2025,16,-14,1104
2026,26,-19,1070
2027,33,-5,1071
2028,13,-48,1095
2029,44,-21,1081
2030,23,-35,1090
2031,42,-24,1111
2032,31,-20,1106
2033,34,-29,1097
2034,39,-26,1067
2035,21,-15,1089
2036,42,-24,1088
2037,49,-27,1063
2038,15,-19,1094
2039,33,-36,1085
2040,36,-24,1075
2041,32,-26,1087
2042,35,-27,1055
2043,35,-14,1077
2044,26,-35,1076
2045,49,-42,1070
2046,38,-8,1097
2047,40,-35,1058
2048,26,-37,1091
2049,34,-20,1087
2050,30,-50,1081
2051,13,-30,1093
2052,34,-32,1080
2053,31,-40,1073
2054,31,-20,1070
2055,27,-37,1077
2056,20,-22,1063
2057,8,-38,1068
2058,15,-32,1043
2059,26,-39,1076
2060,32,-23,1047
2061,43,-36,1082
2062,37,-16,1038
2063,42,-45,1083
2064,35,-22,1038
2065,30,-33,1063
2066,50,-31,1049
2067,31,-16,1033
2068,31,-29,1057
2069,38,-12,1070
2070,41,-16,1034
2071,7,-44,1081
2072,30,-34,1056
2073,35,-29,1063
2074,56,-42,1046
2075,7,-22,1055
2076,33,-25,1059
2077,24,-31,1013
2078,35,-43,1060
2079,50,-36,1010
2080,36,-22,1055
2081,38,-37,1042
2082,22,-21,1039
2083,28,-45,1057
2084,41,-22,1042
2085,34,-45,1037
2086,46,-38,1043
2087,32,-31,1057
2088,26,-30,1063
2089,45,-24,1025
2090,17,-55,1051
2091,47,-36,1039
2092,11,-41,1051
2093,41,-25,1053
2094,18,-32,1050
2095,31,-27,1070
2096,30,-38,1048
2097,35,-30,1058
2098,30,-18,1016
2099,45,-39,1053
2100,50,-34,1044
2101,54,-20,1065
2102,43,-9,1044
2103,38,-11,1015
2104,30,-19,1039
2105,19,3,1029
2106,33,-18,1047
2107,31,-41,1060
2108,29,-7,1040
2109,32,-56,1033
2110,35,-20,1045
2111,40,-35,1064
2112,32,-27,1045
2113,23,-35,1065
2114,36,-24,1031
2115,13,-40,1079
2116,38,-22,1038
2117,26,-15,1049
2118,19,-34,1066
2119,23,-12,1069
2120,45,-29,1060
2121,14,-28,1055
2122,45,-11,1071
2123,22,-34,1079
2124,45,-2,1052
2125,13,-31,1084
2126,37,-27,1065
2127,31,-24,1087
2128,33,-21,1086
2129,34,-28,1080
2130,34,-8,1084
2131,30,-25,1090
2132,37,-4,1103
2133,18,-27,1120
2134,23,-2,1107
2135,30,-27,1095
2136,32,-13,1084
2137,27,-21,1093
2138,28,-6,1086
2139,20,-23,1100
2140,13,-23,1075
2141,34,-3,1084
2142,31,-16,1088
2143,19,-13,1070
2144,18,-40,1094
2145,19,0,1062
2146,18,-16,1118
2147,28,12,1078
2148,32,-32,1090
2149,34,-1,1085
2150,13,-23,1057
2151,36,-7,1103
2152,26,-20,1080
2153,35,-9,1083
2154,41,-18,1087
2155,27,-23,1082
2156,34,-13,1079
2157,27,-35,1055
2158,29,-18,1062
2159,30,-13,1073
2160,25,-20,1095
2161,32,-17,1078
2162,25,-20,1075
2163,43,-14,1066
2164,18,-20,1079
2165,55,-20,1078
2166,21,-28,1082
2167,31,-2,1063
2168,19,-32,1069
2169,26,-23,1072
2170,17,-2,1069
2171,26,-18,1074
2172,24,-8,1045
2173,17,-19,1069
2174,40,-20,1046
2175,30,-13,1047
2176,35,-17,1052
2177,34,-10,1028
2178,31,-9,1041
2179,36,-16,1034
2180,25,-10,1059
2181,33,-18,1040
2182,37,-34,1061
2183,33,-15,1057
2184,44,-15,1045
2185,12,-31,1067
2186,24,-19,1053
2187,28,-17,1057
2188,31,-16,1046
2189,35,-2,1079
2190,5,-39,1072
2191,35,-11,1070
2192,34,-18,1035
2193,34,-10,1065
2194,15,-11,1057
2195,39,-14,1058
2196,35,-10,1046
2197,25,-6,1068
2198,34,-19,1058
2199,38,-19,1069
2200,41,-10,1056
2201,14,-21,1039
2202,40,-12,1044
2203,29,-40,1079
2204,38,0,1064
2205,25,-21,1067
2206,12,-31,1086
2207,32,-16,1083
2208,20,-21,1090
2209,33,-27,1081
2210,32,-18,1085
2211,35,-26,1092
2212,49,-18,1098
2213,33,-8,1087
2214,43,-2,1063
2215,24,-21,1088
2216,24,-26,1090
2217,50,-17,1091
2218,38,-38,1084
2219,61,-2,1045
2220,34,-28,1093
2221,38,-13,1083
2222,32,-17,1085
2223,22,-40,1108
2224,51,-8,1085
2225,24,-33,1112
2226,12,-16,1099
2227,42,-12,1111
2228,14,-27,1130
2229,22,-7,1109
2230,15,-37,1107
2231,57,-12,1067
2232,18,-26,1097
2233,37,-31,1092
2234,33,-12,1094
2235,45,-46,1111
2236,52,-5,1091
2237,33,-18,1089
2238,48,-20,1098
2239,37,-19,1096
2240,18,-37,1095
2241,32,-31,1096
2242,49,-28,1086
2243,29,-39,1098
2244,13,-5,1097
2245,15,-22,1109
2246,30,-27,1114
2247,37,-27,1092
2248,20,-17,1120
2249,29,-34,1125
2250,47,-14,1095
2251,36,-31,1084
2252,38,-26,1084
2253,29,-42,1088
2254,60,-11,1077
2255,27,-32,1056
2256,26,-22,1073
2257,38,-17,1059
2258,51,-14,1080
2259,30,-33,1080
2260,28,-23,1081
2261,32,-43,1090
2262,10,-28,1087
2263,53,-23,1070
2264,33,-23,1072
2265,26,-35,1088
2266,43,-25,1072
2267,31,-41,1051
2268,32,-22,1051
2269,25,-42,1054
2270,55,-20,1057
2271,19,-34,1029
2272,37,-34,1032
2273,32,-24,1031
2274,55,-26,1033
2275,36,-20,1023
2276,40,-35,1016
2277,43,-28,1045
2278,56,-12,1024
2279,24,-39,1045
2280,43,-19,1050
2281,20,-26,1053
2282,38,-22,1028
2283,38,-38,1047
2284,38,-32,1054
2285,33,-24,1036
2286,38,-38,1025
2287,25,-56,1051
2288,30,-6,1001
2289,31,-49,1039
2290,53,-17,1026
2291,11,-34,1037
2292,41,-29,1007
2293,32,-17,1017
2294,31,-40,1040
2295,25,-37,1034
2296,47,-33,1026
2297,34,-26,1042
2298,24,-30,1043
2299,11,-64,1057
2300,47,-8,1046
2301,18,-34,1061
2302,37,-40,1078
2303,33,-15,1042
2304,22,-42,1083
2305,38,-28,1057
2306,30,-25,1074
2307,39,-21,1072
2308,22,-35,1092
2309,30,-14,1062
2310,19,-38,1056
2311,30,-20,1043
2312,28,-28,1045
2313,20,-35,1073
2314,40,-6,1048
2315,35,-28,1063
2316,19,-29,1072
2317,36,-31,1049
2318,17,-27,1064
2319,30,-28,1063
2320,38,-24,1099
2321,10,-44,1109
2322,37,-34,1095
2323,27,-20,1072
2324,12,-28,1098
2325,28,-27,1091
2326,26,-47,1095
2327,52,-8,1088
2328,18,-37,1103
2329,50,-11,1069
2330,44,-22,1071
2331,26,-15,1081
2332,38,-20,1073
2333,45,-28,1069
2334,46,3,1060
2335,20,-37,1091
2336,32,-33,1080
2337,16,-22,1081
2338,43,-19,1084
2339,19,-26,1105
2340,26,-34,1102
2341,39,-23,1091
2342,32,-27,1098
2343,20,-28,1129
2344,34,-17,1072
2345,15,-27,1088
2346,36,-20,1095
2347,46,-17,1063
2348,17,-22,1090
2349,27,-2,1065
2350,17,-25,1073
2351,61,-6,1057
2352,35,-17,1058
2353,21,-38,1091
2354,39,-11,1081
2355,34,-28,1085
2356,20,-23,1075
2357,44,-13,1087
2358,22,-28,1087
2359,53,3,1076
2360,15,-33,1095
2361,37,-22,1088
2362,40,-15,1074
2363,26,-15,1061
2364,40,-17,1051
2365,42,-18,1059
2366,30,-25,1016
2367,39,-25,1045
2368,54,-6,1042
2369,28,-31,1051
2370,40,0,1045
2371,29,-23,1030
2372,44,-7,1054
2373,15,-22,1059
2374,34,-20,1032
2375,32,-39,1080
2376,25,-27,1054
2377,33,-11,1072
2378,20,-22,1081
2379,29,-12,1044
2380,22,-25,1070
2381,42,-12,1037
2382,22,-31,1059
2383,45,-16,1048
2384,55,-5,1030
2385,29,-50,1043
2386,37,-3,1019
2387,29,-22,1050
2388,19,-23,1036
2389,34,-4,1052
2390,15,-19,1039
2391,30,-22,1057
2392,35,-18,1054
2393,6,-22,1061
2394,20,-22,1076
2395,25,-22,1081
2396,29,-22,1068
2397,41,-22,1075
2398,28,-24,1090
2399,14,-20,1090
2400,26,-21,1075
2401,23,-26,1082
2402,47,-3,1068
2403,25,-23,1052
2404,35,-12,1085
2405,40,-18,1057
2406,30,-13,1067
2407,45,-3,1062
2408,20,-17,1079
2409,29,-10,1084
2410,31,-7,1089
2411,30,-23,1091
2412,30,-23,1084
2413,25,-25,1092
2414,32,-39,1084
2415,12,-32,1098
2416,47,-12,1109
2417,27,-40,1101
2418,31,-23,1091
2419,33,-17,1098
2420,25,-38,1084
2421,58,-4,1079
2422,34,-26,1069
2423,37,-23,1077
2424,37,-39,1058
2425,25,-20,1072
2426,21,-7,1084
2427,30,-12,1071
2428,22,-32,1116
2429,18,-3,1085
2430,24,-33,1103
2431,24,-34,1102
2432,22,-12,1096
2433,29,-53,1119
2434,37,-22,1109
2435,27,-35,1129
2436,34,-28,1110
2437,25,-38,1118
2438,47,-29,1108
2439,33,-38,1095
2440,36,-20,1084
2441,30,-21,1068
2442,37,-17,1066
2443,44,-23,1088
2444,19,-22,1096
2445,44,-14,1086
2446,16,-22,1098
2447,40,-16,1059
2448,20,-41,1103
2449,17,-13,1108
2450,27,-46,1099
2451,20,-27,1095
2452,20,-48,1099
2453,21,-32,1103
2454,33,-23,1096
2455,41,-22,1077
2456,34,-32,1061
2457,40,-24,1072
2458,32,-17,1066
2459,30,-22,1066
2460,17,-13,1055
2461,27,-30,1050
2462,34,-7,1044
2463,29,-33,1045
2464,23,-35,1038
2465,33,-25,1063
2466,13,-40,1089
2467,37,-20,1049
2468,25,-29,1085
2469,48,-12,1059
2470,26,-36,1069
2471,16,-37,1081
2472,47,-13,1027
2473,40,-48,1066
2474,49,-15,1044
2475,41,-20,1056
2476,29,-23,1015
2477,31,-34,1039
2478,44,-10,1039
2479,8,-55,1045
2480,52,-6,1015
2481,11,-46,1035
2482,36,-23,1071
2483,32,-23,1039
2484,34,-34,1065
2485,18,-39,1073
2486,38,-21,1079
2487,27,-34,1061
2488,37,-13,1067
2489,39,-37,1066
2490,23,-45,1057
2491,59,-15,1063
2492,11,-52,1089
2493,47,2,1024
2494,18,-20,1047
2495,28,-33,1044
2496,31,-29,1045
2497,38,-30,1041
2498,17,-27,1054
2499,30,-20,1058
2500,31,-22,1079
2501,38,-7,1064
2502,37,-30,1109
2503,38,-17,1077
2504,31,-12,1084
2505,36,-39,1075
2506,37,-9,1081
2507,14,-50,1085
2508,36,-18,1089
2509,38,-18,1066
2510,8,-40,1051
2511,53,-11,1056
2512,20,-37,1048
2513,49,-15,1085
2514,38,-21,1058
2515,30,-30,1068
2516,22,-32,1071
2517,18,-28,1059
2518,9,-30,1092
2519,31,-19,1069
2520,21,-20,1099
2521,33,-20,1079
2522,20,-36,1103
2523,50,-4,1070
2524,29,-30,1090
2525,22,-34,1069
2526,49,-28,1081
2527,19,-25,1040
2528,38,-43,1062
2529,15,-30,1058
2530,58,-10,1029
2531,17,-59,1067
2532,33,-18,1067
2533,31,-31,1055
2534,37,-12,1060
2535,22,-21,1070
2536,21,-26,1079
2537,18,-10,1098
2538,19,-40,1106
2539,30,-11,1081
2540,44,-18,1093
2541,21,-28,1077
2542,25,-24,1100
2543,13,-26,1083
2544,33,-8,1061
2545,38,-28,1066
2546,46,-31,1055
2547,31,-12,1032
2548,15,-29,1044
2549,24,-19,1039
2550,33,-19,1036
2551,20,-15,1044
2552,7,-30,1060
2553,28,-14,1044
2554,20,-28,1058
2555,38,-34,1068
2556,37,-14,1060
2557,35,-10,1051
2558,-3,-37,1074
2559,53,-9,1045
2560,20,-23,1053
2561,32,-32,1036
2562,46,-15,1029
2563,19,-31,1052
2564,35,-9,1051
2565,13,-40,1023
2566,26,-23,1043
2567,17,-29,1040
2568,28,-21,1037
2569,35,-12,1040
2570,20,-12,1051
2571,36,-11,1047
2572,47,-15,1066
2573,29,-30,1061
2574,56,-16,1056
2575,9,-14,1068
2576,44,-18,1047
2577,26,-11,1067
2578,36,-37,1054
2579,40,-35,1050
2580,31,-29,1063
2581,61,-14,1037
2582,29,-33,1040
2583,24,-12,1035
2584,31,-28,1053
2585,13,-3,1054
2586,31,-12,1039
2587,5,-31,1074
2588,21,-6,1071
2589,9,-14,1091
2590,26,-15,1063
2591,21,-24,1116
2592,29,-21,1090
2593,50,-20,1104
2594,46,-16,1089
2595,38,-35,1127
2596,41,-4,1085
2597,38,-15,1084
2598,28,-34,1073
2599,49,-7,1060
2600,25,-23,1069
2601,38,-23,1093
2602,23,-10,1073
2603,33,-14,1082
2604,12,-33,1113
2605,52,-5,1098
2606,0,-22,1082
2607,22,-12,1106
2608,30,-13,1089
2609,48,-20,1093
2610,37,-14,1103
2611,28,-39,1106
2612,43,-7,1094
2613,44,-35,1096
2614,49,-33,1102
2615,44,-18,1107
2616,28,-41,1105
2617,31,-22,1077
2618,47,-18,1087
2619,20,-40,1110
2620,29,-3,1100
2621,25,-28,1088
2622,25,-20,1123
2623,33,-9,1087
2624,20,-40,1115
2625,41,0,1103
2626,34,-18,1094
2627,34,-11,1107
2628,30,-28,1099
2629,42,-12,1106
2630,22,-38,1112
2631,53,-8,1073
2632,30,-34,1106
2633,57,-4,1091
2634,24,-38,1107
2635,40,-16,1065
2636,28,-17,1087
2637,34,-17,1079
2638,14,-5,1074
2639,24,-13,1080
2640,20,-12,1086
2641,25,-23,1086
2642,23,-28,1094
2643,54,-14,1091
2644,25,-24,1085
2645,45,-20,1080
2646,26,-35,1053
2647,36,-20,1050
2648,40,-34,1065
2649,31,-35,1065
2650,47,-28,1057
2651,18,-42,1061
2652,26,-31,1040
2653,23,-15,1069
2654,30,-35,1074
2655,40,-17,1072
2656,28,-31,1071
2657,21,-21,1058
2658,40,-28,1051
2659,36,-24,1066
2660,44,-23,1051
2661,36,-43,1056
2662,50,-17,1049
2663,28,-55,1072
2664,41,-27,1046
2665,28,-37,1041
2666,41,-28,1047
2667,26,-28,1050
2668,36,-19,1058
2669,30,-26,1051
2670,31,-36,1068
2671,40,-27,1052
2672,29,-15,1054
2673,24,-31,1057
2674,20,-33,1059
2675,39,-19,1054
2676,19,-49,1075
2677,44,-11,1044
2678,15,-30,1052
2679,30,-38,1053
2680,32,-21,1024
2681,40,-48,1050
2682,32,-25,1038
2683,20,-39,1023
2684,44,-27,1058
2685,31,-15,1035
2686,20,-39,1057
2687,23,-32,1065
2688,39,-12,1065
2689,10,-22,1064
2690,51,-7,1047
2691,20,-25,1080
2692,27,-28,1081
2693,46,-12,1058
2694,25,-45,1066
2695,42,-23,1057
2696,43,-42,1057
2697,27,-18,1053
2698,14,-40,1067
2699,45,-15,1040
2700,12,-40,1053
2701,40,-12,1061
2702,19,-29,1065
2703,41,-32,1077
2704,26,-26,1073
2705,21,-12,1078
2706,11,-29,1087
2707,43,-14,1080
2708,19,-24,1057
2709,50,4,1073
2710,35,-27,1065
2711,31,-16,1066
2712,37,-14,1068
2713,35,-34,1090
2714,29,-28,1057
2715,44,-33,1078
2716,27,-5,1057
2717,29,-35,1061
2718,15,-31,1083
2719,29,-15,1082
2720,39,-23,1084
2721,19,-33,1074
2722,29,-9,1097
2723,51,-9,1076
2724,30,-12,1087
2725,29,-2,1089
2726,39,-13,1068
2727,25,-5,1109
2728,36,-3,1086
2729,44,-10,1076
2730,8,-30,1094
2731,46,-24,1058
2732,19,-35,1046
2733,39,-27,1067
2734,23,-34,1068
2735,41,-17,1090
2736,17,-13,1077
2737,17,-26,1093
2738,34,-20,1080
2739,45,-8,1065
2740,33,-15,1076
2741,20,-25,1079
2742,30,-6,1077
2743,29,-26,1074
2744,38,-21,1085
2745,34,-12,1070
2746,35,-34,1062
2747,36,-20,1047
2748,31,-41,1067
2749,50,-15,1043
2750,19,-32,1067
2751,40,-7,1057
2752,36,-8,1062
2753,16,-34,1091
2754,22,-5,1079
2755,20,-15,1065
2756,36,-19,1073
2757,6,-13,1072
2758,59,-19,1062
2759,29,-31,1032
2760,27,-9,1048
2761,46,-30,1045
2762,23,-20,1063
2763,17,-30,1027
2764,41,-19,1044
2765,26,-29,1037
2766,24,-40,1038
2767,35,-13,1050
2768,37,-33,1033
2769,35,-23,1064
2770,40,-17,1045
2771,37,-8,1060
2772,28,-10,1060
2773,43,-11,1045
2774,12,-29,1079
2775,30,-19,1049
2776,28,-33,1045
2777,40,-8,1032
2778,26,-21,1043
2779,41,-17,1034
2780,15,-45,1034
2781,48,-26,1056
2782,28,-22,1034
2783,25,-31,1056
2784,25,-15,1065
2785,22,-21,1060
2786,42,-16,1058
2787,51,-15,1062
2788,24,-34,1072
2789,34,10,1065
2790,10,-12,1064
2791,39,-18,1051
2792,26,-14,1046
2793,49,-13,1048
2794,25,-34,1039
2795,41,-25,1055
2796,20,-16,1053
2797,17,-25,1032
2798,14,-43,1066
2799,23,-2,1065
2800,14,-26,1101
2801,42,-14,1076
2802,31,-10,1079
2803,43,-18,1089
2804,22,-20,1075
2805,29,-6,1069
2806,30,-15,1093
2807,47,-8,1072
2808,42,-22,1069
2809,29,-29,1068
2810,38,-29,1060
2811,38,-23,1052
2812,15,-46,1077
2813,42,-7,1068
2814,7,-42,1083
2815,23,-13,1079
2816,35,-29,1118
2817,27,-11,1094
2818,7,-28,1119
2819,25,-20,1092
2820,33,-4,1105
2821,27,-6,1099
2822,47,-7,1087
2823,27,-38,1105
2824,32,-6,1098
2825,35,-16,1106
2826,29,-25,1076
2827,40,-39,1065
2828,34,-27,1062
2829,20,-43,1089
2830,37,-15,1073
2831,28,-20,1084
2832,20,-30,1098
2833,38,-24,1106
2834,30,-2,1085
2835,21,-26,1112
2836,48,-3,1096
2837,21,-3,1125
2838,28,-8,1089
2839,32,-17,1114
2840,38,-16,1105
2841,17,-25,1091
2842,32,-11,1057
2843,15,-39,1093
2844,22,-28,1061
2845,25,-40,1100
2846,14,-43,1083
2847,21,-30,1090
2848,29,-25,1090
2849,32,-25,1080
2850,23,-25,1100
2851,58,-12,1078
2852,52,-4,1080
2853,35,-32,1076
2854,50,-1,1079
2855,28,-35,1084
2856,56,-6,1080
2857,18,-34,1067
2858,51,-23,1059
2859,20,-49,1057
2860,38,-23,1066
2861,35,-39,1060
2862,14,-40,1073
2863,39,-23,1038
2864,28,-21,1050
2865,43,-19,1061
2866,48,-37,1065
2867,27,-31,1088
2868,65,-15,1075
2869,25,-29,1081
2870,43,-32,1066
2871,32,-27,1042
2872,37,-16,1053
2873,11,-44,1069
2874,29,-34,1056
2875,32,-40,1051
2876,37,-47,1053
2877,19,-38,1043
2878,25,-40,1020
2879,35,-39,1035
2880,31,-41,1053
2881,49,-7,1033
2882,26,-39,1043
2883,29,-5,1063
2884,29,-44,1072
2885,30,-12,1071
2886,25,-26,1065
2887,40,-12,1061
2888,17,-34,1053
2889,32,-39,1039
2890,38,-37,1023
2891,22,-46,1044
2892,41,-16,1026
2893,22,-41,1068
2894,19,-24,1027
2895,29,-13,1040
2896,16,-20,1078
2897,35,-37,1068
2898,32,-24,1075
2899,36,-29,1088
2900,33,-20,1072
2901,40,-28,1070
2902,40,-27,1086
2903,31,-12,1069
2904,44,-44,1076
2905,28,-23,1076
2906,59,-7,1056
2907,13,-46,1059
2908,42,-33,1040
2909,51,-24,1054
2910,25,-33,1062
2911,49,-35,1075
2912,13,-30,1086
2913,36,-7,1083
2914,4,-28,1077
2915,38,-4,1064
2916,28,-16,1085
2917,32,-9,1077
2918,35,-16,1075
2919,35,-21,1048
2920,2,-40,1083
2921,50,-13,1075
2922,26,-37,1042
2923,43,-46,1075
2924,28,-22,1065
2925,42,-36,1065
2926,16,-38,1095
2927,41,-17,1079
2928,10,-31,1089
2929,34,-18,1079
2930,25,-30,1095
2931,27,-15,1090
2932,34,-1,1070
2933,29,-15,1088
2934,30,0,1085
2935,33,-16,1071
2936,28,-29,1074
2937,8,-34,1064
2938,38,-33,1067
2939,35,-33,1069
2940,20,-39,1072
2941,41,-25,1068
2942,5,-40,1059
2943,60,-13,1077
2944,43,-29,1074
2945,45,-15,1077
2946,52,-14,1091
2947,48,-20,1099
2948,35,-17,1067
2949,44,-1,1090
2950,28,-33,1076
2951,43,-2,1041
2952,22,-23,1061
2953,47,-16,1037
2954,13,-43,1042
2955,45,-17,1024
2956,27,-33,1032
2957,24,-29,1068
2958,26,-21,1045
2959,31,-12,1065
2960,48,1,1088
2961,34,-28,1059
2962,30,3,1077
2963,42,-19,1068
2964,24,-5,1060
2965,28,-12,1063
2966,31,-25,1041
2967,49,-8,1045
2968,29,-36,1050
2969,10,-40,1065
2970,39,-22,1031
2971,44,-16,1034
2972,13,-38,1058
2973,38,-20,1029
2974,30,-33,1066
2975,25,-8,1046
2976,24,-26,1061
2977,28,1,1069
2978,41,-25,1074
2979,44,-8,1060
2980,39,-10,1070
2981,35,-23,1047
2982,42,-21,1048
2983,28,-22,1029
2984,40,-20,1039
2985,26,-35,1040
2986,6,-34,1061
2987,27,-25,1059
2988,43,-24,1040
2989,17,-27,1063
2990,23,-23,1078
2991,42,-6,1074
2992,31,-11,1102
2993,48,-8,1083
2994,22,-21,1076
2995,49,-12,1068
2996,20,-19,1080
2997,38,-16,1065
2998,28,-12,1073
2999,17,-42,1100
3000,47,-6,1061
3001,11,-26,1052
3002,25,-34,1053
3003,45,-10,1068
3004,19,-33,1062
3005,43,-3,1071
3006,20,-29,1082
3007,42,-6,1088
3008,41,-17,1097
3009,30,-16,1108
3010,46,-7,1096
3011,16,-24,1092
3012,44,-28,1080
3013,35,-7,1072
3014,35,-29,1082
3015,23,-17,1082
3016,17,-35,1110
3017,35,-20,1069
3018,10,-20,1089
3019,35,-25,1084
3020,46,-3,1082
3021,-3,-22,1121
3022,57,8,1098
3023,37,-24,1109
3024,39,-9,1076
3025,22,-27,1101
3026,41,-14,1101
3027,24,-8,1079
3028,24,-13,1085
3029,19,-29,1100
3030,16,-3,1073
3031,25,-22,1095
3032,9,-30,1118
3033,29,-11,1056
3034,4,-21,1110
3035,34,-13,1097
3036,30,-25,1078
3037,25,-20,1113
3038,37,-21,1082
3039,31,-12,1084
3040,29,-12,1115
3041,59,-27,1110
3042,22,-17,1104
3043,30,-21,1100
3044,23,-30,1088
3045,44,-27,1092
3046,32,-34,1066
3047,20,-26,1092
3048,10,-33,1083
3049,4,-23,1093
3050,25,-9,1086
3051,25,-20,1090
3052,25,-28,1094
3053,26,-25,1105
3054,45,-18,1082
3055,39,-42,1098
3056,38,-14,1070
3057,36,-22,1086
3058,39,-42,1082
3059,39,-28,1076
3060,28,-23,1057
3061,3,-42,1062
3062,45,-18,1038
3063,17,-25,1077
3064,29,-25,1062
3065,32,-21,1053
3066,27,-28,1070
3067,23,-17,1089
3068,36,-29,1063
3069,43,-16,1046
3070,30,-34,1047
3071,39,-19,1040
3072,44,-27,1038
3073,30,-37,1048
3074,13,-50,1048
3075,43,-29,1041
3076,22,-46,1063
3077,38,-20,1028
3078,29,-34,1058
3079,41,-16,1054
3080,23,-28,1070
3081,33,-17,1071
3082,34,-14,1063
3083,31,-20,1055
3084,54,-14,1056
3085,43,-30,1042
3086,20,-25,1039
3087,39,-16,1057
3088,24,-41,1050
3089,42,-19,1061
3090,55,-30,1052
3091,20,-29,1047
3092,32,-36,1057
3093,20,-19,1039
3094,28,-21,1058
3095,48,-20,1043
3096,49,-27,1039
3097,33,-27,1061
3098,31,-19,1049
3099,31,-38,1079
3100,32,-15,1073
3101,52,-25,1056
3102,36,-23,1067
3103,30,-21,1036
3104,8,-46,1060
3105,33,-16,1042
3106,25,-42,1060
3107,32,-28,1067
3108,42,-21,1071
3109,35,-15,1066
3110,15,-31,1077
3111,51,-21,1092
3112,35,-27,1085
3113,44,-8,1076
3114,29,-26,1084
3115,38,-22,1076
3116,38,-19,1066
3117,36,-23,1055
3118,22,-17,1074
3119,46,-22,1057
3120,18,-37,1084
3121,31,-42,1078
3122,41,-45,1094
3123,23,-25,1075
3124,56,-8,1067
3125,10,-36,1092
3126,48,-12,1058
3127,42,-6,1057
3128,13,-34,1092
3129,52,-35,1071
3130,22,-24,1064
3131,23,-34,1056
3132,40,-24,1051
3133,14,-43,1100
3134,39,-17,1059
3135,26,-46,1069
3136,42,0,1062
3137,31,-40,1061
3138,19,-25,1091
3139,39,-20,1042
3140,17,-10,1086
3141,40,-5,1071
3142,29,-19,1072
3143,37,-20,1087
3144,22,-23,1091
3145,46,-15,1070
3146,28,-23,1070
3147,25,-34,1067
3148,36,-26,1050
3149,28,-1,1048
3150,12,-37,1078
3151,21,3,1053
3152,20,-33,1043
3153,21,-6,1057
3154,30,-37,1068
3155,35,-15,1062
3156,39,-6,1063
3157,27,-24,1055
3158,13,-16,1061
3159,43,-42,1057
3160,40,-16,1045
3161,38,-13,1049
3162,24,-33,1062
3163,43,-15,1016
3164,40,-28,1041
3165,32,-30,1067
3166,37,-10,1059
3167,23,-31,1064
3168,22,-6,1062
3169,31,-22,1036
3170,23,-5,1083
3171,27,-23,1045
3172,34,-27,1052
3173,30,-12,1061
3174,32,-30,1059
3175,8,-19,1069
3176,34,-20,1037
3177,6,-43,1056
3178,35,-19,1048
3179,43,-22,1044
3180,15,-51,1072
3181,62,-23,1048
3182,31,-25,1054
3183,26,-18,1063
3184,29,-25,1069
3185,47,-27,1032
3186,31,-12,1046
3187,24,-44,1056
3188,28,-15,1045
3189,27,-25,1057
3190,38,-28,1069
3191,35,-21,1045
3192,36,-27,1063
3193,37,-21,1068
3194,14,-24,1069
3195,34,-17,1079
3196,39,-18,1044
3197,43,-7,1063
3198,20,-37,1095
3199,44,1,1079
3200,22,-30,1109
3201,57,-16,1066
3202,29,-22,1090
3203,24,-31,1074
3204,25,-30,1072
3205,49,-11,1089
3206,36,-21,1077
3207,37,-4,1083
3208,31,-17,1080
3209,24,-37,1081
3210,38,-1,1101
3211,38,-28,1083
3212,55,-17,1069
3213,32,-28,1080
3214,32,-16,1079
3215,42,-30,1087
3216,27,-27,1082
3217,36,-24,1093
3218,35,-36,1099
3219,30,-19,1093
3220,41,-21,1105
3221,25,-26,1067
3222,30,-12,1081
3223,21,-16,1084
3224,22,-15,1098
3225,35,-7,1108
3226,33,-19,1101
3227,36,-20,1113
3228,28,-6,1107
3229,40,-29,1106
3230,14,-39,1099
3231,46,-29,1100
3232,21,-17,1106
3233,40,-20,1098
3234,20,-33,1089
3235,21,-27,1097
3236,51,-10,1094
3237,22,-34,1100
3238,41,-20,1101
3239,31,-10,1097
3240,26,-7,1082
3241,29,-25,1085
3242,56,-17,1089
3243,24,-29,1088
3244,55,-11,1062
3245,20,-27,1088
3246,28,-24,1084
3247,32,-12,1072
3248,15,-47,1063
3249,38,-27,1074
3250,24,-30,1084
3251,31,-24,1082
3252,23,-28,1089
3253,25,-5,1085
3254,37,-24,1094
3255,50,0,1073
3256,27,-21,1105
3257,44,-8,1095
3258,31,-30,1081
3259,27,-21,1091
3260,23,-31,1069
3261,20,-12,1078
3262,40,-30,1060
3263,19,-20,1083
3264,38,-29,1077
3265,15,-40,1075
3266,40,-24,1058
3267,32,-20,1064
3268,16,-31,1071
3269,35,-17,1070
3270,29,-2,1042
3271,31,-22,1065
3272,37,-28,1052
3273,24,-25,1057
3274,32,-30,1030
3275,32,-19,1057
3276,42,-27,1048
3277,32,-17,1051
3278,32,-37,1063
3279,31,-20,1043
3280,37,-26,1060
3281,18,-31,1061
3282,36,-34,1079
3283,19,-24,1075
3284,29,-16,1048
3285,30,-34,1068
3286,31,-26,1050
3287,22,-24,1071
3288,35,-3,1050
3289,34,-38,1070
3290,33,-4,1042
3291,23,-44,1054
3292,53,-17,1037
3293,2,-29,1048
3294,45,-14,1056
3295,20,-28,1077
3296,48,-20,1046
3297,22,-25,1058
3298,50,-18,1053
3299,28,-23,1056
3300,45,-36,1055
3301,41,-12,1061
3302,37,-27,1064
3303,22,-35,1071
3304,27,-20,1052
3305,38,-19,1061
3306,17,-36,1068
3307,35,-14,1043
3308,27,-27,1087
3309,54,-20,1031
3310,11,-30,1104
3311,44,-8,1055
3312,25,-30,1067
3313,41,-7,1069
3314,25,-25,1094
3315,29,-28,1088
3316,40,-21,1072
3317,21,-33,1076
3318,38,-9,1056
3319,36,-20,1070
3320,23,-8,1087
3321,37,-9,1064
3322,26,-12,1061
3323,27,-28,1077
3324,15,-16,1076
3325,35,-35,1054
3326,29,-20,1076
3327,28,-25,1079
3328,26,0,1082
3329,23,-27,1064
3330,36,-23,1084
3331,22,-37,1073
3332,38,-28,1086
3333,11,-27,1073
3334,42,-19,1055
3335,24,-30,1078
3336,24,-42,1055
3337,48,-11,1066
3338,20,-15,1081
3339,40,-12,1085
3340,28,-17,1094
3341,38,-32,1090
3342,35,-17,1078
3343,2,-28,1093
3344,20,-23,1072
3345,25,-20,1070
3346,29,-37,1053
3347,17,-11,1069
3348,19,-38,1077
3349,30,-11,1064
3350,31,-23,1093
3351,38,3,1061
3352,21,-30,1073
3353,53,-4,1051
3354,27,-29,1087
3355,42,-25,1063
3356,25,-28,1057
3357,12,-25,1071
3358,29,-15,1064
3359,21,-24,1065
3360,20,-41,1051
3361,38,-13,1052
3362,21,-36,1041
3363,37,-13,1041
3364,20,-6,1043
3365,47,-3,1042
3366,25,-39,1069
3367,43,-2,1034
3368,19,-25,1077
3369,32,-24,1056
3370,42,-14,1032
3371,20,-37,1037
3372,37,-33,1046
3373,20,-35,1046
3374,40,-5,1049
3375,18,-9,1051
3376,36,-23,1039
3377,29,-13,1037
3378,25,-33,1068
3379,33,-16,1045
3380,26,-21,1046
3381,31,-37,1044
3382,24,-32,1052
3383,49,-10,1046
3384,35,-34,1051
3385,31,-18,1056
3386,37,-12,1062
3387,23,-19,1057
3388,23,-14,1044
3389,18,-31,1070
3390,38,-19,1055
3391,23,-22,1074
3392,27,-25,1074
3393,40,-11,1045
3394,40,-18,1041
3395,32,-29,1063
3396,31,-22,1058
3397,53,-12,1047
3398,23,-29,1059
3399,41,-28,1071
3400,34,-20,1047
3401,34,-33,1051
3402,35,-18,1072
3403,29,-32,1065
3404,43,-3,1076
3405,17,-7,1081
3406,37,-19,1067
3407,20,-43,1079
3408,27,-6,1075
3409,32,-38,1084
3410,35,-15,1071
3411,15,-29,1079
3412,24,-26,1088
3413,34,-17,1078
3414,27,-47,1099
3415,45,-19,1105
3416,21,-20,1084
3417,51,-13,1096
3418,33,-17,1079
3419,28,-30,1106
3420,22,-12,1125
3421,34,-31,1092
3422,32,-12,1100
3423,19,-30,1096
3424,40,-24,1090
3425,24,-35,1089
3426,35,-11,1052
3427,28,-32,1092
3428,20,-28,1090
3429,25,-19,1092
3430,26,-36,1088
3431,41,-6,1079
3432,29,-31,1098
3433,25,-3,1076
3434,31,-26,1095
3435,29,-15,1105
3436,51,-26,1091
3437,40,-35,1104
3438,40,-24,1088
3439,16,-22,1074
3440,17,-34,1089
3441,21,-11,1093
3442,41,-8,1087
3443,15,-26,1081
3444,36,-8,1066
3445,48,-23,1084
3446,22,3,1069
3447,31,-28,1074
3448,40,-10,1077
3449,32,-24,1065
3450,42,-22,1082
3451,38,-25,1058
3452,39,-23,1083
3453,28,-25,1067
3454,27,-31,1077
3455,32,-30,1072
3456,40,-7,1054
3457,36,-25,1091
3458,36,-20,1063
3459,39,-30,1054
3460,29,-11,1049
3461,44,-39,1070
3462,45,-21,1077
3463,48,-3,1042
3464,32,-23,1053
3465,38,-26,1039
3466,38,-24,1045
3467,20,-21,1057
3468,22,-35,1062
3469,48,-17,1034
3470,23,-32,1073
3471,31,-11,1073
3472,33,-21,1040
3473,14,-21,1058
3474,41,-5,1063
3475,30,-42,1061
3476,20,-14,1045
3477,54,-20,1047
3478,32,-26,1043
3479,45,-27,1036
3480,25,-36,1047
3481,32,-26,1044
3482,33,-30,1047
3483,26,-19,1058
3484,47,-36,1050
3485,47,-5,1062
3486,24,-20,1066
3487,24,-40,1076
3488,41,-12,1032
3489,22,-27,1062
3490,51,-17,1050
3491,36,-17,1070
3492,39,-33,1076
3493,27,-39,1081
3494,38,-20,1069
3495,32,-32,1061
3496,49,-19,1062
3497,31,-11,1051
3498,48,-17,1082
3499,43,-10,1049
3500,38,-34,1082
3501,33,-19,1081
3502,40,-36,1071
3503,29,-23,1063
3504,49,-20,1069
3505,4,-15,1061
3506,41,-29,1069
3507,22,-27,1056
3508,29,-29,1061
3509,33,-30,1068
3510,32,-10,1069
3511,27,-36,1088
3512,31,-17,1081
3513,31,-32,1115
3514,29,0,1081
3515,22,-41,1092
3516,23,-12,1056
3517,19,-25,1078
3518,39,-18,1073
3519,14,-17,1076
3520,30,-27,1088
3521,12,-31,1098
3522,40,-17,1089
3523,24,-36,1102
3524,25,-21,1097
3525,26,-26,1077
3526,35,-11,1064
3527,22,-24,1080
3528,32,-23,1099
3529,47,-17,1085
3530,20,-41,1114
3531,27,-11,1070
3532,23,-38,1090
3533,43,-40,1064
3534,22,-40,1076
3535,29,-30,1067
3536,34,-8,1098
3537,12,-18,1082
3538,26,-15,1071
3539,43,-27,1096
3540,38,-14,1084
3541,25,-24,1081
3542,48,-18,1075
3543,20,-26,1080
3544,42,-30,1057
3545,18,-42,1072
3546,25,-21,1069
3547,27,-22,1062
3548,26,-10,1069
3549,13,-41,1074
3550,20,-8,1076
3551,22,-16,1051
3552,25,-15,1071
3553,45,-4,1049
3554,16,-27,1063
3555,27,-36,1067
3556,37,-22,1072
3557,27,-34,1055
3558,16,-29,1069
3559,25,-34,1063
3560,25,-12,1057
3561,51,-17,1056
3562,27,-13,1046
3563,30,-22,1049
3564,38,-11,1057
3565,25,-23,1059
3566,16,-16,1095
3567,33,-32,1037
3568,28,-10,1048
3569,12,-31,1044
3570,25,-11,1050
3571,30,-27,1052
3572,11,-22,1051
3573,28,-38,1061
3574,32,-12,1016
3575,32,-24,1045
3576,56,-11,1037
3577,25,-20,1058
3578,35,-32,1058
3579,40,-16,1051
3580,23,-21,1051
3581,31,-24,1049
3582,55,-5,1029
3583,25,-38,1045
3584,39,-22,1037
3585,55,-20,1051
3586,21,-43,1060
3587,54,-7,1024
3588,9,-24,1049
3589,42,-21,1050
3590,27,-25,1052
3591,35,-13,1047
3592,16,-18,1057
3593,46,-19,1045
3594,30,-20,1057
3595,34,-19,1057
3596,23,-22,1061
3597,30,-26,1060
3598,27,-13,1057
3599,19,-33,1070
3600,47,-22,1052
3601,4,-35,1057
3602,41,-8,1061
3603,26,-18,1075
3604,22,-10,1070
3605,39,-16,1081
3606,44,-15,1060
3607,17,-17,1090
3608,38,-25,1060
3609,35,-43,1076
3610,31,-31,1080
3611,34,-26,1063
3612,25,-24,1059
3613,17,-47,1093
3614,46,-3,1057
3615,13,-18,1086
3616,47,6,1075
3617,24,-28,1085
3618,56,-6,1098
3619,35,-17,1083
3620,46,-20,1082
3621,32,-27,1085
3622,40,-12,1066
3623,30,-40,1084
3624,33,-15,1081
3625,30,-44,1100
3626,41,-17,1104
3627,15,-39,1110
3628,37,-16,1096
3629,25,-33,1116
3630,50,-11,1084
3631,18,-11,1131
3632,52,-5,1084
3633,26,-46,1099
3634,19,-23,1108
3635,40,-31,1081
3636,32,-16,1102
3637,20,-39,1099
3638,42,-17,1063
3639,26,-34,1101
3640,50,-21,1081
3641,15,-13,1065
3642,34,-14,1082
3643,41,-33,1105
3644,38,-22,1093
3645,27,-26,1096
3646,25,-23,1100
3647,21,-25,1110
3648,30,-41,1092
3649,25,-13,1083
3650,26,-29,1095
3651,4,-34,1090
3652,57,-5,1100
3653,29,-19,1073
3654,23,-24,1102
3655,30,-11,1061
3656,19,-16,1098
3657,34,-21,1071
3658,20,-23,1088
3659,45,-23,1079
3660,19,-38,1088
3661,48,-17,1085
3662,22,-36,1062
3663,18,-21,1073
3664,29,-19,1039
3665,46,-31,1075
3666,21,-23,1077
3667,45,-8,1058
3668,23,-30,1077
3669,27,-35,1064
3670,51,-2,1065
3671,13,-55,1078
3672,26,-18,1049
3673,21,-36,1059
3674,33,-33,1055
3675,28,-30,1072
3676,39,-16,1057
3677,31,-25,1064
3678,43,-22,1051
3679,28,-28,1037
3680,30,-30,1061
3681,55,-4,1062
3682,25,-22,1054
3683,43,-13,1046
3684,15,-40,1047
3685,40,-13,1040
3686,31,-37,1069
3687,43,-17,1039
3688,15,-40,1070
3689,39,-19,1048
3690,36,-22,1042
3691,10,-28,1068
3692,49,-16,1045
3693,29,-13,1058
3694,25,-34,1063
3695,25,-15,1072
3696,44,-37,1075
3697,45,-12,1052
3698,32,-28,1043
3699,39,-19,1057
3700,40,-15,1068
3701,8,-41,1063
3702,43,-16,1062
3703,26,-36,1060
3704,49,-19,1058
3705,30,-27,1070
3706,33,-21,1063
3707,34,-19,1064
3708,22,-31,1077
3709,44,-17,1053
3710,42,-17,1057
3711,33,-31,1078
3712,31,-21,1083
3713,40,-17,1072
3714,44,-31,1086
3715,17,-38,1064
3716,40,-13,1077
3717,10,-27,1070
3718,31,-3,1072
3719,25,-32,1063
3720,31,-45,1082
3721,43,-23,1076
3722,26,-30,1091
3723,26,-23,1065
3724,39,-35,1080
3725,22,-18,1089
3726,38,-19,1086
3727,33,-28,1089
3728,22,-25,1073
3729,26,-24,1073
3730,33,-30,1061
3731,30,-10,1081
3732,25,-22,1077
3733,21,-36,1089
3734,39,-17,1081
3735,32,-35,1095
3736,43,-19,1099
3737,34,-27,1085
3738,11,-36,1105
3739,33,-19,1077
3740,30,-26,1067
3741,40,-14,1074
3742,18,-48,1076
3743,33,-9,1067
3744,11,-21,1101
3745,37,-7,1067
3746,33,-25,1091
3747,32,-26,1077
3748,43,-8,1064
3749,31,-22,1063
3750,38,-26,1065
3751,30,-34,1068
3752,23,-24,1083
3753,42,-29,1067
3754,23,-24,1086
3755,33,-20,1050
3756,41,-15,1067
3757,29,-20,1067
3758,39,-18,1067
3759,14,-20,1094
3760,40,-30,1061
3761,16,-10,1060
3762,22,-29,1035
3763,43,-6,1061
3764,21,-33,1070
3765,40,-10,1051
3766,30,-20,1049
3767,32,-26,1080
3768,37,-20,1067
3769,27,-35,1071
3770,40,-23,1068
3771,30,-24,1051
3772,34,-38,1047
3773,33,-10,1033
3774,35,-24,1062
3775,33,-29,1052
3776,35,-34,1050
3777,33,-15,1044
3778,21,-23,1033
3779,18,-20,1060
3780,38,-15,1053
3781,28,-19,1044
3782,17,-33,1057
3783,34,-6,1034
3784,19,-39,1074
3785,23,-20,1059
3786,34,-27,1049
3787,32,-17,1047
3788,20,-20,1030
3789,32,-24,1049
3790,33,-17,1040
3791,18,-26,1056
3792,28,-46,1062
3793,30,-13,1038
3794,10,-30,1056
3795,41,-16,1061
3796,13,-31,1057
3797,39,-7,1045
3798,15,-23,1071
3799,32,-8,1053
3800,25,-17,1054
3801,31,-36,1048
3802,26,-20,1075
3803,23,-38,1066
3804,26,-1,1073
3805,25,-37,1076
3806,31,-14,1053
3807,35,-28,1078
3808,53,-19,1059
3809,26,-28,1071
3810,27,-47,1060
3811,47,-8,1052
3812,28,-25,1070
3813,22,-19,1074
3814,20,-41,1069
3815,70,2,1053
3816,24,-27,1075
3817,21,-24,1084
3818,12,-38,1094
3819,20,-6,1076
3820,21,-35,1077
3821,19,-19,1093
3822,27,-12,1071
3823,26,-22,1097
3824,29,-36,1079
3825,14,-16,1105
3826,36,-26,1087
3827,12,-19,1097
3828,24,-9,1084
3829,15,-23,1100
3830,38,-9,1101
3831,31,-23,1101
3832,50,-17,1109
3833,24,-39,1118
3834,22,-28,1088
3835,30,-20,1073
3836,28,-25,1082
3837,27,-34,1113
3838,44,-23,1086
3839,2,-32,1112
3840,24,-24,1082
3841,33,-17,1095
3842,45,-17,1066
3843,19,-21,1105
3844,26,-9,1068
3845,29,-23,1096
3846,42,-17,1090
3847,22,-33,1089
3848,43,-27,1082
3849,43,-17,1080
3850,19,-26,1072
3851,38,-15,1080
3852,30,-36,1072
3853,50,-12,1087
3854,45,-20,1098
3855,26,-32,1071
3856,48,-18,1071
3857,32,-24,1064
3858,62,-19,1056
3859,32,-34,1070
3860,54,-11,1059
3861,8,-44,1090
3862,48,0,1062
3863,23,-28,1082
3864,33,-9,1080
3865,24,-23,1088
3866,31,-22,1057
3867,16,-31,1087
3868,54,-21,1050
3869,21,-41,1070
3870,49,-6,1088
3871,44,-19,1066
3872,17,-21,1061
3873,37,-17,1061
3874,24,-30,1062
3875,33,-24,1070
3876,25,-26,1054
3877,49,-13,1049
3878,28,-29,1069
3879,35,-28,1076
3880,29,-13,1052
3881,35,-33,1059
3882,36,-10,1038
3883,36,-18,1061
3884,39,-24,1061
3885,20,-10,1038
3886,32,-45,1079
3887,42,-9,1062
3888,30,-49,1066
3889,45,0,1058
3890,31,-38,1061
3891,9,-25,1081
3892,44,0,1071
3893,29,-35,1071
3894,35,-22,1047
3895,27,-32,1062
3896,43,-7,1053
3897,33,-38,1059
3898,27,-12,1059
3899,25,-27,1077
3900,20,-1,1045
3901,27,-38,1084
3902,33,-3,1061
3903,42,-9,1058
3904,25,-26,1066
3905,47,-20,1057
3906,32,-32,1071
3907,35,-20,1034
3908,31,-40,1063
3909,25,-3,1052
3910,14,-32,1035
3911,41,-19,1052
3912,30,-25,1051
3913,43,-25,1063
3914,21,-34,1098
3915,42,-42,1059
3916,36,-20,1064
3917,28,-35,1090
3918,37,-32,1075
3919,24,-15,1073
3920,32,-15,1060
3921,38,-16,1077
3922,28,-27,1081
3923,31,-33,1067
3924,28,-6,1073
3925,21,-28,1065
3926,21,-23,1108
3927,19,-31,1092
3928,31,-13,1086
3929,10,-44,1099
3930,54,-12,1077
3931,-4,-51,1083
3932,40,-22,1082
3933,24,-21,1074
3934,9,-37,1099
3935,32,-14,1076
3936,34,-15,1075
3937,15,-32,1078
3938,16,-4,1088
3939,28,-20,1075
3940,7,-50,1107
3941,40,-13,1082
3942,30,-25,1088
3943,41,-13,1083
3944,32,-29,1102
3945,46,-17,1077
3946,14,-42,1084
3947,33,-30,1068
3948,30,-18,1074
3949,24,-21,1077
3950,44,-13,1091
3951,28,-23,1085
3952,20,-19,1069
3953,35,-12,1078
3954,32,-26,1074
3955,35,-28,1078
3956,22,-19,1066
3957,38,-15,1070
3958,39,-20,1095
3959,35,-17,1063
3960,32,-19,1045
3961,17,-21,1059
3962,35,-27,1051
3963,21,-16,1074
3964,35,-34,1088
3965,49,-11,1055
3966,31,-26,1053
3967,32,-20,1077
3968,32,-19,1041
3969,20,-28,1043
3970,37,-23,1070
3971,41,-14,1075
3972,14,-26,1059
3973,19,-30,1068
3974,34,-16,1054
3975,39,-18,1071
3976,16,-50,1076
3977,51,-14,1047
3978,32,-31,1064
3979,39,-12,1052
3980,41,-29,1052
3981,36,-26,1053
3982,30,-12,1041
3983,37,-24,1030
3984,15,-29,1020
3985,37,-9,1028
3986,43,-25,1059
3987,21,-21,1054
3988,25,-36,1064
3989,24,-9,1052
3990,38,-44,1069
3991,23,-11,1063
3992,42,-25,1038
3993,17,-45,1049
3994,38,-10,1024
3995,18,-40,1064
3996,35,-41,1054
3997,25,-30,1039
3998,32,-10,1047
3999,30,-35,1079
4000,31,-17,1044
4001,23,-30,1076
4002,50,-28,1052
4003,21,-35,1064
4004,33,-13,1051
4005,32,-19,1067
4006,7,-20,1046
4007,50,-25,1059
4008,26,-18,1061
4009,21,-41,1079
4010,40,6,1036
4011,18,-35,1058
4012,37,-16,1088
4013,31,-30,1080
4014,31,-18,1071
4015,24,-15,1057
4016,17,-26,1070
4017,36,-8,1052
4018,23,0,1088
4019,13,-12,1068
4020,21,-27,1068
4021,19,-12,1049
4022,17,-19,1077
4023,39,-17,1046
4024,31,-25,1081
4025,23,-12,1096
4026,27,-26,1097
4027,39,-20,1092
4028,30,-20,1077
4029,31,-25,1077
4030,36,-22,1094
4031,38,-3,1079
4032,24,-22,1114
4033,28,-40,1085
4034,19,-23,1109
4035,38,-14,1072
4036,27,-39,1077
4037,37,-13,1066
4038,20,-57,1090
4039,41,-17,1089
4040,11,-21,1077
4041,50,-14,1074
4042,38,-8,1069
4043,24,-32,1104
4044,32,-12,1097
4045,37,-22,1095
4046,31,-23,1102
4047,31,-32,1086
4048,16,-40,1103
4049,26,-21,1082
4050,42,-21,1090
4051,40,-21,1074
4052,44,-25,1064
4053,7,-16,1111
4054,37,-6,1076
4055,24,-23,1089
4056,37,-29,1084
4057,8,-36,1087
4058,47,-13,1065
4059,21,-28,1087
4060,47,-12,1070
4061,17,-22,1096
4062,45,-20,1052
4063,42,-13,1072
4064,31,-30,1068
4065,51,-7,1048
4066,30,-16,1076
4067,30,-15,1074
4068,27,-27,1090
4069,32,-20,1071
4070,22,-20,1080
4071,14,-43,1079
4072,26,-9,1066
4073,-10,-44,1083
4074,37,-5,1042
4075,5,-62,1068
4076,39,0,1032
4077,30,-38,1048
4078,37,-9,1054
4079,23,-22,1090
4080,39,-18,1063
4081,30,-35,1076
4082,20,-14,1070
4083,54,-8,1038
4084,38,-32,1068
4085,30,-28,1063
4086,32,-33,1039
4087,36,-25,1038
4088,28,-16,1071
4089,27,-10,1042
4090,19,-36,1076
4091,34,-12,1044
4092,27,-12,1043
4093,35,-35,1081
4094,23,-11,1052
4095,26,-29,1077
4096,35,-8,1071
4097,36,-34,1053
4098,30,-20,1075
4099,38,-6,1044
4100,28,-31,1064
4101,20,-20,1066
4102,43,-15,1061
4103,29,-27,1061
4104,39,-24,1070
4105,26,-22,1062
4106,21,-20,1066
4107,39,-16,1081
4108,36,-12,1073
4109,27,-20,1090
4110,32,-23,1064
4111,40,-20,1076
4112,26,-9,1080
4113,35,-6,1057
4114,7,-39,1083
4115,11,-15,1088
4116,38,-19,1068
4117,8,-12,1080
4118,35,-38,1098
4119,28,-12,1056
4120,41,-19,1052
4121,26,-33,1081
4122,41,-12,1059
4123,29,-26,1045
4124,5,-26,1075
4125,38,-18,1062
4126,4,-27,1088
4127,25,-12,1083
4128,25,-32,1101
4129,42,-22,1091
4130,52,-21,1082
4131,33,-34,1066
4132,44,-20,1067
4133,14,-32,1090
4134,25,-22,1084
4135,40,-21,1072
4136,30,-31,1093
4137,40,-31,1069
4138,24,-19,1075
4139,27,-23,1072
4140,34,-19,1089
4141,7,-23,1097
4142,47,-6,1055
4143,0,-33,1094
4144,48,-17,1070
4145,29,-26,1069
4146,39,-6,1054
4147,33,-28,1094
4148,26,-23,1100
4149,42,-15,1063
4150,27,-40,1090
4151,29,-15,1055
4152,40,-33,1070
4153,19,-33,1064
4154,26,-17,1077
4155,22,-19,1057
4156,30,-34,1066
4157,46,-22,1073
4158,44,-8,1073
4159,38,-19,1066
4160,24,-34,1100
4161,49,-6,1054
4162,19,-38,1076
4163,14,-16,1063
4164,19,-37,1087
4165,41,-21,1052
4166,27,-32,1057
4167,45,-13,1073
4168,35,-22,1069
4169,42,-23,1061
4170,25,-28,1063
4171,31,-20,1037
4172,29,-21,1073
4173,48,-10,1057
4174,22,-36,1065
4175,41,-34,1043
4176,22,-26,1060
4177,55,-20,1039
4178,27,-33,1040
4179,26,-29,1046
4180,41,-31,1084
4181,30,-14,1050
4182,29,-23,1065
4183,44,-12,1056
4184,20,-36,1066
4185,43,-13,1071
4186,15,-23,1058
4187,38,-35,1057
4188,39,-8,1067
4189,13,-27,1040
4190,31,-20,1058
4191,37,-13,1051
4192,46,-6,1048
4193,23,-40,1066
4194,32,-16,1036
4195,12,-24,1051
4196,36,-39,1077
4197,38,-23,1051
4198,40,-30,1063
4199,33,-20,1057
4200,36,-33,1060
4201,45,-16,1057
4202,27,-30,1056
4203,37,-18,1063
4204,53,-10,1039
4205,32,-29,1063
4206,41,-18,1046
4207,19,-34,1073
4208,47,-7,1064
4209,25,-38,1087
4210,37,-20,1069
4211,36,-22,1077
4212,25,-17,1058
4213,24,-15,1065
4214,14,-29,1074
4215,43,-11,1062
4216,17,-32,1093
4217,39,-16,1093
4218,20,-45,1089
4219,36,-15,1055
4220,31,-32,1075
4221,31,-9,1082
4222,48,-17,1068
4223,24,-17,1080
4224,65,-26,1063
4225,15,-31,1106
4226,64,-6,1070
4227,20,-33,1100
4228,38,-28,1078
4229,34,-34,1062
4230,33,-14,1082
4231,31,-23,1075
4232,36,-16,1068
4233,16,-20,1069
4234,41,-40,1072
4235,21,-23,1094
4236,30,-19,1072
4237,43,-19,1086
4238,46,-19,1077
4239,39,-18,1076
4240,38,-32,1066
4241,43,-11,1072
4242,20,-17,1086
4243,35,-12,1089
4244,28,-25,1071
4245,42,-20,1077
4246,31,-24,1067
4247,37,-25,1075
4248,30,-34,1065
4249,34,-5,1060
4250,16,-34,1082
4251,39,-9,1051
4252,0,-38,1088
4253,38,-13,1070
4254,32,-24,1087
4255,32,-22,1071
4256,38,-6,1067
4257,14,-17,1074
4258,43,-17,1068
4259,34,-15,1072
4260,19,-25,1084
4261,42,-20,1050
4262,36,-9,1080
4263,24,-22,1063
4264,29,-11,1064
4265,32,-22,1076
4266,37,-23,1063
4267,35,0,1078
4268,30,-34,1069
4269,20,-16,1080
4270,35,-27,1070
4271,22,-24,1051
4272,29,-20,1069
4273,49,-20,1065
4274,35,-5,1076
4275,30,-9,1049
4276,45,-46,1072
4277,35,-14,1058
4278,39,-21,1082
4279,24,-34,1074
4280,29,-21,1060
4281,25,-42,1082
4282,27,-24,1062
4283,25,-20,1059
4284,20,-28,1058
4285,20,-10,1051
4286,29,-26,1041
4287,10,-28,1069
4288,35,-9,1084
4289,21,-19,1057
4290,26,-25,1088
4291,23,-26,1086
4292,52,-7,1056
4293,9,-35,1094
4294,30,1,1058
4295,10,-33,1076
4296,36,-6,1058
4297,15,-41,1080
4298,43,-18,1083
4299,25,-23,1059
4300,27,-25,1065
4301,33,-26,1082
4302,42,-20,1080
4303,21,-22,1061
4304,38,-24,1069
4305,18,-22,1085
4306,37,-22,1088
4307,29,-12,1086
4308,22,-22,1075
4309,40,-30,1076
4310,32,-15,1086
4311,45,-15,1074
4312,23,-21,1085
4313,25,-39,1095
4314,19,-18,1061
4315,24,-23,1079
4316,25,-23,1076
4317,19,-33,1082
4318,36,-7,1090
4319,5,-34,1071
4320,26,-24,1086
4321,29,0,1095
4322,26,-23,1077
4323,24,-34,1108
4324,35,-11,1081
4325,25,-23,1077
4326,43,-8,1073
4327,15,-30,1094
4328,38,-16,1069
4329,21,-30,1090
4330,49,-15,1082
4331,50,-6,1046
4332,22,-23,1094
4333,20,-20,1063
4334,50,-17,1081
4335,44,-37,1066
4336,25,-20,1067
4337,37,-21,1081
4338,33,-18,1066
4339,43,-4,1069
4340,1,-27,1078
4341,34,-22,1069
4342,24,-19,1069
4343,28,-17,1076
4344,25,-38,1081
4345,44,1,1056
4346,18,-43,1070
4347,47,11,1020
4348,13,-34,1074
4349,42,-5,1061
4350,42,-18,1062
4351,20,-32,1057
4352,32,-15,1063
4353,39,-18,1075
4354,20,-28,1084
4355,40,-21,1056
4356,10,-30,1066
4357,33,-16,1053
4358,14,-34,1062
4359,29,-4,1085
4360,26,-20,1039
4361,12,-37,1059
4362,44,-14,1047
4363,7,-43,1065
4364,47,-16,1047
4365,22,-42,1072
4366,59,-19,1040
4367,23,-31,1055
4368,37,-20,1087
4369,66,-9,1030
4370,14,-31,1075
4371,42,-20,1042
4372,35,-29,1055
4373,15,-48,1046
4374,41,-26,1030
4375,35,-18,1074
4376,35,-30,1043
4377,39,-26,1058
4378,36,0,1024
4379,5,-34,1057
4380,22,-17,1058
4381,47,-7,1060
4382,31,-21,1076
4383,34,-32,1059
4384,62,-15,1049
4385,28,-24,1058
4386,26,-25,1073
4387,38,-12,1065
4388,41,-24,1066
4389,29,-16,1051
4390,43,-26,1062
4391,54,-12,1049
4392,20,-32,1072
4393,39,-3,1057
4394,21,-29,1079
4395,25,-22,1051
4396,46,-18,1081
4397,31,-32,1059
4398,36,-22,1061
4399,27,-23,1063
4400,16,-18,1084
4401,27,-24,1097
4402,45,-13,1042
4403,18,-27,1087
4404,40,-23,1092
4405,35,-26,1058
4406,14,-17,1071
4407,54,-33,1069
4408,28,-21,1081
4409,25,-34,1084
4410,41,-17,1083
4411,38,-31,1071
4412,47,-17,1086
4413,34,-37,1103
4414,43,-17,1076
4415,37,-18,1084
4416,11,-29,1081
4417,20,-20,1098
4418,46,-19,1086
4419,39,-31,1092
4420,38,-18,1094
4421,22,-33,1096
4422,27,-16,1078
4423,11,-21,1077
4424,35,-9,1077
4425,45,-11,1084
4426,16,-34,1068
4427,25,-15,1078
4428,37,-13,1087
4429,42,-12,1083
4430,40,-28,1094
4431,22,-22,1081
4432,32,-25,1089
4433,37,-18,1083
4434,32,-11,1077
4435,30,-29,1079
4436,22,-17,1083
4437,34,-23,1077
4438,35,-21,1078
4439,46,-17,1079
4440,47,-27,1086
4441,28,-38,1082
4442,43,-20,1074
4443,30,-23,1066
4444,36,-20,1067
4445,42,-18,1051
4446,33,-20,1068
4447,24,-23,1053
4448,26,-21,1067
4449,40,-20,1079
4450,18,-23,1079
4451,51,-17,1077
4452,35,-28,1080
4453,37,-18,1058
4454,52,-25,1067
4455,32,-14,1060
4456,34,-25,1071
4457,30,-17,1103
4458,29,-27,1061
4459,47,-29,1079
4460,46,-27,1055
4461,22,-23,1068
4462,17,-44,1062
4463,43,-14,1065
4464,42,-31,1054
4465,37,-17,1073
4466,45,-19,1068
4467,26,-31,1083
4468,39,-17,1051
4469,18,-29,1072
4470,42,-18,1061
4471,20,-5,1065
4472,41,-29,1077
4473,32,-12,1071
4474,15,-34,1055
4475,45,-13,1052
4476,43,-10,1050
4477,51,-15,1053
4478,16,-33,1081
4479,47,-12,1063
4480,34,-20,1058
4481,43,-17,1080
4482,19,-39,1074
4483,49,-33,1068
4484,48,-13,1053
4485,27,-17,1062
4486,41,-15,1057
4487,39,-12,1066
4488,19,-27,1066
4489,43,-23,1055
4490,12,-36,1079
4491,33,-4,1050
4492,23,-19,1077
4493,36,-21,1063
4494,43,-28,1069
4495,23,-33,1071
4496,42,-36,1057
4497,23,-34,1062
4498,33,-38,1069
4499,40,-32,1064
4500,24,-31,1071
4501,32,-4,1071
4502,25,-26,1063
4503,30,-2,1063
4504,32,-22,1080
4505,24,-16,1076
4506,16,-24,1066
4507,23,-29,1076
4508,32,0,1067
4509,35,-20,1049
4510,25,-39,1089
4511,37,-2,1081
4512,47,-21,1085
4513,13,-37,1086
4514,38,-38,1072
4515,34,-36,1084
4516,40,-17,1067
4517,36,-39,1077
4518,31,-23,1080
4519,22,-14,1063
4520,40,-32,1069
4521,24,-12,1064
4522,40,-39,1087
4523,25,-34,1078
4524,52,-18,1087
4525,15,-33,1085
4526,30,-34,1055
4527,22,-41,1079
4528,23,-24,1087
4529,31,-14,1064
4530,3,-47,1102
4531,56,-12,1065
4532,11,-38,1081
4533,48,-15,1060
4534,31,-23,1085
4535,40,-18,1077
4536,31,-23,1094
4537,30,-20,1071
4538,30,-19,1084
4539,19,-20,1076
4540,17,-41,1073
4541,38,-22,1077
4542,21,-31,1100
4543,38,-19,1057
4544,-1,-40,1092
4545,43,-25,1077
4546,32,-28,1087
4547,37,-17,1038
4548,37,-24,1072
4549,14,-30,1071
4550,35,-27,1062
4551,13,-19,1069
4552,42,-22,1087
4553,28,-19,1088
4554,36,-15,1079
4555,11,-33,1060
4556,44,-32,1045
4557,26,-35,1063
4558,24,-17,1058
4559,26,-26,1060
4560,7,-20,1069
4561,36,-11,1049
4562,10,-39,1078
4563,38,-21,1081
4564,29,-27,1053
4565,34,-34,1058
4566,42,-21,1056
4567,9,-25,1080
4568,28,-12,1037
4569,40,-11,1064
4570,34,-37,1070
4571,40,0,1061
4572,31,-23,1025
4573,34,-34,1066
4574,18,-40,1071
4575,49,-12,1060
4576,37,-12,1058
4577,28,-38,1073
4578,45,0,1061
4579,31,-34,1050
4580,42,-6,1066
4581,34,-33,1062
4582,37,-14,1053
4583,27,-21,1047
4584,23,-21,1068
4585,31,-23,1074
4586,35,-29,1046
4587,23,-28,1062
4588,42,-6,1056
4589,41,-26,1062
4590,39,-20,1056
4591,32,-19,1065
4592,35,-16,1068
4593,44,-20,1071
4594,19,-26,1071
4595,42,-27,1065
4596,35,-34,1083
4597,38,-8,1063
4598,0,-44,1077
4599,43,-27,1086
4600,13,-26,1083
4601,23,-33,1065
4602,24,-24,1064
4603,28,-39,1077
4604,31,-14,1068
4605,38,-26,1076
4606,31,-26,1077
4607,23,-41,1073
4608,42,-23,1081
4609,27,-45,1067
4610,17,-20,1059
4611,38,-31,1082
4612,30,-22,1073
4613,18,-38,1072
4614,34,-18,1079
4615,43,-23,1064
4616,43,-15,1077
4617,23,-25,1067
4618,40,-9,1083
4619,22,-22,1090
4620,40,-28,1075
4621,18,-16,1078
4622,32,-23,1064
4623,34,-17,1076
4624,34,-20,1053
4625,31,-22,1070
4626,46,-17,1080
4627,25,-17,1081
4628,40,-31,1080
4629,41,-22,1086
4630,18,-29,1090
4631,39,-41,1074
4632,37,-23,1061
4633,30,-24,1088
4634,7,-37,1088
4635,25,-1,1077
4636,34,-28,1071
4637,31,-23,1068
4638,36,-21,1060
4639,40,-21,1067
4640,25,-32,1094
4641,20,-32,1079
4642,52,-5,1062
4643,25,-23,1045
4644,24,-18,1057
4645,22,-29,1073
4646,34,-6,1063
4647,26,-34,1061
4648,15,-25,1088
4649,37,-17,1063
4650,41,-21,1056
4651,25,-15,1063
4652,28,-20,1070
4653,25,-33,1092
4654,50,-13,1093
4655,26,-29,1049
4656,21,-42,1069
4657,28,-31,1080
4658,37,-18,1055
4659,17,-39,1081
4660,37,-9,1057
4661,23,-35,1074
4662,19,-25,1052
4663,26,-19,1057
4664,37,-14,1072
4665,40,-35,1063
4666,15,-32,1080
4667,41,-13,1076
4668,25,-28,1063
4669,30,-20,1070
4670,22,-13,1062
4671,14,-29,1064
4672,28,-14,1071
4673,31,-26,1062
4674,43,-20,1093
4675,20,-20,1075
4676,21,-28,1079
4677,14,-26,1064
4678,31,-14,1064
4679,34,-34,1059
4680,25,-17,1049
4681,33,-33,1078
4682,36,-26,1083
4683,47,-24,1067
4684,29,-20,1074
4685,30,-41,1057
4686,31,-12,1068
4687,39,-30,1058
4688,5,-21,1080
4689,33,-33,1078
4690,38,-14,1065
4691,44,-18,1067
4692,31,-10,1053
4693,15,-53,1067
4694,34,-14,1054
4695,27,-34,1083
4696,40,-16,1076
4697,28,-24,1093
4698,25,-25,1091
4699,22,-34,1091
4700,47,-14,1072
4701,29,-28,1088
4702,43,3,1057
4703,40,-29,1081
4704,20,-21,1073
4705,34,-13,1092
4706,28,-25,1075
4707,38,-23,1073
4708,18,-28,1081
4709,43,-27,1085
4710,19,-24,1077
4711,36,-16,1073
4712,40,-13,1067
4713,37,-12,1075
4714,36,-24,1092
4715,19,3,1088
4716,42,-17,1077
4717,8,-24,1087
4718,34,-20,1072
4719,37,-23,1072
4720,42,-30,1086
4721,33,-14,1082
4722,46,-16,1087
4723,30,-38,1095
4724,32,-17,1065
4725,39,-15,1068
4726,38,-10,1075
4727,49,-5,1059
4728,27,-33,1091
4729,25,-23,1078
4730,38,-13,1066
4731,5,-37,1067
4732,40,-21,1077
4733,45,-32,1067
4734,22,-25,1084
4735,52,-37,1078
4736,16,-8,1070
4737,44,-27,1066
4738,9,-14,1074
4739,43,-28,1078
4740,28,-15,1063
4741,21,-29,1072
4742,33,-36,1062
4743,33,-17,1074
4744,44,-25,1066
4745,7,-46,1081
4746,41,-9,1082
4747,37,-18,1059
4748,35,-26,1056
4749,33,-13,1059
4750,38,-39,1060
4751,37,-13,1062
4752,39,-27,1053
4753,33,-23,1053
4754,32,-27,1061
4755,18,-34,1070
4756,51,-23,1063
4757,26,-29,1062
4758,36,-18,1067
4759,25,-36,1063
4760,31,-17,1057
4761,49,-9,1044
4762,20,-35,1060
4763,36,-25,1070
4764,37,-21,1065
4765,40,-31,1073
4766,28,-17,1054
4767,23,-25,1052
4768,34,-28,1078
4769,36,-15,1087
4770,25,-29,1062
4771,44,-6,1058
4772,15,-42,1067
4773,39,-24,1042
4774,25,-17,1063
4775,4,-28,1052
4776,30,-26,1067
4777,24,-8,1064
4778,21,-27,1073
4779,27,-30,1065
4780,25,-25,1069
4781,23,-12,1052
4782,3,-28,1069
4783,51,-9,1044
4784,10,-30,1070
4785,33,0,1045
4786,30,-39,1046
4787,30,-17,1058
4788,23,-20,1066
4789,38,-24,1068
4790,37,-18,1075
4791,11,-35,1057
4792,38,-19,1049
4793,34,-26,1055
4794,33,-21,1052
4795,35,-20,1079
4796,17,-10,1094
4797,15,-30,1098
4798,31,-27,1064
4799,26,-22,1070
4800,31,-27,1057
4801,45,-20,1057
4802,25,-13,1084
4803,33,-17,1062
4804,30,-25,1071
4805,32,-19,1065
4806,35,-35,1068
4807,37,-17,1079
4808,39,-23,1077
4809,22,-36,1082
4810,35,-28,1063
4811,34,-25,1083
4812,49,-23,1094
4813,24,-10,1059
4814,41,-22,1083
4815,26,-20,1079
4816,20,-31,1082
4817,56,-11,1077
4818,28,-9,1077
4819,42,-27,1086
4820,43,-20,1075
4821,4,-27,1081
4822,41,-33,1065
4823,7,-31,1097
4824,43,-28,1065
4825,45,-28,1091
4826,22,-38,1082
4827,18,-27,1092
4828,34,-26,1074
4829,45,-36,1090
4830,19,-34,1063
4831,43,-1,1060
4832,38,-40,1088
4833,27,-23,1067
4834,36,-23,1078
4835,41,-28,1069
4836,32,-22,1088
4837,34,-15,1094
4838,7,-2,1097
4839,48,-32,1070
4840,32,-14,1060
4841,28,-23,1075
4842,50,-10,1064
4843,34,-33,1082
4844,53,-13,1052
4845,38,-31,1074
4846,36,-26,1078
4847,32,-27,1083
4848,24,-15,1067
4849,24,-22,1077
4850,38,-26,1057
4851,38,-24,1077
4852,33,-29,1059
4853,32,-32,1052
4854,20,-35,1066
4855,28,-20,1074
4856,48,-20,1066
4857,19,-33,1092
4858,44,-13,1051
4859,20,-40,1090
4860,43,-14,1071
4861,35,-22,1051
4862,33,-24,1072
4863,27,-26,1056
4864,25,-29,1069
4865,28,-23,1063
4866,32,-42,1062
4867,43,0,1074
4868,15,-36,1067
4869,31,-16,1072
4870,40,-19,1069
4871,41,-29,1071
4872,17,-31,1063
4873,44,-11,1052
4874,27,-35,1060
4875,29,-40,1060
4876,39,-24,1051
4877,26,-28,1062
4878,36,-25,1071
4879,32,-12,1068
4880,34,-41,1075
4881,30,-5,1059
4882,30,-35,1094
4883,31,-21,1058
4884,19,-22,1054
4885,38,-17,1045
4886,31,-18,1063
4887,38,-19,1057
4888,27,-29,1069
4889,23,-13,1078
4890,26,-11,1046
4891,39,-29,1081
4892,50,3,1072
4893,18,-40,1080
4894,31,-16,1045
4895,31,-31,1064
4896,18,-26,1070
4897,42,-38,1074
4898,40,-20,1075
4899,18,-30,1074
4900,38,-25,1080
4901,18,-16,1058
4902,40,-20,1066
4903,43,-20,1080
4904,15,-30,1096
4905,38,-15,1071
4906,26,-12,1088
4907,40,2,1061
4908,-3,-43,1075
4909,42,-1,1081
4910,16,-41,1088
4911,32,-20,1079
4912,38,-29,1063
4913,31,-15,1093
4914,32,-39,1063
4915,46,-17,1071
4916,37,-9,1094
4917,34,-24,1099
4918,47,-17,1081
4919,30,-33,1082
4920,38,-12,1081
4921,50,-22,1071
4922,23,-14,1084
4923,17,-38,1086
4924,23,-32,1070
4925,36,-18,1064
4926,24,-34,1090
4927,29,-27,1072
4928,28,-24,1062
4929,21,-35,1101
4930,21,-6,1068
4931,13,-30,1097
4932,53,-8,1057
4933,22,-33,1079
4934,15,-33,1087
4935,42,-33,1070
4936,44,-26,1076
4937,23,-20,1085
4938,26,-30,1089
4939,36,-33,1078
4940,36,-16,1072
4941,20,-20,1077
4942,37,-18,1071
4943,35,-11,1054
4944,37,-22,1065
4945,33,-20,1084
4946,27,-39,1082
4947,8,-19,1097
4948,24,-28,1098
4949,35,-1,1063
4950,7,-31,1079
4951,38,-24,1065
4952,30,-28,1053
4953,50,-5,1045
4954,8,-36,1060
4955,35,-20,1076
4956,20,-37,1075
4957,42,-10,1055
4958,13,-22,1097
4959,27,-18,1076
4960,18,-27,1069
4961,43,-21,1045
4962,36,-28,1054
4963,32,-16,1050
4964,21,-30,1070
4965,23,-22,1030
4966,13,-38,1051
4967,42,-20,1061
4968,35,-14,1060
4969,53,-30,1047
4970,27,-34,1065
4971,25,-27,1053
4972,37,-8,1041
4973,32,-18,1050
4974,36,-32,1038
4975,49,-25,1051
4976,32,-24,1060
4977,43,-24,1058
4978,40,-34,1037
4979,20,-27,1085
4980,41,-28,1059
4981,28,-40,1037
4982,36,-20,1035
4983,40,-43,1050
4984,49,-1,1051
4985,18,-32,1061
4986,38,-27,1062
4987,36,-15,1078
4988,40,-16,1075
4989,32,-34,1055
4990,53,-20,1028
4991,32,-18,1042
4992,36,-32,1051
4993,25,-11,1041
4994,30,-13,1071
4995,35,-15,1086
4996,28,-26,1075
4997,25,-17,1068
4998,25,-18,1061
4999,39,-31,1077
5000,26,-38,1070
5001,36,-25,1074
5002,35,-13,1055
5003,33,-27,1059
5004,30,-23,1064
5005,49,-31,1074
5006,19,-8,1070
5007,31,-36,1070
5008,31,-24,1062
5009,41,-21,1055
5010,44,-34,1082
5011,27,-23,1070
5012,6,-31,1086
5013,42,-22,1045
5014,19,-20,1085
5015,33,-20,1062
5016,19,-29,1088
5017,31,-21,1069
5018,32,-17,1073
5019,39,-28,1078
5020,33,-34,1071
5021,41,-24,1064
5022,13,-37,1082
5023,27,-9,1069
5024,34,-19,1068
5025,39,-37,1062
5026,20,-33,1078
5027,37,-34,1092
5028,30,-26,1085
5029,35,-12,1075
5030,30,-32,1066
5031,38,-14,1073
5032,35,-22,1073
5033,32,-16,1077
5034,26,-27,1081
5035,30,-40,1092
5036,32,-29,1077
5037,23,-30,1081
5038,12,-33,1088
5039,33,-19,1074
5040,32,-19,1057
5041,22,-29,1079
5042,25,-22,1073
5043,29,-34,1051
5044,25,-21,1066
5045,37,-26,1080
5046,27,-22,1069
5047,23,-25,1069
5048,32,-21,1060
5049,35,-21,1092
5050,25,-20,1084
5051,37,-16,1055
5052,31,-18,1070
5053,36,-35,1084
5054,40,0,1059
5055,26,-28,1071
5056,28,-28,1068
5057,33,-3,1060
5058,11,-39,1078
5059,40,0,1076
5060,11,-41,1092
5061,29,-27,1064
5062,32,-42,1065
5063,40,-26,1084
5064,34,-23,1083
5065,31,-31,1063
5066,45,-3,1052
5067,27,-32,1075
5068,21,-13,1055
5069,36,-27,1082
5070,41,-12,1065
5071,20,-28,1059
5072,55,-4,1043
5073,12,-23,1061
5074,26,-37,1083
5075,29,-10,1061
5076,25,-26,1064
5077,27,-18,1044
5078,36,-13,1080
5079,22,-23,1073
5080,40,-10,1068
5081,27,-24,1070
5082,35,-22,1064
5083,22,-19,1086
5084,26,-43,1073
5085,26,-27,1078
5086,35,-13,1065
5087,32,-38,1083
5088,32,-17,1067
5089,25,-18,1062
5090,44,-19,1080
5091,7,-46,1086
5092,38,4,1060
5093,4,-32,1083
5094,26,-21,1053
5095,32,-18,1073
5096,25,-27,1071
5097,40,-19,1073
5098,22,-24,1070
5099,53,-33,1064
5100,26,-26,1065
5101,40,-34,1056
5102,19,-36,1076
5103,30,-35,1089
5104,42,-20,1091
5105,19,-40,1088
5106,40,-23,1052
5107,33,-19,1079
5108,-5,-40,1068
5109,51,-20,1070
5110,8,-25,1086
5111,31,-20,1068
5112,16,-20,1070
5113,46,-13,1082
5114,31,-14,1089
5115,18,-46,1075
5116,31,-11,1075
5117,22,-16,1067
5118,30,-27,1093
5119,35,-17,1069
5120,34,-20,1078
5121,44,-34,1070
5122,0,-39,1087
5123,41,-12,1086
5124,20,-34,1087
5125,44,-8,1067
5126,16,-42,1086
5127,26,-12,1089
5128,15,-38,1089
5129,56,-9,1046
5130,12,-44,1082
5131,46,-25,1062
5132,7,-42,1082
5133,38,-17,1080
5134,20,-24,1068
5135,32,-20,1081
5136,14,-27,1069
5137,31,-21,1074
5138,42,-23,1074
5139,34,-30,1068
5140,18,-38,1088
5141,46,-24,1049
5142,38,-17,1069
5143,31,-31,1086
5144,38,-23,1070
5145,32,-17,1088
5146,39,-21,1055
5147,34,-30,1052
5148,24,-29,1063
5149,37,-4,1061
5150,15,-34,1087
5151,23,-33,1064
5152,26,-24,1070
5153,37,-29,1077
5154,22,-19,1075
5155,37,-16,1077
5156,49,-16,1053
5157,28,-25,1054
5158,40,-30,1043
5159,34,-31,1061
5160,43,-10,1052
5161,19,-48,1073
5162,25,-34,1069
5163,28,-23,1069
5164,36,-39,1074
5165,34,-15,1069
5166,21,-44,1069
5167,36,-23,1037
5168,27,-17,1048
5169,27,-21,1065
5170,22,-46,1043
5171,33,-18,1061
5172,30,-26,1068
5173,38,-19,1070
5174,27,-20,1072
5175,38,-26,1054
5176,32,-22,1048
5177,20,-22,1058
5178,40,-17,1032
5179,31,-23,1062
5180,10,-19,1073
5181,45,-20,1074
5182,35,-24,1074
5183,32,-26,1081
5184,34,-10,1058
5185,32,-27,1065
5186,6,-26,1063
5187,31,-14,1049
5188,32,-30,1068
5189,27,-14,1057
5190,26,-27,1062
5191,20,-32,1092
5192,25,-28,1054
5193,38,-12,1064
5194,29,-14,1056
5195,20,-23,1077
5196,33,-38,1091
5197,34,-20,1078
5198,42,-20,1045
5199,21,-28,1074
5200,26,-24,1075
5201,40,-21,1077
5202,41,-27,1074
5203,36,-17,1070
5204,27,-20,1064
5205,45,-17,1053
5206,21,-29,1067
5207,45,-7,1056
5208,8,-49,1076
5209,38,-12,1063
5210,31,-40,1086
5211,42,-13,1066
5212,20,-34,1121
5213,35,0,1057
5214,25,-28,1079
5215,35,-7,1057
5216,43,-22,1068
5217,26,-34,1080
5218,35,-35,1076
5219,20,-32,1089
5220,35,-21,1094
5221,33,-29,1074
5222,40,-16,1084
5223,30,-20,1077
5224,35,-32,1058
5225,46,1,1075
5226,37,-25,1087
5227,43,-20,1071
5228,37,-20,1056
5229,16,-38,1088
5230,46,-16,1075
5231,35,-36,1079
5232,35,-29,1084
5233,31,-27,1075
5234,27,-12,1062
5235,45,-27,1049
5236,28,-19,1061
5237,10,-27,1070
5238,48,-14,1088
5239,9,-30,1087
5240,42,-18,1067
5241,12,-36,1068
5242,25,-25,1070
5243,21,-16,1054
5244,26,-26,1055
5245,40,-15,1068
5246,27,-27,1077
5247,62,-21,1058
5248,15,-29,1083
5249,40,-7,1075
5250,41,-15,1046
5251,39,-19,1069
5252,43,-8,1070
5253,47,-18,1074
5254,20,-38,1078
5255,49,-7,1051
5256,16,-31,1060
5257,33,-34,1064
5258,25,-28,1081
5259,23,0,1066
5260,38,-22,1076
5261,23,-9,1076
5262,24,-41,1075
5263,47,-15,1048
5264,15,-28,1064
5265,48,-22,1070
5266,28,0,1076
5267,23,-32,1075
5268,33,-7,1055
5269,36,-16,1080
5270,34,-20,1059
5271,32,-22,1054
5272,36,-9,1043
5273,25,-24,1073
5274,33,-10,1067
5275,28,-38,1075
5276,40,-12,1074
5277,57,-23,1064
5278,27,-12,1074
5279,51,-24,1067
5280,14,-28,1073
5281,38,-13,1051
5282,25,-21,1075
5283,19,-44,1086
5284,35,-19,1063
5285,23,-16,1079
5286,38,-25,1056
5287,20,-27,1071
5288,44,-22,1080
5289,33,-21,1070
5290,36,-20,1070
5291,30,-30,1052
5292,33,-19,1088
5293,43,-28,1060
5294,31,-39,1093
5295,39,-18,1066
5296,34,-27,1084
5297,9,-11,1074
5298,38,-16,1076
5299,17,-12,1077
5300,42,-17,1062
5301,20,-22,1072
5302,35,-10,1066
5303,48,-19,1070
5304,13,-32,1069
5305,44,-20,1084
5306,23,-23,1084
5307,47,-20,1085
5308,7,-40,1098
5309,43,-20,1081
5310,17,-22,1096
5311,28,-29,1092
5312,32,-9,1066
5313,16,-41,1077
5314,42,-24,1076
5315,21,-21,1083
5316,46,-2,1089
5317,21,-35,1070
5318,36,-16,1082
5319,17,-18,1072
5320,21,-31,1095
5321,37,-18,1082
5322,13,-20,1082
5323,36,-16,1090
5324,25,-23,1082
5325,57,-16,1066
5326,23,-21,1076
5327,37,-20,1064
5328,28,-17,1063
5329,35,-24,1075
5330,42,-11,1057
5331,22,-37,1086
5332,50,-1,1060
5333,18,-43,1086
5334,22,-23,1069
5335,38,-12,1085
5336,35,-22,1073
5337,28,-27,1056
5338,25,-22,1075
5339,26,-22,1078
5340,16,-18,1078
5341,29,-15,1076
5342,39,-29,1058
5343,36,-18,1051
5344,19,-39,1106
5345,50,-12,1056
5346,35,-12,1089
5347,20,-21,1096
5348,28,-23,1061
5349,37,-15,1071
5350,33,-34,1081
5351,23,-9,1078
5352,24,-23,1071
5353,15,-22,1069
5354,15,-17,1069
5355,29,-31,1062
5356,34,-19,1069
5357,20,-44,1077
5358,41,-16,1048
5359,16,-35,1057
5360,36,-23,1040
5361,27,-30,1079
5362,47,-8,1051
5363,35,-31,1077
5364,20,-27,1069
5365,40,-26,1080
5366,30,-11,1056
5367,22,-39,1057
5368,43,-13,1077
5369,48,-12,1056
5370,4,-20,1077
5371,50,-19,1054
5372,32,-28,1070
5373,18,-23,1079
5374,43,-16,1048
5375,17,-50,1061
5376,37,-6,1059
5377,32,-26,1075
5378,28,-17,1070
5379,50,-3,1052
5380,13,-38,1049
5381,33,-13,1060
5382,53,-11,1036
5383,29,-38,1051
5384,28,-20,1051
5385,29,-23,1044
5386,46,-8,1082
5387,40,-20,1076
5388,5,-32,1071
5389,40,-23,1066
5390,35,-14,1057
5391,37,-23,1075
5392,18,-21,1055
5393,35,-34,1051
5394,42,-17,1055
5395,28,-39,1060
5396,26,-20,1083
5397,63,-9,1054
5398,30,-38,1081
5399,31,-24,1063
5400,41,-15,1064
5401,15,-34,1077
5402,60,-12,1057
5403,10,-34,1093
5404,43,-13,1065
5405,13,-21,1074
5406,47,-18,1060
5407,32,-32,1071
5408,31,-22,1061
5409,35,-24,1058
5410,28,-24,1069
5411,32,-31,1065
5412,14,-40,1059
5413,60,-23,1063
5414,38,-17,1058
5415,25,-30,1077
5416,33,-17,1085
5417,39,0,1087
5418,38,-17,1072
5419,45,-22,1077
5420,35,-30,1076
5421,31,-29,1082
5422,38,-6,1065
5423,30,-13,1076
5424,12,-39,1090
5425,51,-2,1056
5426,12,-40,1103
5427,31,-12,1066
5428,20,-26,1077
5429,39,-14,1077
5430,38,-25,1073
5431,24,-16,1071
5432,54,-35,1076
5433,18,-18,1093
5434,45,-26,1076
5435,29,-20,1069
5436,32,-23,1085
5437,33,-20,1070
5438,17,-35,1078
5439,25,-27,1052
5440,40,-16,1089
5441,25,-40,1076
5442,39,-19,1078
5443,38,-20,1067
5444,31,-32,1083
5445,32,-4,1080
5446,21,-34,1077
5447,52,-6,1061
5448,40,-19,1057
5449,39,-22,1078
5450,27,-23,1055
5451,35,-10,1059
5452,10,-54,1090
5453,43,4,1052
5454,24,-36,1067
5455,25,-21,1067
5456,34,-15,1068
5457,32,-35,1084
5458,26,-27,1043
5459,35,-16,1071
5460,27,-20,1065
5461,48,-21,1052
5462,22,-39,1054
5463,32,-33,1064
5464,38,-34,1058
5465,38,-14,1046
5466,15,-17,1052
5467,23,-29,1052
5468,20,-17,1090
5469,43,-17,1070
5470,43,-11,1050
5471,28,-36,1052
5472,37,-16,1063
5473,24,-26,1056
5474,39,-23,1074
5475,25,-27,1044
5476,26,-38,1080
5477,32,-28,1039
5478,20,-31,1072
5479,32,-34,1067
5480,45,-29,1061
5481,25,-22,1075
5482,27,-25,1082
5483,31,-19,1048
5484,21,-22,1093
5485,40,-15,1058
5486,39,-32,1078
5487,32,-16,1060
5488,29,-34,1063
5489,49,2,1060
5490,37,-39,1087
5491,37,-12,1056
5492,46,-23,1055
5493,40,-36,1063
5494,36,-11,1070
5495,28,-29,1055
5496,20,-20,1082
5497,29,-11,1064
5498,28,-31,1064
5499,35,-16,1066
5500,20,-25,1075
5501,40,-8,1072
5502,34,-20,1093
5503,18,-36,1086
5504,41,-6,1079
5505,31,-36,1067
5506,33,-22,1096
5507,24,-23,1067
5508,61,-23,1074
5509,40,-5,1066
5510,29,-50,1077
5511,46,0,1068
5512,22,-28,1070
5513,43,-22,1079
5514,34,-30,1074
5515,39,-24,1098
5516,35,-19,1069
5517,10,-38,1095
5518,32,-8,1053
5519,36,-28,1088
5520,28,-30,1093
5521,55,-18,1058
5522,24,-36,1082
5523,62,-14,1066
5524,31,-26,1094
5525,39,-9,1085
5526,22,-9,1077
5527,19,-23,1084
5528,35,-10,1091
5529,27,-25,1077
5530,18,-30,1093
5531,41,-21,1071
5532,7,-30,1092
5533,28,-13,1074
5534,23,-20,1074
5535,34,-26,1098
5536,24,-30,1077
5537,37,-15,1089
5538,12,-32,1083
5539,25,-12,1067
5540,31,-23,1073
5541,11,-21,1071
5542,14,-39,1104
5543,31,-33,1062
5544,11,-47,1074
5545,38,-1,1044
5546,24,-29,1091
5547,20,-25,1076
5548,43,-25,1057
5549,17,-23,1078
5550,29,-23,1069
5551,27,-18,1064
5552,12,-31,1061
5553,25,-27,1059
5554,19,-29,1067
5555,26,-12,1068
5556,40,-32,1090
5557,24,-38,1083
5558,44,-14,1057
5559,24,-17,1058
5560,38,-28,1070
5561,16,-13,1056
5562,33,-32,1062
5563,30,-15,1059
5564,37,-19,1037
5565,25,-3,1052
5566,35,-21,1055
5567,26,-33,1076
5568,29,-20,1036
5569,39,-33,1070
5570,29,-23,1052
5571,42,-17,1065
5572,21,-25,1070
5573,38,-22,1067
5574,44,-35,1070
5575,23,-19,1068
5576,46,-12,1036
5577,16,-41,1093
5578,40,-17,1042
5579,22,-42,1076
5580,43,-8,1072
5581,50,-22,1070
5582,32,-13,1062
5583,40,-34,1068
5584,30,-6,1051
5585,31,-23,1060
5586,42,-23,1057
5587,24,-9,1087
5588,39,-10,1060
5589,25,-27,1061
5590,16,-30,1048
5591,38,-4,1053
5592,25,-42,1065
5593,26,-38,1083
5594,43,-7,1051
5595,10,-21,1070
5596,50,-27,1058
5597,13,-23,1083
5598,38,-23,1065
5599,36,-23,1079
5600,21,-36,1061
5601,25,-20,1058
5602,23,-24,1080
5603,30,-27,1049
5604,23,-11,1093
5605,41,-30,1079
5606,26,-25,1057
5607,29,-23,1047
5608,30,-24,1084
5609,20,-37,1054
5610,36,-19,1073
5611,42,-12,1060
5612,28,-26,1085
5613,22,-21,1082
5614,7,-36,1095
5615,42,0,1055
5616,14,-33,1074
5617,40,1,1071
5618,28,-39,1086
5619,43,-21,1077
5620,47,-27,1095
5621,36,-13,1077
5622,26,-38,1087
5623,18,-15,1076
5624,38,-23,1064
5625,25,-15,1077
5626,20,-26,1073
5627,28,-12,1066
5628,30,-36,1086
5629,26,-16,1077
5630,30,-16,1096
5631,50,-13,1057
5632,19,-30,1077
5633,26,-20,1076
5634,23,-16,1077
5635,25,-36,1077
5636,30,-14,1083
5637,21,-23,1062
5638,26,-28,1064
5639,28,-15,1056
5640,37,-20,1058
5641,28,-21,1069
5642,57,-19,1068
5643,24,-27,1082
5644,41,-13,1075
5645,8,-41,1077
5646,43,-6,1075
5647,16,-42,1089
5648,59,-8,1073
5649,31,-29,1074
5650,20,-14,1076
5651,37,-23,1067
5652,32,-22,1063
5653,31,-18,1072
5654,42,-4,1038
5655,17,-45,1059
5656,35,-16,1063
5657,40,-13,1071
5658,21,-26,1077
5659,25,-15,1053
5660,37,-17,1063
5661,16,-36,1080
5662,43,-11,1072
5663,26,-39,1066
5664,39,-23,1061
5665,41,-12,1063
5666,36,-28,1065
5667,40,-23,1060
5668,34,-19,1077
5669,22,-23,1083
5670,22,-24,1079
5671,30,-18,1056
5672,42,-15,1060
5673,0,-49,1072
5674,52,-9,1055
5675,32,-42,1075
5676,36,-5,1049
5677,45,-18,1064
5678,30,-6,1065
5679,39,-21,1076
5680,41,-16,1038
5681,22,-47,1057
5682,23,-28,1074
5683,38,-17,1064
5684,25,-23,1057
5685,13,-34,1094
5686,32,-24,1052
5687,29,-15,1075
5688,18,-33,1077
5689,49,-7,1062
5690,24,-39,1065
5691,38,-27,1066
5692,21,-11,1046
5693,34,-24,1059
5694,30,-16,1075
5695,28,-31,1087
5696,36,-26,1075
5697,36,-20,1063
5698,26,-22,1085
5699,51,-21,1062
5700,13,-23,1081
5701,38,-26,1075
5702,19,-34,1091
5703,39,-20,1062
5704,22,-37,1089
5705,32,-15,1072
5706,43,-36,1076
5707,13,-25,1083
5708,20,-35,1087
5709,46,-2,1064
5710,19,-28,1090
5711,33,0,1079
5712,20,-33,1078
5713,39,-4,1075
5714,20,-26,1089
5715,38,-25,1064
5716,31,-39,1082
5717,33,-25,1063
5718,30,-17,1065
5719,3,-25,1079
5720,52,-24,1066
5721,21,-14,1089
5722,32,-39,1093
5723,31,-23,1079
5724,27,-24,1089
5725,32,-20,1058
5726,37,-31,1073
5727,26,-39,1082
5728,61,-7,1067
5729,33,-16,1089
5730,28,-28,1085
5731,32,-9,1082
5732,20,-29,1072
5733,19,-31,1093
5734,33,-17,1080
5735,25,-38,1082
5736,37,-34,1077
5737,31,-15,1074
5738,24,-29,1082
5739,41,0,1049
5740,14,-23,1095
5741,41,-17,1083
5742,21,-24,1086
5743,44,-1,1069
5744,13,-39,1111
5745,46,-4,1050
5746,5,-42,1094
5747,38,-12,1057
5748,27,-23,1092
5749,43,-13,1064
5750,19,-25,1074
5751,12,-27,1070
5752,37,-23,1072
5753,25,-20,1067
5754,40,-20,1068
5755,22,-7,1068
5756,34,-15,1056
5757,42,-20,1059
5758,42,-31,1075
5759,31,-20,1054
5760,35,-18,1081
5761,34,-28,1048
5762,21,-24,1076
5763,16,-18,1068
5764,25,-26,1053
5765,24,-26,1068
5766,43,-14,1048
5767,25,-24,1068
5768,21,-20,1078
5769,31,-31,1068
5770,41,-22,1074
5771,42,-25,1077
5772,39,-21,1083
5773,35,-27,1083
5774,40,-26,1074
5775,35,-44,1070
5776,24,-39,1083
5777,38,-20,1057
5778,22,-37,1067
5779,22,-33,1057
5780,34,-8,1060
5781,36,-38,1069
5782,22,-7,1058
5783,39,-36,1067
5784,32,-30,1060
5785,34,-20,1057
5786,20,-38,1071
5787,32,-10,1049
5788,24,-14,1058
5789,41,-28,1056
5790,33,-8,1048
5791,41,-41,1080
5792,32,-13,1051
5793,23,-44,1087
5794,36,-1,1057
5795,39,-41,1069
5796,8,-31,1097
5797,40,-13,1072
5798,40,-27,1056
5799,31,-21,1061
5800,29,-24,1068
5801,27,-30,1061
5802,40,-12,1063
5803,28,-36,1081
5804,37,-20,1064
5805,31,-32,1070
5806,41,-16,1092
5807,37,-36,1063
5808,49,-31,1062
5809,20,-16,1063
5810,16,-34,1067
5811,45,-18,1068
5812,42,-37,1064
5813,25,-33,1052
5814,35,-21,1056
5815,20,-14,1046
5816,44,-20,1083
5817,33,-29,1057
5818,37,-17,1076
5819,19,-24,1074
5820,54,-15,1055
5821,0,-27,1092
5822,52,-28,1067
5823,20,-23,1073
5824,29,-14,1072
5825,45,-11,1076
5826,21,-22,1078
5827,30,-29,1100
5828,29,-23,1076
5829,23,-25,1100
5830,36,-30,1074
5831,0,-26,1089
5832,40,-34,1042
5833,35,-15,1067
5834,31,-24,1057
5835,31,-42,1088
5836,33,-18,1041
5837,18,-30,1094
5838,28,-23,1054
5839,43,-8,1069
5840,26,-27,1077
5841,37,-3,1060
5842,21,-29,1074
5843,37,-23,1073
5844,18,-28,1083
5845,36,-14,1056
5846,35,-29,1064
5847,28,-22,1068
5848,17,-26,1070
5849,53,-10,1080
5850,21,-21,1087
5851,50,-9,1079
5852,15,-22,1095
5853,37,-10,1069
5854,22,-34,1087
5855,20,-26,1078
5856,8,-33,1084
5857,39,-20,1063
5858,40,-8,1064
5859,17,-29,1074
5860,21,-16,1050
5861,33,-47,1076
5862,66,-8,1062
5863,24,-34,1086
5864,25,-28,1068
5865,15,-19,1095
5866,26,-18,1077
5867,12,-43,1083
5868,36,0,1025
5869,27,-37,1050
5870,31,-7,1052
5871,42,-23,1074
5872,34,-23,1066
5873,19,-23,1077
5874,30,-17,1081
5875,11,-17,1071
5876,34,-14,1047
5877,21,-39,1098
5878,46,-2,1044
5879,23,-30,1085
5880,41,-14,1063
5881,49,-11,1050
5882,20,-30,1070
5883,43,-12,1058
5884,36,-25,1055
5885,31,-18,1079
5886,49,-19,1081
5887,11,-17,1072
5888,38,-21,1074
5889,29,-16,1055
5890,13,-35,1068
5891,44,-18,1067
5892,12,-23,1070
5893,23,-28,1082
5894,28,-15,1074
5895,35,-39,1069
5896,40,0,1059
5897,7,-44,1060
5898,61,-8,1066
5899,38,-21,1059
5900,31,-31,1068
5901,20,-9,1074
5902,31,-18,1050
5903,5,-39,1071
5904,31,-17,1058
5905,36,-10,1073
5906,37,-33,1074
5907,22,-34,1080
5908,49,-14,1053
5909,23,-30,1089
5910,22,-13,1086
5911,39,-13,1060
5912,26,-12,1077
5913,35,-28,1082
5914,39,-13,1067
5915,28,-33,1085
5916,49,-4,1070
5917,13,-45,1091
5918,32,-5,1074
5919,27,-33,1076
5920,37,-14,1056
5921,28,-43,1068
5922,40,-20,1089
5923,34,-7,1077
5924,43,-17,1099
5925,16,-20,1089
5926,45,-8,1062
5927,10,-26,1082
5928,39,-16,1060
5929,16,-22,1072
5930,34,-31,1091
5931,43,-10,1064
5932,20,-34,1068
5933,19,-33,1085
5934,40,-10,1062
5935,40,-34,1074
5936,28,-12,1083
5937,8,-29,1074
5938,44,-2,1071
5939,20,-7,1066
5940,57,-23,1083
5941,38,-13,1091
5942,20,-28,1059
5943,47,-24,1100
5944,37,-24,1067
5945,25,-14,1054
5946,33,-44,1063
5947,39,-29,1072
5948,36,-16,1094
5949,48,-17,1077
5950,37,-17,1052
5951,29,-42,1072
5952,42,-19,1071
5953,40,-6,1075
5954,13,-47,1086
5955,41,-15,1063
5956,26,-32,1074
5957,31,-17,1064
5958,32,-29,1059
5959,40,-29,1061
5960,46,-22,1072
5961,27,-30,1054
5962,43,-25,1047
5963,14,-36,1080
5964,43,-10,1053
5965,42,-53,1064
5966,43,-12,1086
5967,47,-15,1059
5968,10,-20,1074
5969,51,-8,1055
5970,22,-25,1075
5971,25,-3,1060
5972,38,-33,1071
5973,37,-6,1044
5974,39,-27,1070
5975,43,-21,1069
5976,31,-25,1063
5977,21,-26,1077
5978,22,-55,1075
5979,38,-15,1049
5980,22,-27,1074
5981,38,-30,1069
5982,37,-28,1077
5983,25,-32,1073
5984,41,-10,1042
5985,34,-38,1057
5986,39,-14,1042
5987,31,-33,1068
5988,18,-35,1067
5989,33,-28,1067
5990,25,-22,1067
5991,26,-30,1061
5992,36,-11,1053
5993,15,-32,1061
5994,40,-14,1081
5995,35,-21,1081
5996,32,-17,1075
5997,34,-22,1054
5998,7,-51,1080
5999,26,-22,1070
6000,18,-18,1051
6001,15,-28,1066
6002,41,-20,1076
6003,41,-21,1048
6004,29,-30,1088
6005,40,-19,1051
6006,18,-35,1070
6007,37,-28,1084
6008,18,-15,1059
6009,25,-13,1056
6010,31,-32,1071
6011,28,-29,1080
6012,28,-13,1058
6013,41,-26,1073
6014,14,-27,1073
6015,29,-31,1075
6016,41,-6,1063
6017,32,-21,1067
6018,22,-39,1099
6019,19,-5,1090
6020,25,-51,1073
6021,23,-23,1075
6022,13,-45,1080
6023,52,-8,1061
6024,17,-41,1074
6025,47,-13,1053
6026,22,-29,1072
6027,42,-25,1088
6028,37,-19,1069
6029,33,-27,1061
6030,38,-22,1084
6031,12,-38,1070
6032,39,-23,1050
6033,32,-23,1060
6034,40,-41,1067
6035,48,-20,1054
6036,28,-35,1065
6037,49,-10,1052
6038,30,-22,1075
6039,17,-20,1069
6040,35,-20,1074
6041,13,-21,1078
6042,23,-9,1078
6043,16,-48,1086
6044,55,-15,1069
6045,28,-25,1055
6046,38,-15,1060
6047,38,-17,1054
6048,20,-17,1094
6049,49,-18,1075
6050,31,-3,1073
6051,0,-24,1066
6052,34,-20,1067
6053,27,-21,1053
6054,34,-17,1068
6055,58,-34,1072
6056,-7,-27,1087
6057,42,-8,1060
6058,28,-31,1070
6059,35,-25,1085
6060,18,-19,1087
6061,38,-24,1057
6062,21,-38,1073
6063,26,-25,1050
6064,32,-14,1057
6065,31,-31,1061
6066,38,-17,1087
6067,31,-15,1071
6068,25,-28,1064
6069,44,-12,1049
6070,23,-29,1076
6071,32,-10,1055
6072,37,-43,1069
6073,23,-31,1066
6074,32,-28,1068
6075,42,-17,1056
6076,40,-31,1063
6077,21,-19,1077
6078,42,-11,1040
6079,28,-38,1066
6080,33,-23,1065
6081,32,-20,1084
6082,32,-20,1066
6083,26,-20,1067
6084,43,-31,1040
6085,28,-15,1075
6086,26,-37,1075
6087,34,-23,1057
6088,30,-22,1068
6089,18,-43,1069
6090,30,-8,1071
6091,21,-24,1063
6092,47,-31,1110
6093,25,-24,1076
6094,7,-38,1081
6095,36,-7,1051
6096,18,-40,1075
6097,13,-20,1064
6098,29,-28,1087
6099,46,-17,1072
6100,33,-23,1069
6101,23,-17,1080
6102,34,-22,1076
6103,25,-35,1073
6104,31,-24,1064
6105,29,-32,1069
6106,25,-10,1077
6107,33,-27,1075
6108,28,-28,1064
6109,29,-25,1050
6110,38,-6,1067
6111,34,-31,1069
6112,18,-20,1071
6113,38,-20,1087
6114,45,-12,1087
6115,28,-10,1072
6116,26,-23,1074
6117,22,-26,1065
6118,20,-29,1069
6119,52,-17,1060
6120,17,-9,1095
6121,19,-35,1083
6122,42,-5,1075
6123,10,-36,1064
6124,35,-17,1075
6125,36,-33,1093
6126,26,-32,1100
6127,21,-17,1076
6128,18,-23,1080
6129,25,-10,1076
6130,22,-36,1090
6131,55,-13,1087
6132,29,-22,1084
6133,43,-30,1074
6134,20,-42,1101
6135,32,-15,1097
6136,18,-21,1090
6137,45,-6,1061
6138,17,-25,1051
6139,26,-17,1083
6140,28,-20,1057
6141,17,-26,1076
6142,28,-24,1067
6143,38,-34,1079
6144,24,-12,1076
6145,40,-13,1070
6146,34,-22,1087
6147,27,-15,1064
6148,15,-34,1071
6149,43,-12,1053
6150,24,-40,1074
6151,31,-16,1070
6152,28,-20,1072
6153,16,-21,1067
6154,31,-7,1066
6155,33,-32,1090
6156,28,-16,1057
6157,13,-34,1073
6158,50,-11,1052
6159,34,-20,1069
6160,26,-5,1062
6161,26,-7,1075
6162,-6,-23,1063
6163,33,-12,1057
6164,18,-18,1069
6165,22,-30,1060
6166,22,-37,1076
6167,30,-31,1076
6168,42,-23,1066
6169,27,-22,1081
6170,40,-23,1069
6171,20,-21,1074
6172,22,-19,1052
6173,28,-11,1063
6174,31,-23,1061
6175,17,-26,1076
6176,28,-22,1080
6177,39,-20,1065
6178,30,-13,1095
6179,39,-17,1078
6180,32,-20,1088
6181,25,-13,1058
6182,32,-23,1071
6183,51,-6,1049
6184,32,-33,1088
6185,41,-18,1046
6186,37,-11,1065
6187,34,-26,1058
6188,23,-16,1076
6189,44,-19,1069
6190,19,-26,1074
6191,38,-16,1087
6192,44,-25,1072
6193,34,-39,1071
6194,45,-32,1076
6195,32,-7,1057
6196,35,-31,1072
6197,22,-22,1089
6198,40,-20,1043
6199,20,-37,1087
6200,33,-28,1083
6201,47,-9,1062
6202,31,-17,1097
6203,47,-13,1059
6204,26,-27,1090
6205,40,-2,1067
6206,38,-24,1069
6207,33,-24,1055
6208,26,-19,1081
6209,25,-34,1076
6210,32,-7,1048
6211,15,-32,1061
6212,40,-6,1069
6213,38,-34,1072
6214,22,-34,1086
6215,43,-15,1045
6216,23,-40,1070
6217,40,-11,1055
6218,32,-28,1070
6219,36,-23,1064
6220,21,-19,1067
6221,47,-32,1077
6222,22,-31,1076
6223,44,-10,1066
6224,23,-26,1086
6225,39,-14,1060
6226,28,-15,1068
6227,16,-13,1072
6228,40,-27,1073
6229,36,-32,1066
6230,29,-20,1066
6231,35,-13,1069
6232,25,-30,1067
6233,32,-25,1071
6234,25,-26,1076
6235,36,-24,1062
6236,25,-31,1082
6237,39,-20,1062
6238,32,-25,1077
6239,29,-28,1075
6240,40,-21,1079
6241,31,-33,1064
6242,26,-20,1085
6243,46,-23,1069
6244,17,-34,1060
6245,17,-29,1064
6246,49,-14,1052
6247,33,-34,1062
6248,48,-1,1052
6249,20,-25,1062
6250,40,0,1081
6251,44,-28,1057
6252,19,-43,1083
6253,52,-3,1054
6254,29,-32,1079
6255,34,-13,1083
6256,16,-21,1058
6257,18,-26,1069
6258,21,-24,1057
6259,46,-30,1069
6260,36,-34,1086
6261,43,-31,1073
6262,33,-12,1064
6263,41,-24,1072
6264,0,-25,1084
6265,45,-32,1058
6266,21,-7,1098
6267,41,-18,1058
6268,27,-25,1083
6269,28,-15,1079
6270,34,-18,1077
6271,34,-18,1060
6272,23,-34,1068
6273,54,-1,1057
6274,33,-36,1076
6275,33,-25,1069
6276,32,-22,1063
6277,19,-28,1054
6278,42,-13,1066
6279,22,-28,1077
6280,44,-20,1072
6281,31,-33,1060
6282,46,-12,1059
6283,4,-35,1086
6284,40,-28,1084
6285,39,-1,1051
6286,26,-30,1102
6287,20,-25,1068
6288,35,-37,1080
6289,43,-30,1069
6290,18,-34,1096
6291,43,-2,1072
6292,16,-29,1062
6293,27,-26,1053
6294,21,-22,1080
6295,41,-17,1063
6296,40,-24,1054
6297,25,-21,1070
6298,30,-28,1082
6299,37,-14,1046
6300,23,-33,1076
6301,47,-24,1069
6302,38,-29,1080
6303,38,-12,1064
6304,26,-17,1065
6305,28,-20,1078
6306,29,-20,1075
6307,42,-28,1079
6308,43,-28,1071
6309,23,-19,1084
6310,33,-40,1057
6311,36,-8,1076
6312,16,-20,1080
6313,55,-12,1051
6314,4,-30,1093
6315,18,-22,1063
6316,43,-33,1076
6317,36,-18,1086
6318,48,-17,1075
6319,40,-19,1094
6320,46,-17,1076
6321,33,-21,1061
6322,41,-23,1080
6323,33,-23,1058
6324,31,-44,1087
6325,36,-19,1063
6326,30,-27,1082
6327,27,-28,1061
6328,35,-34,1099
6329,48,7,1067
6330,40,-19,1077
6331,30,-27,1064
6332,31,-16,1097
6333,32,-23,1055
6334,39,-6,1090
6335,38,-24,1080
6336,44,-26,1089
6337,19,-36,1073
6338,30,-31,1069
6339,50,-10,1061
6340,22,-36,1064
6341,37,-17,1094
6342,31,-43,1081
6343,44,-19,1066
6344,10,-43,1076
6345,34,-34,1070
6346,49,-2,1069
6347,34,-23,1095
6348,31,-5,1077
6349,38,-17,1078
6350,23,-18,1069
6351,40,-28,1066
6352,19,-28,1049
6353,42,-17,1057
6354,15,-32,1058
6355,36,-15,1057
6356,46,-28,1057
6357,40,-25,1085
6358,29,-15,1068
6359,17,-20,1092
6360,43,-16,1067
6361,33,-23,1072
6362,20,-28,1080
6363,34,-17,1057
6364,28,-23,1077
6365,37,-30,1069
6366,19,-25,1075
6367,44,-25,1063
6368,32,-16,1062
6369,19,-36,1070
6370,46,-15,1063
6371,17,-23,1066
6372,29,-28,1065
6373,42,-7,1058
6374,23,-36,1072
6375,36,-20,1050
6376,27,-21,1068
6377,21,-33,1077
6378,45,-18,1066
6379,30,-27,1087
6380,40,-24,1081
6381,38,-11,1069
6382,22,-20,1069
6383,20,-38,1062
6384,44,3,1069
6385,8,-52,1090
6386,27,-19,1047
6387,25,-29,1045
6388,41,-35,1085
6389,25,-35,1081
6390,38,-8,1082
6391,26,-23,1069
6392,38,-13,1092
6393,21,-34,1077
6394,57,0,1061
6395,-7,-56,1085
6396,46,-12,1070
6397,20,-23,1075
6398,14,-26,1076
6399,50,-30,1062
6400,8,-13,1057
6401,31,-22,1057
6402,37,-1,1058
6403,17,-44,1070
6404,36,-9,1064
6405,29,-27,1076
6406,33,-9,1074
6407,25,-32,1076
6408,12,-27,1075
6409,39,-18,1054
6410,19,-24,1072
6411,35,-24,1072
6412,19,-8,1066
6413,26,-32,1094
6414,44,-22,1058
6415,20,-12,1087
6416,38,-24,1081
6417,33,-18,1066
6418,49,-30,1069
6419,33,-34,1072
6420,38,-17,1040
6421,24,-30,1077
6422,15,-13,1057
6423,36,-26,1059
6424,23,-32,1070
6425,29,-20,1068
6426,42,0,1055
6427,20,-23,1058
6428,32,-30,1072
6429,38,-11,1043
6430,19,-33,1066
6431,25,-44,1075
6432,21,-18,1056
6433,30,-30,1053
6434,21,-10,1078
6435,36,-25,1082
6436,24,-39,1078
6437,39,-25,1064
6438,40,-20,1069
6439,21,-42,1074
6440,44,-7,1062
6441,26,-27,1076
6442,29,-2,1067
6443,20,-30,1069
6444,30,-29,1069
6445,35,-7,1070
6446,16,-38,1069
6447,37,-9,1052
6448,34,-33,1066
6449,37,-31,1069
6450,36,-17,1057
6451,21,-34,1085
6452,35,-14,1053
6453,30,-20,1080
6454,32,-20,1066
6455,47,-27,1066
6456,25,-32,1057
6457,26,-31,1070
6458,27,-26,1084
6459,35,-32,1070
6460,30,-20,1064
6461,20,-22,1050
6462,30,-15,1042
6463,26,-23,1078
6464,35,-14,1061
6465,28,-28,1073
6466,45,-15,1070
6467,42,-16,1082
6468,30,-28,1073
6469,51,-13,1057
6470,14,-38,1064
6471,52,-21,1061
6472,27,-22,1074
6473,28,-23,1072
6474,57,-27,1045
6475,28,-33,1083
6476,32,-23,1061
6477,5,-34,1088
6478,20,-27,1082
6479,41,-25,1052
6480,10,-20,1057
6481,26,-21,1051
6482,37,-17,1046
6483,33,-20,1058
6484,29,-35,1078
6485,20,-23,1078
6486,38,-21,1050
6487,15,-37,1063
6488,36,-17,1074
6489,42,-22,1046
6490,27,-23,1077
6491,18,-24,1080
6492,16,-14,1073
6493,27,-16,1075
6494,19,-30,1076
6495,20,-13,1081
6496,39,-19,1078
6497,33,-18,1079
6498,35,-25,1067
6499,39,-23,1064
6500,43,-19,1077
6501,47,-17,1067
6502,31,-16,1076
6503,42,-4,1057
6504,41,-26,1055
6505,27,-12,1064
6506,39,-15,1075
6507,53,-6,1066
6508,22,-34,1047
6509,35,1,1043
6510,21,-33,1087
6511,34,-8,1081
6512,21,-33,1075
6513,39,-13,1078
6514,24,-33,1066
6515,41,-20,1051
6516,23,-19,1087
6517,49,-2,1084
6518,25,-22,1081
6519,22,-20,1091
6520,56,-11,1075
6521,21,-37,1093
6522,52,-17,1087
6523,22,-17,1075
6524,32,-16,1078
6525,20,-39,1076
6526,18,-23,1069
6527,41,-11,1077
6528,14,-43,1094
6529,47,1,1057
6530,12,-51,1066
6531,58,-20,1053
6532,8,-35,1077
6533,29,-28,1071
6534,28,-10,1100
6535,20,-39,1072
6536,48,-10,1091
6537,26,-28,1076
6538,20,-6,1051
6539,31,-7,1045
6540,18,-27,1079
6541,25,-21,1076
6542,46,-7,1073
6543,33,-28,1090
6544,25,-16,1060
6545,30,-34,1076
6546,25,-26,1060
6547,46,-16,1069
6548,10,-45,1095
6549,37,-21,1085
6550,25,-24,1092
6551,36,-26,1076
6552,43,-18,1070
6553,26,-30,1063
6554,33,-17,1061
6555,14,-28,1087
6556,33,-15,1070
6557,43,-13,1054
6558,24,-38,1091
6559,30,-23,1081
6560,30,-23,1063
6561,44,-7,1064
6562,28,-28,1079
6563,28,-27,1060
6564,17,-16,1080
6565,50,-25,1063
6566,33,-29,1085
6567,40,-25,1063
6568,40,-35,1067
6569,19,-34,1067
6570,37,-19,1076
6571,28,-19,1063
6572,47,-23,1069
6573,23,-29,1075
6574,18,-18,1061
6575,40,-12,1065
6576,14,-30,1073
6577,40,-5,1041
6578,23,-40,1084
6579,37,-20,1044
6580,19,-35,1051
6581,34,-7,1047
6582,34,-26,1088
6583,22,-37,1049
6584,44,-27,1054
6585,14,-28,1064
6586,24,-26,1071
6587,26,-17,1071
6588,25,-27,1099
6589,36,-22,1052
6590,32,-25,1085
6591,45,-23,1071
6592,23,-26,1071
6593,36,-20,1066
6594,26,-38,1066
6595,16,-20,1071
6596,36,-35,1048
6597,42,-27,1050
6598,14,-32,1089
6599,32,-16,1060
6600,24,-48,1078
6601,46,-7,1071
6602,14,-26,1077
6603,43,-19,1046
6604,39,-27,1053
6605,26,-31,1065
6606,38,-4,1045
6607,22,-41,1069
6608,38,-19,1065
6609,32,-29,1077
6610,47,-5,1071
6611,15,-38,1080
6612,37,-29,1072
6613,38,-17,1075
6614,29,-30,1063
6615,56,-10,1045
6616,20,-46,1084
6617,47,-22,1056
6618,30,-20,1055
6619,27,-27,1069
6620,29,-36,1080
6621,29,-13,1057
6622,37,-34,1076
6623,34,-25,1057
6624,34,-16,1060
6625,19,-30,1075
6626,31,-27,1078
6627,21,-20,1068
6628,24,-14,1067
6629,26,-10,1077
6630,51,-1,1058
6631,15,-40,1082
6632,24,-11,1061
6633,29,-10,1057
6634,25,-33,1079
6635,43,-20,1073
6636,25,-28,1070
6637,46,-17,1069
6638,41,-21,1073
6639,36,-13,1065
6640,38,-11,1065
6641,29,-24,1082
6642,33,-28,1069
6643,18,-20,1064
6644,38,-22,1059
6645,22,-28,1090
6646,31,-9,1071
6647,33,-23,1065
6648,20,-22,1076
6649,34,-29,1085
6650,24,-20,1053
6651,25,-46,1088
6652,32,-13,1057
6653,19,-38,1072
6654,50,-9,1061
6655,31,-17,1081
6656,18,-32,1077
6657,32,-20,1066
6658,33,-20,1053
6659,29,-30,1074
6660,27,-11,1064
6661,31,-19,1082
6662,37,-26,1056
6663,29,-30,1081
6664,41,-16,1055
6665,41,-26,1085
6666,40,-18,1050
6667,44,-38,1077
6668,28,-22,1071
6669,33,-26,1058
6670,25,-21,1078
6671,33,-9,1067
6672,20,-43,1072
6673,21,-12,1076
6674,35,-12,1073
6675,26,-21,1059
6676,37,-43,1051
6677,47,-6,1060
6678,21,-39,1047
6679,30,-37,1062
6680,44,-20,1061
6681,24,-36,1063
6682,28,-31,1053
6683,31,-19,1069
6684,30,-44,1088
6685,51,-3,1043
6686,8,-34,1064
6687,25,-28,1059
6688,19,-16,1067
6689,44,-20,1050
6690,24,-30,1057
6691,38,-22,1057
6692,22,-11,1078
6693,21,-42,1077
6694,42,-20,1087
6695,38,-3,1062
6696,13,-45,1087
6697,34,-27,1060
6698,21,-18,1072
6699,37,-13,1054
6700,18,-35,1087
6701,33,-24,1054
6702,24,-35,1063
6703,40,-19,1041
6704,23,-29,1069
6705,56,-29,1059
6706,13,-28,1081
6707,47,-18,1069
6708,32,-29,1070
6709,33,-3,1067
6710,23,-26,1089
6711,31,-18,1077
6712,37,-13,1063
6713,21,-14,1083
6714,26,-19,1068
6715,26,-12,1069
6716,35,-14,1048
6717,7,-26,1085
6718,24,-23,1089
6719,43,-5,1066
6720,7,-45,1084
6721,43,-18,1048
6722,19,-28,1067
6723,43,-11,1082
6724,23,-12,1078
6725,30,-25,1070
6726,39,-18,1076
6727,30,-32,1079
6728,37,-17,1070
6729,40,-28,1080
6730,17,-29,1086
6731,47,-6,1050
6732,27,-35,1080
6733,41,-16,1087
6734,34,-28,1078
6735,6,-27,1073
6736,27,-29,1076
6737,31,-4,1076
6738,25,-45,1100
6739,35,-19,1059
6740,44,-25,1069
6741,41,1,1081
6742,35,-34,1076
6743,32,-25,1077
6744,16,-25,1085
6745,50,-9,1071
6746,3,-47,1087
6747,46,-15,1076
6748,27,-8,1084
6749,31,-15,1062
6750,26,-14,1093
6751,41,-8,1056
6752,14,-36,1082
6753,31,-6,1064
6754,26,-24,1076
6755,11,-31,1087
6756,35,-6,1072
6757,19,-27,1096
6758,14,-14,1067
6759,27,-22,1067
6760,33,-34,1086
6761,49,-12,1079
6762,29,-34,1096
6763,25,-28,1074
6764,19,-29,1061
6765,34,-22,1064
6766,20,-28,1068
6767,42,-21,1071
6768,35,3,1064
6769,34,-30,1075
6770,39,-31,1041
6771,25,-17,1085
6772,26,-32,1058
6773,28,-23,1069
6774,20,-33,1061
6775,17,-32,1076
6776,48,-28,1074
6777,26,-21,1078
6778,19,-29,1056
6779,25,-12,1068
6780,34,-29,1071
6781,31,-28,1077
6782,48,-19,1043
6783,17,-41,1082
6784,32,-24,1081
6785,43,-18,1055
6786,14,-50,1097
6787,25,-18,1059
6788,21,-23,1090
6789,31,-6,1070
6790,31,-22,1054
6791,21,-23,1051
6792,22,-49,1063
6793,49,0,1056
6794,20,-34,1075
6795,28,-24,1087
6796,29,-23,1060
6797,24,-40,1075
6798,24,-22,1064
6799,27,-29,1085
6800,23,-27,1067
6801,38,-43,1051
6802,18,-22,1066
6803,15,-25,1077
6804,41,-21,1063
6805,16,-20,1074
6806,39,-37,1075
6807,36,-17,1054
6808,33,-12,1064
6809,19,-50,1076
6810,56,-14,1071
6811,18,-22,1063
6812,41,-26,1054
6813,32,-24,1069
6814,39,-35,1045
6815,40,-15,1063
6816,17,-40,1086
6817,31,-5,1065
6818,52,-21,1059
6819,13,-14,1074
6820,35,-26,1063
6821,27,-27,1056
6822,40,-21,1064
6823,15,-37,1076
6824,55,-14,1057
6825,29,-26,1075
6826,38,-21,1065
6827,34,-17,1087
6828,28,-24,1075
6829,31,-28,1077
6830,27,-27,1069
6831,17,-8,1053
6832,7,-20,1084
6833,36,-24,1089
6834,29,-37,1086
6835,23,-28,1078
6836,40,-9,1057
6837,31,-29,1084
6838,19,-20,1085
6839,27,-25,1071
6840,28,-11,1064
6841,33,-20,1079
6842,20,-30,1086
6843,50,-21,1081
6844,38,-31,1061
6845,47,-22,1054
6846,6,-36,1084
6847,53,-9,1058
6848,19,-40,1067
6849,45,-6,1057
6850,25,-24,1058
6851,28,-22,1059
6852,18,-35,1076
6853,27,-30,1080
6854,45,-12,1081
6855,20,-35,1081
6856,47,-16,1066
6857,24,-21,1081
6858,27,-20,1077
6859,28,-20,1069
6860,12,-22,1077
6861,34,-1,1071
6862,25,-50,1088
6863,32,-15,1082
6864,17,-30,1080
6865,31,-32,1087
6866,41,-9,1060
6867,29,-29,1082
6868,30,-15,1077
6869,28,-14,1072
6870,26,-28,1083
6871,31,-15,1074
6872,24,-35,1092
6873,36,-19,1073
6874,33,-22,1075
6875,25,-21,1074
6876,27,-23,1066
6877,32,-34,1076
6878,37,0,1067
6879,21,-29,1069
6880,48,-12,1055
6881,13,-21,1077
6882,47,-18,1055
6883,20,-27,1077
6884,34,-20,1054
6885,34,-17,1069
6886,38,-25,1065
6887,12,-23,1061
6888,37,-13,1051
6889,11,-42,1088
6890,41,2,1044
6891,33,-33,1073
6892,32,-16,1083
6893,53,-15,1062
6894,30,-16,1087
6895,19,-11,1063
6896,46,-29,1079
6897,29,-22,1077
6898,46,-17,1066
6899,21,-17,1069
6900,29,-9,1046
6901,25,-21,1061
6902,32,-21,1085
6903,33,-21,1046
6904,21,-36,1087
6905,22,-2,1055
6906,28,-42,1090
6907,36,-22,1054
6908,31,-41,1064
6909,46,0,1050
6910,28,-36,1058
6911,22,-25,1086
6912,45,-2,1038
6913,18,-49,1112
6914,49,-14,1060
6915,25,-29,1075
6916,32,-28,1068
6917,39,-31,1072
6918,38,-15,1076
6919,39,-40,1079
6920,48,-13,1060
6921,20,-43,1106
6922,45,-17,1032
6923,18,-39,1074
6924,43,-13,1064
6925,32,-39,1039
6926,18,-25,1069
6927,46,-20,1075
6928,35,-21,1077
6929,57,-18,1061
6930,28,-10,1045
6931,35,-28,1047
6932,32,-15,1045
6933,25,-37,1076
6934,38,-11,1057
6935,37,-25,1080
6936,54,-2,1070
6937,26,-30,1067
6938,49,-22,1057
6939,30,-27,1050
6940,20,-22,1076
6941,60,-15,1065
6942,5,-40,1061
6943,46,-4,1071
6944,27,-19,1065
6945,20,-25,1082
6946,37,-24,1051
6947,26,-20,1088
6948,48,-21,1088
6949,27,-19,1070
6950,34,-29,1078
6951,28,-8,1069
6952,40,-32,1086
6953,30,-18,1056
6954,25,-40,1087
6955,45,-18,1064
6956,29,-31,1074
6957,24,-18,1085
6958,38,-23,1069
6959,41,-1,1073
6960,31,-43,1076
6961,47,-23,1059
6962,29,-33,1088
6963,43,-20,1081
6964,38,-12,1080
6965,25,-41,1102
6966,33,-9,1056
6967,50,-22,1079
6968,35,-35,1078
6969,32,-24,1069
6970,13,-31,1087
6971,49,-6,1072
6972,14,-22,1089
6973,26,-19,1065
6974,23,-33,1070
6975,45,-5,1050
6976,16,-32,1072
6977,30,-21,1069
6978,37,-17,1070
6979,30,-34,1091
6980,35,-22,1058
6981,20,-25,1065
6982,42,-6,1063
6983,34,-44,1092
6984,39,-18,1068
6985,25,-23,1094
6986,15,-16,1082
6987,44,-17,1049
6988,33,-44,1068
6989,37,-8,1062
6990,21,-31,1063
6991,43,0,1062
6992,36,-24,1045
6993,15,-20,1085
6994,40,-28,1065
6995,15,-23,1077
6996,35,-1,1083
6997,28,-20,1065
6998,20,-29,1096
6999,32,-14,1055
7000,19,-26,1054
7001,29,-29,1057
7002,46,-17,1066
7003,21,-46,1089
7004,44,-29,1059
7005,34,-25,1073
7006,38,-22,1054
7007,23,-17,1058
7008,31,-27,1063
7009,16,-37,1084
7010,35,-18,1045
7011,28,-40,1052
7012,38,-32,1069
7013,37,-17,1069
7014,37,-28,1073
7015,34,-29,1079
7016,20,-21,1069
7017,40,-6,1068
7018,17,-27,1079
7019,38,-12,1051
7020,31,-29,1059
7021,26,-33,1066
7022,42,-15,1051
7023,34,-16,1060
7024,22,-40,1068
7025,25,-14,1062
7026,27,-34,1058
7027,33,-28,1072
7028,24,-23,1082
7029,40,-28,1077
7030,32,-20,1074
7031,13,-27,1072
7032,41,-22,1079
7033,35,-24,1057
7034,27,-40,1073
7035,27,-28,1085
7036,38,-22,1055
7037,13,-35,1061
7038,23,-26,1088
7039,28,-23,1076
7040,31,-28,1066
7041,58,-11,1064
7042,17,-35,1048
7043,42,-19,1050
7044,17,-20,1049
7045,17,-30,1064
7046,33,-15,1052
7047,30,-28,1065
7048,38,-37,1081
7049,51,1,1060
7050,8,-27,1075
7051,38,-41,1098
7052,34,-18,1086
7053,21,-28,1082
7054,45,-26,1097
7055,24,-37,1072
7056,50,-12,1054
7057,21,-28,1060
7058,27,-39,1063
7059,29,-17,1057
7060,32,-34,1065
7061,35,-34,1082
7062,40,-8,1090
7063,38,-22,1081
7064,36,-9,1062
7065,19,-59,1075
7066,19,-21,1069
7067,18,-40,1091
7068,37,-24,1061
7069,13,-30,1061
7070,7,-20,1076
7071,37,-18,1067
7072,20,-25,1065
7073,25,-12,1062
7074,22,-22,1062
7075,38,-10,1054
7076,26,-38,1075
7077,41,-22,1060
7078,9,-44,1076
7079,50,-15,1067
7080,20,-33,1046
7081,27,-25,1060
7082,40,-17,1074
7083,32,-20,1074
7084,33,-28,1072
7085,32,-20,1057
7086,28,-27,1060
7087,32,-39,1066
7088,33,-21,1080
7089,39,-8,1070
7090,8,-41,1086
7091,25,-23,1053
7092,39,-25,1074
7093,28,-21,1055
7094,32,-20,1088
7095,35,-22,1044
7096,29,-31,1066
7097,34,-21,1082
7098,41,-31,1081
7099,17,0,1065
7100,34,-37,1071
7101,52,-14,1050
7102,41,-39,1074
7103,32,-18,1047
7104,26,-26,1079
7105,39,-37,1081
7106,27,-6,1088
7107,45,-17,1074
7108,35,-8,1058
7109,25,-31,1088
7110,31,-2,1073
7111,44,-14,1045
7112,17,-30,1084
7113,50,-14,1065
7114,40,-25,1073
7115,21,-28,1063
7116,22,-18,1077
7117,39,0,1051
7118,10,-29,1071
7119,29,-20,1069
7120,29,-15,1058
7121,23,-5,1069
7122,6,-27,1074
7123,36,-26,1069
7124,16,-17,1061
7125,38,-7,1081
7126,38,-34,1077
7127,31,-30,1068
7128,37,-23,1094
7129,25,-27,1057
7130,39,-14,1050
7131,31,-22,1055
7132,37,-22,1088
7133,24,-34,1097
7134,30,-43,1066
7135,38,-20,1069
7136,22,-34,1085
7137,36,-20,1069
7138,20,-12,1096
7139,28,-40,1078
7140,28,-11,1067
7141,44,-7,1049
7142,22,-32,1069
7143,35,-19,1065
7144,28,-12,1069
7145,25,-21,1065
7146,32,-35,1063
7147,44,-3,1061
7148,19,-38,1084
7149,47,-21,1053
7150,28,-22,1073
7151,25,-38,1081
7152,38,-20,1053
7153,26,-18,1067
7154,35,-19,1075
7155,29,-30,1076
7156,40,-7,1061
7157,45,-34,1073
7158,16,-18,1085
7159,50,-14,1062
7160,32,-28,1056
7161,20,-28,1080
7162,32,-26,1068
7163,29,-34,1079
7164,41,-12,1057
7165,32,-29,1061
7166,44,-25,1047
7167,20,-26,1095
7168,34,-27,1064
7169,28,-29,1074
7170,59,-12,1066
7171,4,-23,1065
7172,26,-23,1072
7173,8,-33,1069
7174,25,-33,1044
7175,39,-23,1086
7176,51,-23,1057
7177,38,-38,1061
7178,41,-2,1073
7179,16,-37,1073
7180,30,-9,1068
7181,25,-20,1080
7182,28,-25,1057
7183,24,-22,1062
7184,43,-12,1059
7185,22,-18,1083
7186,24,-19,1060
7187,5,-37,1091
7188,74,-10,1062
7189,26,-30,1088
7190,54,-12,1064
7191,40,-34,1072
7192,23,-11,1079
7193,44,-12,1064
7194,31,-12,1061
7195,40,-31,1074
7196,46,-31,1096
7197,47,-25,1063
7198,24,-32,1068
7199,30,-10,1058
7200,14,-44,1098
7201,50,-16,1051
7202,19,-51,1094
7203,35,-15,1077
7204,30,-13,1064
7205,16,-22,1079
7206,35,-11,1069
7207,14,-44,1075
7208,30,-20,1088
7209,23,-31,1067
7210,36,-27,1074
7211,29,-27,1084
7212,62,-9,1051
7213,45,-22,1039
7214,20,-28,1071
7215,41,-2,1065
7216,35,-28,1057
7217,33,-25,1088
7218,33,-26,1071
7219,24,-19,1084
7220,34,-26,1057
7221,22,-27,1054
7222,51,-16,1044
7223,11,-21,1069
7224,28,-14,1076
7225,33,-23,1048
7226,28,-30,1085
7227,40,-16,1054
7228,15,-38,1070
7229,43,-7,1088
7230,32,-33,1060
7231,20,-32,1087
7232,35,-35,1083
7233,40,-21,1051
7234,40,-30,1078
7235,37,-23,1075
7236,35,-33,1056
7237,35,-21,1070
7238,37,-21,1075
7239,33,-35,1087
7240,33,-10,1065
7241,46,-28,1065
7242,32,-22,1060
7243,27,-25,1061
7244,50,-20,1078
7245,20,-39,1085
7246,44,-6,1069
7247,28,-26,1074
7248,22,-28,1066
7249,41,-14,1062
7250,22,-33,1059
7251,45,-42,1076
7252,24,-25,1079
7253,29,-21,1069
7254,25,-34,1072
7255,48,-23,1077
7256,46,-15,1055
7257,26,-34,1098
7258,33,-20,1076
7259,32,-19,1072
7260,24,-28,1073
7261,42,-31,1088
7262,27,-30,1060
7263,33,-6,1047
7264,15,-34,1082
7265,43,-12,1073
7266,28,-35,1071
7267,32,-24,1093
7268,31,-12,1069
7269,16,-18,1088
7270,38,-9,1057
7271,33,-43,1082
7272,38,-20,1054
7273,40,-22,1072
7274,30,-22,1070
7275,30,-6,1087
7276,53,-18,1068
7277,43,-12,1088
7278,29,-19,1075
7279,33,-23,1063
7280,46,-23,1066
7281,36,-22,1066
7282,37,-14,1058
7283,13,-30,1072
7284,39,-17,1076
7285,14,-38,1068
7286,27,-12,1059
7287,39,-20,1054
7288,17,-29,1086
7289,28,-17,1076
7290,40,-18,1045
7291,14,-28,1076
7292,29,3,1040
7293,-2,-45,1088
7294,38,-15,1047
7295,30,-38,1063
7296,38,-8,1062
7297,6,-32,1080
7298,42,-25,1057
7299,15,-12,1059
7300,40,-44,1079
7301,37,-25,1081
7302,37,-33,1064
7303,22,-40,1057
7304,27,-5,1063
7305,29,-10,1086
7306,38,-32,1079
7307,29,-38,1064
7308,40,-10,1060
7309,42,-24,1061
7310,26,-34,1079
7311,39,-12,1053
7312,33,-25,1083
7313,26,-34,1067
7314,29,-10,1063
7315,27,-38,1067
7316,26,-16,1071
7317,5,-39,1083
7318,49,0,1075
7319,14,-25,1094
7320,40,-15,1059
7321,34,-43,1110
7322,43,-12,1045
7323,24,-40,1065
7324,39,-7,1062
7325,38,-29,1077
7326,32,-13,1057
7327,21,-23,1063
7328,31,-23,1065
7329,41,-20,1063
7330,27,-23,1080
7331,32,-22,1084
7332,42,-9,1088
7333,25,-31,1088
7334,42,-17,1061
7335,24,-34,1090
7336,58,-13,1067
7337,18,-30,1067
7338,19,-6,1080
7339,25,-23,1087
7340,11,-34,1055
7341,35,-15,1076
7342,25,-36,1065
7343,27,-28,1086
7344,29,-28,1077
7345,20,-27,1075
7346,32,-11,1069
7347,32,-20,1074
7348,24,-30,1059
7349,23,-18,1084
7350,24,-33,1081
7351,37,-25,1078
7352,30,-27,1087
7353,45,-34,1079
7354,25,-10,1074
7355,15,-30,1083
7356,50,-14,1064
7357,26,-34,1077
7358,34,-15,1061
7359,40,-16,1090
7360,48,-14,1065
7361,17,-23,1056
7362,24,-23,1091
7363,28,-5,1056
7364,37,-20,1096
7365,32,-23,1083
7366,44,-18,1071
7367,25,-21,1076
7368,32,-14,1077
7369,31,-30,1075
7370,25,-24,1084
7371,37,-31,1077
7372,16,-26,1080
7373,23,-30,1074
7374,25,-17,1078
7375,22,-25,1051
7376,37,-15,1069
7377,8,-57,1097
7378,47,-7,1060
7379,35,-43,1090
7380,39,-9,1064
7381,40,-26,1075
7382,38,-11,1071
7383,30,-31,1063
7384,35,-6,1051
7385,25,-28,1077
7386,33,-9,1071
7387,38,-28,1087
7388,35,-37,1094
7389,32,-12,1059
7390,38,-22,1079
7391,36,-28,1073
7392,37,-9,1096
7393,25,-39,1083
7394,32,-12,1069
7395,17,-23,1051
7396,23,-22,1078
7397,41,-13,1057
7398,40,-9,1042
7399,0,-39,1091
7400,48,-1,1055
7401,7,-35,1068
7402,38,-26,1066
7403,22,-48,1065
7404,22,-11,1055
7405,34,-35,1055
7406,7,-27,1069
7407,30,-23,1077
7408,29,-10,1083
7409,31,-22,1065
7410,39,-1,1072
7411,13,-51,1094
7412,40,-25,1057
7413,39,-10,1057
7414,15,-16,1066
7415,21,-45,1078
7416,34,-7,1068
7417,23,-26,1073
7418,46,-34,1042
7419,50,-28,1065
7420,15,-24,1057
7421,34,-33,1071
7422,14,-29,1052
7423,45,-26,1040
7424,22,-32,1045
7425,16,-40,1069
7426,55,-7,1053
7427,46,-23,1042
7428,8,-52,1073
7429,41,-16,1045
7430,30,-20,1070
7431,19,-20,1052
7432,28,-26,1075
7433,13,-20,1070
7434,45,-12,1049
7435,27,-33,1077
7436,39,-19,1066
7437,25,-41,1078
7438,26,-22,1051
7439,26,-34,1072
7440,33,-16,1060
7441,15,-30,1081
7442,57,-7,1036
7443,14,-40,1067
7444,40,-13,1065
7445,15,-26,1070
7446,41,-22,1073
7447,30,-18,1073
7448,18,-29,1076
7449,25,-37,1076
7450,50,-21,1062
7451,13,-36,1070
7452,34,-31,1057
7453,13,-30,1049
7454,59,-12,1069
7455,11,-40,1091
7456,40,-19,1075
7457,35,-9,1063
7458,32,-29,1085
7459,33,-22,1075
7460,44,-21,1079
7461,23,-27,1073
7462,35,-4,1058
7463,18,-45,1104
7464,32,-17,1068
7465,34,-36,1071
7466,28,-31,1062
7467,28,-27,1084
7468,38,-13,1082
7469,28,-12,1066
7470,13,-34,1105
7471,40,-15,1098
7472,31,-9,1081
7473,23,-17,1081
7474,27,-25,1083
7475,40,-21,1082
7476,28,-8,1060
7477,30,-26,1091
7478,32,-13,1104
7479,28,-23,1078
7480,33,-18,1080
7481,23,-26,1078
7482,37,-30,1088
7483,25,-8,1076
7484,12,-30,1098
7485,48,0,1074
7486,2,-42,1113
7487,43,2,1068
7488,23,-34,1090
7489,30,-29,1094
7490,28,-22,1092
7491,16,-37,1085
7492,13,-15,1091
7493,33,-26,1083
7494,18,-18,1091
7495,29,-12,1088
7496,17,-26,1068
7497,40,-13,1073
7498,16,-30,1093
7499,40,-26,1079
7500,30,-13,1094
7501,33,-23,1076
7502,34,-28,1082
7503,20,-25,1090
7504,31,-9,1051
7505,19,-23,1094
7506,32,-4,1072
7507,37,-26,1081
7508,23,-22,1059
7509,34,-25,1063
7510,13,-25,1076
7511,48,-23,1031
7512,19,-20,1045
7513,17,-34,1083
7514,35,-20,1057
7515,36,-29,1064
7516,23,-31,1045
7517,41,-18,1067
7518,19,-9,1068
7519,23,-30,1064
7520,18,-10,1050
7521,26,-23,1072
7522,31,-28,1067
7523,31,-22,1058
7524,28,-37,1051
7525,25,-19,1045
7526,5,-47,1078
7527,38,-14,1049
7528,40,-11,1036
7529,24,-31,1058
7530,32,-22,1037
7531,33,-17,1067
7532,26,-37,1067
7533,32,-12,1060
7534,43,-20,1052
7535,27,-29,1064
7536,29,-21,1051
7537,31,-22,1045
7538,32,-21,1059
7539,34,-15,1057
7540,30,-27,1073
7541,31,-16,1070
7542,43,-11,1055
7543,20,-24,1068
7544,57,-20,1050
7545,43,-13,1053
7546,32,-30,1062
7547,25,-23,1060
7548,32,-26,1065
7549,26,-29,1056
7550,33,-17,1045
7551,25,-25,1035
7552,41,-13,1066
7553,25,-36,1047
7554,41,-6,1048
7555,47,-25,1047
7556,27,-25,1069
7557,26,-29,1064
7558,20,-37,1068
7559,51,-16,1051
7560,34,-23,1057
7561,34,-18,1059
7562,37,-16,1055
7563,39,-15,1084
7564,8,-32,1086
7565,45,1,1068
7566,33,-44,1070
7567,29,-32,1070
7568,43,-13,1048
7569,30,-21,1045
7570,19,-24,1051
7571,36,-28,1069
7572,37,-17,1064
7573,40,-32,1080
7574,32,-40,1072
7575,32,-15,1093
7576,49,-21,1068
7577,41,-31,1066
7578,36,-20,1051
7579,34,-40,1073
7580,39,-43,1081
7581,33,-15,1083
7582,52,-29,1081
7583,35,-28,1058
7584,32,-37,1072
7585,29,-28,1052
7586,38,-19,1064
7587,6,-20,1073
7588,51,-14,1069
7589,23,-34,1083
7590,32,-34,1063
7591,40,-51,1073
7592,30,-28,1066
7593,27,-26,1075
7594,25,-49,1090
7595,40,-10,1074
7596,30,-37,1083
7597,55,-1,1069
7598,20,-28,1085
7599,41,-32,1094
7600,38,-6,1055
7601,27,-29,1063
7602,26,-27,1069
7603,35,-28,1066
7604,27,-26,1063
7605,32,-19,1078
7606,34,-15,1067
7607,11,-46,1064
7608,20,-27,1050
7609,57,-27,1054
7610,32,-34,1051
7611,42,-23,1060
7612,54,-12,1033
7613,39,-18,1031
7614,34,-20,1055
7615,41,-6,1055
7616,31,-29,1031
7617,42,-39,1055
7618,31,-43,1058
7619,38,-28,1056
7620,19,-39,1052
7621,40,-20,1057
7622,28,-39,1060
7623,40,-27,1053
7624,38,-23,1052
7625,33,-21,1053
7626,35,-26,1044
7627,33,-44,1045
7628,36,-22,1060
7629,24,-39,1050
7630,37,-37,1044
7631,36,-20,1040
7632,11,-27,1049
7633,28,-18,1064
7634,34,-23,1015
7635,29,-33,1072
7636,37,-36,1033
7637,56,-38,1043
7638,19,-43,1057
7639,35,-20,1039
7640,23,-33,1055
7641,48,-21,1057
7642,47,-25,1051
7643,47,-29,1024
7644,44,-22,1048
7645,40,-30,1051
7646,31,-27,1053
7647,52,-11,1033
7648,26,-30,1040
7649,38,-16,1046
7650,13,-36,1031
7651,42,-32,1067
7652,30,-32,1048
7653,34,-30,1072
7654,31,-23,1052
7655,40,-31,1058
7656,22,-35,1054
7657,20,-26,1043
7658,28,-20,1101
7659,20,-31,1071
7660,41,-12,1073
7661,28,-25,1068
7662,27,-28,1089
7663,38,-23,1082
7664,31,-22,1092
7665,16,-37,1090
7666,25,3,1088
7667,25,-24,1098
7668,18,-28,1098
7669,37,-20,1093
7670,25,-18,1085
7671,38,-7,1090
7672,32,-22,1124
7673,27,-18,1118
7674,24,-17,1118
7675,30,-17,1104
7676,28,-15,1137
7677,15,-18,1117
7678,29,-2,1136
7679,35,-23,1126
7680,17,-19,1147
7681,27,-4,1139
7682,19,-25,1153
7683,23,-5,1125
7684,19,-17,1124
7685,17,-37,1144
7686,44,-15,1100
7687,-7,-34,1149
7688,19,-17,1160
7689,27,-12,1125
7690,32,-16,1133
7691,28,-26,1155
7692,22,-21,1128
7693,33,-32,1136
7694,19,-16,1143
7695,20,-12,1146
7696,24,-15,1152
7697,10,-26,1148
7698,23,-2,1119
7699,10,-29,1128
7700,31,-9,1119
7701,15,-22,1146
7702,24,-20,1134
7703,26,-14,1111
7704,19,-11,1121
7705,14,-27,1119
7706,7,-22,1129
7707,0,-17,1145
7708,7,-20,1110
7709,6,-17,1125
7710,16,-21,1122
7711,31,-11,1111
7712,12,-23,1094
7713,41,-5,1105
7714,13,-23,1108
7715,28,-7,1113
7716,26,-23,1106
7717,30,-6,1083
7718,15,-36,1090
7719,35,-27,1098
7720,-1,-2,1095
7721,20,-18,1080
7722,15,-21,1074
7723,7,-20,1091
7724,19,-1,1059
7725,13,-26,1066
7726,34,-19,1051
7727,24,-14,1059
7728,18,-25,1070
7729,22,-11,1057
7730,36,-10,1046
7731,31,-5,1045
7732,27,-37,1053
7733,41,-6,1041
7734,19,-26,1040
7735,31,-6,1019
7736,40,-15,1025
7737,18,-17,1016
7738,43,-23,1020
7739,22,-32,1009
7740,33,-28,1016
7741,42,-13,1023
7742,25,-37,1027
7743,39,-18,1005
7744,39,-30,996
7745,37,-37,1003
7746,21,-19,972
7747,41,-22,1002
7748,39,-19,963
7749,36,-39,983
7750,21,-28,962
7751,43,-25,978
7752,56,-22,965
7753,38,-10,965
7754,30,-31,978
7755,61,-12,973
7756,23,-34,966
7757,64,-33,969
7758,37,-29,957
7759,39,-12,978
7760,36,-20,986
7761,52,-23,976
7762,23,-28,996
7763,55,-39,992
7764,51,-23,983
7765,43,-38,983
7766,36,-14,995
7767,50,-24,980
7768,37,-38,1003
7769,34,-21,1000
7770,41,-17,1010
7771,37,-28,1009
7772,35,-17,1006
7773,46,-28,1005
7774,40,-21,1026
7775,36,-36,1024
7776,63,-36,1023
7777,27,-34,1010
7778,53,-38,1033
7779,48,-12,1023
7780,43,-45,1037
7781,58,-17,1032
7782,38,-20,1034
7783,43,-22,1047
7784,45,-20,1045
7785,37,-33,1064
7786,38,-31,1066
7787,62,-29,1054
7788,58,-30,1086
7789,29,-42,1084
7790,44,-22,1072
7791,23,-31,1072
7792,24,-41,1069
7793,24,-31,1101
7794,29,-21,1096
7795,36,-35,1101
7796,33,-52,1111
7797,43,-44,1118
7798,53,-33,1090
7799,27,-40,1086
7800,42,-16,1111
7801,21,-25,1116
7802,29,-42,1118
7803,48,-17,1122
7804,35,-47,1137
7805,23,-40,1111
7806,71,-24,1120
7807,20,-50,1132
7808,47,-21,1120
7809,35,-36,1125
7810,27,-37,1134
7811,42,-6,1115
7812,27,-34,1143
7813,19,-32,1163
7814,30,-18,1129
7815,25,-34,1148
7816,40,-16,1129
7817,25,-32,1142
7818,40,-15,1141
7819,28,-25,1155
7820,13,-29,1145
7821,53,4,1128
7822,19,-53,1149
7823,42,-22,1145
7824,40,-6,1126
7825,25,-40,1145
7826,35,-22,1137
7827,39,-31,1113
7828,27,-15,1125
7829,24,-32,1130
7830,38,-6,1139
7831,13,-44,1129
7832,44,-3,1122
7833,10,-52,1123
7834,43,-2,1088
7835,25,-38,1112
7836,25,-28,1118
7837,38,-19,1099
7838,6,-20,1114
7839,19,-20,1103
7840,19,-29,1079
7841,35,-19,1078
7842,10,-36,1093
7843,38,-21,1093
7844,20,-36,1094
7845,38,-22,1066
7846,35,-21,1079
7847,32,-29,1078
7848,34,-24,1078
7849,32,-22,1057
7850,35,-13,1065
7851,38,-31,1051
7852,17,-23,1043
7853,15,-41,1055
7854,42,0,1031
7855,24,-44,1051
7856,48,-17,1016
7857,16,-34,1057
7858,50,-21,1027
7859,30,-22,1049
7860,37,-34,1037
7861,24,-33,1045
7862,30,-23,1002
7863,27,-20,1015
7864,35,-8,1024
7865,28,-33,1026
7866,38,-24,1016
7867,46,-14,1006
7868,36,-29,1029
7869,35,-28,1009
7870,31,-23,1015
7871,42,-18,996
7872,39,-14,1006
7873,36,-21,1026
7874,47,-36,1017
7875,32,-31,1011
7876,62,-22,1016
7877,36,-21,1015
7878,37,-19,1006
7879,61,-9,1017
7880,40,-26,1037
7881,56,-11,1023
7882,28,-29,1057
7883,45,-23,1040
7884,58,-16,1036
7885,27,-30,1079
7886,36,-12,1060
7887,36,-8,1048
7888,39,-17,1033
7889,21,-20,1066
7890,42,-5,1061
7891,28,-30,1081
7892,34,-17,1077
7893,58,-5,1062
7894,24,-23,1096
7895,40,0,1067
7896,29,-20,1090
7897,30,-33,1112
7898,40,12,1078
7899,26,-27,1098
7900,50,4,1099
7901,10,-9,1120
7902,61,-10,1116
7903,34,-27,1136
7904,31,-6,1117
7905,46,0,1109
7906,14,-21,1127
7907,31,-13,1149
7908,37,-4,1132
7909,29,-25,1140
7910,28,-4,1122
7911,31,-9,1143
7912,28,10,1145
7913,10,0,1174
7914,19,-20,1148
7915,19,-13,1160
7916,23,-5,1143
7917,35,-8,1137
7918,35,-23,1157
7919,31,5,1134
7920,20,-34,1142
7921,22,-1,1127
7922,23,-29,1134
7923,25,-8,1147
7924,7,-27,1159
7925,31,-10,1124
7926,16,-24,1154
7927,27,-23,1158
7928,20,3,1131
7929,11,-18,1120
7930,20,-13,1124
7931,4,-20,1119
7932,9,-28,1103
7933,21,-11,1115
7934,17,-25,1123
7935,23,-10,1091
7936,7,-28,1098
7937,34,-7,1087
7938,29,-18,1097
7939,25,-17,1103
7940,28,-31,1109
7941,1,-16,1082
7942,18,-12,1063
7943,0,-37,1081
7944,23,-1,1053
7945,1,-20,1054
7946,9,-31,1051
7947,20,-18,1051
7948,30,-16,1041
7949,8,-27,1061
7950,26,-33,1021
7951,14,-23,1037
7952,32,-15,1039
7953,8,-40,1023
7954,41,-4,1008
7955,1,-28,1009
7956,14,-26,1019
7957,3,-36,998
7958,36,-21,1002
7959,28,-36,994
7960,22,-24,1008
7961,25,-19,983
7962,10,-30,998
7963,29,-16,965
7964,13,-41,972
7965,28,-20,960
7966,4,-46,970
7967,34,-14,978
7968,17,-36,981
7969,18,-40,977
7970,23,-19,960
7971,16,-23,960
7972,25,-32,967
7973,27,-18,951
7974,17,-36,991
7975,35,-8,981
7976,27,-35,983
7977,23,-19,981
7978,35,-35,980
7979,43,-25,976
7980,27,-37,988
7981,38,-33,986
7982,34,-40,990
7983,33,-19,1002
7984,17,-41,1009
7985,39,-36,996
7986,31,-21,992
7987,28,-40,1010
7988,26,-33,1014
7989,31,-24,1023
7990,29,-34,1010
7991,59,-31,1022
7992,25,-50,1040
7993,68,-7,1038
7994,41,-32,1037
7995,37,-20,1038
7996,21,-40,1060
7997,50,-20,1035
7998,40,-24,1053
7999,40,-40,1072
8000,37,-29,1051
8001,39,-31,1080
8002,28,-29,1094
8003,47,-19,1085
8004,39,-25,1095
8005,43,-28,1119
8006,50,-13,1109
8007,20,-40,1107
8008,38,-9,1104
8009,32,-41,1120
8010,45,-34,1112
8011,28,-46,1110
8012,62,-17,1113
8013,23,-45,1143
8014,56,-6,1098
8015,38,-39,1135
8016,51,-21,1125
8017,27,-33,1131
8018,18,-45,1143
8019,42,-1,1131
8020,40,-30,1145
8021,48,-25,1134
8022,41,-34,1126
8023,37,-25,1103
8024,32,-50,1129
8025,33,-40,1140
8026,58,-34,1125
8027,28,-28,1141
8028,39,-48,1136
8029,44,-23,1125
8030,51,-44,1114
8031,42,-20,1122
8032,48,-36,1130
8033,42,-10,1127
8034,54,-27,1111
8035,28,-24,1113
8036,31,-23,1109
8037,67,-11,1094
8038,18,-43,1112
8039,30,-29,1104
8040,42,-21,1087
8041,40,-28,1103
8042,41,-25,1095
8043,48,-22,1094
8044,38,-32,1085
8045,25,-28,1107
8046,41,-8,1062
8047,29,-34,1076
8048,40,-21,1093
8049,40,-29,1069
8050,27,-23,1073
8051,25,-36,1082
8052,34,-23,1063
8053,29,-25,1059
8054,33,-28,1035
8055,41,-15,1050
8056,9,-36,1056
8057,40,-18,1046
8058,30,-11,1027
8059,17,-34,1044
8060,44,-15,1045
8061,34,-8,1029
8062,23,-31,1039
8063,36,-14,1045
8064,44,-20,1042
8065,39,-34,1045
8066,37,-22,1023
8067,30,-17,1026
8068,9,-31,1077
8069,36,-11,1026
8070,35,-12,1057
8071,41,-25,1035
8072,21,-7,1054
8073,36,-33,1026
8074,42,-15,1029
8075,21,-19,1040
8076,7,-40,1038
8077,38,-35,1051
8078,25,-7,1047
8079,15,-39,1075
8080,24,-21,1059
8081,29,-5,1033
8082,26,-20,1057
8083,33,-2,1061
8084,29,-28,1063
8085,25,-30,1045
8086,19,-16,1055
8087,48,-10,1053
8088,35,-24,1037
8089,30,-32,1053
8090,41,-28,1076
8091,25,-16,1048
8092,38,-20,1063
8093,38,-22,1057
8094,25,-31,1087
8095,33,-15,1068
8096,23,-28,1087
8097,38,-1,1081
8098,38,-10,1091
8099,10,-18,1094
8100,28,-3,1100
8101,38,-17,1079
8102,41,-5,1090
8103,22,-26,1119
8104,41,-15,1115
8105,26,-13,1110
8106,28,-15,1139
8107,34,-17,1124
8108,35,-14,1134
8109,22,-26,1132
8110,28,16,1113
8111,24,-23,1142
8112,31,3,1117
8113,10,-14,1106
8114,40,0,1145
8115,37,-8,1131
8116,24,0,1139
8117,37,-24,1145
8118,50,3,1143
8119,40,-17,1137
8120,27,2,1125
8121,46,-7,1123
8122,42,3,1102
8123,25,-10,1114
8124,34,-7,1106
8125,17,-16,1107
8126,13,-22,1092
8127,22,-5,1109
8128,31,-10,1074
8129,20,3,1089
8130,22,-19,1093
8131,25,-1,1082
8132,27,-4,1081
8133,29,-32,1093
8134,38,14,1078
8135,29,-29,1070
8136,27,-19,1073
8137,55,-17,1048
8138,41,-23,1052
8139,41,-40,1047
8140,20,-20,1066
8141,39,-12,1050
8142,36,-20,1035
8143,17,-35,1022
8144,40,-20,1050
8145,30,-18,1029
8146,38,-22,1024
8147,14,-26,1028
8148,46,-10,1021
8149,37,-27,1031
8150,28,-26,1013
8151,26,-23,1018
8152,33,-23,1013
8153,43,-15,1009
8154,37,-29,1033
8155,44,-6,1016
8156,3,-43,1044
8157,31,-1,1005
8158,24,-26,1025
8159,15,-39,1025
8160,23,0,1026
8161,14,-21,1043
8162,31,-19,1040
8163,38,-12,1049
8164,8,-41,1029
8165,40,1,1026
8166,33,-25,1030
8167,20,-10,1058
8168,26,-19,1059
8169,25,-13,1027
8170,17,-24,1066
8171,37,-11,1020
8172,16,-23,1054
8173,29,-20,1036
8174,24,-12,1042
8175,26,-23,1051
8176,33,-13,1038
8177,13,-23,1053
8178,30,-22,1054
8179,38,-30,1046
8180,26,-28,1067
8181,31,-18,1074
8182,32,-38,1061
8183,40,-17,1077
8184,32,-46,1088
8185,11,-22,1080
8186,18,-46,1086
8187,23,-29,1055
8188,29,-21,1079
8189,4,-38,1082
8190,28,-23,1088
8191,19,-29,1090
