,X-axis,Y-Axis,Z-Axis
0,-47,-126,958
1,-24,-85,897
2,40,-67,1028
3,11,-58,1011
4,37,-54,997
5,27,-78,1007
6,18,-67,1022
7,41,-64,1004
8,27,-58,1030
9,36,-55,1018
10,32,-75,1016
11,33,-56,1017
12,50,-67,1031
13,28,-70,1029
14,28,-90,1032
15,36,-48,1003
16,21,-72,1032
17,26,-61,1062
18,19,-62,1008
19,30,-67,1017
20,5,-83,1025
21,51,-39,1013
22,29,-87,1019
23,41,-68,994
24,27,-55,1023
25,32,-78,1027
26,40,-53,1018
27,37,-60,1005
28,10,-90,1047
29,36,-44,991
30,17,-61,1023
31,31,-88,1013
32,45,-63,1015
33,10,-79,1040
34,39,-62,1020
35,22,-61,1026
36,36,-63,1014
37,17,-64,1000
38,26,-71,1004
39,35,-70,1008
40,14,-44,1011
41,43,-76,1029
42,8,-58,1016
43,19,-67,1022
44,18,-60,1037
45,52,-69,1018
46,13,-82,1035
47,33,-59,1037
48,20,-67,999
49,14,-77,1029
50,52,-62,1032
51,10,-59,1023
52,23,-66,1042
53,34,-77,1020
54,14,-58,1009
55,40,-68,1023
56,21,-84,1016
57,51,-55,1018
58,28,-67,1017
59,44,-70,1007
60,21,-69,1029
61,40,-54,1026
62,33,-70,1021
63,34,-55,1010
64,17,-75,1021
65,23,-69,1026
66,64,-56,1016
67,17,-68,1023
68,32,-61,994
69,4,-73,1022
70,32,-54,1029
71,11,-81,1039
72,41,-50,994
73,2,-88,1056
74,35,-52,1009
75,21,-85,1013
76,35,-48,1027
77,11,-85,1036
78,36,-60,1032
79,23,-66,1035
80,14,-73,1013
81,29,-56,1011
82,17,-67,1034
83,30,-66,1040
84,26,-68,1002
85,29,-81,1036
86,29,-56,1027
87,25,-77,1007
88,22,-64,1023
89,27,-63,1026
90,34,-59,996
91,40,-73,1020
92,31,-55,1020
93,30,-82,1016
94,42,-58,1023
95,48,-52,1022
96,18,-81,1028
97,33,-51,1010
98,26,-76,1009
99,27,-61,1042
100,34,-57,1008
101,22,-72,1033
102,40,-54,994
103,28,-72,1018
104,25,-62,1014
105,16,-61,1007
106,30,-69,1010
107,40,-60,1007
108,20,-67,1017
109,38,-78,1030
110,25,-70,1023
111,16,-72,1024
112,33,-54,996
113,13,-59,1039
114,41,-46,990
115,7,-66,1021
116,30,-62,1017
117,11,-54,1024
118,32,-63,1017
119,21,-58,1031
120,34,-59,997
121,29,-74,1001
122,29,-61,1018
123,8,-62,1007
124,17,-101,1018
125,38,-54,1013
126,26,-78,1026
127,45,-54,1017
128,21,-75,1006
129,23,-67,1027
130,11,-75,1039
131,29,-51,1014
132,36,-61,1026
133,28,-70,1003
134,41,-72,1017
135,30,-64,1020
136,32,-47,996
137,31,-64,1008
138,4,-74,1021
139,27,-56,1029
140,31,-70,1024
141,11,-62,1025
142,38,-73,1016
143,32,-63,1017
144,13,-69,1021
145,41,-63,1015
146,14,-64,992
147,34,-65,1022
148,37,-61,1027
149,31,-66,1025
150,32,-67,1041
151,34,-79,1037
152,28,-70,1029
153,34,-68,1004
154,21,-76,1018
155,30,-71,1015
156,29,-62,1015
157,42,-56,1018
158,29,-68,1040
159,38,-60,1013
160,29,-47,1030
161,16,-84,1018
162,33,-63,1022
163,32,-66,1006
164,42,-73,1023
165,28,-48,1007
166,16,-62,1037
167,24,-60,1007
168,19,-63,1034
169,40,-49,1028
170,30,-59,1023
171,13,-85,1015
172,52,-56,1003
173,25,-81,1024
174,47,-72,988
175,29,-68,1025
176,28,-72,1023
177,33,-61,1035
178,34,-78,1035
179,13,-64,1045
180,44,-60,1023
181,28,-75,1048
182,38,-53,998
183,17,-72,1031
184,35,-55,1021
185,19,-70,1062
186,41,-51,1013
187,29,-66,1013
188,29,-56,1019
189,26,-76,1029
190,37,-61,1019
191,20,-63,1013
192,33,-68,1029
193,20,-70,1029
194,42,-73,1009
195,37,-70,1017
196,19,-71,1027
197,40,-70,1029
198,25,-76,1022
199,51,-64,991
200,15,-59,1016
201,26,-83,1011
202,41,-62,1017
203,22,-64,1002
204,30,-66,1036
205,14,-68,1019
206,42,-61,1012
207,19,-62,1022
208,21,-74,1015
209,31,-59,1029
210,16,-74,1022
211,38,-72,1016
212,30,-73,1049
213,46,-51,1009
214,16,-65,1015
215,32,-62,1023
216,20,-59,1016
217,28,-62,1014
218,25,-62,1012
219,38,-58,1023
220,12,-70,1018
221,25,-58,1028
222,17,-57,1030
223,22,-68,1017
224,14,-61,1027
225,39,-47,1023
226,28,-74,1024
227,31,-69,1000
228,34,-58,1015
229,32,-72,1005
230,29,-75,1004
231,38,-47,1027
232,24,-68,1016
233,39,-69,1019
234,36,-63,1016
235,23,-72,1018
236,20,-68,1020
237,27,-54,1034
238,34,-72,1020
239,15,-70,1034
240,43,-61,1000
241,32,-56,1012
242,18,-64,1043
243,20,-73,1017
244,20,-63,1018
245,26,-88,1025
246,29,-61,1036
247,45,-70,1031
248,17,-52,1024
249,38,-76,1020
250,40,-64,1025
251,19,-73,1016
252,35,-50,1022
253,12,-75,1011
254,47,-51,1009
255,10,-76,1018
256,28,-62,1013
257,15,-72,1028
258,30,-69,1019
259,25,-62,1010
260,30,-70,1004
261,32,-60,1017
262,24,-68,1033
263,24,-69,1007
264,29,-69,1023
265,21,-77,1014
266,35,-55,1033
267,6,-72,1013
268,30,-72,1015
269,35,-74,1037
270,21,-62,1036
271,40,-61,1011
272,30,-66,1005
273,36,-69,1000
274,7,-61,1004
275,37,-66,1020
276,34,-57,1005
277,17,-74,1006
278,32,-63,1018
279,31,-79,1006
280,27,-59,1022
281,19,-69,1031
282,40,-62,1012
283,20,-76,1036
284,41,-54,997
285,25,-82,1037
286,16,-63,1034
287,26,-59,1021
288,31,-67,1030
289,36,-53,1029
290,44,-68,1035
291,32,-57,1027
292,6,-77,1018
293,33,-56,1023
294,16,-59,1016
295,13,-84,1009
296,38,-59,1017
297,34,-79,1020
298,26,-60,1011
299,33,-74,990
300,20,-67,1019
301,18,-49,1022
302,16,-79,1029
303,34,-65,1006
304,12,-90,1020
305,50,-42,987
306,6,-86,1035
307,40,-45,1005
308,21,-67,995
309,24,-61,1017
310,22,-67,1014
311,22,-79,1016
312,37,-82,1013
313,52,-64,997
314,12,-78,1019
315,33,-48,1016
316,34,-78,1018
317,35,-54,1015
318,26,-66,1000
319,22,-75,1016
320,32,-71,997
321,38,-59,1027
322,11,-73,1032
323,35,-45,1020
324,33,-65,1005
325,32,-64,1029
326,32,-60,1045
327,26,-65,1021
328,21,-56,1013
329,20,-72,1030
330,30,-66,991
331,27,-79,999
332,52,-54,1009
333,25,-70,1018
334,24,-74,1009
335,37,-55,1014
336,19,-87,1028
337,45,-58,1007
338,25,-58,1016
339,28,-73,1031
340,41,-44,1019
341,21,-77,1009
342,3,-70,1010
343,17,-57,1013
344,31,-69,1019
345,22,-72,1036
346,51,-47,1013
347,21,-77,1021
348,34,-65,1039
349,19,-65,1046
350,31,-54,997
351,23,-71,1013
352,24,-73,1023
353,17,-58,1026
354,28,-74,1000
355,36,-51,980
356,27,-59,1014
357,23,-69,1029
358,63,-40,985
359,19,-76,1039
360,45,-64,1024
361,37,-65,1015
362,22,-51,1015
363,29,-65,1019
364,14,-74,1029
365,28,-52,1022
366,30,-80,1009
367,37,-62,1030
368,27,-55,1016
369,26,-62,1018
370,20,-80,1028
371,42,-65,1016
372,21,-60,1000
373,42,-63,1011
374,25,-68,1008
375,23,-49,998
376,16,-75,1045
377,7,-67,1048
378,27,-50,1038
379,33,-65,1037
380,6,-73,1049
381,26,-76,1032
382,25,-77,1035
383,17,-62,1031
384,15,-69,1066
385,35,-45,1014
386,19,-78,1030
387,33,-73,1027
388,50,-71,1017
389,23,-55,1047
390,20,-78,1006
391,40,-45,1016
392,13,-71,1042
393,27,-49,1035
394,38,-45,1023
395,23,-62,1031
396,22,-61,1004
397,13,-81,1041
398,37,-59,1055
399,19,-61,1049
400,15,-49,1048
401,38,-76,1018
402,14,-93,1030
403,52,-58,1033
404,11,-74,1026
405,37,-54,1035
406,31,-62,1038
407,30,-62,1004
408,22,-78,1017
409,32,-59,1006
410,31,-61,1053
411,39,-50,1028
412,15,-68,1032
413,35,-49,1018
414,44,-57,1017
415,16,-61,1021
416,10,-71,1024
417,34,-64,1011
418,19,-78,1007
419,25,-71,1003
420,31,-51,1018
421,10,-80,1040
422,43,-63,1021
423,39,-51,1022
424,11,-83,1012
425,40,-45,1022
426,24,-76,1031
427,24,-50,1007
428,13,-80,1045
429,29,-38,1014
430,10,-91,1060
431,28,-61,1022
432,13,-67,1032
433,19,-55,1036
434,28,-61,1025
435,25,-62,1029
436,19,-74,1028
437,36,-46,1018
438,25,-70,1020
439,14,-69,1022
440,26,-52,991
441,24,-85,1003
442,18,-68,1052
443,31,-68,1011
444,16,-78,1038
445,34,-69,1007
446,22,-54,1016
447,25,-73,1032
448,27,-62,1026
449,14,-59,1026
450,10,-82,1006
451,9,-74,1024
452,45,-62,1032
453,17,-60,1037
454,23,-66,1043
455,42,-61,1020
456,46,-71,1046
457,21,-64,1037
458,25,-72,1013
459,33,-56,1010
460,24,-49,1023
461,25,-84,1032
462,30,-83,1036
463,34,-52,1023
464,19,-59,1031
465,16,-68,1023
466,30,-45,1018
467,31,-76,1032
468,34,-62,1037
469,16,-75,1025
470,25,-72,1019
471,41,-65,1007
472,1,-74,1029
473,32,-63,1017
474,30,-58,1010
475,20,-79,1018
476,26,-61,1019
477,19,-61,1024
478,20,-75,1006
479,25,-74,1033
480,22,-65,1007
481,4,-79,1042
482,42,-60,1012
483,16,-79,1015
484,32,-76,1021
485,29,-77,1011
486,16,-81,1024
487,41,-63,992
488,9,-68,1025
489,34,-76,1001
490,21,-79,1026
491,24,-76,1005
492,29,-56,1032
493,59,-54,1015
494,20,-62,1016
495,30,-64,1012
496,10,-67,1019
497,44,-55,997
498,13,-93,1007
499,15,-81,999
500,-38,-118,1020
501,-42,-111,1032
502,-47,-105,1036
503,36,-75,1013
504,38,-46,1032
505,70,-30,1049
506,107,-7,1034
507,103,-13,1023
508,31,-58,1047
509,-23,-62,1030
510,-39,-97,1011
511,-68,-160,1022
512,11,-86,877
513,78,-43,799
514,126,-14,796
515,143,0,844
516,138,6,813
517,71,-41,868
518,61,-66,890
519,1,-107,956
520,-35,-98,1042
521,-43,-120,1084
522,-31,-129,1131
523,15,-125,1200
524,24,-84,1219
525,-3,-58,1254
526,-24,-56,1208
527,-96,-61,1200
528,-87,-30,1165
529,-71,-42,1140
530,-5,-54,1080
531,44,-71,1072
532,105,-56,1041
533,125,-14,968
534,146,-24,843
535,71,-63,777
536,51,-26,728
537,11,-40,750
538,71,-18,691
539,74,-109,681
540,133,-101,721
541,129,-103,757
542,81,-101,816
543,85,-88,824
544,15,-116,879
545,-29,-111,979
546,-78,-98,1093
547,-149,-85,1200
548,-118,-75,1254
549,-106,-101,1281
550,-37,-85,1314
551,-11,-65,1353
552,33,-45,1337
553,107,-18,1261
554,106,-21,1244
555,113,4,1159
556,106,30,1109
557,84,22,1005
558,91,-19,946
559,77,-43,931
560,123,-50,887
561,94,-70,846
562,88,-101,811
563,65,-117,828
564,53,-89,822
565,-12,-104,819
566,-57,-125,799
567,-62,-170,846
568,-60,-145,909
569,-56,-121,955
570,-27,-86,961
571,-25,-88,926
572,-39,-61,990
573,-1,-19,1029
574,-29,0,1050
575,23,6,1009
576,62,-1,1049
577,104,5,1150
578,142,31,1161
579,147,7,1177
580,185,27,1148
581,174,-15,1160
582,157,-4,1222
583,116,-26,1244
584,80,-58,1239
585,33,-94,1250
586,-2,-118,1240
587,-59,-180,1276
588,-75,-164,1166
589,-122,-189,1077
590,-88,-142,1011
591,-133,-139,946
592,-93,-101,877
593,-37,-83,794
594,41,-56,752
595,62,-40,743
596,52,-9,792
597,107,3,778
598,128,10,839
599,164,22,847
600,133,32,919
601,142,23,974
602,145,-23,1003
603,85,-47,1084
604,68,-26,1146
605,0,-61,1204
606,-3,-68,1202
607,-8,-115,1231
608,-54,-131,1251
609,-54,-107,1239
610,-56,-140,1246
611,-25,-164,1235
612,-47,-149,1272
613,5,-70,1214
614,9,-67,1129
615,30,-56,1052
616,43,-50,1076
617,74,-30,1088
618,53,-27,1075
619,77,-21,992
620,58,-46,986
621,65,-42,965
622,38,15,952
623,79,20,908
624,109,-49,913
625,101,-91,856
626,84,-52,832
627,33,-74,877
628,22,-109,882
629,-3,-125,915
630,-35,-133,936
631,-55,-101,1013
632,-43,-125,1065
633,-47,-144,1096
634,-42,-122,1145
635,-11,-90,1130
636,-20,-90,1121
637,-6,-107,1125
638,29,-82,1134
639,46,-48,1081
640,38,16,1067
641,90,3,1079
642,97,-6,1100
643,73,-9,1100
644,126,11,1096
645,76,-28,1121
646,89,-36,1112
647,80,-109,1111
648,69,-107,1074
649,41,-115,1058
650,61,-109,1025
651,10,-149,1014
652,-62,-133,985
653,-81,-71,940
654,-75,-78,918
655,-84,-91,891
656,-54,-94,857
657,-66,-75,881
658,-50,-49,878
659,-12,-23,855
660,44,-19,840
661,102,-24,859
662,122,-20,913
663,101,1,945
664,73,-36,967
665,44,-76,1000
666,46,-107,1040
667,0,-102,1126
668,-13,-68,1177
669,-34,-129,1224
670,11,-108,1234
671,77,-71,1272
672,127,-52,1260
673,103,-42,1228
674,73,-88,1148
675,-2,-101,1169
676,-77,-112,1180
677,-118,-126,1099
678,-142,-127,965
679,-129,-110,887
680,-94,-42,800
681,-37,-41,712
682,80,-24,583
683,141,3,508
684,211,45,525
685,191,55,562
686,152,40,611
687,127,12,681
688,80,-30,820
689,52,-61,942
690,-18,-133,1056
691,-7,-155,1185
692,-13,-174,1276
693,-47,-168,1346
694,-114,-173,1389
695,-114,-150,1375
696,-137,-93,1362
697,-112,-54,1348
698,-46,-22,1241
699,40,-36,1208
700,97,-67,1185
701,154,-13,1114
702,160,27,1017
703,128,3,917
704,87,-9,876
705,58,0,816
706,48,52,780
707,25,13,739
708,83,-61,685
709,123,-111,715
710,126,-156,735
711,114,-127,767
712,53,-131,783
713,-10,-140,823
714,-75,-108,918
715,-156,-92,1028
716,-151,-71,1104
717,-144,-83,1115
718,-104,-131,1202
719,-15,-107,1252
720,32,-97,1264
721,70,-81,1243
722,114,-54,1197
723,140,6,1132
724,161,26,1131
725,156,90,1055
726,129,75,1023
727,138,36,968
728,147,-19,1005
729,115,-42,1016
730,92,-57,997
731,34,-104,997
732,-38,-159,1019
733,-73,-151,1032
734,-96,-137,1051
735,-75,-172,1034
736,-101,-208,1044
737,-36,-188,1073
738,-2,-164,1044
739,20,-79,1020
740,22,-61,987
741,40,-34,1000
742,68,26,960
743,56,46,957
744,49,46,918
745,72,17,911
746,103,6,927
747,115,-29,968
748,114,-45,933
749,69,-48,915
750,63,-54,916
751,42,-66,971
752,36,-50,991
753,22,-101,1071
754,-18,-115,1093
755,-62,-169,1147
756,-46,-195,1239
757,-43,-185,1220
758,-47,-153,1240
759,-65,-160,1220
760,-85,-144,1191
761,-75,-106,1121
762,-70,-100,1086
763,19,-78,1044
764,61,-29,979
765,70,-27,936
766,112,19,907
767,148,54,829
768,170,76,807
769,178,57,790
770,163,55,765
771,111,5,813
772,81,-37,813
773,33,-113,863
774,3,-136,922
775,-45,-163,1023
776,-68,-164,1038
777,-88,-205,1092
778,-109,-191,1167
779,-87,-157,1140
780,-51,-137,1168
781,-35,-136,1165
782,23,-88,1161
783,41,-42,1154
784,58,-31,1160
785,69,38,1098
786,60,19,1115
787,69,37,1115
788,52,24,1120
789,55,40,1089
790,77,0,1093
791,112,-25,1077
792,140,-12,1025
793,130,-39,1029
794,147,-33,952
795,64,-81,927
796,16,-84,878
797,-26,-133,855
798,-83,-179,874
799,-105,-175,909
800,-93,-205,898
801,-127,-188,908
802,-100,-149,915
803,-69,-87,893
804,-23,-68,894
805,33,-31,859
806,85,-16,876
807,138,-25,939
808,204,11,947
809,205,-12,1029
810,203,31,1119
811,150,39,1197
812,67,46,1302
813,27,33,1353
814,-61,-1,1404
815,-84,-30,1463
816,-93,-87,1400
817,-111,-138,1360
818,-89,-157,1277
819,-60,-142,1139
820,-1,-127,1065
821,29,-97,937
822,27,-62,874
823,41,-43,830
824,26,-19,782
825,4,-31,731
826,-8,-37,698
827,49,-50,702
828,69,-61,718
829,132,-59,718
830,220,-41,721
831,178,-73,817
832,146,-5,862
833,55,-21,986
834,20,-39,1067
835,-61,-54,1147
836,-84,-83,1232
837,-73,-100,1332
838,-25,-124,1400
839,-7,-124,1400
840,36,-81,1379
841,49,-86,1326
842,60,-49,1264
843,50,-63,1238
844,47,-58,1195
845,30,-54,1199
846,52,-78,1143
847,43,-93,1114
848,50,-85,1066
849,35,-26,987
850,30,-10,880
851,0,-39,833
852,-19,-24,779
853,-6,8,761
854,0,-52,767
855,55,-47,772
856,29,-118,808
857,51,-130,863
858,65,-137,903
859,50,-161,994
860,38,-132,1038
861,23,-95,1083
862,-29,-72,1073
863,-65,-70,1093
864,-51,-54,1144
865,-21,-46,1160
866,2,-26,1188
867,41,-56,1193
868,98,-44,1203
869,91,-42,1139
870,21,-34,1168
871,26,-17,1153
872,-4,-34,1131
873,-52,-56,1137
874,-22,-38,1099
875,5,-82,1073
876,48,-80,997
877,61,-63,961
878,81,-101,922
879,121,-106,837
880,92,-97,812
881,33,-109,837
882,2,-89,893
883,-21,-123,954
884,-6,-92,986
885,-12,-106,1000
886,19,-82,1021
887,-15,-90,950
888,-55,-92,924
889,-8,-46,882
890,-2,-52,870
891,-7,-71,837
892,22,-50,799
893,-5,-48,859
894,20,-20,912
895,70,-14,923
896,76,-23,960
897,108,-32,1001
898,104,-4,1018
899,57,-43,1117
900,45,-60,1133
901,-2,-78,1180
902,1,-82,1246
903,-20,-107,1278
904,-20,-115,1309
905,-10,-130,1341
906,14,-95,1282
907,-26,-109,1225
908,-23,-87,1120
909,-41,-36,993
910,-19,-11,895
911,-13,-7,848
912,41,5,802
913,84,3,724
914,85,-16,669
915,73,-35,615
916,102,-60,569
917,40,-100,589
918,-18,-109,650
919,-44,-90,716
920,-74,-89,797
921,-62,-100,876
922,45,-78,996
923,129,-70,1088
924,142,-78,1143
925,134,-93,1216
926,72,-98,1245
927,-2,-132,1297
928,-44,-109,1296
929,-86,-119,1362
930,-89,-116,1357
931,-42,-73,1295
932,-7,-38,1264
933,76,0,1175
934,151,37,1080
935,156,48,1036
936,163,66,955
937,107,47,892
938,83,18,834
939,61,-3,847
940,12,-26,830
941,-5,-76,819
942,8,-129,824
943,75,-155,852
944,53,-162,881
945,-11,-130,892
946,-97,-167,909
947,-140,-137,911
948,-160,-122,973
949,-89,-101,1037
950,20,-98,1096
951,96,-85,1186
952,143,-48,1246
953,180,-14,1195
954,127,-15,1177
955,33,-15,1123
956,-39,0,1116
957,-97,7,1125
958,-62,43,1108
959,37,7,964
960,119,-19,955
961,184,-29,936
962,227,-8,934
963,236,-50,860
964,179,-85,827
965,91,-123,866
966,10,-160,943
967,-120,-171,1066
968,-217,-202,1132
969,-179,-177,1159
970,-146,-215,1200
971,-82,-173,1223
972,-63,-150,1225
973,18,-121,1111
974,55,-85,1029
975,69,-28,991
976,67,30,975
977,108,105,927
978,121,103,903
979,128,93,878
980,187,77,918
981,183,52,956
982,143,7,959
983,74,-53,970
984,60,-98,1022
985,-41,-141,1089
986,-60,-163,1065
987,-113,-251,1078
988,-72,-240,1071
989,-50,-203,1095
990,-38,-180,1039
991,-31,-162,1008
992,-24,-113,970
993,-49,-76,968
994,-43,-52,977
995,-19,1,942
996,16,29,996
997,115,20,1020
998,129,23,1083
999,180,43,1073
1000,212,23,1051
1001,204,1,1025
1002,168,-16,1080
1003,148,2,1090
1004,114,0,1124
1005,24,-52,1142
1006,-28,-75,1137
1007,-68,-147,1144
1008,-100,-134,1138
1009,-107,-135,1077
1010,-160,-198,1066
1011,-127,-197,1016
1012,-103,-193,989
1013,-49,-157,943
1014,10,-150,891
1015,62,-108,854
1016,76,-57,847
1017,99,-18,865
1018,135,37,858
1019,122,62,838
1020,101,65,872
1021,108,63,915
1022,103,24,989
1023,118,28,1027
1024,113,0,1085
1025,101,-7,1156
1026,49,-36,1246
1027,0,-38,1275
1028,-24,-101,1318
1029,-81,-136,1318
1030,-112,-183,1361
1031,-84,-183,1369
1032,-70,-198,1366
1033,-16,-156,1257
1034,59,-97,1139
1035,39,-72,1018
1036,67,7,923
1037,46,15,842
1038,36,-11,763
1039,16,-39,700
1040,-6,-47,688
1041,20,-24,697
1042,76,2,742
1043,143,33,754
1044,215,32,809
1045,220,17,846
1046,169,-9,915
1047,70,-60,1009
1048,47,-96,1068
1049,-42,-154,1191
1050,-61,-173,1255
1051,-88,-222,1351
1052,-76,-186,1414
1053,-93,-180,1427
1054,-66,-133,1384
1055,-61,-107,1314
1056,-84,-124,1233
1057,-84,-76,1132
1058,-100,-64,1014
1059,-36,-31,931
1060,65,-12,811
1061,189,19,751
1062,298,47,728
1063,300,86,734
1064,297,105,770
1065,202,73,848
1066,94,28,920
1067,14,-1,976
1068,-51,-56,985
1069,-83,-121,1017
1070,-116,-203,1105
1071,-62,-173,1118
1072,-66,-176,1096
1073,-65,-172,1046
1074,-85,-157,1038
1075,-97,-106,1034
1076,-137,-106,1084
1077,-111,-86,1118
1078,-75,-120,1139
1079,19,-86,1143
1080,90,-87,1118
1081,184,-44,1058
1082,241,-9,1022
1083,245,15,986
1084,218,53,975
1085,142,68,956
1086,72,37,966
1087,34,18,993
1088,-30,-38,1026
1089,-46,-87,1067
1090,-34,-132,1101
1091,-9,-176,1109
1092,-57,-173,1105
1093,-78,-180,1040
1094,-115,-180,997
1095,-160,-206,949
1096,-142,-199,950
1097,-125,-216,927
1098,-49,-196,949
1099,48,-151,913
1100,143,-66,884
1101,150,9,833
1102,168,50,789
1103,143,122,784
1104,76,117,820
1105,91,78,828
1106,89,8,839
1107,77,-17,896
1108,96,-20,976
1109,112,-26,1000
1110,77,-74,1005
1111,54,-47,992
1112,-5,-62,1049
1113,-82,-104,1036
1114,-103,-125,1087
1115,-85,-134,1098
1116,-104,-163,1131
1117,-52,-133,1132
1118,-11,-114,1095
1119,31,-142,1127
1120,104,-63,1113
1121,124,-47,1124
1122,108,-38,1137
1123,52,-74,1178
1124,28,-20,1223
1125,-29,11,1237
1126,2,41,1199
1127,29,9,1140
1128,68,-17,1083
1129,118,-20,1001
1130,81,-9,936
1131,44,-39,762
1132,2,-81,660
1133,-58,-142,633
1134,-61,-138,617
1135,-39,-141,610
1136,31,-155,581
1137,80,-166,638
1138,130,-142,695
1139,142,-114,768
1140,95,-93,785
1141,25,-64,855
1142,-29,-64,967
1143,-81,-54,1155
1144,-25,-24,1280
1145,-4,-20,1389
1146,40,9,1428
1147,22,0,1460
1148,9,8,1455
1149,-13,23,1412
1150,-58,6,1364
1151,-35,17,1253
1152,-45,8,1180
1153,20,-1,1109
1154,101,-20,1018
1155,198,-45,975
1156,231,-76,953
1157,218,-103,947
1158,199,-109,956
1159,140,-150,965
1160,48,-157,987
1161,-61,-172,1028
1162,-93,-169,990
1163,-168,-158,986
1164,-179,-136,942
1165,-156,-92,886
1166,-84,-70,800
1167,-78,-54,747
1168,-23,-12,671
1169,-21,14,665
1170,9,13,689
1171,43,24,748
1172,107,27,822
1173,169,-2,948
1174,220,25,1049
1175,240,-43,1168
1176,255,-43,1225
1177,195,-108,1316
1178,111,-111,1375
1179,32,-129,1388
1180,-29,-117,1443
1181,-105,-113,1446
1182,-93,-110,1457
1183,-70,-106,1417
1184,-50,-124,1337
1185,-29,-98,1201
1186,-12,-106,1098
1187,-40,-113,1027
1188,-42,-62,902
1189,-72,-72,817
1190,-19,-26,729
1191,36,-15,677
1192,98,-22,701
1193,182,-24,704
1194,174,-50,733
1195,164,-41,732
1196,153,-39,765
1197,93,-55,832
1198,4,-59,926
1199,-3,-21,960
1200,2,-36,984
1201,-23,-63,996
1202,15,-49,1023
1203,-20,-93,1126
1204,-9,-101,1159
1205,-41,-98,1177
1206,-80,-122,1214
1207,-67,-150,1255
1208,-37,-120,1273
1209,-23,-139,1326
1210,61,-85,1313
1211,76,-98,1242
1212,93,-22,1178
1213,89,0,1118
1214,93,7,1067
1215,109,28,976
1216,24,20,940
1217,59,12,906
1218,34,-5,958
1219,68,-9,914
1220,69,-72,940
1221,110,-78,953
1222,63,-106,963
1223,45,-117,964
1224,25,-134,940
1225,-27,-129,936
1226,-39,-135,920
1227,-59,-122,946
1228,-55,-120,958
1229,-65,-117,978
1230,-37,-70,980
1231,-49,-88,1014
1232,-19,-35,980
1233,-40,-30,1014
1234,0,32,980
1235,2,19,994
1236,57,14,1029
1237,126,34,1009
1238,177,-23,1073
1239,203,-15,1119
1240,191,-31,1143
1241,164,-61,1191
1242,125,-81,1179
1243,51,-74,1212
1244,-42,-116,1267
1245,-32,-141,1280
1246,-96,-165,1281
1247,-65,-158,1265
1248,-60,-162,1212
1249,-73,-138,1146
1250,-83,-43,999
1251,-100,-66,972
1252,-45,-3,884
1253,-67,-3,831
1254,-55,-2,799
1255,24,15,742
1256,61,-38,731
1257,161,-8,687
1258,229,-27,708
1259,259,-20,710
1260,240,-31,752
1261,191,-29,802
1262,141,-41,879
1263,60,-66,968
1264,24,-139,1088
1265,-29,-165,1195
1266,-57,-164,1275
1267,-113,-182,1333
1268,-129,-147,1356
1269,-135,-110,1390
1270,-136,-91,1354
1271,-112,-54,1324
1272,-81,-65,1247
1273,-16,-50,1213
1274,41,-53,1180
1275,140,-8,1118
1276,184,-4,1075
1277,204,9,992
1278,173,9,928
1279,133,17,893
1280,87,-8,876
1281,67,-41,853
1282,61,-48,871
1283,50,-85,878
1284,40,-92,917
1285,21,-99,929
1286,-30,-126,938
1287,-74,-116,909
1288,-137,-146,908
1289,-204,-212,910
1290,-174,-198,856
1291,-165,-161,818
1292,-101,-122,775
1293,17,-62,756
1294,121,-8,722
1295,174,28,770
1296,212,54,817
1297,219,71,835
1298,151,21,955
1299,135,-12,1110
1300,90,-52,1220
1301,88,-75,1309
1302,64,-127,1410
1303,84,-113,1496
1304,47,-96,1551
1305,-32,-93,1597
1306,-92,-107,1522
1307,-164,-135,1394
1308,-226,-164,1284
1309,-240,-160,1159
1310,-193,-161,1087
1311,-44,-139,956
1312,66,-61,833
1313,165,10,701
1314,232,39,598
1315,222,46,550
1316,171,55,503
1317,97,19,470
1318,54,-32,472
1319,0,-96,506
1320,11,-111,562
1321,47,-95,624
1322,85,-94,720
1323,101,-59,786
1324,71,-50,895
1325,28,-40,1011
1326,-59,-22,1127
1327,-141,-65,1236
1328,-144,-111,1315
1329,-140,-167,1409
1330,-95,-164,1454
1331,-36,-179,1564
1332,37,-149,1551
1333,94,-105,1535
1334,169,-41,1449
1335,135,-13,1402
1336,147,28,1287
1337,73,41,1201
1338,76,36,1091
1339,99,-8,975
1340,105,0,910
1341,121,-9,878
1342,117,-17,735
1343,20,-50,621
1344,-18,-88,530
1345,-98,-94,503
1346,-156,-159,544
1347,-139,-143,533
1348,-113,-188,592
1349,-38,-160,629
1350,22,-146,716
1351,39,-141,799
1352,79,-90,874
1353,80,-90,931
1354,44,-66,1023
1355,36,-27,1065
1356,8,-43,1161
1357,41,-13,1226
1358,74,11,1265
1359,101,36,1295
1360,104,17,1339
1361,133,63,1316
1362,103,39,1352
1363,107,52,1322
1364,86,0,1341
1365,35,-63,1345
1366,11,-89,1336
1367,-50,-137,1328
1368,-30,-124,1287
1369,-33,-163,1221
1370,-21,-150,1144
1371,-51,-164,1056
1372,-71,-159,964
1373,-71,-182,857
1374,-35,-124,754
1375,-18,-131,700
1376,73,-36,625
1377,96,-43,627
1378,154,30,573
1379,125,60,543
1380,92,53,592
1381,104,57,613
1382,32,-24,711
1383,-14,-27,781
1384,-19,-40,859
1385,-38,-90,959
1386,17,-95,1057
1387,79,-132,1160
1388,82,-118,1249
1389,42,-81,1321
1390,-6,-78,1349
1391,9,-118,1393
1392,-1,-98,1464
1393,6,-90,1499
1394,3,-108,1526
1395,63,-98,1492
1396,53,-97,1461
1397,64,-57,1399
1398,38,-7,1321
1399,13,-11,1206
1400,18,-5,1055
1401,27,10,901
1402,68,3,830
1403,101,-18,772
1404,104,-54,729
1405,124,-58,646
1406,121,-46,571
1407,62,-47,572
1408,6,-83,605
1409,-31,-51,622
1410,-93,-93,691
1411,-111,-124,779
1412,-42,-131,838
1413,-68,-190,996
1414,-19,-147,1060
1415,-14,-112,1096
1416,-25,-145,1165
1417,22,-115,1174
1418,27,-142,1253
1419,60,-62,1296
1420,47,-40,1327
1421,77,-3,1297
1422,94,-1,1346
1423,139,16,1336
1424,134,53,1308
1425,150,36,1268
1426,106,23,1227
1427,81,-15,1191
1428,40,-13,1122
1429,6,-51,1077
1430,8,-80,1022
1431,-19,-100,1015
1432,9,-117,977
1433,15,-95,928
1434,11,-106,881
1435,-3,-134,819
1436,-20,-142,791
1437,-49,-166,761
1438,-79,-153,794
1439,-59,-133,818
1440,-36,-103,795
1441,-1,-86,833
1442,49,-31,891
1443,70,-16,962
1444,104,0,957
1445,72,3,945
1446,56,-10,991
1447,37,-5,1040
1448,25,-16,1095
1449,50,-12,1138
1450,96,8,1151
1451,107,-19,1193
1452,124,-32,1229
1453,101,-53,1239
1454,59,-98,1266
1455,15,-130,1281
1456,-37,-191,1319
1457,-32,-238,1280
1458,-16,-208,1241
1459,-43,-171,1189
1460,-29,-132,1141
1461,-31,-99,1077
1462,16,-43,958
1463,-5,-8,896
1464,21,9,814
1465,-19,-10,779
1466,6,-11,769
1467,41,38,750
1468,92,5,772
1469,112,39,814
1470,122,5,855
1471,122,11,878
1472,83,-22,900
1473,65,-72,860
1474,8,-111,895
1475,-38,-179,918
1476,-52,-166,969
1477,-49,-149,1026
1478,-20,-141,1025
1479,-9,-135,1029
1480,22,-107,1084
1481,39,-84,1134
1482,21,-110,1206
1483,45,-60,1198
1484,-6,-115,1253
1485,39,-40,1210
1486,26,-51,1264
1487,63,13,1242
1488,61,28,1247
1489,60,21,1228
1490,55,33,1195
1491,23,6,1113
1492,4,5,1069
1493,-33,-44,980
1494,-24,-72,872
1495,-14,-91,838
1496,15,-96,772
1497,34,-116,755
1498,81,-106,707
1499,109,-117,736
1500,94,-103,725
1501,68,-118,740
1502,-9,-123,779
1503,-36,-111,833
1504,-53,-115,891
1505,-29,-99,976
1506,1,-62,999
1507,-7,-33,1071
1508,3,-17,1122
1509,-3,14,1138
1510,-17,-29,1179
1511,-18,2,1213
1512,-49,-38,1237
1513,11,-13,1242
1514,27,-39,1265
1515,73,-60,1268
1516,126,-65,1260
1517,152,-66,1257
1518,151,-100,1235
1519,156,-106,1189
1520,116,-131,1159
1521,89,-143,1073
1522,39,-135,1013
1523,17,-162,977
1524,-20,-118,920
1525,-46,-101,843
1526,-45,-74,790
1527,-31,-37,732
1528,-27,-37,698
1529,-56,-10,661
1530,-65,-5,639
1531,-64,-18,644
1532,-38,-42,691
1533,25,-32,768
1534,65,-47,822
1535,97,-41,944
1536,119,-62,1002
1537,124,-61,1078
1538,97,-57,1156
1539,46,-80,1247
1540,-18,-79,1283
1541,-20,-85,1312
1542,-31,-91,1310
1543,-4,-109,1315
1544,41,-120,1287
1545,67,-115,1242
1546,81,-91,1161
1547,40,-86,1090
1548,56,-78,1045
1549,35,-65,1000
1550,8,-95,999
1551,42,-59,943
1552,28,-77,940
1553,13,-46,898
1554,44,-23,846
1555,-9,-25,873
1556,6,0,829
1557,-29,-14,857
1558,-30,-27,873
1559,-45,-38,929
1560,-10,-45,902
1561,1,-80,952
1562,54,-61,971
1563,73,-74,980
1564,61,-78,1020
1565,86,-59,997
1566,85,-70,983
1567,47,-80,975
1568,31,-100,998
1569,15,-95,1016
1570,40,-88,1016
1571,42,-117,1046
1572,46,-90,1051
1573,64,-61,1072
1574,25,-46,1095
1575,24,-23,1091
1576,14,-12,1102
1577,-4,-23,1094
1578,-37,-41,1107
1579,-24,-41,1105
1580,-6,-82,1123
1581,17,-68,1122
1582,6,-95,1119
1583,41,-68,1081
1584,25,-84,1079
1585,69,-65,1055
1586,37,-82,1028
1587,34,-97,1022
1588,74,-79,965
1589,98,-121,926
1590,95,-84,879
1591,65,-61,873
1592,53,-17,832
1593,29,-33,833
1594,-1,-5,865
1595,-39,-18,883
1596,-65,-29,948
1597,-27,-62,984
1598,-27,-114,1083
1599,-14,-80,1130
1600,21,-54,1134
1601,6,-62,1150
1602,68,-46,1119
1603,34,-67,1191
1604,48,-51,1192
1605,34,-59,1149
1606,55,-100,1167
1607,46,-112,1186
1608,53,-58,1158
1609,78,-47,1160
1610,115,-39,1099
1611,85,-78,1084
1612,105,-47,1027
1613,61,-68,1021
1614,83,-74,991
1615,13,-100,987
1616,-6,-91,991
1617,-3,-31,976
1618,-5,-44,913
1619,2,-61,936
1620,8,-78,931
1621,7,-53,908
1622,-9,-60,912
1623,-30,-98,932
1624,-31,-99,947
1625,-31,-100,976
1626,-2,-67,941
1627,21,-76,935
1628,28,-96,948
1629,50,-77,1001
1630,72,-32,985
1631,101,-37,996
1632,83,-46,1075
1633,81,-26,1086
1634,79,-25,1136
1635,81,-47,1193
1636,106,-49,1242
1637,92,-45,1233
1638,102,-77,1225
1639,26,-76,1213
1640,5,-53,1150
1641,-18,-54,1155
1642,-77,-72,1089
1643,-47,-60,1040
1644,-98,-76,1051
1645,-45,-40,996
1646,-36,-53,953
1647,-14,-78,900
1648,19,-77,887
1649,54,-81,882
1650,95,-71,861
1651,108,-74,869
1652,110,-63,858
1653,106,-52,938
1654,94,-46,931
1655,76,-65,984
1656,75,-77,998
1657,42,-92,1058
1658,18,-87,1093
1659,-9,-84,1058
1660,-34,-65,1068
1661,-27,-57,1081
1662,-42,-51,1099
1663,-52,-56,1095
1664,-46,-52,1082
1665,-12,-59,1072
1666,0,-61,1093
1667,24,-68,1092
1668,45,-71,1079
1669,50,-54,1063
1670,65,-70,1057
1671,76,-42,1037
1672,45,-76,1072
1673,92,-41,1044
1674,78,-59,1055
1675,76,-70,1049
1676,48,-105,1027
1677,40,-99,989
1678,22,-104,970
1679,-19,-91,951
1680,-26,-63,926
1681,-16,-71,903
1682,-22,-101,943
1683,18,-56,936
1684,-16,-66,959
1685,-3,-48,897
1686,0,-60,927
1687,2,-73,980
1688,36,-51,985
1689,26,-55,1006
1690,35,-54,1013
1691,25,-53,1084
1692,39,-15,1110
1693,36,-14,1109
1694,26,-52,1107
1695,27,-39,1103
1696,46,-46,1101
1697,37,-61,1083
1698,71,-86,1061
1699,58,-77,1081
1700,65,-81,1066
1701,81,-71,1056
1702,43,-92,1084
1703,65,-86,1056
1704,19,-124,1021
1705,-1,-103,1026
1706,-1,-130,1001
1707,0,-110,984
1708,-22,-131,982
1709,-10,-78,920
1710,7,-69,944
1711,6,-33,924
1712,-1,-31,936
1713,-5,-11,915
1714,16,-19,932
1715,10,-23,936
1716,31,-6,920
1717,12,-29,910
1718,30,-44,924
1719,51,-60,941
1720,51,-56,1005
1721,59,-72,1015
1722,41,-65,1023
1723,44,-100,1055
1724,53,-82,1061
1725,6,-112,1098
1726,1,-105,1093
1727,-12,-78,1124
1728,1,-79,1122
1729,6,-46,1121
1730,15,-55,1101
1731,-1,-30,1090
1732,22,-31,1016
1733,16,-43,1033
1734,6,-46,1034
1735,20,-36,1019
1736,31,-58,972
1737,37,-77,969
1738,63,-65,931
1739,70,-64,949
1740,85,-67,945
1741,47,-93,978
1742,51,-82,934
1743,25,-91,958
1744,4,-104,974
1745,-24,-125,1011
1746,0,-96,1007
1747,-25,-121,1032
1748,32,-88,1022
1749,17,-67,1047
1750,22,-73,1030
1751,35,-32,1033
1752,17,-47,1027
1753,15,-37,1026
1754,43,-31,997
1755,47,-45,990
1756,41,-48,992
1757,63,-31,996
1758,94,-44,1002
1759,92,-64,968
1760,62,-69,1005
1761,43,-87,994
1762,44,-107,1001
1763,23,-115,1037
1764,-7,-110,1047
1765,0,-97,1037
1766,-32,-101,1077
1767,-1,-79,1086
1768,31,-69,1050
1769,2,-71,1044
1770,29,-59,999
1771,30,-42,1001
1772,-7,-63,1001
1773,22,-31,970
1774,17,-17,978
1775,26,-31,972
1776,55,-6,985
1777,40,2,948
1778,29,-7,967
1779,12,-35,969
1780,-2,-65,980
1781,10,-62,963
1782,-36,-87,984
1783,2,-94,997
1784,5,-100,1017
1785,34,-93,1045
1786,52,-100,1066
1787,121,-86,1038
1788,68,-104,1058
1789,63,-112,1102
1790,30,-93,1097
1791,29,-111,1107
1792,11,-110,1109
1793,14,-88,1117
1794,-22,-71,1099
1795,24,-33,1057
1796,4,-39,1037
1797,34,-16,985
1798,29,-12,965
1799,10,-6,950
1800,32,-10,903
1801,9,-24,915
1802,10,-29,910
1803,45,5,895
1804,61,-60,929
1805,82,-66,975
1806,94,-76,992
1807,76,-57,1028
1808,81,-88,1046
1809,67,-108,1077
1810,15,-117,1105
1811,-48,-94,1125
1812,-57,-120,1123
1813,-17,-107,1111
1814,-4,-122,1150
1815,0,-81,1111
1816,54,-14,1052
1817,52,-32,1029
1818,60,-35,1001
1819,60,-17,1028
1820,42,0,1027
1821,77,-30,1032
1822,84,-80,1013
1823,130,-68,1036
1824,94,-85,1044
1825,90,-55,1035
1826,62,-85,1000
1827,47,-91,1028
1828,-4,-55,1020
1829,-55,-71,1027
1830,-51,-74,1034
1831,-57,-121,1053
1832,-71,-110,1065
1833,-21,-87,1048
1834,-26,-77,987
1835,19,-84,1029
1836,48,-61,1006
1837,48,-40,1034
1838,61,-25,1010
1839,70,-54,1026
1840,65,-54,1082
1841,67,-50,1057
1842,76,-41,1045
1843,66,-47,1074
1844,62,-47,1052
1845,32,-50,1070
1846,29,-49,1069
1847,30,-48,1053
1848,33,-61,1043
1849,44,-70,1026
1850,-8,-109,1041
1851,-7,-87,1026
1852,24,-67,992
1853,44,-79,994
1854,56,-75,974
1855,44,-80,1008
1856,52,-34,990
1857,15,-91,1045
1858,17,-79,1050
1859,-12,-91,1047
1860,2,-101,1110
1861,30,-67,1091
1862,-16,-92,1082
1863,-1,-78,1057
1864,20,-40,1040
1865,27,-16,1044
1866,67,-33,1014
1867,47,-53,1012
1868,56,-88,1018
1869,62,-46,996
1870,20,-76,1012
1871,33,-90,984
1872,27,-93,935
1873,36,-90,952
1874,22,-87,969
1875,-14,-74,963
1876,-25,-100,968
1877,-29,-71,965
1878,2,-71,990
1879,25,-74,979
1880,26,-76,984
1881,22,-57,967
1882,9,-37,1003
1883,39,8,1006
1884,60,-33,1048
1885,98,-23,1053
1886,88,-40,1098
1887,89,-29,1114
1888,54,-42,1104
1889,40,-46,1087
1890,33,-71,1088
1891,9,-86,1104
1892,20,-81,1080
1893,-1,-97,1028
1894,-2,-73,1012
1895,-37,-113,1013
1896,-26,-81,1018
1897,-39,-98,977
1898,-31,-112,985
1899,-9,-77,947
1900,-11,-74,983
1901,47,-51,947
1902,38,-74,986
1903,62,-46,963
1904,80,-37,979
1905,42,-52,1032
1906,76,-41,975
1907,26,-61,997
1908,49,-59,989
1909,12,-80,958
1910,16,-98,953
1911,0,-79,948
1912,2,-78,928
1913,39,-26,895
1914,28,-41,919
1915,18,-65,973
1916,42,-60,951
1917,54,-52,992
1918,33,-62,1011
1919,61,-68,1028
1920,40,-85,1050
1921,56,-81,1115
1922,52,-66,1137
1923,44,-64,1144
1924,20,-70,1159
1925,0,-64,1199
1926,34,-23,1193
1927,-9,-54,1164
1928,-22,-40,1111
1929,-21,-46,1095
1930,-34,-59,1060
1931,-23,-45,1022
1932,-18,-39,976
1933,-9,-23,940
1934,-18,-31,904
1935,22,-46,891
1936,64,-49,863
1937,109,-69,827
1938,110,-70,848
1939,124,-96,854
1940,126,-76,868
1941,102,-86,919
1942,63,-92,926
1943,42,-66,936
1944,7,-94,983
1945,-44,-114,1015
1946,-68,-99,1035
1947,-94,-104,1087
1948,-70,-120,1096
1949,-76,-105,1111
1950,-44,-54,1097
1951,-16,-78,1128
1952,48,-43,1074
1953,90,-41,1093
1954,139,-36,1116
1955,147,-11,1092
1956,116,-22,1096
1957,120,-9,1070
1958,114,-31,1065
1959,76,-41,1053
1960,40,-35,1073
1961,3,-62,1032
1962,-3,-78,1027
1963,-33,-99,1003
1964,-21,-84,976
1965,-18,-92,939
1966,-57,-113,909
1967,-48,-90,898
1968,-29,-91,868
1969,-10,-57,854
1970,22,-78,845
1971,32,-78,905
1972,50,-74,889
1973,59,-64,930
1974,84,-65,941
1975,74,-65,996
1976,84,-60,1047
1977,74,-49,1093
1978,58,-21,1122
1979,52,-56,1145
1980,55,-44,1164
1981,31,-77,1202
1982,25,-79,1200
1983,26,-67,1187
1984,3,-121,1151
1985,-22,-107,1163
1986,-23,-97,1153
1987,-9,-72,1094
1988,-14,-97,1045
1989,4,-93,1022
1990,-7,-70,986
1991,15,-68,930
1992,25,-62,899
1993,58,-34,861
1994,24,-45,866
1995,44,-1,879
1996,-2,0,867
1997,22,-2,876
1998,31,-40,893
1999,32,-60,908
2000,45,-41,938
2001,48,-91,981
2002,92,-86,979
2003,75,-69,989
2004,56,-102,1062
2005,65,-59,1017
2006,36,-104,1059
2007,33,-111,1089
2008,8,-87,1125
2009,10,-99,1156
2010,31,-80,1139
2011,1,-89,1171
2012,0,-75,1172
2013,-1,-42,1186
2014,2,-43,1160
2015,-9,-46,1139
2016,8,-10,1131
2017,24,0,1091
2018,21,-20,1077
2019,57,3,1000
2020,61,-40,998
2021,87,-18,973
2022,69,-61,943
2023,91,-61,904
2024,56,-95,927
2025,41,-99,917
2026,23,-111,927
2027,16,-114,897
2028,-16,-141,916
2029,0,-110,947
2030,-10,-105,973
2031,-27,-105,980
2032,-4,-63,987
2033,-20,-113,1057
2034,12,-52,1045
2035,15,-45,1047
2036,0,-54,1084
2037,65,-31,1038
2038,56,-42,1073
2039,98,-21,1041
2040,96,8,1070
2041,112,-13,1078
2042,81,-23,1057
2043,75,-52,1130
2044,67,-60,1140
2045,27,-51,1153
2046,-4,-89,1179
2047,10,-84,1179
2048,-22,-89,1184
2049,3,-86,1159
2050,-24,-104,1135
2051,-28,-83,1078
2052,-39,-95,991
2053,-24,-78,977
2054,-17,-56,923
2055,-4,-65,896
2056,26,-36,873
2057,56,-33,884
2058,55,-34,874
2059,103,-31,815
2060,90,-65,838
2061,89,-42,829
2062,71,-77,912
2063,96,-62,906
2064,53,-86,964
2065,46,-104,1002
2066,27,-86,1056
2067,0,-101,1080
2068,-5,-85,1114
2069,-34,-112,1151
2070,-17,-97,1172
2071,-29,-99,1185
2072,-9,-98,1172
2073,-9,-71,1156
2074,33,-45,1136
2075,48,-50,1140
2076,57,-27,1101
2077,92,-32,1078
2078,78,-23,1060
2079,61,-38,1089
2080,70,-36,1062
2081,52,-30,1065
2082,20,-46,1021
2083,8,-56,1039
2084,-12,-65,1001
2085,34,-54,964
2086,-2,-83,945
2087,36,-53,917
2088,4,-72,869
2089,-4,-103,854
2090,13,-86,840
2091,-10,-67,814
2092,41,-78,825
2093,5,-71,878
2094,78,-52,890
2095,55,-45,949
2096,59,-64,956
2097,72,-89,1017
2098,36,-76,1040
2099,7,-96,1116
2100,13,-47,1120
2101,-20,-81,1183
2102,-15,-74,1187
2103,-4,-54,1202
2104,7,-67,1196
2105,9,-64,1189
2106,36,-65,1170
2107,1,-74,1146
2108,37,-76,1105
2109,16,-73,1069
2110,28,-49,1016
2111,48,-44,981
2112,63,-44,933
2113,71,-62,896
2114,63,-72,874
2115,88,-51,841
2116,43,-81,834
2117,29,-83,821
2118,24,-69,788
2119,0,-62,818
2120,-16,-69,830
2121,6,-41,840
2122,-4,-71,871
2123,21,-59,903
2124,26,-64,966
2125,19,-78,1000
2126,30,-90,1047
2127,24,-98,1100
2128,23,-92,1160
2129,8,-88,1225
2130,18,-68,1263
2131,3,-74,1264
2132,46,-50,1273
2133,73,-35,1278
2134,92,-58,1248
2135,78,-45,1209
2136,86,-41,1150
2137,58,-51,1095
2138,14,-64,1047
2139,16,-44,946
2140,-2,-86,949
2141,2,-73,862
2142,13,-46,828
2143,17,-78,806
2144,11,-86,793
2145,-6,-85,775
2146,-5,-86,746
2147,-21,-88,777
2148,-6,-67,811
2149,-13,-103,866
2150,16,-60,932
2151,35,-64,999
2152,28,-66,1039
2153,36,-82,1102
2154,28,-69,1160
2155,29,-91,1171
2156,37,-58,1164
2157,35,-71,1182
2158,52,-40,1168
2159,53,-59,1171
2160,59,-50,1190
2161,81,-27,1142
2162,59,-56,1159
2163,60,-67,1134
2164,29,-70,1136
2165,10,-110,1148
2166,0,-94,1089
2167,-34,-76,1075
2168,-35,-90,1031
2169,-35,-82,1012
2170,9,-42,961
2171,-6,-71,915
2172,28,-61,863
2173,22,-73,862
2174,58,-52,818
2175,43,-84,849
2176,53,-67,889
2177,80,-64,857
2178,79,-57,876
2179,39,-76,938
2180,62,-68,933
2181,54,-75,979
2182,34,-87,1010
2183,21,-91,1032
2184,9,-69,1042
2185,17,-70,1082
2186,10,-68,1086
2187,7,-70,1129
2188,10,-56,1127
2189,40,-79,1128
2190,8,-67,1132
2191,15,-63,1147
2192,21,-63,1121
2193,21,-75,1085
2194,29,-91,1086
2195,33,-67,1038
2196,53,-63,1021
2197,56,-47,1011
2198,63,-76,991
2199,79,-62,994
2200,55,-80,1001
2201,26,-74,988
2202,21,-67,998
2203,9,-70,950
2204,14,-59,949
2205,0,-62,924
2206,7,-53,942
2207,7,-47,923
2208,-8,-62,917
2209,15,-31,906
2210,12,-60,938
2211,26,-67,947
2212,16,-80,958
2213,40,-63,987
2214,38,-85,1008
2215,21,-88,1034
2216,64,-79,1038
2217,28,-80,1074
2218,44,-68,1106
2219,23,-65,1102
2220,34,-66,1120
2221,16,-55,1152
2222,15,-79,1142
2223,27,-40,1150
2224,34,-43,1158
2225,61,-57,1151
2226,81,-31,1141
2227,70,-48,1144
2228,59,-34,1108
2229,70,-56,1085
2230,31,-50,1062
2231,13,-72,1033
2232,0,-57,980
2233,1,-72,953
2234,-8,-81,945
2235,-9,-68,881
2236,0,-78,882
2237,5,-68,849
2238,13,-69,861
2239,20,-62,861
2240,42,-56,870
2241,52,-45,896
2242,54,-54,894
2243,71,-44,961
2244,86,-52,1001
2245,61,-46,1042
2246,71,-60,1064
2247,42,-79,1113
2248,62,-50,1179
2249,25,-80,1198
2250,17,-73,1224
2251,24,-47,1243
2252,1,-88,1215
2253,1,-63,1218
2254,-3,-82,1190
2255,4,-45,1141
2256,-26,-96,1131
2257,16,-58,1076
2258,-13,-67,1053
2259,11,-65,1034
2260,-5,-69,998
2261,40,-66,963
2262,50,-65,928
2263,51,-77,916
2264,48,-79,903
2265,65,-55,873
2266,47,-70,868
2267,24,-77,885
2268,56,-55,860
2269,15,-75,897
2270,37,-93,904
2271,13,-83,917
2272,5,-46,969
2273,8,-76,1004
2274,40,-72,1032
2275,27,-75,1044
2276,3,-60,1053
2277,11,-60,1095
2278,29,-53,1111
2279,46,-86,1127
2280,37,-62,1122
2281,57,-54,1130
2282,50,-55,1166
2283,28,-58,1153
2284,23,-56,1181
2285,28,-56,1121
2286,1,-71,1149
2287,25,-66,1108
2288,4,-82,1092
2289,42,-84,1035
2290,20,-107,1012
2291,57,-67,951
2292,25,-100,938
2293,34,-59,919
2294,25,-86,914
2295,21,-67,876
2296,40,-75,871
2297,3,-73,883
2298,17,-71,879
2299,7,-64,884
2300,25,-60,864
2301,27,-42,894
2302,21,-30,909
2303,18,-57,956
2304,37,-32,955
2305,6,-83,1023
2306,30,-56,1032
2307,34,-72,1093
2308,17,-65,1123
2309,6,-87,1132
2310,28,-57,1149
2311,22,-67,1153
2312,0,-61,1145
2313,31,-81,1180
2314,34,-50,1149
2315,15,-81,1136
2316,24,-63,1072
2317,23,-83,1048
2318,49,-46,1034
2319,28,-81,1012
2320,50,-51,973
2321,37,-66,914
2322,26,-73,892
2323,10,-56,867
2324,29,-76,841
2325,15,-46,822
2326,21,-80,833
2327,18,-65,838
2328,4,-77,871
2329,36,-52,883
2330,21,-82,916
2331,12,-62,980
2332,20,-78,994
2333,9,-78,1050
2334,11,-69,1083
2335,12,-87,1129
2336,4,-81,1153
2337,6,-60,1165
2338,27,-48,1164
2339,16,-79,1187
2340,66,-46,1157
2341,34,-70,1167
2342,50,-59,1139
2343,59,-61,1111
2344,61,-60,1073
2345,52,-73,1036
2346,63,-64,991
2347,50,-49,966
2348,17,-50,911
2349,15,-77,878
2350,31,-50,843
2351,-14,-74,849
2352,20,-65,843
2353,16,-70,861
2354,-4,-96,892
2355,21,-86,915
2356,7,-75,939
2357,16,-84,1013
2358,30,-52,1008
2359,10,-81,1075
2360,26,-56,1055
2361,26,-68,1108
2362,0,-69,1118
2363,21,-54,1127
2364,37,-59,1123
2365,28,-45,1147
2366,44,-66,1127
2367,50,-54,1125
2368,74,-63,1077
2369,44,-70,1071
2370,61,-72,1037
2371,44,-78,1041
2372,35,-90,1027
2373,21,-74,988
2374,25,-96,982
2375,4,-99,1001
2376,11,-94,988
2377,9,-88,954
2378,-26,-92,939
2379,9,-62,945
2380,35,-46,945
2381,25,-81,971
2382,46,-39,946
2383,64,-45,962
2384,22,-57,977
2385,53,-32,993
2386,33,-21,1007
2387,43,-19,1013
2388,22,-42,1050
2389,37,-28,1025
2390,26,-62,1077
2391,20,-76,1089
2392,40,-59,1084
2393,28,-64,1063
2394,16,-83,1088
2395,22,-86,1072
2396,15,-78,1064
2397,30,-81,1067
2398,19,-98,1029
2399,22,-88,1023
2400,28,-101,1017
2401,12,-91,1034
2402,46,-77,1012
2403,15,-85,1007
2404,28,-97,1020
2405,42,-49,1000
2406,40,-80,1033
2407,71,-45,1021
2408,34,-68,1015
2409,36,-62,1022
2410,36,-44,1006
2411,34,-59,1000
2412,23,-38,992
2413,18,-55,1003
2414,-4,-59,997
2415,14,-49,990
2416,4,-77,1011
2417,6,-52,997
2418,18,-69,1032
2419,5,-59,1044
2420,14,-92,1023
2421,18,-82,1030
2422,8,-74,1021
2423,22,-84,1013
2424,0,-69,1029
2425,39,-58,1008
2426,17,-73,1038
2427,30,-49,1023
2428,48,-55,1016
2429,32,-62,1008
2430,54,-37,1009
2431,45,-43,1026
2432,54,-45,1016
2433,62,-33,1023
2434,46,-56,1028
2435,47,-46,1041
2436,65,-80,1051
2437,40,-60,1068
2438,41,-91,1069
2439,19,-77,1049
2440,14,-89,1073
2441,0,-72,1038
2442,-11,-67,1055
2443,-2,-75,1023
2444,-8,-63,1015
2445,-16,-78,1006
2446,4,-76,988
2447,0,-68,997
2448,7,-43,998
2449,22,-50,1006
2450,43,-41,968
2451,31,-36,963
2452,48,-48,955
2453,60,-37,963
2454,70,-87,996
2455,77,-70,995
2456,63,-82,1019
2457,46,-84,1041
2458,59,-68,1049
2459,45,-62,1073
2460,57,-75,1085
2461,24,-80,1129
2462,16,-73,1084
2463,-1,-87,1110
2464,-29,-81,1097
2465,-9,-78,1084
2466,-33,-71,1083
2467,-7,-40,1047
2468,-3,-45,1038
2469,16,-53,1044
2470,28,-48,1016
2471,44,-43,979
2472,47,-46,933
2473,65,-47,950
2474,57,-65,941
2475,64,-32,948
2476,51,-55,932
2477,67,-58,947
2478,50,-86,952
2479,48,-73,953
2480,16,-78,1026
2481,32,-102,1011
2482,-2,-139,1042
2483,5,-108,1071
2484,-18,-100,1085
2485,-20,-93,1087
2486,-7,-82,1083
2487,18,-75,1097
2488,22,-54,1072
2489,20,-62,1061
2490,35,-46,1055
2491,27,-60,1053
2492,34,-32,1065
2493,30,-39,1052
2494,15,-51,1022
2495,34,-59,1013
2496,74,-39,1018
2497,82,-41,981
2498,58,-42,959
2499,74,-56,952
2500,52,-60,946
2501,34,-81,941
2502,34,-68,940
2503,3,-101,951
2504,-6,-118,947
2505,-3,-97,951
2506,17,-101,984
2507,21,-75,998
2508,35,-79,1000
2509,33,-82,1009
2510,20,-86,1045
2511,22,-94,1096
2512,35,-61,1110
2513,-9,-62,1094
2514,3,-44,1089
2515,3,-25,1094
2516,10,-28,1083
2517,51,-18,1041
2518,43,-39,1042
2519,58,-31,1056
2520,45,-40,995
2521,53,-49,1003
2522,34,-40,940
2523,49,-90,941
2524,53,-63,948
2525,46,-81,924
2526,68,-79,901
2527,66,-83,903
2528,36,-81,929
2529,33,-94,947
2530,1,-86,942
2531,8,-101,975
2532,-6,-98,1001
2533,-21,-89,1032
2534,-4,-47,1045
2535,15,-44,1056
2536,11,-57,1105
2537,22,-11,1092
2538,29,-30,1084
2539,-1,-60,1127
2540,22,-27,1064
2541,23,-25,1094
2542,20,-52,1104
2543,61,-13,1037
2544,43,-64,1057
2545,86,-59,1030
2546,64,-73,1018
2547,94,-69,1002
2548,56,-78,1013
2549,40,-101,1009
2550,17,-87,989
2551,-4,-117,991
2552,-4,-72,948
2553,-9,-96,981
2554,1,-87,946
2555,0,-81,964
2556,10,-81,979
2557,8,-59,977
2558,-2,-74,983
2559,-2,-61,993
2560,12,-72,997
2561,39,-39,979
2562,17,-54,1027
2563,71,-34,1013
2564,79,-5,1021
2565,49,-47,1040
2566,90,-11,1039
2567,37,-64,1051
2568,78,-45,1038
2569,37,-92,1061
2570,16,-68,1064
2571,3,-97,1058
2572,14,-81,1079
2573,34,-85,1048
2574,27,-78,1058
2575,-5,-79,1042
2576,0,-69,1051
2577,-4,-82,1068
2578,-8,-90,1023
2579,-25,-75,1030
2580,-3,-77,991
2581,-11,-82,1026
2582,47,-50,1006
2583,38,-55,1008
2584,77,-43,996
2585,79,-45,980
2586,59,-39,987
2587,69,-54,991
2588,67,-62,976
2589,61,-56,996
2590,60,-78,991
2591,53,-77,992
2592,25,-96,983
2593,41,-76,971
2594,12,-101,1014
2595,-19,-100,995
2596,-15,-101,998
2597,-29,-93,1007
2598,-19,-79,1011
2599,-19,-60,1000
2600,-18,-69,1024
2601,10,-53,1020
2602,33,-11,1045
2603,2,-53,1069
2604,36,-24,1089
2605,32,-26,1072
2606,36,-57,1114
2607,63,-54,1099
2608,55,-61,1105
2609,64,-82,1077
2610,60,-62,1089
2611,70,-51,1078
2612,64,-88,1068
2613,53,-70,1040
2614,26,-83,1027
2615,31,-93,1007
2616,7,-107,987
2617,17,-91,958
2618,-6,-108,976
2619,28,-81,919
2620,1,-76,918
2621,5,-83,918
2622,11,-40,907
2623,2,-31,920
2624,5,-13,919
2625,-1,-51,935
2626,15,-58,987
2627,55,-50,1013
2628,29,-63,1070
2629,61,-46,1064
2630,43,-59,1097
2631,44,-42,1154
2632,25,-50,1129
2633,6,-75,1173
2634,16,-65,1149
2635,33,-77,1136
2636,23,-104,1154
2637,20,-101,1137
2638,58,-67,1094
2639,35,-91,1052
2640,61,-61,979
2641,44,-53,949
2642,19,-56,935
2643,57,-29,890
2644,15,-73,891
2645,37,-30,874
2646,24,-67,884
2647,26,-48,895
2648,18,-69,903
2649,28,-44,942
2650,6,-63,1018
2651,15,-51,1021
2652,13,-55,1035
2653,10,-66,1078
2654,14,-85,1111
2655,36,-73,1116
2656,42,-92,1135
2657,35,-90,1159
2658,38,-92,1149
2659,59,-67,1133
2660,45,-57,1141
2661,52,-54,1125
2662,41,-41,1115
2663,38,-47,1103
2664,36,-58,1058
2665,48,-40,1062
2666,34,-59,1019
2667,23,-58,999
2668,33,-30,932
2669,3,-59,908
2670,-2,-57,887
2671,12,-60,899
2672,6,-68,887
2673,10,-67,883
2674,17,-73,919
2675,6,-92,970
2676,33,-68,1001
2677,24,-92,1007
2678,28,-98,1037
2679,47,-74,1050
2680,29,-107,1099
2681,21,-87,1146
2682,28,-68,1149
2683,36,-57,1097
2684,15,-82,1130
2685,78,-30,1094
2686,29,-59,1044
2687,38,-33,1045
2688,27,-45,1009
2689,36,-48,1001
2690,36,-17,962
2691,45,-41,954
2692,23,-41,985
2693,40,-44,968
2694,40,-54,936
2695,21,-83,989
2696,7,-89,1000
2697,19,-79,1033
2698,-1,-95,1038
2699,-17,-102,1057
2700,-16,-90,1075
2701,15,-88,1059
2702,2,-88,1110
2703,16,-81,1068
2704,55,-73,1070
2705,41,-79,1068
2706,59,-47,1041
2707,41,-74,1017
2708,77,-33,989
2709,70,-58,981
2710,82,-36,949
2711,68,-53,949
2712,55,-44,948
2713,53,-59,921
2714,54,-39,917
2715,27,-98,928
2716,23,-78,967
2717,-1,-89,989
2718,0,-106,1011
2719,-17,-81,1040
2720,-16,-92,1039
2721,-24,-90,1066
2722,-11,-91,1075
2723,-11,-89,1064
2724,7,-71,1070
2725,7,-76,1086
2726,24,-54,1077
2727,34,-57,1063
2728,27,-51,1073
2729,81,-32,1037
2730,70,-58,1041
2731,92,-25,1006
2732,66,-46,1011
2733,58,-52,1014
2734,62,-47,972
2735,46,-57,949
2736,15,-70,939
2737,31,-46,911
2738,-7,-83,945
2739,3,-84,925
2740,-16,-84,935
2741,-8,-81,911
2742,-25,-103,971
2743,3,-86,971
2744,-33,-101,1007
2745,18,-87,1013
2746,3,-59,1036
2747,22,-86,1054
2748,11,-66,1089
2749,20,-75,1099
2750,58,-36,1118
2751,28,-54,1135
2752,60,-31,1121
2753,40,-43,1103
2754,56,-38,1080
2755,63,-39,1068
2756,58,-45,1057
2757,61,-70,1030
2758,45,-47,987
2759,53,-39,965
2760,49,-56,944
2761,28,-71,915
2762,26,-78,913
2763,-21,-87,892
2764,-2,-105,916
2765,-27,-109,915
2766,-6,-73,928
2767,-18,-94,961
2768,-5,-88,1002
2769,6,-69,1017
2770,15,-70,1019
2771,10,-62,1069
2772,39,-42,1044
2773,30,-53,1079
2774,56,-27,1090
2775,63,-39,1109
2776,48,-42,1125
2777,71,-23,1066
2778,51,-67,1101
2779,62,-35,1076
2780,59,-53,1056
2781,52,-54,1034
2782,47,-69,1015
2783,43,-73,1011
2784,28,-67,991
2785,11,-100,969
2786,9,-84,974
2787,-22,-99,964
2788,-12,-89,964
2789,-13,-91,959
2790,-38,-83,976
2791,3,-81,972
2792,0,-70,985
2793,6,-88,1006
2794,23,-55,990
2795,35,-58,1021
2796,58,-39,1024
2797,68,-50,1023
2798,81,-41,1006
2799,85,-42,1023
2800,94,-49,1029
2801,98,-25,1040
2802,63,-69,1057
2803,70,-58,1062
2804,61,-63,1044
2805,9,-78,1078
2806,27,-77,1054
2807,0,-73,1051
2808,-11,-84,1057
2809,-5,-63,1051
2810,-23,-77,1047
2811,-20,-83,1032
2812,-8,-75,1016
2813,-2,-55,998
2814,-2,-71,1016
2815,7,-51,1003
2816,11,-55,990
2817,42,-45,983
2818,40,-54,977
2819,56,-50,968
2820,69,-55,982
2821,90,-59,987
2822,84,-62,966
2823,70,-54,994
2824,65,-54,1015
2825,77,-61,999
2826,40,-81,1044
2827,36,-94,1016
2828,20,-83,1030
2829,16,-93,1017
2830,-11,-101,1046
2831,-2,-93,1036
2832,-19,-70,1057
2833,-6,-73,1011
2834,-20,-84,1077
2835,1,-57,1046
2836,-1,-57,1046
2837,4,-57,1045
2838,16,-55,1033
2839,27,-52,1030
2840,53,-40,1034
2841,20,-34,1035
2842,56,-7,1010
2843,59,-37,1012
2844,65,-57,1031
2845,68,-36,1001
2846,74,-86,1018
2847,74,-60,1013
2848,68,-93,1041
2849,67,-66,1034
2850,31,-106,1054
2851,45,-89,1046
2852,11,-105,1042
2853,-9,-92,1069
2854,-15,-90,1016
2855,-35,-89,1052
2856,-25,-80,1002
2857,-31,-79,1020
2858,-25,-57,1001
2859,0,-65,988
2860,23,-38,967
2861,49,-48,980
2862,48,-26,986
2863,43,-50,983
2864,82,-39,974
2865,91,-46,992
2866,107,-45,986
2867,73,-61,1044
2868,90,-59,1044
2869,45,-73,1052
2870,67,-91,1075
2871,33,-78,1065
2872,-7,-103,1118
2873,3,-101,1094
2874,-26,-96,1079
2875,-12,-95,1083
2876,-52,-94,1084
2877,-12,-72,1044
2878,-22,-79,1024
2879,-38,-73,1001
2880,8,-47,978
2881,-1,-48,962
2882,27,-38,955
2883,75,-15,967
2884,70,-15,947
2885,83,-41,974
2886,70,-30,975
2887,94,-44,991
2888,92,-47,973
2889,79,-72,1022
2890,39,-81,1034
2891,53,-73,1039
2892,16,-91,1051
2893,1,-108,1078
2894,6,-106,1063
2895,-19,-108,1067
2896,-6,-100,1044
2897,-21,-119,1069
2898,-24,-85,1064
2899,19,-83,1031
2900,0,-89,1038
2901,10,-55,1023
2902,28,-61,1011
2903,29,-36,1016
2904,28,-47,1006
2905,43,-27,995
2906,45,-46,973
2907,44,-29,984
2908,65,-54,976
2909,54,-36,933
2910,35,-51,944
2911,54,-46,951
2912,42,-73,964
2913,69,-69,970
2914,28,-81,961
2915,50,-81,959
2916,15,-83,1000
2917,32,-93,993
2918,7,-110,1013
2919,16,-101,1013
2920,-5,-82,1027
2921,-9,-94,1022
2922,-12,-64,1055
2923,-8,-53,1048
2924,-2,-43,1068
2925,-1,-57,1064
2926,-1,-33,1057
2927,15,-30,1049
2928,14,-33,1028
2929,35,-34,1024
2930,64,-38,1006
2931,53,-52,1028
2932,71,-35,991
2933,60,-81,1027
2934,71,-81,1002
2935,58,-81,1012
2936,37,-77,1011
2937,46,-98,1006
2938,20,-91,1002
2939,2,-96,1003
2940,-15,-93,1018
2941,-12,-99,1018
2942,-11,-97,988
2943,-5,-65,947
2944,-9,-62,966
2945,-6,-58,944
2946,18,-28,936
2947,4,-55,968
2948,52,-35,938
2949,45,-42,965
2950,75,-53,969
2951,63,-39,967
2952,93,-36,972
2953,54,-70,1028
2954,77,-61,1047
2955,49,-70,1089
2956,61,-81,1081
2957,27,-81,1111
2958,18,-77,1082
2959,16,-94,1097
2960,-1,-85,1100
2961,-6,-70,1079
2962,-5,-86,1062
2963,0,-62,1057
2964,-25,-63,1048
2965,0,-59,1023
2966,18,-34,1006
2967,6,-59,975
2968,2,-51,974
2969,37,-39,940
2970,40,-50,939
2971,39,-52,957
2972,57,-45,948
2973,40,-47,949
2974,38,-58,958
2975,28,-85,995
2976,45,-40,970
2977,35,-92,1022
2978,34,-84,1005
2979,22,-92,1037
2980,42,-86,1037
2981,39,-83,1057
2982,37,-81,1038
2983,25,-104,1049
2984,20,-94,1052
2985,9,-86,1064
2986,24,-64,1045
2987,16,-70,1050
2988,25,-58,1027
2989,5,-54,1051
2990,30,-47,1040
2991,9,-40,1019
2992,21,-31,1021
2993,13,-35,1022
2994,16,-48,1024
2995,40,-57,1047
2996,41,-63,1024
2997,51,-49,1013
2998,23,-94,1032
2999,43,-72,1044
3000,59,-81,1029
3001,49,-80,1029
3002,42,-75,1023
3003,43,-81,1048
3004,34,-80,1018
3005,13,-85,1005
3006,57,-74,984
3007,10,-105,1019
3008,26,-77,1007
3009,6,-66,1000
3010,24,-54,989
3011,13,-50,963
3012,9,-53,981
3013,-1,-50,1003
3014,40,-33,981
3015,-7,-74,995
3016,29,-60,1000
3017,31,-64,1005
3018,57,-65,1029
3019,44,-93,1029
3020,51,-73,1044
3021,43,-82,1040
3022,51,-65,1054
3023,45,-70,1080
3024,42,-64,1081
3025,17,-84,1099
3026,31,-47,1067
3027,-7,-79,1056
3028,-9,-81,1070
3029,11,-71,1047
3030,-2,-84,1048
3031,11,-46,1019
3032,-9,-52,1012
3033,28,-33,994
3034,34,-47,989
3035,22,-58,978
3036,36,-42,948
3037,36,-63,957
3038,34,-54,934
3039,34,-41,965
3040,48,-58,977
3041,51,-51,988
3042,46,-86,1009
3043,53,-64,1030
3044,28,-112,1060
3045,42,-84,1079
3046,33,-89,1081
3047,23,-85,1078
3048,22,-70,1078
3049,34,-83,1091
3050,20,-77,1068
3051,12,-70,1066
3052,29,-61,1036
3053,23,-48,1048
3054,40,-43,1008
3055,33,-55,1021
3056,36,-43,990
3057,26,-43,1003
3058,29,-47,994
3059,43,-49,974
3060,27,-49,966
3061,37,-61,975
3062,18,-56,1011
3063,40,-57,1001
3064,26,-70,985
3065,32,-69,1005
3066,33,-73,1021
3067,15,-81,1034
3068,31,-74,1018
3069,17,-74,1036
3070,30,-78,1051
3071,47,-71,1058
3072,44,-73,1044
3073,42,-75,1037
3074,48,-65,1076
3075,37,-54,1069
3076,19,-61,1049
3077,19,-60,1059
3078,15,-40,1053
3079,25,-46,1064
3080,5,-47,1038
3081,24,-37,1045
3082,17,-61,1060
3083,26,-55,1017
3084,25,-60,1003
3085,38,-57,1007
3086,40,-67,976
3087,35,-83,982
3088,33,-74,991
3089,33,-79,980
3090,26,-88,987
3091,12,-83,986
3092,37,-80,999
3093,15,-82,1000
3094,11,-81,1023
3095,10,-81,1019
3096,0,-83,1016
3097,27,-54,1008
3098,14,-75,1026
3099,13,-53,1023
3100,19,-53,1039
3101,13,-48,1042
3102,45,-37,1020
3103,32,-42,1023
3104,39,-49,1036
3105,33,-63,1041
3106,42,-65,1029
3107,38,-66,1060
3108,34,-58,1039
3109,32,-70,1026
3110,18,-64,1037
3111,12,-86,1029
3112,34,-86,1040
3113,13,-88,1037
3114,24,-79,1007
3115,2,-73,1022
3116,31,-59,1014
3117,38,-60,1024
3118,5,-79,1011
3119,31,-54,976
3120,20,-58,996
3121,29,-59,992
3122,54,-50,986
3123,28,-69,1013
3124,31,-63,978
3125,25,-76,975
3126,39,-64,968
3127,19,-81,1002
3128,37,-55,985
3129,12,-85,986
3130,29,-63,1022
3131,21,-69,1013
3132,-6,-107,1034
3133,48,-55,985
3134,22,-78,1010
3135,49,-67,1013
3136,15,-78,1033
3137,14,-74,1031
3138,20,-37,1037
3139,38,-36,1043
3140,1,-55,1049
3141,35,-35,1028
3142,14,-75,1042
3143,22,-54,1036
3144,12,-74,1063
3145,23,-54,1037
3146,-8,-70,1042
3147,23,-73,1036
3148,27,-54,1002
3149,14,-86,1020
3150,16,-80,1011
3151,39,-85,985
3152,10,-79,986
3153,39,-77,982
3154,45,-52,970
3155,21,-65,980
3156,43,-40,962
3157,40,-43,965
3158,23,-64,973
3159,45,-41,962
3160,35,-68,976
3161,34,-56,1004
3162,30,-60,979
3163,42,-70,986
3164,35,-47,1018
3165,32,-92,1020
3166,20,-64,1027
3167,21,-75,1035
3168,28,-80,1046
3169,33,-70,1056
3170,40,-78,1064
3171,33,-80,1076
3172,51,-66,1094
3173,18,-67,1108
3174,11,-86,1087
3175,13,-68,1096
3176,6,-63,1083
3177,3,-82,1088
3178,1,-44,1047
3179,10,-61,1041
3180,4,-47,988
3181,21,-37,953
3182,9,-43,935
3183,45,-61,922
3184,50,-25,895
3185,47,-61,898
3186,55,-63,941
3187,59,-61,915
3188,51,-86,950
3189,15,-97,980
3190,38,-78,985
3191,20,-76,1015
3192,10,-93,1057
3193,9,-107,1068
3194,5,-69,1088
3195,1,-72,1071
3196,-29,-70,1078
3197,-15,-61,1092
3198,29,-56,1061
3199,0,-62,1083
3200,29,-17,1071
3201,28,-51,1061
3202,61,-28,1025
3203,61,-46,1030
3204,46,-51,1030
3205,67,-40,1051
3206,55,-58,1037
3207,41,-55,1045
3208,24,-91,1035
3209,41,-68,1016
3210,22,-85,1046
3211,21,-85,1045
3212,16,-79,1022
3213,-4,-110,1028
3214,-5,-91,1006
3215,12,-92,991
3216,-23,-99,1004
3217,4,-58,975
3218,2,-61,960
3219,2,-62,976
3220,54,-39,982
3221,48,-47,987
3222,93,-61,996
3223,65,-56,1018
3224,92,-40,987
3225,52,-61,1039
3226,65,-53,1029
3227,34,-56,1058
3228,45,-31,1067
3229,13,-64,1052
3230,3,-69,1068
3231,14,-54,1069
3232,15,-70,1056
3233,4,-86,1072
3234,-1,-78,1061
3235,-2,-76,1059
3236,-23,-86,1052
3237,8,-61,1056
3238,6,-79,1053
3239,40,-57,1039
3240,31,-89,1050
3241,62,-73,1035
3242,42,-75,1021
3243,28,-74,1010
3244,69,-46,985
3245,47,-54,1024
3246,58,-42,1003
3247,42,-50,983
3248,29,-53,975
3249,43,-38,983
3250,37,-61,979
3251,32,-43,977
3252,15,-57,980
3253,12,-76,979
3254,25,-75,1006
3255,25,-68,1024
3256,3,-98,1044
3257,29,-90,1047
3258,18,-90,1084
3259,35,-86,1080
3260,28,-76,1108
3261,13,-81,1092
3262,-2,-85,1107
3263,16,-58,1078
3264,17,-68,1071
3265,14,-75,1048
3266,40,-31,1010
3267,14,-54,1037
3268,48,-35,975
3269,43,-24,986
3270,71,-45,975
3271,71,-27,959
3272,62,-37,996
3273,71,-50,980
3274,44,-53,991
3275,26,-72,1014
3276,23,-85,1016
3277,1,-101,1018
3278,-1,-88,1017
3279,11,-94,1030
3280,-31,-104,1041
3281,-18,-114,1054
3282,-8,-89,1024
3283,0,-99,1021
3284,11,-76,974
3285,23,-49,988
3286,20,-60,991
3287,60,-30,975
3288,73,-21,1027
3289,81,-27,1025
3290,83,-24,1026
3291,39,-54,1049
3292,68,-43,1061
3293,24,-64,1131
3294,50,-51,1123
3295,17,-83,1100
3296,0,-103,1098
3297,-11,-96,1084
3298,-11,-111,1087
3299,22,-83,1034
3300,-40,-119,1010
3301,7,-93,1003
3302,12,-82,970
3303,-6,-95,984
3304,22,-46,912
3305,20,-77,912
3306,39,-39,901
3307,49,-54,913
3308,46,-40,929
3309,70,-39,916
3310,65,-42,938
3311,54,-39,959
3312,52,-42,961
3313,32,-58,996
3314,50,-37,989
3315,29,-60,1026
3316,17,-74,1048
3317,6,-105,1095
3318,15,-76,1099
3319,31,-97,1103
3320,-7,-103,1100
3321,2,-139,1126
3322,0,-102,1087
3323,0,-110,1104
3324,7,-81,1070
3325,18,-80,1045
3326,16,-81,1014
3327,23,-54,1024
3328,34,-53,1008
3329,43,-18,996
3330,44,-28,956
3331,31,-39,967
3332,51,-11,930
3333,38,-34,945
3334,46,-29,934
3335,27,-54,916
3336,31,-69,939
3337,34,-62,955
3338,47,-81,950
3339,40,-95,964
3340,31,-102,978
3341,13,-113,996
3342,-5,-121,1013
3343,8,-100,988
3344,1,-91,1023
3345,-3,-87,1012
3346,-2,-61,1039
3347,29,-40,1056
3348,3,-51,1053
3349,19,-38,1044
3350,36,-33,1070
3351,52,-44,1077
3352,38,-53,1076
3353,64,-24,1067
3354,62,-58,1074
3355,80,-17,1070
3356,48,-83,1091
3357,57,-62,1088
3358,40,-73,1082
3359,22,-81,1033
3360,12,-81,1031
3361,-24,-98,1015
3362,-12,-94,994
3363,-30,-86,1005
3364,-16,-65,952
3365,-29,-88,958
3366,-6,-61,958
3367,2,-59,963
3368,30,-53,939
3369,16,-64,958
3370,58,-42,934
3371,42,-46,941
3372,66,-39,960
3373,74,-33,964
3374,50,-70,991
3375,59,-66,997
3376,49,-67,991
3377,44,-73,1032
3378,65,-69,1017
3379,16,-82,1057
3380,25,-52,1044
3381,3,-95,1070
3382,36,-77,1068
3383,17,-63,1083
3384,0,-86,1109
3385,2,-51,1111
3386,4,-47,1116
3387,9,-73,1119
3388,40,-50,1096
3389,55,-56,1073
3390,37,-55,1085
3391,39,-71,1062
3392,61,-32,996
3393,22,-79,1009
3394,64,-42,968
3395,18,-75,963
3396,36,-59,929
3397,19,-70,938
3398,28,-49,891
3399,-12,-92,938
3400,27,-62,930
3401,8,-92,958
3402,18,-59,950
3403,0,-106,992
3404,42,-77,998
3405,23,-84,1029
3406,29,-79,1057
3407,30,-67,1081
3408,42,-64,1095
3409,46,-54,1088
3410,31,-70,1103
3411,47,-48,1089
3412,35,-76,1089
3413,29,-57,1076
3414,25,-54,1051
3415,22,-54,1060
3416,22,-46,1046
3417,24,-64,1056
3418,16,-49,1013
3419,36,-62,1021
3420,15,-49,1039
3421,31,-49,1016
3422,8,-61,1040
3423,24,-46,1012
3424,7,-70,1047
3425,45,-55,1004
3426,22,-70,1017
3427,42,-66,1013
3428,40,-67,989
3429,24,-73,991
3430,37,-63,963
3431,20,-77,969
3432,21,-81,953
3433,51,-68,955
3434,25,-91,955
3435,39,-74,952
3436,46,-81,988
3437,18,-72,1020
3438,40,-75,1027
3439,9,-61,1054
3440,20,-68,1057
3441,11,-58,1095
3442,5,-60,1113
3443,21,-52,1112
3444,17,-42,1094
3445,-2,-58,1098
3446,17,-40,1084
3447,37,-61,1067
3448,21,-53,1039
3449,37,-73,1034
3450,44,-48,993
3451,16,-88,993
3452,69,-75,952
3453,42,-94,955
3454,49,-69,955
3455,34,-91,968
3456,11,-74,968
3457,29,-76,990
3458,24,-76,986
3459,15,-57,1002
3460,17,-63,1010
3461,-2,-73,1032
3462,11,-40,1052
3463,12,-61,1026
3464,22,-41,1023
3465,28,-40,1011
3466,35,-29,1018
3467,43,-31,1046
3468,64,-45,1028
3469,42,-51,1035
3470,39,-69,1049
3471,44,-79,1046
3472,34,-72,1029
3473,45,-100,1060
3474,29,-80,1052
3475,26,-101,1067
3476,-1,-82,1080
3477,14,-80,1067
3478,1,-70,1059
3479,-3,-87,1067
3480,23,-68,1027
3481,12,-62,1037
3482,19,-40,1016
3483,26,-61,988
3484,25,-33,996
3485,28,-55,990
3486,18,-49,975
3487,50,-54,961
3488,28,-81,945
3489,63,-62,945
3490,30,-80,957
3491,47,-73,953
3492,34,-63,962
3493,19,-70,975
3494,41,-74,981
3495,2,-69,979
3496,31,-68,1025
3497,12,-63,1024
3498,9,-70,1041
3499,23,-65,1065
3500,2,-50,1067
3501,32,-60,1055
3502,20,-68,1078
3503,38,-51,1063
3504,46,-65,1053
3505,15,-66,1052
3506,42,-68,1064
3507,37,-69,1049
3508,30,-77,1062
3509,51,-69,1055
3510,24,-63,1060
3511,35,-69,1021
3512,31,-67,1011
3513,10,-90,1010
3514,36,-51,989
3515,12,-85,996
3516,38,-55,978
3517,35,-51,965
3518,28,-67,955
3519,40,-53,934
3520,34,-81,959
3521,37,-53,957
3522,22,-62,957
3523,21,-73,975
3524,29,-78,969
3525,22,-75,1011
3526,19,-73,1004
3527,24,-70,1033
3528,21,-82,1043
3529,23,-73,1043
3530,12,-75,1052
3531,6,-76,1066
3532,14,-80,1089
3533,21,-44,1108
3534,22,-68,1086
3535,44,-41,1072
3536,34,-44,1079
3537,51,-62,1077
3538,36,-51,1073
3539,47,-55,1042
3540,42,-63,1036
3541,30,-55,1026
3542,14,-66,1018
3543,35,-79,1002
3544,31,-76,972
3545,7,-85,996
3546,22,-78,977
3547,24,-69,951
3548,11,-72,962
3549,-2,-77,933
3550,15,-85,939
3551,16,-62,928
3552,23,-74,930
3553,27,-56,934
3554,6,-65,967
3555,52,-41,973
3556,46,-45,981
3557,35,-45,1017
3558,73,-38,1003
3559,40,-63,1057
3560,54,-67,1066
3561,44,-79,1086
3562,47,-67,1083
3563,33,-73,1088
3564,25,-62,1110
3565,34,-81,1077
3566,11,-85,1071
3567,15,-80,1071
3568,-14,-102,1066
3569,10,-80,1039
3570,-4,-99,1051
3571,-15,-62,1020
3572,0,-69,1038
3573,21,-49,982
3574,6,-62,1011
3575,61,-22,966
3576,26,-55,981
3577,54,-38,935
3578,43,-56,960
3579,37,-63,969
3580,64,-42,933
3581,41,-90,958
3582,21,-70,987
3583,44,-68,968
3584,42,-70,990
3585,20,-105,990
3586,28,-61,1006
3587,9,-96,1015
3588,1,-86,1027
3589,0,-91,1025
3590,-8,-86,1043
3591,25,-64,1048
3592,0,-71,1061
3593,22,-55,1057
3594,23,-48,1082
3595,53,-37,1068
3596,41,-55,1065
3597,61,-55,1064
3598,56,-52,1056
3599,33,-55,1077
3600,39,-45,1036
3601,73,-58,1051
3602,46,-54,997
3603,27,-71,1012
3604,33,-71,989
3605,21,-72,991
3606,29,-74,986
3607,-20,-94,981
3608,3,-81,986
3609,-2,-86,1001
3610,-3,-79,1012
3611,8,-70,996
3612,32,-65,1004
3613,14,-69,1016
3614,47,-68,1009
3615,35,-53,1003
3616,64,-45,1023
3617,26,-69,1039
3618,55,-47,1033
3619,20,-56,1029
3620,56,-57,1040
3621,34,-75,1028
3622,40,-65,1016
3623,35,-60,1015
3624,39,-82,1035
3625,36,-76,1021
3626,12,-81,1053
3627,23,-78,1029
3628,44,-63,1028
3629,12,-84,1057
3630,16,-82,1054
3631,43,-46,1048
3632,24,-67,1073
3633,29,-47,1056
3634,33,-59,1045
3635,18,-53,1041
3636,40,-70,1028
3637,30,-51,1011
3638,7,-73,1029
3639,6,-52,982
3640,16,-61,985
3641,8,-54,995
3642,16,-53,952
3643,24,-80,975
3644,25,-56,986
3645,52,-73,991
3646,45,-70,1009
3647,55,-70,1038
3648,42,-65,1038
3649,52,-66,1010
3650,24,-76,1068
3651,34,-67,1043
3652,28,-81,1068
3653,46,-63,1062
3654,-14,-101,1087
3655,23,-57,1048
3656,-11,-62,1057
3657,17,-68,1040
3658,15,-63,1046
3659,17,-61,1016
3660,33,-41,1024
3661,24,-77,1017
3662,65,-41,989
3663,27,-65,1003
3664,49,-59,983
3665,48,-60,980
3666,40,-61,993
3667,42,-57,980
3668,40,-55,1013
3669,35,-81,1020
3670,17,-58,1018
3671,33,-71,1025
3672,28,-72,1017
3673,11,-92,1028
3674,17,-88,1040
3675,8,-95,1047
3676,17,-87,1035
3677,7,-79,1037
3678,34,-61,1049
3679,2,-76,1038
3680,20,-58,1048
3681,6,-54,1022
3682,33,-40,1029
3683,36,-61,1043
3684,23,-43,1029
3685,43,-36,1035
3686,27,-64,1027
3687,28,-59,1057
3688,31,-48,1035
3689,29,-57,1042
3690,42,-54,1052
3691,23,-85,1048
3692,52,-68,1040
3693,20,-88,1043
3694,36,-53,1007
3695,9,-108,1007
3696,32,-81,1006
3697,11,-96,1002
3698,59,-62,979
3699,21,-77,995
3700,7,-68,992
3701,28,-63,991
3702,5,-78,970
3703,10,-73,979
3704,20,-69,978
3705,5,-63,994
3706,37,-51,1015
3707,42,-53,1003
3708,24,-61,1006
3709,36,-54,1031
3710,49,-65,1007
3711,46,-90,1034
3712,29,-69,1021
3713,65,-64,1034
3714,33,-87,1049
3715,27,-72,1029
3716,18,-87,1039
3717,-3,-90,1044
3718,8,-88,1052
3719,2,-67,1030
3720,-11,-80,1053
3721,0,-69,1061
3722,20,-35,1015
3723,-6,-73,1030
3724,17,-38,1007
3725,28,-47,1003
3726,-2,-66,999
3727,48,-41,972
3728,12,-71,985
3729,45,-32,956
3730,36,-61,959
3731,37,-46,947
3732,36,-72,975
3733,43,-79,968
3734,48,-60,998
3735,15,-107,999
3736,28,-68,994
3737,5,-78,1025
3738,-3,-91,1056
3739,0,-84,1047
3740,3,-85,1066
3741,21,-73,1057
3742,9,-50,1050
3743,37,-63,1029
3744,38,-44,1034
3745,35,-77,1032
3746,35,-50,1012
3747,51,-45,1025
3748,58,-51,996
3749,25,-58,1011
3750,60,-55,996
3751,35,-48,1014
3752,42,-69,1018
3753,10,-99,1030
3754,39,-68,1034
3755,2,-91,1066
3756,8,-80,1057
3757,14,-57,1019
3758,-11,-86,1037
3759,-1,-61,1022
3760,6,-68,1013
3761,10,-76,997
3762,40,-46,966
3763,23,-52,964
3764,49,-53,964
3765,37,-59,988
3766,63,-59,958
3767,47,-63,979
3768,40,-42,975
3769,47,-62,1006
3770,43,-63,1021
3771,45,-61,1023
3772,28,-63,1052
3773,13,-88,1054
3774,15,-69,1053
3775,3,-90,1070
3776,17,-73,1073
3777,0,-85,1069
3778,28,-64,1042
3779,4,-72,1041
3780,22,-83,1034
3781,40,-59,1022
3782,27,-68,1005
3783,26,-67,1020
3784,47,-55,1017
3785,43,-73,1024
3786,26,-58,1019
3787,48,-57,1013
3788,23,-62,1016
3789,50,-42,990
3790,20,-63,1024
3791,13,-57,978
3792,40,-46,982
3793,19,-62,990
3794,19,-72,980
3795,15,-61,991
3796,-9,-83,1011
3797,24,-66,1017
3798,8,-75,998
3799,21,-65,1006
3800,9,-78,1049
3801,36,-62,1058
3802,34,-83,1070
3803,49,-67,1060
3804,48,-67,1058
3805,41,-61,1067
3806,37,-59,1071
3807,22,-47,1041
3808,44,-60,1039
3809,41,-57,1009
3810,30,-51,1030
3811,27,-47,1020
3812,13,-86,1012
3813,22,-52,1026
3814,7,-63,1008
3815,20,-65,1023
3816,17,-61,1001
3817,11,-92,1029
3818,20,-73,1020
3819,19,-82,986
3820,29,-74,1014
3821,28,-72,1016
3822,25,-57,996
3823,30,-63,998
3824,28,-60,1007
3825,25,-55,1010
3826,18,-73,1012
3827,28,-64,1010
3828,29,-60,1016
3829,31,-69,1007
3830,35,-52,1037
3831,37,-45,1032
3832,19,-89,1068
3833,22,-70,1067
3834,23,-45,1049
3835,20,-68,1051
3836,7,-58,1053
3837,34,-78,1051
3838,18,-58,1030
3839,9,-92,1061
3840,24,-59,1015
3841,46,-68,1028
3842,15,-83,1029
3843,33,-77,1017
3844,29,-63,1028
3845,39,-71,1014
3846,20,-65,1022
3847,38,-82,1027
3848,19,-79,1047
3849,25,-51,1038
3850,14,-89,1048
3851,30,-53,1037
3852,10,-59,1051
3853,24,-53,1023
3854,30,-61,1008
3855,39,-55,991
3856,34,-62,971
3857,57,-75,1002
3858,50,-54,986
3859,53,-56,987
3860,21,-58,989
3861,27,-75,1001
3862,31,-61,1016
3863,15,-75,1018
3864,32,-60,1033
3865,7,-92,1059
3866,17,-68,1050
3867,21,-65,1050
3868,15,-100,1074
3869,13,-65,1055
3870,47,-71,1036
3871,21,-82,1057
3872,39,-47,1029
3873,29,-43,1010
3874,15,-60,998
3875,55,-30,1001
3876,29,-48,992
3877,23,-62,1006
3878,48,-56,1042
3879,27,-69,997
3880,53,-70,1015
3881,36,-80,1011
3882,22,-80,1039
3883,42,-81,1023
3884,0,-85,1025
3885,14,-70,993
3886,6,-64,991
3887,-11,-71,988
3888,27,-78,1005
3889,14,-76,1014
3890,30,-73,986
3891,31,-70,975
3892,35,-57,997
3893,20,-68,1008
3894,47,-52,1031
3895,34,-61,1052
3896,43,-65,1046
3897,28,-84,1068
3898,23,-63,1039
3899,23,-59,1055
3900,22,-76,1057
3901,30,-61,1057
3902,5,-67,1055
3903,27,-71,1025
3904,24,-54,1014
3905,31,-72,1023
3906,22,-64,1008
3907,24,-57,991
3908,14,-76,1009
3909,31,-70,1004
3910,11,-85,1018
3911,34,-56,985
3912,2,-77,986
3913,25,-57,971
3914,20,-51,975
3915,16,-68,1006
3916,30,-53,993
3917,30,-73,1010
3918,36,-62,1015
3919,45,-70,1009
3920,24,-53,1002
3921,43,-79,1009
3922,35,-54,1031
3923,25,-76,1054
3924,19,-67,1040
3925,19,-69,1047
3926,31,-84,1053
3927,19,-71,1045
3928,21,-59,1053
3929,14,-72,1048
3930,23,-70,1029
3931,10,-74,1028
3932,23,-61,1004
3933,17,-65,1004
3934,19,-58,974
3935,22,-89,984
3936,22,-62,988
3937,37,-54,991
3938,25,-75,984
3939,45,-56,973
3940,36,-73,988
3941,14,-58,1005
3942,40,-58,984
3943,12,-83,1016
3944,33,-53,1013
3945,24,-75,990
3946,8,-82,1036
3947,30,-70,1007
3948,16,-70,998
3949,30,-77,1019
3950,24,-67,1025
3951,40,-65,1051
3952,33,-62,1033
3953,26,-93,1039
3954,37,-56,1015
3955,24,-81,1014
3956,21,-57,1031
3957,26,-59,1021
3958,31,-53,1046
3959,15,-59,1022
3960,34,-61,1016
3961,19,-58,1015
3962,29,-65,1001
3963,45,-51,1023
3964,15,-71,1026
3965,41,-59,1000
3966,31,-68,1010
3967,23,-54,1018
3968,5,-85,1044
3969,42,-49,1004
3970,11,-85,1053
3971,28,-62,1044
3972,38,-67,1015
3973,11,-61,1021
3974,19,-76,1032
3975,19,-78,1033
3976,31,-72,985
3977,17,-66,994
3978,20,-79,986
3979,39,-59,965
3980,25,-71,980
3981,41,-54,975
3982,34,-61,999
3983,32,-64,991
3984,36,-63,1015
3985,30,-50,1018
3986,27,-75,1035
3987,37,-58,1046
3988,19,-56,1054
3989,17,-96,1061
3990,27,-58,1067
3991,17,-79,1056
3992,2,-54,1042
3993,15,-62,1022
3994,21,-62,1030
3995,29,-62,1037
3996,40,-61,1033
3997,25,-63,1028
3998,40,-53,1013
3999,39,-68,1016
4000,30,-49,1018
4001,42,-69,1005
4002,15,-73,1006
4003,40,-61,1006
4004,26,-58,987
4005,12,-75,1013
4006,27,-73,996
4007,12,-72,1015
4008,8,-71,1004
4009,11,-74,1016
4010,26,-70,1011
4011,37,-65,1039
4012,27,-68,1020
4013,28,-61,1031
4014,33,-79,1039
4015,38,-63,1041
4016,42,-66,1018
4017,20,-82,1029
4018,63,-55,1016
4019,-3,-93,1069
4020,47,-45,1037
4021,24,-69,1058
4022,9,-63,1043
4023,44,-46,1028
4024,18,-70,1027
4025,32,-69,1050
4026,21,-52,1011
4027,14,-61,1031
4028,35,-62,1024
4029,21,-69,1038
4030,47,-50,1024
4031,27,-70,1018
4032,47,-58,989
4033,33,-76,1016
4034,54,-55,1013
4035,25,-61,1024
4036,32,-70,1031
4037,29,-62,1000
4038,14,-69,1023
4039,22,-73,1021
4040,26,-65,1021
4041,30,-72,1006
4042,17,-77,1013
4043,22,-54,1020
4044,41,-75,1013
4045,35,-64,1030
4046,11,-71,1018
4047,49,-57,1004
4048,46,-53,990
4049,10,-93,1024
4050,46,-62,978
4051,23,-78,1020
4052,32,-69,993
4053,22,-79,1045
4054,31,-73,1010
4055,15,-80,1027
4056,14,-73,1059
4057,20,-95,1053
4058,19,-60,1048
4059,20,-64,1064
4060,25,-66,1037
4061,24,-55,1051
4062,11,-63,1027
4063,30,-61,1019
4064,27,-40,995
4065,37,-72,997
4066,44,-42,995
4067,34,-72,990
4068,29,-39,991
4069,22,-79,1017
4070,36,-59,1006
4071,18,-78,1023
4072,32,-62,1023
4073,22,-69,989
4074,4,-72,1018
4075,45,-64,1024
4076,40,-59,1010
4077,14,-86,1036
4078,41,-58,1003
4079,20,-80,1003
4080,38,-61,1019
4081,48,-46,1021
4082,23,-77,1046
4083,61,-51,1019
4084,27,-82,1037
4085,51,-50,1032
4086,32,-81,1040
4087,40,-59,1030
4088,13,-84,1056
4089,32,-53,1047
4090,28,-68,1031
4091,-10,-84,1021
4092,19,-66,1024
4093,39,-64,1025
4094,13,-70,1018
4095,10,-59,994
4096,25,-54,994
4097,20,-64,975
4098,27,-70,976
4099,22,-71,981
4100,32,-74,994
4101,29,-71,995
4102,39,-58,1002
4103,26,-70,1009
4104,45,-59,1029
4105,23,-79,996
4106,27,-58,1022
4107,28,-93,1024
4108,39,-65,1039
4109,30,-62,1039
4110,11,-79,1042
4111,35,-67,1033
4112,20,-83,1030
4113,30,-53,1052
4114,13,-71,1054
4115,25,-76,1030
4116,31,-55,1044
4117,14,-72,1021
4118,34,-65,1027
4119,19,-68,1029
4120,24,-66,1008
4121,45,-62,999
4122,30,-50,975
4123,20,-81,996
4124,32,-55,1001
4125,39,-55,1015
4126,35,-68,996
4127,37,-68,1003
4128,-3,-67,1006
4129,35,-65,1025
4130,7,-64,996
4131,7,-67,1009
4132,28,-68,1016
4133,22,-68,1012
4134,13,-71,1023
4135,32,-55,981
4136,20,-62,1013
4137,21,-52,990
4138,26,-72,999
4139,40,-52,1022
4140,20,-62,1053
4141,32,-54,1034
4142,47,-65,1044
4143,31,-76,1040
4144,43,-62,1037
4145,26,-72,1049
4146,33,-56,1031
4147,11,-74,1049
4148,24,-46,1041
4149,15,-82,1023
4150,39,-63,1012
4151,42,-59,1026
4152,15,-76,1019
4153,42,-62,990
4154,23,-72,974
4155,36,-50,988
4156,-3,-91,996
4157,18,-51,1013
4158,22,-74,1037
4159,23,-76,1017
4160,42,-64,1011
4161,6,-76,1039
4162,39,-52,1016
4163,20,-68,994
4164,37,-81,1043
4165,31,-68,996
4166,37,-63,1014
4167,27,-60,1002
4168,19,-62,1009
4169,20,-50,1027
4170,11,-80,1037
4171,32,-65,1010
4172,15,-63,1044
4173,35,-50,1039
4174,12,-73,1046
4175,23,-67,1023
4176,33,-51,1028
4177,33,-57,1028
4178,54,-59,1043
4179,47,-67,1020
4180,25,-66,1035
4181,47,-61,1008
4182,31,-75,1036
4183,31,-47,1007
4184,1,-87,1023
4185,36,-51,1002
4186,1,-68,999
4187,21,-58,1020
4188,14,-62,1006
4189,26,-69,1006
4190,38,-53,993
4191,21,-83,1023
4192,59,-57,999
4193,40,-71,972
4194,40,-61,1002
4195,39,-63,1007
4196,38,-55,1009
4197,46,-96,1026
4198,32,-70,1009
4199,33,-74,1022
4200,0,-69,1037
4201,28,-61,1034
4202,15,-78,1048
4203,14,-62,1051
4204,23,-69,1068
4205,27,-74,1057
4206,17,-55,1062
4207,20,-70,1064
4208,31,-47,1028
4209,23,-41,1028
4210,13,-78,1049
4211,28,-40,1025
4212,19,-70,1022
4213,35,-41,1011
4214,25,-66,1030
4215,16,-44,1008
4216,13,-86,1026
4217,26,-58,1006
4218,32,-58,993
4219,17,-72,1018
4220,22,-63,1019
4221,23,-66,1007
4222,40,-47,1010
4223,36,-65,1026
4224,43,-52,996
4225,31,-68,998
4226,14,-68,998
4227,26,-52,999
4228,7,-72,1049
4229,22,-58,1038
4230,33,-64,1043
4231,26,-69,1039
4232,37,-62,1028
4233,54,-51,1033
4234,34,-54,1033
4235,17,-81,1079
4236,51,-34,1021
4237,29,-66,1059
4238,43,-56,1034
4239,13,-76,1041
4240,14,-68,1029
4241,11,-66,1035
4242,31,-70,1026
4243,4,-80,1023
4244,26,-74,1005
4245,31,-60,999
4246,32,-68,996
4247,28,-57,982
4248,21,-52,1001
4249,49,-71,986
4250,13,-63,985
4251,32,-57,988
4252,11,-80,989
4253,38,-57,997
4254,22,-57,1013
4255,34,-73,1009
4256,39,-46,1039
4257,26,-79,1034
4258,29,-75,1033
4259,33,-38,1042
4260,15,-81,1067
4261,61,-48,1070
4262,16,-65,1076
4263,54,-55,1041
4264,24,-74,1065
4265,26,-54,1047
4266,14,-62,1043
4267,12,-72,1050
4268,28,-70,1018
4269,11,-85,1019
4270,12,-62,1017
4271,16,-76,1022
4272,19,-78,1004
4273,34,-69,991
4274,31,-78,1011
4275,44,-60,1019
4276,41,-56,977
4277,38,-63,981
4278,29,-56,976
4279,14,-74,1002
4280,28,-55,973
4281,15,-66,1029
4282,22,-78,1005
4283,10,-73,1028
4284,38,-51,1010
4285,18,-72,1039
4286,34,-61,1024
4287,20,-77,1018
4288,42,-61,1052
4289,26,-64,1029
4290,22,-87,1037
4291,37,-54,1053
4292,41,-65,1044
4293,9,-69,1049
4294,27,-41,1032
4295,25,-66,1041
4296,23,-72,1030
4297,30,-69,1043
4298,31,-74,1021
4299,23,-67,999
4300,24,-67,1004
4301,37,-48,997
4302,30,-71,1012
4303,52,-49,1021
4304,32,-48,981
4305,19,-76,971
4306,36,-52,990
4307,15,-82,1018
4308,34,-71,1008
4309,33,-79,1033
4310,7,-90,1022
4311,29,-68,1006
4312,19,-76,1017
4313,32,-59,1018
4314,27,-69,1040
4315,23,-69,1027
4316,27,-63,1012
4317,37,-62,1032
4318,28,-63,1040
4319,53,-58,1001
4320,7,-84,1046
4321,45,-59,1031
4322,44,-47,1010
4323,31,-83,1033
4324,33,-78,1027
4325,25,-76,1052
4326,35,-59,1030
4327,27,-86,1028
4328,33,-63,1016
4329,29,-72,1025
4330,38,-56,1021
4331,16,-63,1016
4332,32,-71,1020
4333,28,-46,998
4334,10,-79,1011
4335,16,-61,1022
4336,25,-61,996
4337,11,-81,1041
4338,34,-65,992
4339,3,-87,1018
4340,32,-52,1009
4341,36,-63,1012
4342,49,-47,981
4343,18,-72,1028
4344,37,-51,1012
4345,16,-52,1010
4346,9,-67,1013
4347,37,-59,1013
4348,6,-73,1018
4349,14,-75,1042
4350,37,-50,1013
4351,0,-85,1046
4352,19,-75,1026
4353,29,-66,1019
4354,22,-80,1025
4355,49,-66,996
4356,25,-73,999
4357,22,-79,1045
4358,31,-55,988
4359,16,-78,1022
4360,20,-54,1007
4361,1,-66,1020
4362,22,-44,999
4363,25,-64,1009
4364,16,-74,1023
4365,42,-60,996
4366,33,-75,1002
4367,25,-65,996
4368,64,-50,998
4369,20,-51,997
4370,22,-73,1003
4371,20,-70,1012
4372,41,-54,1008
4373,20,-76,1035
4374,29,-75,1031
4375,14,-76,1029
4376,15,-89,1052
4377,13,-65,1026
4378,13,-67,1057
4379,20,-63,1025
4380,43,-57,1029
4381,29,-66,1060
4382,37,-66,1015
4383,53,-76,1039
4384,28,-75,1037
4385,44,-60,1034
4386,25,-59,1034
4387,-7,-63,1032
4388,9,-93,1040
4389,19,-49,1004
4390,19,-63,1037
4391,34,-61,1021
4392,34,-60,1007
4393,37,-71,1002
4394,20,-53,1013
4395,18,-76,976
4396,25,-41,989
4397,35,-78,1001
4398,29,-43,1002
4399,23,-73,996
4400,33,-59,1021
4401,17,-61,1007
4402,26,-45,989
4403,6,-60,1028
4404,15,-63,1029
4405,30,-65,1021
4406,38,-63,1030
4407,17,-65,1023
4408,31,-58,1018
4409,27,-73,1063
4410,35,-60,1026
4411,23,-92,1048
4412,44,-40,1047
4413,29,-78,1057
4414,25,-64,1060
4415,38,-85,1057
4416,24,-66,1056
4417,24,-83,1030
4418,15,-66,1016
4419,23,-77,1010
4420,36,-71,1020
4421,19,-60,1023
4422,40,-65,1018
4423,43,-28,1012
4424,6,-89,996
4425,17,-31,986
4426,32,-64,996
4427,26,-53,999
4428,14,-71,997
4429,21,-65,1011
4430,44,-52,979
4431,15,-81,1019
4432,26,-58,1006
4433,31,-84,1013
4434,23,-84,1016
4435,31,-62,1028
4436,13,-60,1025
4437,36,-60,1013
4438,26,-77,1040
4439,52,-64,1026
4440,22,-72,1033
4441,35,-73,1024
4442,20,-74,1047
4443,31,-70,1064
4444,27,-55,1029
4445,18,-89,1036
4446,43,-54,1048
4447,20,-58,1018
4448,28,-85,1039
4449,9,-70,1026
4450,30,-46,1016
4451,6,-83,1045
4452,42,-52,1014
4453,36,-56,1013
4454,18,-70,1002
4455,20,-84,1002
4456,47,-59,1000
4457,31,-80,1001
4458,39,-70,1012
4459,46,-59,1001
4460,33,-76,1017
4461,32,-78,995
4462,39,-83,1018
4463,30,-70,1005
4464,17,-78,995
4465,25,-62,1016
4466,36,-58,1036
4467,31,-59,1013
4468,32,-55,1006
4469,38,-74,1016
4470,34,-61,1027
4471,36,-54,1029
4472,36,-62,1037
4473,22,-68,1049
4474,41,-62,1056
4475,12,-68,1057
4476,58,-58,1053
4477,33,-54,1049
4478,2,-70,1041
4479,40,-58,1059
4480,34,-58,1030
4481,15,-70,1048
4482,18,-60,1044
4483,25,-78,1021
4484,12,-69,1020
4485,30,-69,1016
4486,42,-59,1006
4487,31,-65,1005
4488,19,-60,996
4489,6,-70,987
4490,30,-60,974
4491,16,-72,993
4492,2,-79,1020
4493,20,-59,974
4494,16,-64,996
4495,15,-70,1000
4496,25,-74,1023
4497,34,-54,1023
4498,15,-69,1028
4499,40,-64,1021
4500,-7,-62,1037
4501,21,-62,1029
4502,15,-85,1034
4503,30,-66,1028
4504,35,-61,1030
4505,18,-67,1037
4506,42,-56,1015
4507,20,-69,1030
4508,25,-57,1015
4509,35,-74,1021
4510,20,-71,1022
4511,36,-66,1009
4512,36,-66,1017
4513,25,-73,1028
4514,35,-75,1002
4515,18,-68,991
4516,19,-69,1025
4517,9,-67,1015
4518,10,-65,1007
4519,-2,-75,997
4520,0,-57,972
4521,20,-69,1002
4522,10,-74,981
4523,29,-61,1004
4524,43,-71,996
4525,25,-73,1030
4526,25,-77,1028
4527,58,-46,1015
4528,25,-76,1045
4529,34,-51,1018
4530,24,-79,1035
4531,48,-48,1033
4532,21,-76,1051
4533,38,-48,1012
4534,9,-91,1046
4535,39,-42,1001
4536,23,-81,1034
4537,38,-65,1012
4538,10,-73,1007
4539,25,-70,1021
4540,39,-53,981
4541,27,-89,1016
4542,39,-53,1004
4543,29,-75,994
4544,31,-74,1001
4545,20,-68,1004
4546,13,-70,1008
4547,18,-64,1015
4548,25,-61,1002
4549,43,-67,1019
4550,18,-60,1019
4551,43,-58,996
4552,21,-53,1002
4553,20,-63,1007
4554,30,-69,1012
4555,25,-64,997
4556,20,-79,1003
4557,8,-69,1054
4558,32,-65,1003
4559,40,-63,1025
4560,15,-76,1012
4561,21,-72,1033
4562,42,-61,1035
4563,24,-64,1010
4564,31,-65,1011
4565,39,-59,1019
4566,15,-76,1029
4567,24,-67,1018
4568,26,-63,1016
4569,28,-64,1005
4570,18,-63,1015
4571,28,-62,1022
4572,24,-67,1014
4573,25,-63,1022
4574,31,-57,1014
4575,37,-60,1007
4576,38,-60,1003
4577,10,-71,1013
4578,24,-70,1015
4579,37,-71,1014
4580,27,-71,1024
4581,17,-78,1017
4582,30,-66,987
4583,19,-84,992
4584,15,-80,1000
4585,27,-63,1008
4586,20,-57,1014
4587,29,-66,997
4588,33,-60,1007
4589,50,-58,1010
4590,30,-60,1018
4591,30,-62,1029
4592,30,-64,1058
4593,38,-54,1042
4594,23,-61,1039
4595,52,-51,1038
4596,31,-62,1032
4597,27,-62,1053
4598,30,-62,1020
4599,35,-69,1021
4600,27,-62,1041
4601,30,-62,1031
4602,23,-68,1030
4603,40,-71,1033
4604,32,-55,1023
4605,24,-62,982
4606,19,-73,1011
4607,49,-59,1007
4608,11,-93,1003
4609,39,-62,993
4610,34,-80,992
4611,42,-58,992
4612,38,-70,1000
4613,24,-47,1020
4614,48,-46,990
4615,24,-75,1028
4616,37,-46,1007
4617,9,-73,1013
4618,24,-65,1033
4619,29,-78,1037
4620,14,-64,1037
4621,25,-74,1037
4622,16,-63,1049
4623,28,-64,1046
4624,46,-61,1020
4625,14,-69,1043
4626,22,-70,1040
4627,43,-57,1023
4628,21,-65,1039
4629,34,-60,1037
4630,23,-61,1037
4631,26,-75,1016
4632,18,-47,1048
4633,36,-54,996
4634,16,-65,1037
4635,40,-52,988
4636,24,-56,1021
4637,33,-56,991
4638,25,-83,1034
4639,32,-43,997
4640,19,-80,1002
4641,36,-56,996
4642,43,-70,1007
4643,18,-69,1012
4644,48,-56,1013
4645,11,-68,1018
4646,43,-44,1034
4647,16,-82,1032
4648,39,-58,1016
4649,26,-86,1015
4650,51,-56,1019
4651,23,-74,1011
4652,21,-61,1033
4653,42,-59,1005
4654,29,-58,1002
4655,42,-68,1033
4656,25,-62,1023
4657,24,-81,1044
4658,17,-62,1041
4659,23,-72,1051
4660,46,-55,1036
4661,48,-64,1024
4662,34,-66,1046
4663,25,-87,1026
4664,45,-61,1054
4665,22,-80,1041
4666,32,-62,1052
4667,36,-58,1023
4668,27,-61,1031
4669,10,-69,1011
4670,24,-41,1018
4671,14,-78,1008
4672,28,-63,1020
4673,29,-65,1025
4674,28,-73,1009
4675,20,-64,1007
4676,33,-57,987
4677,35,-54,1010
4678,44,-40,998
4679,27,-51,1000
4680,13,-73,998
4681,38,-51,999
4682,15,-71,1016
4683,28,-51,999
4684,12,-70,1013
4685,25,-75,1033
4686,30,-45,1011
4687,38,-77,1029
4688,40,-70,1019
4689,25,-81,1045
4690,22,-61,1041
4691,34,-74,1053
4692,30,-57,1039
4693,30,-59,1026
4694,14,-65,1035
4695,37,-51,1020
4696,7,-80,1044
4697,31,-45,1017
4698,5,-69,1030
4699,33,-58,1014
4700,25,-62,998
4701,40,-69,1003
4702,16,-66,1029
4703,41,-37,1004
4704,20,-68,1025
4705,24,-55,1020
4706,16,-68,1009
4707,18,-73,1024
4708,25,-67,1016
4709,-12,-72,1033
4710,24,-50,1005
4711,24,-75,1002
4712,31,-71,1014
4713,40,-46,1035
4714,39,-78,1018
4715,42,-54,1011
4716,37,-70,1016
4717,20,-63,1016
4718,24,-61,1022
4719,22,-60,1022
4720,15,-78,1017
4721,21,-73,1029
4722,50,-49,1009
4723,27,-80,1025
4724,35,-65,1003
4725,42,-64,1020
4726,29,-57,1017
4727,37,-52,991
4728,16,-53,995
4729,22,-78,998
4730,31,-56,1009
4731,34,-57,1002
4732,7,-68,1017
4733,30,-89,1010
4734,29,-47,1031
4735,18,-83,1045
4736,35,-61,1015
4737,35,-63,1035
4738,47,-48,1023
4739,27,-86,1026
4740,44,-70,1012
4741,28,-69,1014
4742,9,-76,1029
4743,26,-66,1038
4744,24,-37,1028
4745,4,-75,1021
4746,4,-68,1028
4747,18,-59,1021
4748,27,-70,1029
4749,40,-64,1006
4750,46,-65,987
4751,29,-79,1025
4752,43,-61,1017
4753,25,-54,995
4754,22,-53,1013
4755,18,-59,998
4756,6,-57,1040
4757,32,-55,1001
4758,0,-70,1027
4759,30,-61,1028
4760,27,-77,1010
4761,37,-77,1008
4762,36,-61,1004
4763,53,-57,1015
4764,35,-65,989
4765,38,-65,1025
4766,48,-57,1002
4767,1,-82,1034
4768,37,-63,999
4769,15,-59,1023
4770,7,-65,1023
4771,21,-73,1020
4772,23,-49,1017
4773,24,-94,1042
4774,44,-58,1042
4775,42,-70,1027
4776,47,-70,1033
4777,33,-55,1011
4778,27,-73,1004
4779,25,-66,1024
4780,-1,-81,1013
4781,35,-49,1010
4782,-11,-72,1017
4783,22,-59,1028
4784,14,-67,1025
4785,47,-59,1023
4786,41,-56,1016
4787,30,-65,1025
4788,47,-49,1008
4789,10,-79,1027
4790,34,-51,1004
4791,-1,-79,1024
4792,19,-58,1008
4793,4,-80,1004
4794,30,-57,999
4795,34,-55,995
4796,12,-85,1026
4797,51,-64,995
4798,39,-70,1031
4799,55,-61,1020
4800,45,-70,1006
4801,58,-62,1006
4802,36,-62,992
4803,16,-73,1017
4804,34,-59,1016
4805,14,-67,1057
4806,15,-75,1032
4807,9,-62,1023
4808,19,-78,1043
4809,29,-67,1038
4810,34,-70,1029
4811,57,-58,1024
4812,45,-66,1013
4813,23,-64,1019
4814,34,-57,1022
4815,21,-69,1015
4816,2,-66,1012
4817,12,-54,1030
4818,5,-70,1019
4819,19,-63,1029
4820,25,-70,1022
4821,33,-70,1029
4822,53,-57,989
4823,19,-81,1009
4824,53,-58,998
4825,46,-54,1002
4826,29,-68,1013
4827,24,-70,993
4828,17,-72,1004
4829,11,-61,984
4830,-2,-58,1024
4831,16,-47,1012
4832,34,-63,1010
4833,25,-74,1046
4834,44,-74,1042
4835,48,-69,1009
4836,51,-43,1021
4837,42,-75,1046
4838,31,-59,1033
4839,21,-74,1025
4840,20,-61,1037
4841,26,-60,1033
4842,6,-71,1044
4843,13,-72,1029
4844,19,-72,1010
4845,6,-75,1039
4846,45,-60,1008
4847,25,-72,1024
4848,47,-63,1022
4849,29,-81,1016
4850,44,-60,1000
4851,24,-60,1003
4852,21,-47,1007
4853,6,-77,1018
4854,7,-55,1020
4855,20,-61,1002
4856,9,-70,1024
4857,37,-57,1016
4858,43,-56,1023
4859,31,-78,1017
4860,58,-49,989
4861,35,-82,1038
4862,55,-51,1022
4863,32,-71,1009
4864,41,-57,1007
4865,21,-61,1026
4866,10,-73,1032
4867,15,-61,1043
4868,3,-72,1052
4869,45,-63,1031
4870,24,-71,1051
4871,51,-66,1017
4872,45,-70,1020
4873,52,-56,1010
4874,19,-76,1016
4875,21,-67,1004
4876,13,-64,1027
4877,-2,-47,1000
4878,9,-75,1010
4879,7,-61,1040
4880,24,-64,1024
4881,24,-59,1032
4882,27,-70,1005
4883,51,-58,1017
4884,38,-79,1014
4885,21,-71,1008
4886,44,-60,1009
4887,26,-62,999
4888,21,-67,984
4889,6,-73,1016
4890,20,-66,978
4891,8,-51,1016
4892,37,-52,1029
4893,26,-70,1031
4894,32,-67,1025
4895,37,-82,1025
4896,41,-58,1034
4897,56,-71,1029
4898,37,-62,1018
4899,10,-75,1016
4900,16,-56,996
4901,10,-69,1025
4902,11,-55,1033
4903,3,-56,1030
4904,5,-88,1030
4905,60,-45,1033
4906,30,-78,1047
4907,49,-53,1004
4908,45,-73,995
4909,52,-69,997
4910,52,-57,968
4911,12,-68,983
4912,9,-66,999
4913,20,-62,999
4914,3,-51,1009
4915,29,-70,1000
4916,39,-74,1005
4917,24,-84,1051
4918,38,-66,1016
4919,32,-75,1025
4920,60,-65,1012
4921,49,-76,1016
4922,43,-71,999
4923,32,-47,986
4924,10,-57,996
4925,10,-68,978
4926,5,-69,1028
4927,34,-50,1018
4928,8,-83,1039
4929,36,-59,1034
4930,39,-67,1055
4931,48,-72,1037
4932,52,-70,1044
4933,40,-77,1036
4934,57,-61,1015
4935,20,-56,990
4936,22,-66,1008
4937,7,-49,1006
4938,8,-57,1027
4939,6,-67,1042
4940,46,-46,1032
4941,30,-72,1038
4942,27,-77,1035
4943,48,-61,1003
4944,17,-81,1020
4945,52,-59,1000
4946,26,-72,995
4947,18,-62,989
4948,25,-55,1002
4949,6,-74,1022
4950,22,-64,1028
4951,6,-64,1054
4952,28,-72,1057
4953,17,-78,1049
4954,40,-58,1023
4955,37,-85,1041
4956,62,-65,1010
4957,25,-92,1030
4958,41,-54,991
4959,24,-76,1016
4960,15,-63,1009
4961,4,-65,1041
4962,13,-71,1027
4963,8,-57,1055
4964,13,-77,1048
4965,27,-69,1039
4966,42,-71,1013
4967,50,-67,998
4968,34,-75,1020
4969,56,-68,997
4970,6,-50,977
4971,19,-61,982
4972,7,-77,998
4973,14,-48,1013
4974,1,-62,1022
4975,27,-58,996
4976,40,-56,1030
4977,15,-70,1038
4978,50,-60,1030
4979,40,-60,1031
4980,48,-80,1028
4981,50,-61,1016
4982,57,-46,982
4983,23,-77,996
4984,11,-47,1004
4985,-4,-69,1037
4986,3,-60,1034
4987,30,-63,1032
4988,13,-60,1049
4989,37,-65,1049
4990,10,-79,1042
4991,48,-76,1018
4992,44,-80,1008
4993,49,-73,1008
4994,26,-56,991
4995,24,-66,1007
4996,20,-62,1043
4997,15,-49,1024
4998,11,-72,1034
4999,28,-41,1057
5000,33,-72,1047
5001,22,-72,1037
5002,53,-60,1034
5003,37,-55,1029
5004,52,-58,990
5005,28,-57,975
5006,34,-57,971
5007,6,-71,983
5008,2,-49,997
5009,26,-77,1013
5010,23,-58,1004
5011,3,-84,1051
5012,18,-75,1073
5013,35,-62,1041
5014,35,-87,1064
5015,33,-48,1013
5016,40,-78,1019
5017,49,-61,994
5018,31,-55,990
5019,24,-76,1007
5020,12,-56,1002
5021,10,-64,1043
5022,25,-73,1045
5023,20,-61,1069
5024,52,-75,1067
5025,40,-64,1051
5026,40,-67,1018
5027,34,-59,1023
5028,31,-73,1002
5029,30,-57,991
5030,27,-61,1016
5031,24,-46,995
5032,5,-71,1013
5033,18,-47,1017
5034,17,-84,1023
5035,16,-85,1072
5036,27,-58,1019
5037,28,-73,1046
5038,27,-57,1031
5039,49,-58,1003
5040,35,-49,990
5041,45,-50,1019
5042,19,-55,983
5043,28,-54,1000
5044,32,-70,1011
5045,19,-68,1023
5046,27,-74,1048
5047,15,-101,1066
5048,33,-61,1057
5049,34,-84,1072
5050,40,-62,1034
5051,33,-69,1027
5052,47,-50,996
5053,18,-62,1010
5054,22,-54,990
5055,32,-58,1013
5056,6,-80,1031
5057,35,-40,1037
5058,-5,-89,1071
5059,26,-67,1052
5060,29,-79,1075
5061,40,-62,1010
5062,32,-81,1018
5063,46,-62,997
5064,15,-56,996
5065,39,-54,966
5066,46,-39,948
5067,28,-55,976
5068,5,-81,999
5069,27,-62,1018
5070,20,-90,1038
5071,32,-75,1042
5072,25,-82,1062
5073,29,-55,1029
5074,22,-68,1014
5075,20,-50,1027
5076,25,-62,1003
5077,52,-65,1003
5078,51,-44,1017
5079,17,-74,1014
5080,25,-59,1043
5081,24,-63,1045
5082,21,-84,1055
5083,42,-62,1054
5084,25,-77,1048
5085,25,-62,1044
5086,21,-65,1016
5087,32,-62,1013
5088,45,-60,976
5089,20,-57,996
5090,36,-46,973
5091,9,-70,997
5092,25,-68,1019
5093,22,-80,1033
5094,20,-59,1041
5095,6,-100,1078
5096,43,-61,1034
5097,16,-91,1055
5098,27,-55,998
5099,10,-62,990
5100,34,-43,985
5101,28,-42,980
5102,25,-58,969
5103,13,-70,982
5104,24,-44,1009
5105,8,-81,1029
5106,37,-64,1039
5107,22,-99,1039
5108,41,-58,1042
5109,20,-58,1029
5110,36,-55,1001
5111,28,-65,1010
5112,54,-31,1016
5113,26,-69,1025
5114,28,-57,1007
5115,32,-49,1021
5116,27,-60,1017
5117,6,-73,1065
5118,47,-62,1044
5119,5,-78,1046
5120,30,-67,1014
5121,12,-81,1029
5122,41,-58,1011
5123,27,-50,1002
5124,15,-78,1004
5125,48,-37,976
5126,7,-70,1009
5127,55,-66,984
5128,16,-80,1016
5129,45,-58,1027
5130,19,-84,1048
5131,44,-62,1040
5132,24,-67,1012
5133,23,-67,1029
5134,38,-57,1004
5135,23,-75,1015
5136,37,-55,998
5137,15,-56,987
5138,24,-71,990
5139,36,-64,1000
5140,13,-94,1026
5141,35,-70,1042
5142,33,-67,1013
5143,22,-76,1037
5144,32,-66,1019
5145,33,-48,1028
5146,15,-66,1024
5147,33,-56,1013
5148,35,-67,1002
5149,20,-50,1032
5150,27,-69,1007
5151,20,-83,1010
5152,37,-60,1021
5153,17,-70,1040
5154,40,-61,1040
5155,29,-83,1032
5156,29,-51,1022
5157,26,-74,1023
5158,42,-53,1011
5159,33,-66,1003
5160,27,-70,997
5161,47,-56,957
5162,16,-79,995
5163,36,-61,990
5164,23,-67,1015
5165,20,-70,991
5166,24,-62,1038
5167,22,-68,1060
5168,36,-48,1033
5169,27,-69,1023
5170,30,-46,1005
5171,34,-62,1017
5172,24,-77,1023
5173,27,-63,993
5174,36,-54,1020
5175,41,-64,1034
5176,20,-62,1024
5177,18,-80,1038
5178,31,-58,1016
5179,23,-77,1010
5180,35,-68,1004
5181,16,-73,1016
5182,32,-43,998
5183,6,-88,1016
5184,46,-47,980
5185,23,-62,1001
5186,29,-54,1002
5187,18,-82,1014
5188,22,-72,1026
5189,57,-45,1001
5190,28,-70,1051
5191,38,-55,1007
5192,31,-57,1048
5193,38,-54,1052
5194,21,-84,1006
5195,42,-50,1005
5196,17,-71,1010
5197,24,-77,1018
5198,38,-79,1031
5199,31,-72,1026
5200,25,-69,1009
5201,9,-74,1033
5202,31,-62,1056
5203,25,-63,1038
5204,29,-63,1034
5205,44,-61,1025
5206,17,-70,1032
5207,47,-50,1022
5208,37,-54,1021
5209,32,-76,1021
5210,20,-65,1018
5211,15,-60,1035
5212,34,-54,1011
5213,18,-56,1029
5214,25,-70,1032
5215,32,-53,1024
5216,11,-92,1015
5217,38,-54,1020
5218,31,-90,1007
5219,16,-67,1005
5220,42,-78,990
5221,30,-67,998
5222,42,-52,989
5223,27,-85,1049
5224,13,-81,1029
5225,37,-57,1035
5226,28,-57,1040
5227,11,-63,1047
5228,29,-72,1041
5229,25,-48,1012
5230,35,-79,1022
5231,13,-77,1025
5232,30,-56,1002
5233,7,-79,1000
5234,35,-62,1004
5235,10,-75,1006
5236,27,-60,1030
5237,55,-80,1012
5238,25,-78,1020
5239,31,-53,999
5240,35,-100,1017
5241,34,-57,1017
5242,20,-68,1036
5243,45,-48,1010
5244,25,-46,1021
5245,13,-72,1023
5246,28,-67,1023
5247,41,-66,1026
5248,29,-69,1014
5249,51,-60,1018
5250,28,-73,1028
5251,24,-58,1048
5252,11,-74,1029
5253,32,-81,1024
5254,15,-69,1024
5255,18,-69,997
5256,24,-59,1009
5257,21,-74,1024
5258,41,-49,1010
5259,18,-84,1017
5260,30,-63,1033
5261,25,-62,1037
5262,34,-80,1037
5263,33,-58,1037
5264,28,-64,1041
5265,28,-76,1037
5266,24,-60,1033
5267,7,-77,1045
5268,26,-56,1028
5269,34,-59,1018
5270,28,-79,1022
5271,40,-80,1026
5272,21,-76,1002
5273,53,-69,997
5274,12,-90,1066
5275,35,-61,1023
5276,17,-73,1024
5277,19,-61,1029
5278,40,-53,993
5279,15,-73,1015
5280,6,-60,1012
5281,56,-66,1001
5282,30,-84,1017
5283,46,-64,1026
5284,41,-71,1013
5285,29,-75,1017
5286,32,-48,998
5287,38,-80,1034
5288,21,-74,1014
5289,26,-74,1031
5290,12,-69,1025
5291,31,-57,1003
5292,8,-78,1017
5293,34,-64,1020
5294,29,-64,1037
5295,17,-85,1045
5296,50,-64,1018
5297,29,-62,1034
5298,24,-68,1036
5299,34,-74,1034
5300,15,-73,1047
5301,21,-63,1029
5302,20,-72,1014
5303,37,-59,1017
5304,10,-65,1017
5305,41,-77,1022
5306,11,-67,991
5307,27,-77,1027
5308,33,-71,1007
5309,35,-65,998
5310,37,-93,1024
5311,29,-70,1018
5312,24,-71,1034
5313,22,-64,1023
5314,23,-57,1008
5315,22,-60,1038
5316,29,-54,1015
5317,17,-63,1013
5318,45,-50,995
5319,40,-73,1017
5320,18,-65,1020
5321,42,-65,1022
5322,16,-80,1017
5323,36,-62,1015
5324,20,-81,1013
5325,5,-83,1050
5326,40,-54,1036
5327,2,-78,1033
5328,18,-75,996
5329,25,-72,1001
5330,29,-47,1017
5331,41,-41,998
5332,15,-73,1041
5333,31,-74,1021
5334,30,-63,1035
5335,28,-70,1053
5336,25,-71,1032
5337,24,-80,1034
5338,46,-62,1030
5339,29,-69,1016
5340,20,-72,1028
5341,36,-56,1010
5342,30,-44,1001
5343,10,-74,1015
5344,19,-63,995
5345,42,-63,1011
5346,20,-92,1027
5347,30,-59,1004
5348,8,-66,1029
5349,14,-61,1021
5350,47,-53,1007
5351,18,-67,1007
5352,26,-71,990
5353,31,-67,993
5354,24,-60,996
5355,22,-64,1017
5356,23,-54,1017
5357,28,-62,1027
5358,21,-74,1023
5359,22,-66,1039
5360,21,-77,1033
5361,19,-55,1032
5362,9,-74,1030
5363,39,-52,1022
5364,18,-63,1001
5365,33,-62,1048
5366,25,-54,996
5367,17,-82,1040
5368,40,-75,1016
5369,43,-61,1037
5370,27,-73,1045
5371,6,-81,1041
5372,39,-56,1006
5373,32,-80,1013
5374,32,-78,996
5375,13,-56,1001
5376,37,-75,998
5377,38,-50,966
5378,27,-70,983
5379,8,-69,1013
5380,34,-64,1013
5381,16,-88,1047
5382,26,-73,1018
5383,27,-93,1055
5384,20,-61,1026
5385,25,-84,1029
5386,40,-57,1012
5387,39,-66,1007
5388,34,-67,1008
5389,42,-62,1021
5390,25,-61,1023
5391,15,-85,1019
5392,28,-50,1018
5393,22,-74,1057
5394,21,-77,1026
5395,13,-68,1032
5396,19,-62,1043
5397,9,-68,1023
5398,26,-51,1006
5399,31,-45,1017
5400,28,-62,1015
5401,11,-57,1010
5402,54,-47,996
5403,18,-95,1024
5404,44,-46,1007
5405,35,-83,1018
5406,22,-70,1041
5407,36,-58,1009
5408,14,-82,1033
5409,25,-72,1010
5410,41,-70,1012
5411,4,-71,1002
5412,37,-62,1011
5413,20,-67,1018
5414,32,-56,1018
5415,29,-73,1016
5416,20,-82,1013
5417,31,-48,1022
5418,27,-94,1024
5419,24,-76,1035
5420,23,-70,1049
5421,30,-59,1016
5422,44,-53,1013
5423,9,-83,1027
5424,36,-62,1008
5425,44,-59,1013
5426,15,-71,1015
5427,29,-67,999
5428,22,-75,1016
5429,34,-55,1011
5430,28,-78,1020
5431,26,-64,1039
5432,27,-77,1029
5433,27,-70,1002
5434,29,-63,1016
5435,0,-88,1021
5436,39,-53,1033
5437,11,-66,1045
5438,32,-79,1009
5439,27,-66,1035
5440,38,-53,1022
5441,16,-68,1034
5442,33,-64,992
5443,20,-59,1021
5444,37,-71,1007
5445,36,-75,1009
5446,36,-67,1015
5447,39,-67,1019
5448,21,-66,1032
5449,31,-58,1023
5450,42,-72,1020
5451,25,-71,1032
5452,29,-71,1060
5453,36,-68,1025
5454,43,-65,1037
5455,36,-67,1022
5456,20,-78,1034
5457,11,-59,1010
5458,35,-57,985
5459,15,-75,994
5460,7,-65,1001
5461,28,-58,1001
5462,25,-65,995
5463,14,-85,1020
5464,38,-31,1014
5465,18,-87,1045
5466,19,-50,1031
5467,36,-43,1003
5468,19,-65,1023
5469,40,-66,999
5470,27,-69,1014
5471,35,-52,999
5472,24,-53,1020
5473,34,-56,1031
5474,2,-68,1039
5475,25,-70,1008
5476,22,-60,1024
5477,22,-60,1016
5478,17,-70,1037
5479,30,-58,1007
5480,24,-70,1025
5481,23,-64,998
5482,6,-85,1039
5483,23,-57,1018
5484,28,-69,1016
5485,0,-71,1033
5486,34,-65,1027
5487,18,-80,1038
5488,34,-51,1016
5489,4,-73,1040
5490,32,-65,994
5491,26,-54,1007
5492,28,-66,1007
5493,28,-78,1011
5494,42,-54,995
5495,24,-57,1017
5496,43,-50,1014
5497,46,-59,1008
5498,14,-91,1030
5499,56,-55,1013
5500,19,-93,1017
5501,39,-60,997
5502,17,-68,1024
5503,36,-61,993
5504,16,-73,1002
5505,34,-63,1010
5506,22,-54,1014
5507,17,-81,1007
5508,13,-57,1024
5509,29,-81,1026
5510,31,-54,1025
5511,9,-85,1035
5512,38,-50,1029
5513,43,-62,1018
5514,27,-70,1035
5515,35,-69,1016
5516,19,-67,1003
5517,33,-69,984
5518,24,-80,1013
5519,13,-59,979
5520,32,-70,1000
5521,33,-51,1018
5522,7,-86,1046
5523,43,-47,1011
5524,11,-81,1005
5525,32,-71,1035
5526,30,-74,1023
5527,30,-69,1011
5528,13,-77,1003
5529,29,-45,995
5530,9,-62,1018
5531,22,-52,1008
5532,21,-57,1018
5533,44,-71,1016
5534,13,-66,1010
5535,27,-77,1044
5536,57,-44,1033
5537,17,-80,1025
5538,22,-63,1020
5539,40,-51,1003
5540,5,-81,1012
5541,43,-28,994
5542,13,-92,1020
5543,40,-43,1006
5544,20,-70,1040
5545,33,-61,1028
5546,16,-65,1036
5547,30,-54,1018
5548,24,-65,1014
5549,43,-55,1020
5550,6,-79,1035
5551,39,-48,1012
5552,24,-81,1008
5553,27,-46,994
5554,10,-78,1006
5555,30,-55,986
5556,24,-67,1002
5557,24,-67,1028
5558,33,-68,1015
5559,38,-69,1027
5560,33,-92,1022
5561,53,-45,998
5562,37,-82,1005
5563,34,-59,1005
5564,31,-65,1011
5565,28,-61,1024
5566,28,-64,1011
5567,7,-76,1025
5568,27,-51,1003
5569,7,-78,1033
5570,29,-60,1023
5571,35,-47,995
5572,17,-90,1034
5573,40,-39,1004
5574,42,-80,1024
5575,41,-61,1002
5576,34,-76,1029
5577,37,-46,1002
5578,30,-88,1004
5579,28,-54,1014
5580,22,-63,1028
5581,21,-62,1026
5582,13,-65,1022
5583,29,-67,1035
5584,39,-72,1029
5585,38,-75,1010
5586,22,-61,1018
5587,26,-64,1018
5588,40,-54,1003
5589,12,-71,1018
5590,37,-60,994
5591,13,-54,1021
5592,41,-64,1016
5593,37,-55,1001
5594,26,-71,1028
5595,43,-64,1001
5596,10,-78,1032
5597,44,-60,1019
5598,27,-76,1023
5599,23,-54,1029
5600,26,-66,1036
5601,19,-78,1022
5602,19,-61,1036
5603,42,-50,1016
5604,31,-62,1027
5605,13,-68,1032
5606,42,-34,992
5607,13,-70,1053
5608,36,-58,1040
5609,43,-77,1019
5610,20,-67,1007
5611,18,-68,1002
5612,17,-54,1027
5613,25,-56,1032
5614,49,-54,1003
5615,11,-67,1009
5616,23,-54,1025
5617,29,-49,1004
5618,6,-70,1027
5619,48,-54,1000
5620,24,-77,1033
5621,40,-70,1017
5622,44,-69,1003
5623,33,-70,1029
5624,44,-59,1012
5625,33,-65,1018
5626,45,-62,1020
5627,29,-70,1012
5628,40,-67,1019
5629,28,-73,1018
5630,32,-62,1029
5631,21,-63,1040
5632,27,-62,1032
5633,42,-69,1019
5634,18,-73,1026
5635,40,-68,1000
5636,8,-72,1018
5637,22,-62,1007
5638,32,-58,1029
5639,22,-64,1024
5640,32,-71,1023
5641,27,-50,1013
5642,4,-94,1043
5643,43,-56,1009
5644,20,-93,992
5645,47,-46,1007
5646,27,-58,990
5647,21,-69,1002
5648,19,-77,1002
5649,30,-53,1004
5650,25,-68,1017
5651,33,-53,1010
5652,28,-60,1035
5653,19,-71,1040
5654,22,-73,1026
5655,14,-55,1050
5656,48,-70,1013
5657,33,-55,1034
5658,32,-59,1035
5659,22,-68,1022
5660,28,-62,1024
5661,36,-50,1007
5662,18,-70,1038
5663,50,-83,1027
5664,39,-72,1018
5665,32,-75,1036
5666,51,-67,997
5667,22,-88,1008
5668,39,-53,1009
5669,16,-61,1036
5670,34,-59,1019
5671,16,-62,1014
5672,40,-68,1013
5673,24,-58,1018
5674,33,-48,1009
5675,23,-67,1015
5676,26,-63,1006
5677,33,-61,1007
5678,28,-79,1012
5679,25,-64,1034
5680,26,-67,1030
5681,40,-42,1025
5682,20,-73,1030
5683,36,-45,997
5684,42,-67,998
5685,27,-60,1018
5686,24,-50,1019
5687,45,-69,1026
5688,23,-70,1025
5689,35,-56,1017
5690,12,-70,1052
5691,23,-74,1026
5692,11,-74,1029
5693,23,-55,1012
5694,32,-75,1028
5695,23,-68,1007
5696,29,-54,1012
5697,23,-71,1015
5698,48,-67,1034
5699,6,-92,1038
5700,23,-62,1053
5701,46,-75,1026
5702,29,-62,1017
5703,37,-48,994
5704,15,-64,1012
5705,53,-46,998
5706,23,-88,1014
5707,58,-30,1013
5708,11,-102,1013
5709,43,-73,1007
5710,29,-77,1012
5711,24,-41,993
5712,13,-85,1038
5713,26,-53,1008
5714,3,-69,1032
5715,21,-72,987
5716,30,-29,1005
5717,10,-79,1017
5718,39,-37,1014
5719,32,-85,1018
5720,31,-49,1035
5721,16,-74,1042
5722,49,-58,1051
5723,28,-61,1025
5724,39,-67,1023
5725,25,-65,1036
5726,30,-70,1041
5727,14,-84,1017
5728,35,-56,998
5729,11,-79,1044
5730,28,-59,1029
5731,30,-50,1011
5732,23,-64,1019
5733,22,-66,1031
5734,33,-64,1015
5735,9,-76,1016
5736,35,-57,1014
5737,28,-81,1027
5738,32,-79,1023
5739,50,-55,979
5740,23,-67,1020
5741,55,-24,969
5742,0,-87,1035
5743,46,-45,1023
5744,16,-79,1025
5745,50,-70,995
5746,13,-64,1002
5747,28,-97,1015
5748,37,-40,995
5749,9,-97,1028
5750,58,-55,996
5751,11,-87,1049
5752,61,-39,1018
5753,16,-68,1064
5754,34,-61,1034
5755,23,-72,1032
5756,33,-68,1006
5757,22,-62,1009
5758,21,-79,1034
5759,35,-56,1027
5760,19,-81,1041
5761,37,-45,1018
5762,36,-59,1030
5763,17,-69,1004
5764,37,-53,1033
5765,27,-52,991
5766,12,-75,1028
5767,68,-49,1009
5768,15,-76,1029
5769,24,-61,1018
5770,21,-63,1018
5771,32,-61,990
5772,27,-48,1003
5773,33,-55,1009
5774,36,-47,1016
5775,21,-57,1006
5776,39,-58,1000
5777,12,-89,1030
5778,41,-28,1013
5779,30,-69,1023
5780,25,-59,1027
5781,14,-70,1015
5782,33,-55,1024
5783,26,-64,1018
5784,17,-68,1039
5785,40,-70,1008
5786,52,-63,1023
5787,22,-54,1013
5788,39,-80,1004
5789,49,-76,1018
5790,42,-85,1020
5791,39,-51,1031
5792,15,-57,1051
5793,32,-58,1018
5794,12,-81,1039
5795,34,-57,1009
5796,26,-81,1039
5797,31,-64,1026
5798,34,-82,1031
5799,54,-53,1016
5800,22,-84,1025
5801,56,-39,1002
5802,14,-78,1041
5803,25,-52,1017
5804,38,-49,1023
5805,32,-74,1046
5806,29,-59,995
5807,30,-71,1019
5808,20,-81,1016
5809,29,-79,1034
5810,37,-62,1025
5811,15,-82,1030
5812,45,-52,1025
5813,24,-70,1006
5814,9,-65,1046
5815,23,-66,1040
5816,28,-73,1020
5817,39,-82,1025
5818,25,-61,1023
5819,46,-66,1038
5820,24,-55,1028
5821,18,-64,1022
5822,31,-72,1002
5823,49,-48,1019
5824,23,-71,1041
5825,31,-64,1015
5826,39,-73,1030
5827,23,-78,1013
5828,36,-63,1036
5829,26,-81,1033
5830,24,-66,1033
5831,26,-59,1046
5832,16,-74,1023
5833,30,-56,1044
5834,19,-74,1017
5835,37,-53,1027
5836,3,-81,1013
5837,24,-54,1022
5838,14,-76,1001
5839,20,-62,1029
5840,34,-57,1010
5841,20,-67,1036
5842,23,-83,1034
5843,32,-43,1008
5844,13,-76,1031
5845,14,-72,1002
5846,37,-65,1000
5847,15,-76,1021
5848,13,-68,1005
5849,40,-53,1043
5850,14,-67,1018
5851,19,-60,1041
5852,47,-52,1023
5853,32,-76,1018
5854,17,-67,1024
5855,35,-60,1023
5856,16,-93,1027
5857,38,-73,1010
5858,30,-77,1022
5859,32,-72,996
5860,34,-72,1027
5861,36,-58,1038
5862,41,-41,1024
5863,31,-58,1045
5864,28,-65,1031
5865,37,-49,1007
5866,15,-89,1021
5867,37,-48,1000
5868,14,-80,1019
5869,25,-62,1016
5870,23,-73,1027
5871,40,-38,1012
5872,24,-75,1049
5873,40,-57,1017
5874,20,-58,1044
5875,34,-84,1024
5876,22,-63,1027
5877,34,-60,1039
5878,41,-64,1013
5879,15,-71,1051
5880,42,-53,996
5881,27,-46,1034
5882,25,-70,1039
5883,26,-62,998
5884,8,-75,1018
5885,21,-61,991
5886,35,-66,997
5887,27,-101,1009
5888,34,-61,992
5889,50,-73,998
5890,21,-73,1021
5891,31,-67,1025
5892,38,-54,1034
5893,24,-64,1014
5894,26,-68,1008
5895,34,-69,1010
5896,28,-67,1009
5897,20,-69,1022
5898,17,-57,1030
5899,40,-60,1029
5900,24,-53,1030
5901,18,-81,1039
5902,43,-55,1018
5903,29,-70,1033
5904,12,-88,1034
5905,14,-70,1026
5906,30,-73,1005
5907,20,-66,1026
5908,33,-62,1019
5909,30,-55,1019
5910,37,-66,1023
5911,34,-55,1018
5912,37,-73,1027
5913,31,-69,1026
5914,14,-89,1002
5915,40,-72,1007
5916,21,-78,1012
5917,21,-62,1016
5918,36,-54,989
5919,40,-55,1016
5920,13,-57,1021
5921,31,-51,1017
5922,34,-59,1026
5923,29,-72,1039
5924,33,-57,1011
5925,31,-79,1016
5926,40,-59,1016
5927,40,-81,1016
5928,48,-55,1014
5929,29,-60,995
5930,27,-68,1031
5931,37,-49,1010
5932,15,-76,1008
5933,24,-65,1016
5934,22,-71,1030
5935,20,-72,1020
5936,39,-64,1011
5937,33,-52,1002
5938,14,-67,1030
5939,20,-52,1043
5940,29,-57,1045
5941,18,-64,1023
5942,15,-56,1018
5943,22,-58,1023
5944,34,-80,1032
5945,9,-66,1001
5946,31,-85,1003
5947,20,-62,1028
5948,17,-79,1018
5949,38,-43,1043
5950,28,-68,1008
5951,9,-82,1025
5952,31,-47,989
5953,4,-63,1024
5954,19,-80,1006
5955,35,-81,996
5956,29,-53,1002
5957,36,-72,999
5958,34,-74,1013
5959,36,-51,1034
5960,42,-63,1007
5961,31,-72,1020
5962,46,-46,1028
5963,21,-64,1023
5964,41,-70,991
5965,27,-86,1017
5966,35,-58,1025
5967,41,-63,1007
5968,25,-66,1016
5969,25,-58,1039
5970,27,-71,1022
5971,4,-86,1057
5972,12,-50,1022
5973,25,-74,1013
5974,26,-78,1024
5975,29,-70,1019
5976,14,-86,1025
5977,46,-49,1016
5978,29,-63,1045
5979,33,-47,1031
5980,1,-66,1030
5981,54,-54,1013
5982,15,-69,1037
5983,47,-67,1020
5984,14,-67,1038
5985,62,-47,997
5986,25,-64,1012
5987,21,-64,1002
5988,29,-58,1016
5989,38,-54,1016
5990,36,-60,1037
5991,31,-66,1013
5992,34,-74,1021
5993,34,-87,1007
5994,30,-71,1032
5995,35,-69,1029
5996,31,-51,1016
5997,52,-61,1022
5998,32,-67,1016
5999,25,-58,1016
6000,25,-68,1020
6001,37,-58,1028
6002,17,-81,1023
6003,17,-76,1035
6004,30,-69,1024
6005,15,-77,1028
6006,50,-57,1028
6007,31,-67,1037
6008,56,-50,1012
6009,21,-73,1034
6010,41,-63,1000
6011,11,-71,1032
6012,19,-80,1017
6013,17,-81,1002
6014,22,-57,1017
6015,54,-57,999
6016,17,-67,1035
6017,37,-59,1006
6018,23,-51,1025
6019,43,-66,1003
6020,36,-54,1035
6021,14,-85,1034
6022,32,-61,1009
6023,14,-81,1027
6024,26,-71,1009
6025,31,-62,1027
6026,27,-66,1031
6027,29,-64,1034
6028,41,-59,1016
6029,34,-58,1005
6030,22,-54,1018
6031,27,-72,1016
6032,13,-63,1016
6033,31,-61,1026
6034,31,-66,1020
6035,20,-65,1016
6036,22,-61,1019
6037,33,-70,1008
6038,40,-56,1020
6039,28,-70,1004
6040,26,-66,1021
6041,21,-73,1031
6042,43,-58,1005
6043,19,-59,1007
6044,15,-84,1045
6045,37,-52,1018
6046,37,-63,1024
6047,29,-67,1023
6048,36,-67,1024
6049,47,-53,1019
6050,20,-70,1016
6051,24,-77,1007
6052,32,-70,1021
6053,18,-79,1021
6054,32,-55,1017
6055,29,-64,1023
6056,15,-78,1048
6057,50,-30,998
6058,0,-71,1045
6059,40,-48,994
6060,34,-61,1016
6061,31,-72,1023
6062,17,-63,1029
6063,9,-63,1008
6064,27,-58,1013
6065,10,-61,1022
6066,40,-60,1003
6067,26,-62,1026
6068,33,-66,1032
6069,27,-61,1004
6070,16,-77,1020
6071,32,-39,1003
6072,20,-80,1037
6073,21,-46,1012
6074,50,-52,1010
6075,18,-70,993
6076,24,-69,1026
6077,23,-58,1016
6078,23,-77,1016
6079,26,-76,1026
6080,13,-68,1018
6081,34,-59,1037
6082,15,-59,1013
6083,28,-58,1027
6084,4,-70,1028
6085,46,-61,1011
6086,9,-79,1029
6087,38,-50,1012
6088,13,-76,1019
6089,27,-61,1043
6090,0,-86,1044
6091,31,-63,1035
6092,18,-74,1026
6093,32,-65,1028
6094,33,-70,1000
6095,39,-55,996
6096,14,-95,1018
6097,23,-50,1017
6098,18,-76,1011
6099,15,-58,997
6100,29,-72,992
6101,15,-94,1025
6102,52,-56,1002
6103,23,-56,1007
6104,26,-67,1030
6105,54,-37,1016
6106,7,-80,1045
6107,25,-74,995
6108,34,-64,999
6109,-2,-86,1026
6110,21,-67,1000
6111,36,-69,1009
6112,34,-78,1018
6113,30,-67,1045
6114,36,-51,1029
6115,37,-67,1020
6116,27,-73,1031
6117,20,-64,1011
6118,43,-65,1038
6119,5,-73,1043
6120,35,-58,1045
6121,37,-63,1039
6122,34,-70,1037
6123,49,-51,1015
6124,10,-81,1030
6125,35,-40,1002
6126,20,-73,1018
6127,27,-72,1023
6128,34,-57,1008
6129,0,-86,1011
6130,33,-68,1027
6131,49,-68,1022
6132,30,-69,1023
6133,48,-42,999
6134,30,-73,1006
6135,4,-71,1021
6136,33,-46,996
6137,-13,-96,1020
6138,41,-47,1016
6139,18,-86,1037
6140,38,-66,1032
6141,32,-60,1024
6142,31,-62,1024
6143,34,-46,996
6144,19,-77,1026
6145,31,-49,1013
6146,26,-80,1021
6147,17,-77,1012
6148,0,-81,1020
6149,33,-62,1045
6150,38,-54,1007
6151,45,-64,1023
6152,13,-84,1041
6153,38,-37,1031
6154,19,-72,1023
6155,14,-69,1024
6156,32,-63,994
6157,-13,-76,1036
6158,30,-74,1018
6159,18,-88,1035
6160,38,-57,1016
6161,31,-54,1025
6162,28,-63,1023
6163,9,-65,1034
6164,26,-60,985
6165,13,-75,1011
6166,28,-60,1015
6167,36,-81,1004
6168,59,-49,991
6169,24,-76,1019
6170,47,-49,1005
6171,12,-78,994
6172,25,-56,1015
6173,15,-63,1001
6174,19,-73,1025
6175,8,-53,1015
6176,12,-59,1029
6177,27,-80,1016
6178,35,-75,1022
6179,54,-51,1029
6180,21,-68,1017
6181,23,-55,1031
6182,19,-79,1040
6183,24,-59,1019
6184,8,-80,1036
6185,30,-60,1009
6186,33,-74,1013
6187,52,-69,1040
6188,38,-62,1016
6189,19,-68,1066
6190,55,-58,1007
6191,0,-80,1025
6192,16,-53,1031
6193,13,-51,1010
6194,4,-86,1010
6195,18,-62,1015
6196,40,-75,1012
6197,24,-69,1012
6198,34,-68,996
6199,22,-72,1025
6200,45,-60,987
6201,22,-48,1010
6202,5,-79,996
6203,12,-67,1026
6204,13,-78,1011
6205,38,-57,1029
6206,26,-70,1029
6207,35,-76,1021
6208,28,-59,1007
6209,25,-69,1040
6210,43,-69,1013
6211,7,-57,1045
6212,22,-59,1022
6213,11,-70,1035
6214,36,-81,1031
6215,49,-54,996
6216,38,-89,1025
6217,40,-70,1017
6218,33,-61,1015
6219,1,-72,1027
6220,23,-55,1020
6221,12,-80,1025
6222,12,-54,1021
6223,18,-67,1041
6224,26,-60,1004
6225,36,-72,1026
6226,26,-57,1028
6227,40,-57,1022
6228,7,-76,1017
6229,6,-63,1032
6230,30,-61,988
6231,2,-66,1033
6232,25,-61,1013
6233,25,-69,1037
6234,43,-57,1009
6235,60,-50,1026
6236,21,-76,1026
6237,17,-69,1014
6238,7,-81,1021
6239,23,-67,993
6240,-2,-83,1032
6241,16,-58,999
6242,38,-62,1016
6243,28,-58,1014
6244,38,-74,1038
6245,43,-60,1021
6246,29,-69,1010
6247,6,-71,1024
6248,22,-87,1020
6249,20,-50,1029
6250,9,-75,1027
6251,29,-50,1029
6252,35,-72,1023
6253,49,-43,1042
6254,32,-66,1034
6255,30,-61,1022
6256,7,-61,1027
6257,31,-54,1003
6258,6,-74,1028
6259,31,-52,1032
6260,0,-82,1012
6261,32,-62,1021
6262,49,-54,1005
6263,20,-81,1035
6264,32,-39,1007
6265,16,-76,1002
6266,26,-55,1012
6267,-5,-79,1012
6268,35,-43,1031
6269,25,-80,1020
6270,23,-58,1029
6271,44,-47,1006
6272,27,-78,1003
6273,51,-60,1027
6274,31,-77,1038
6275,28,-56,1004
6276,4,-83,1020
6277,13,-57,1008
6278,15,-67,1028
6279,20,-63,1008
6280,47,-56,1017
6281,23,-63,1021
6282,34,-61,1006
6283,32,-62,1005
6284,15,-85,1016
6285,37,-53,1010
6286,0,-70,1016
6287,31,-48,1002
6288,15,-92,1023
6289,45,-50,1012
6290,32,-78,1013
6291,36,-67,1014
6292,23,-59,1021
6293,24,-65,1005
6294,21,-84,1013
6295,41,-63,1020
6296,4,-71,1024
6297,40,-71,1013
6298,15,-52,1029
6299,35,-63,1015
6300,28,-71,1020
6301,38,-52,1021
6302,16,-85,1044
6303,27,-51,1019
6304,10,-72,1007
6305,7,-51,988
6306,20,-69,1033
6307,32,-68,1018
6308,19,-68,1040
6309,48,-59,1024
6310,21,-82,1026
6311,57,-62,1014
6312,15,-85,1035
6313,29,-57,1019
6314,9,-66,1014
6315,31,-60,1011
6316,22,-83,999
6317,40,-52,992
6318,25,-78,1033
6319,35,-49,1004
6320,46,-73,1012
6321,25,-82,1001
6322,8,-68,1032
6323,21,-55,1019
6324,19,-56,1007
6325,27,-81,997
6326,21,-59,1019
6327,24,-71,1005
6328,35,-54,1008
6329,23,-87,1018
6330,50,-62,1023
6331,17,-82,1029
6332,36,-42,1011
6333,23,-61,1024
6334,37,-71,1021
6335,30,-65,983
6336,37,-72,1011
6337,29,-73,1030
6338,35,-54,1022
6339,30,-58,1029
6340,39,-82,1012
6341,32,-50,1034
6342,27,-77,1017
6343,41,-61,1018
6344,16,-69,1017
6345,16,-73,1015
6346,27,-79,1037
6347,46,-72,1000
6348,37,-64,1026
6349,23,-78,1030
6350,36,-66,995
6351,18,-54,995
6352,38,-65,999
6353,16,-52,1016
6354,17,-63,1008
6355,48,-61,1022
6356,23,-79,1034
6357,40,-74,1034
6358,38,-70,1041
6359,31,-61,1037
6360,49,-57,1018
6361,32,-71,1027
6362,34,-82,1006
6363,17,-76,1033
6364,34,-83,1018
6365,11,-63,1018
6366,28,-71,1016
6367,21,-69,1037
6368,46,-64,1027
6369,44,-59,1016
6370,24,-56,1008
6371,26,-49,1004
6372,6,-61,1029
6373,55,-58,1013
6374,6,-77,1030
6375,19,-63,1017
6376,49,-64,996
6377,22,-57,1019
6378,31,-68,1014
6379,46,-44,1020
6380,31,-90,1025
6381,34,-69,1006
6382,20,-79,1017
6383,29,-74,1019
6384,29,-67,1033
6385,21,-60,1043
6386,28,-61,1011
6387,20,-85,1024
6388,31,-59,1007
6389,10,-75,1035
6390,1,-65,1010
6391,34,-54,1016
6392,6,-85,1046
6393,36,-51,1011
6394,23,-78,1011
6395,46,-44,1017
6396,46,-70,1031
6397,31,-66,1007
6398,30,-70,1035
6399,37,-75,1000
6400,22,-91,1020
6401,19,-65,999
6402,36,-65,1031
6403,37,-59,1028
6404,46,-59,1011
6405,10,-66,1028
6406,22,-61,1010
6407,32,-57,1009
6408,7,-70,1016
6409,40,-70,1028
6410,22,-78,1022
6411,41,-66,1011
6412,23,-55,1040
6413,40,-51,1016
6414,47,-50,1028
6415,31,-61,1017
6416,19,-49,981
6417,29,-68,1014
6418,19,-61,1035
6419,38,-82,1010
6420,19,-69,1025
6421,50,-70,1016
6422,29,-55,1021
6423,40,-57,1046
6424,35,-57,1037
6425,40,-66,1039
6426,20,-47,1026
6427,11,-66,1013
6428,21,-54,1017
6429,18,-69,1013
6430,5,-71,1033
6431,44,-59,1043
6432,38,-40,1020
6433,33,-54,1006
6434,24,-54,1037
6435,28,-64,1023
6436,26,-72,1022
6437,31,-56,1017
6438,22,-105,1021
6439,50,-49,1019
6440,36,-66,1025
6441,36,-66,1037
6442,61,-48,1023
6443,13,-71,1002
6444,22,-70,1018
6445,23,-59,1014
6446,-2,-96,1035
6447,51,-60,1009
6448,20,-55,1020
6449,22,-61,1035
6450,35,-53,1022
6451,25,-70,1016
6452,38,-63,1013
6453,27,-45,1019
6454,12,-94,1016
6455,22,-62,1007
6456,22,-66,1023
6457,17,-69,1013
6458,10,-62,1028
6459,41,-47,1029
6460,19,-62,1013
6461,35,-63,1027
6462,35,-57,1001
6463,33,-72,1020
6464,31,-70,1019
6465,21,-69,1033
6466,34,-67,1036
6467,23,-74,1004
6468,19,-64,1024
6469,22,-72,1023
6470,35,-54,1009
6471,30,-66,1009
6472,24,-81,1013
6473,20,-51,1014
6474,29,-75,1026
6475,27,-65,1032
6476,40,-61,1020
6477,26,-65,1036
6478,37,-45,1014
6479,20,-77,1041
6480,38,-57,1013
6481,23,-75,1021
6482,35,-61,1008
6483,32,-68,1023
6484,20,-54,1011
6485,22,-71,1017
6486,39,-51,1026
6487,35,-70,1008
6488,27,-77,1029
6489,27,-65,1007
6490,26,-78,1025
6491,34,-43,1014
6492,9,-99,1016
6493,30,-54,1014
6494,44,-39,1016
6495,23,-67,1050
6496,37,-50,1000
6497,32,-51,1012
6498,20,-50,1025
6499,37,-44,1010
6500,24,-81,1044
6501,21,-66,1013
6502,23,-74,1029
6503,10,-77,1034
6504,36,-47,1007
6505,27,-63,1031
6506,23,-75,1036
6507,28,-62,1026
6508,49,-41,1009
6509,12,-93,1034
6510,30,-57,1005
6511,26,-71,1002
6512,34,-69,1035
6513,16,-62,1038
6514,26,-70,1026
6515,24,-59,1038
6516,34,-66,1011
6517,26,-70,1029
6518,44,-61,1018
6519,27,-77,1040
6520,19,-45,1019
6521,21,-71,1025
6522,20,-71,1017
6523,22,-64,1032
6524,41,-54,1015
6525,18,-56,1010
6526,27,-76,999
6527,27,-73,1016
6528,23,-78,1019
6529,27,-67,1007
6530,29,-76,1033
6531,32,-72,1031
6532,28,-58,1026
6533,27,-51,1007
6534,28,-60,998
6535,19,-78,1030
6536,22,-76,980
6537,34,-69,1011
6538,31,-56,1023
6539,14,-76,1018
6540,16,-71,1025
6541,21,-55,1025
6542,39,-45,1029
6543,25,-66,1012
6544,16,-47,1004
6545,10,-79,1008
6546,30,-78,1018
6547,13,-69,1022
6548,20,-63,1023
6549,41,-57,1022
6550,18,-57,1031
6551,20,-73,1021
6552,34,-70,1025
6553,22,-60,1009
6554,38,-60,1015
6555,32,-70,1028
6556,28,-58,1005
6557,11,-64,1005
6558,36,-46,994
6559,13,-57,1021
6560,22,-63,1019
6561,24,-78,1006
6562,20,-60,996
6563,38,-63,1013
6564,23,-64,1004
6565,28,-82,1029
6566,24,-61,1008
6567,33,-63,1020
6568,6,-78,1008
6569,40,-56,1017
6570,32,-49,1008
6571,19,-87,1035
6572,30,-39,1027
6573,27,-76,1027
6574,30,-69,1016
6575,22,-61,1013
6576,28,-63,1047
6577,19,-65,1033
6578,28,-79,1047
6579,44,-67,1008
6580,37,-62,1014
6581,20,-70,1035
6582,50,-62,1033
6583,29,-56,1004
6584,33,-61,1025
6585,13,-62,1026
6586,32,-48,1035
6587,9,-80,1003
6588,36,-63,1026
6589,22,-69,1018
6590,33,-77,1016
6591,17,-67,1043
6592,44,-60,1007
6593,15,-63,1015
6594,13,-75,1022
6595,40,-48,1010
6596,28,-52,1020
6597,44,-57,1048
6598,33,-81,1021
6599,29,-78,981
6600,39,-63,1002
6601,29,-62,1016
6602,32,-75,1005
6603,24,-49,1017
6604,28,-57,1037
6605,33,-68,1020
6606,38,-60,1023
6607,26,-59,1029
6608,23,-70,1021
6609,28,-43,1017
6610,5,-68,998
6611,13,-70,1040
6612,40,-62,1002
6613,28,-65,1047
6614,32,-68,1018
6615,23,-83,1016
6616,40,-67,992
6617,39,-60,1006
6618,21,-66,985
6619,19,-65,1027
6620,41,-49,1003
6621,21,-89,1039
6622,20,-51,1018
6623,29,-58,1006
6624,22,-64,1009
6625,29,-74,1006
6626,40,-54,1014
6627,27,-81,1018
6628,22,-64,1011
6629,14,-61,1012
6630,40,-51,1018
6631,4,-74,1030
6632,36,-57,1031
6633,22,-54,1032
6634,42,-64,1035
6635,22,-62,1038
6636,35,-67,1018
6637,35,-86,1018
6638,43,-49,1030
6639,33,-58,1020
6640,18,-75,1024
6641,26,-61,1033
6642,23,-62,1045
6643,40,-80,1037
6644,31,-75,1024
6645,39,-47,1018
6646,10,-81,1018
6647,25,-66,1023
6648,26,-62,1021
6649,7,-73,1020
6650,42,-67,1008
6651,22,-76,1013
6652,10,-72,1013
6653,36,-68,1021
6654,16,-53,1019
6655,26,-65,1010
6656,30,-71,1016
6657,13,-57,1032
6658,39,-68,1020
6659,17,-56,1011
6660,29,-67,996
6661,23,-59,1024
6662,25,-62,1025
6663,35,-69,1020
6664,11,-70,1016
6665,34,-82,1025
6666,34,-57,1008
6667,26,-65,1026
6668,24,-65,1035
6669,33,-67,1034
6670,25,-69,1014
6671,35,-62,1008
6672,27,-74,1013
6673,17,-80,1022
6674,31,-56,1013
6675,28,-81,1027
6676,29,-64,1038
6677,11,-65,1024
6678,0,-77,1010
6679,44,-40,1022
6680,46,-76,1003
6681,30,-64,1038
6682,27,-60,1003
6683,24,-65,996
6684,14,-72,1011
6685,39,-58,1013
6686,22,-63,1009
6687,37,-60,1032
6688,27,-71,997
6689,56,-53,1034
6690,16,-74,1022
6691,28,-64,987
6692,14,-60,1037
6693,23,-62,1012
6694,26,-68,1017
6695,22,-75,1015
6696,25,-63,1008
6697,33,-42,1026
6698,39,-61,1013
6699,12,-71,1019
6700,43,-58,1002
6701,34,-46,1026
6702,25,-79,1036
6703,21,-59,1038
6704,31,-53,1002
6705,31,-58,1011
6706,31,-65,1003
6707,35,-84,1021
6708,47,-61,1016
6709,27,-85,1010
6710,31,-47,992
6711,33,-73,1035
6712,23,-81,1010
6713,36,-50,1016
6714,28,-55,1003
6715,9,-68,1035
6716,25,-63,1009
6717,37,-67,1013
6718,28,-69,1010
6719,17,-76,1026
6720,46,-57,1017
6721,13,-72,1022
6722,31,-66,1046
6723,21,-66,1029
6724,43,-51,998
6725,21,-57,1029
6726,20,-70,1023
6727,31,-63,1031
6728,32,-70,1045
6729,36,-67,1037
6730,20,-58,1018
6731,37,-62,1019
6732,22,-46,1025
6733,17,-72,1021
6734,30,-50,1014
6735,22,-61,1022
6736,29,-66,1016
6737,39,-69,999
6738,20,-57,1045
6739,36,-56,1011
6740,12,-67,1052
6741,32,-46,1015
6742,21,-70,1041
6743,26,-45,1015
6744,16,-75,1030
6745,41,-71,1022
6746,26,-59,1001
6747,32,-66,1044
6748,31,-60,1008
6749,35,-54,1015
6750,21,-62,1033
6751,40,-60,1002
6752,23,-64,1030
6753,41,-67,1004
6754,30,-71,1037
6755,28,-58,1006
6756,25,-66,1034
6757,28,-66,1024
6758,37,-51,1016
6759,30,-71,1019
6760,27,-55,1039
6761,32,-68,1030
6762,32,-63,1017
6763,32,-80,1038
6764,22,-58,1018
6765,21,-72,998
6766,24,-53,1011
6767,45,-60,1007
6768,39,-64,1029
6769,32,-57,1027
6770,37,-68,1000
6771,12,-70,1036
6772,58,-57,989
6773,-12,-95,1029
6774,53,-46,969
6775,13,-66,1014
6776,23,-50,1021
6777,21,-58,1027
6778,19,-60,1035
6779,16,-67,1031
6780,30,-53,1025
6781,22,-70,1023
6782,27,-64,1020
6783,39,-64,1010
6784,28,-67,1025
6785,36,-57,1031
6786,29,-47,1022
6787,38,-55,1022
6788,28,-69,1024
6789,23,-78,1023
6790,23,-72,1031
6791,22,-68,1031
6792,13,-67,1008
6793,31,-39,1014
6794,18,-66,1047
6795,31,-59,1029
6796,11,-65,1009
6797,37,-71,1014
6798,17,-70,991
6799,29,-60,1021
6800,33,-70,1007
6801,19,-59,1030
6802,32,-61,1001
6803,32,-54,1023
6804,42,-63,1009
6805,40,-58,1035
6806,16,-68,1024
6807,35,-51,1012
6808,20,-86,1029
6809,39,-65,1020
6810,25,-72,1019
6811,30,-70,1008
6812,35,-78,1015
6813,29,-67,1036
6814,23,-67,1036
6815,36,-60,1008
6816,32,-64,1050
6817,40,-65,1008
6818,36,-69,1023
6819,35,-74,1024
6820,32,-54,1014
6821,27,-58,1040
6822,37,-53,1013
6823,40,-66,1022
6824,25,-75,1040
6825,24,-62,996
6826,10,-66,1015
6827,10,-73,1007
6828,26,-54,1018
6829,23,-65,1037
6830,20,-72,1043
6831,30,-55,1009
6832,29,-84,1045
6833,17,-63,1031
6834,44,-73,1007
6835,12,-82,1018
6836,32,-49,1002
6837,27,-77,1021
6838,25,-50,996
6839,52,-51,1019
6840,28,-56,1017
6841,13,-63,1022
6842,39,-70,1029
6843,33,-55,1005
6844,5,-82,1027
6845,15,-69,1015
6846,33,-66,1022
6847,16,-65,1035
6848,16,-62,1054
6849,39,-59,1018
6850,26,-57,1044
6851,35,-50,1029
6852,15,-74,1041
6853,22,-61,1029
6854,37,-55,1023
6855,21,-57,1022
6856,10,-56,1026
6857,35,-61,1015
6858,41,-48,1015
6859,26,-77,1038
6860,26,-70,1002
6861,38,-66,1007
6862,23,-67,1033
6863,31,-50,1005
6864,42,-70,999
6865,9,-60,1035
6866,25,-78,1029
6867,21,-61,1022
6868,42,-69,1010
6869,32,-54,1008
6870,9,-79,1033
6871,35,-65,1007
6872,20,-50,1021
6873,3,-67,1024
6874,40,-58,1010
6875,32,-60,1014
6876,32,-71,1024
6877,12,-61,1039
6878,39,-54,1019
6879,41,-66,1019
6880,26,-75,1020
6881,37,-64,1014
6882,30,-53,1008
6883,21,-70,1008
6884,17,-80,998
6885,43,-46,991
6886,19,-85,1019
6887,27,-61,1020
6888,40,-52,1013
6889,36,-71,1014
6890,37,-56,996
6891,33,-61,1006
6892,16,-75,1031
6893,38,-57,1001
6894,28,-68,1019
6895,32,-66,1022
6896,26,-71,1011
6897,44,-60,1029
6898,13,-58,1037
6899,31,-50,1042
6900,21,-61,1013
6901,10,-72,1035
6902,15,-68,1018
6903,21,-74,1025
6904,28,-63,1035
6905,14,-63,1012
6906,36,-48,1006
6907,27,-60,1008
6908,15,-69,1023
6909,34,-49,996
6910,15,-70,1016
6911,46,-65,1021
6912,30,-57,1029
6913,26,-63,1024
6914,48,-42,1007
6915,1,-82,1019
6916,55,-47,990
6917,10,-86,1025
6918,44,-59,993
6919,29,-67,999
6920,17,-86,1027
6921,27,-54,1029
6922,28,-66,1016
6923,24,-75,1022
6924,40,-55,1007
6925,33,-64,1033
6926,31,-52,1016
6927,14,-68,1016
6928,21,-73,1029
6929,20,-63,1000
6930,28,-66,1023
6931,40,-81,1022
6932,34,-55,1008
6933,20,-77,1007
6934,28,-59,996
6935,30,-62,1017
6936,36,-73,1017
6937,42,-66,1016
6938,22,-85,1032
6939,35,-76,1026
6940,39,-52,991
6941,20,-77,1019
6942,26,-67,1028
6943,35,-47,1011
6944,17,-67,1025
6945,15,-60,1030
6946,25,-70,1024
6947,34,-60,1012
6948,7,-75,1017
6949,40,-66,1017
6950,31,-68,1001
6951,20,-92,1026
6952,33,-41,1006
6953,30,-73,1010
6954,24,-86,1033
6955,36,-45,1011
6956,27,-94,1002
6957,23,-66,1035
6958,25,-54,1022
6959,26,-79,1016
6960,18,-56,1019
6961,33,-78,1020
6962,10,-62,1027
6963,54,-61,1016
6964,3,-76,1053
6965,53,-51,1024
6966,29,-57,1029
6967,35,-60,1004
6968,30,-71,1031
6969,43,-73,1015
6970,30,-78,1036
6971,44,-56,1018
6972,9,-55,1010
6973,28,-73,1007
6974,36,-61,1000
6975,27,-69,1037
6976,32,-58,1024
6977,29,-61,1002
6978,23,-61,1006
6979,22,-70,1011
6980,32,-86,1013
6981,12,-59,998
6982,27,-58,993
6983,29,-61,1018
6984,15,-56,1023
6985,13,-75,1043
6986,44,-65,989
6987,7,-47,1042
6988,27,-62,997
6989,35,-47,1013
6990,38,-68,1028
6991,29,-69,1025
6992,44,-51,1016
6993,21,-77,1029
6994,32,-50,1015
6995,32,-87,1029
6996,21,-55,1030
6997,17,-55,1020
6998,37,-68,1002
6999,18,-59,1025
7000,34,-70,1036
7001,11,-61,1049
7002,24,-65,1008
7003,16,-62,994
7004,0,-77,1046
7005,52,-73,1002
7006,3,-71,1034
7007,42,-67,1011
7008,22,-57,1007
7009,19,-71,1010
7010,39,-65,1003
7011,21,-68,1029
7012,20,-61,1013
7013,18,-54,1039
7014,26,-71,1030
7015,33,-71,1013
7016,40,-70,1003
7017,39,-75,1011
7018,13,-80,1023
7019,45,-63,1009
7020,31,-45,1010
7021,20,-79,1014
7022,22,-46,986
7023,20,-71,1020
7024,19,-64,1018
7025,35,-53,1023
7026,5,-66,1025
7027,22,-73,1019
7028,23,-44,1021
7029,21,-74,1051
7030,16,-72,1029
7031,7,-64,1030
7032,39,-59,1044
7033,20,-71,1042
7034,44,-60,1020
7035,20,-84,1048
7036,33,-65,1054
7037,25,-65,1012
7038,48,-48,1013
7039,8,-80,1002
7040,51,-45,1025
7041,27,-67,1044
7042,37,-64,1027
7043,23,-62,1021
7044,12,-77,1013
7045,27,-54,1032
7046,44,-68,1002
7047,16,-60,996
7048,25,-78,1013
7049,13,-46,1023
7050,36,-68,1040
7051,43,-71,1014
7052,32,-70,1023
7053,29,-58,1023
7054,33,-74,1032
7055,26,-72,1016
7056,18,-63,1021
7057,32,-62,1029
7058,15,-73,1033
7059,41,-50,1010
7060,34,-68,1027
7061,19,-72,1009
7062,14,-59,1016
7063,56,-59,1017
7064,7,-63,1047
7065,32,-48,1010
7066,20,-68,1055
7067,25,-53,1015
7068,24,-66,1033
7069,34,-59,1001
7070,27,-75,1010
7071,22,-54,1009
7072,29,-84,1031
7073,29,-53,990
7074,27,-79,1014
7075,33,-62,1016
7076,20,-71,1030
7077,36,-54,999
7078,29,-65,1009
7079,17,-85,1032
7080,39,-46,1008
7081,18,-79,1022
7082,27,-57,1028
7083,16,-66,1002
7084,31,-83,996
7085,20,-59,1005
7086,16,-68,1022
7087,17,-60,1020
7088,39,-67,1007
7089,22,-72,1022
7090,37,-74,1032
7091,52,-60,1015
7092,13,-82,1009
7093,37,-54,1021
7094,9,-78,1034
7095,45,-49,1014
7096,9,-61,996
7097,32,-46,1010
7098,15,-65,1029
7099,35,-69,1006
7100,26,-61,1026
7101,39,-63,1003
7102,16,-62,1013
7103,28,-70,1025
7104,18,-62,1044
7105,24,-62,995
7106,21,-70,1013
7107,28,-72,1011
7108,29,-78,1011
7109,22,-52,1007
7110,25,-76,1041
7111,21,-65,1025
7112,33,-59,1014
7113,11,-75,1006
7114,30,-69,998
7115,26,-71,1007
7116,25,-55,1002
7117,20,-77,1027
7118,20,-61,999
7119,23,-61,998
7120,16,-76,1008
7121,6,-71,1020
7122,56,-57,1006
7123,9,-85,1048
7124,35,-66,1025
7125,27,-71,1018
7126,20,-75,1024
7127,29,-53,1011
7128,15,-70,1041
7129,50,-56,1025
7130,24,-58,1029
7131,15,-79,1026
7132,43,-64,996
7133,21,-79,1032
7134,22,-68,1015
7135,26,-57,1016
7136,22,-80,1025
7137,34,-46,1008
7138,19,-63,1016
7139,19,-73,1033
7140,27,-71,1023
7141,30,-66,1026
7142,28,-73,1027
7143,3,-88,1049
7144,42,-61,1017
7145,26,-73,1023
7146,49,-62,1017
7147,17,-70,1045
7148,32,-55,1027
7149,39,-58,1005
7150,15,-80,1027
7151,40,-55,1015
7152,18,-84,1018
7153,50,-44,1009
7154,36,-71,1008
7155,19,-82,1010
7156,42,-69,1010
7157,17,-62,1007
7158,8,-80,1037
7159,37,-60,1012
7160,24,-75,1020
7161,24,-76,1009
7162,12,-65,1023
7163,41,-55,1016
7164,23,-80,1016
7165,40,-61,986
7166,17,-54,1011
7167,20,-50,1033
7168,31,-52,1041
7169,28,-58,1020
7170,29,-63,1030
7171,37,-63,1020
7172,20,-70,1014
7173,31,-82,995
7174,30,-53,1007
7175,8,-72,1022
7176,50,-69,1003
7177,26,-81,1046
7178,35,-55,1014
7179,23,-88,1036
7180,28,-79,1046
7181,32,-67,1020
7182,20,-72,1035
7183,28,-72,1020
7184,34,-57,1022
7185,24,-48,1003
7186,37,-76,1006
7187,25,-65,1018
7188,27,-51,1009
7189,26,-80,1014
7190,30,-48,1017
7191,34,-71,1035
7192,40,-63,1032
7193,38,-57,1017
7194,36,-74,1048
7195,26,-78,1021
7196,49,-56,1007
7197,18,-85,1025
7198,55,-47,1019
7199,19,-66,1038
7200,19,-62,1001
7201,39,-48,1025
7202,25,-43,1002
7203,21,-86,1028
7204,25,-61,996
7205,13,-76,1023
7206,27,-56,1027
7207,21,-64,1028
7208,35,-65,1023
7209,40,-74,1033
7210,32,-53,1010
7211,19,-58,1011
7212,20,-78,1036
7213,33,-64,1023
7214,32,-62,1032
7215,30,-80,1013
7216,32,-72,1016
7217,29,-69,1003
7218,12,-58,1046
7219,32,-56,1000
7220,1,-81,1031
7221,45,-47,1026
7222,0,-79,1029
7223,42,-59,1018
7224,39,-65,1032
7225,35,-58,1024
7226,20,-67,1016
7227,17,-69,1010
7228,27,-65,1000
7229,17,-46,1010
7230,31,-82,1004
7231,37,-61,1016
7232,24,-66,1018
7233,19,-61,1020
7234,53,-61,1001
7235,20,-70,1041
7236,50,-42,1006
7237,27,-87,1030
7238,32,-55,996
7239,30,-74,1037
7240,36,-59,1012
7241,32,-68,1040
7242,29,-75,1028
7243,46,-47,1026
7244,8,-64,1017
7245,31,-70,1010
7246,26,-63,1007
7247,32,-76,1042
7248,25,-61,1021
7249,24,-79,1026
7250,28,-60,1012
7251,36,-46,1019
7252,15,-72,1037
7253,26,-65,1033
7254,31,-75,1026
7255,0,-72,1035
7256,39,-51,1015
7257,14,-82,1028
7258,47,-46,1013
7259,20,-78,1032
7260,43,-57,1008
7261,17,-79,1029
7262,32,-68,1018
7263,24,-54,1022
7264,38,-74,1005
7265,22,-69,1018
7266,28,-65,996
7267,12,-78,1024
7268,36,-44,1013
7269,24,-69,1022
7270,26,-67,1028
7271,25,-59,1014
7272,20,-85,1030
7273,42,-48,1037
7274,28,-74,1017
7275,39,-50,1015
7276,40,-60,1008
7277,26,-50,1014
7278,26,-74,1024
7279,41,-46,1031
7280,13,-73,1037
7281,20,-66,1031
7282,41,-73,1003
7283,8,-60,1012
7284,34,-57,1006
7285,15,-54,1026
7286,33,-69,1035
7287,24,-53,1031
7288,27,-78,1009
7289,28,-74,1018
7290,14,-61,1013
7291,36,-77,1003
7292,3,-79,1005
7293,26,-52,1013
7294,32,-61,1027
7295,38,-68,1017
7296,23,-66,1004
7297,30,-69,1024
7298,19,-67,1024
7299,30,-54,1010
7300,17,-68,1041
7301,43,-68,1009
7302,21,-77,1035
7303,12,-54,1022
7304,30,-87,1027
7305,37,-49,1006
7306,25,-73,1027
7307,28,-61,1008
7308,35,-62,1001
7309,7,-71,1027
7310,27,-59,1014
7311,20,-56,1016
7312,11,-77,1020
7313,26,-50,1016
7314,31,-88,1011
7315,20,-72,1023
7316,40,-70,1009
7317,25,-56,1020
7318,15,-80,1025
7319,34,-51,1013
7320,23,-65,1008
7321,25,-74,1024
7322,23,-70,1006
7323,42,-50,1008
7324,9,-78,1030
7325,35,-47,996
7326,26,-71,1000
7327,48,-72,1024
7328,24,-56,1027
7329,41,-81,1025
7330,37,-52,1007
7331,18,-100,1024
7332,49,-51,1011
7333,9,-73,1028
7334,31,-57,1010
7335,17,-64,995
7336,14,-81,1023
7337,24,-69,1009
7338,40,-73,1017
7339,16,-72,1017
7340,18,-51,1004
7341,31,-73,1037
7342,16,-62,1027
7343,33,-71,1004
7344,22,-55,1007
7345,24,-71,1001
7346,13,-57,1026
7347,19,-79,1022
7348,46,-60,1008
7349,29,-66,1017
7350,18,-66,1016
7351,25,-74,1022
7352,33,-71,1007
7353,34,-59,1016
7354,23,-60,1037
7355,30,-65,1019
7356,19,-59,1034
7357,24,-76,1011
7358,37,-72,1016
7359,44,-65,1029
7360,13,-50,1041
7361,21,-77,1020
7362,43,-53,1001
7363,33,-65,1023
7364,32,-61,1016
7365,23,-61,1024
7366,38,-77,1037
7367,19,-66,1013
7368,40,-61,999
7369,31,-62,1002
7370,39,-53,1003
7371,23,-71,1015
7372,22,-77,1024
7373,34,-50,1028
7374,29,-54,1003
7375,26,-70,1025
7376,35,-55,988
7377,18,-69,1033
7378,24,-67,1042
7379,37,-54,1035
7380,15,-74,1004
7381,10,-78,1010
7382,30,-60,1015
7383,31,-74,1018
7384,52,-54,1010
7385,24,-70,1032
7386,45,-57,1002
7387,16,-68,1021
7388,34,-63,1016
7389,23,-84,1026
7390,35,-45,996
7391,22,-80,1045
7392,34,-47,1013
7393,33,-59,1038
7394,39,-40,1035
7395,40,-68,1016
7396,13,-46,1033
7397,51,-57,998
7398,29,-61,1013
7399,18,-69,1024
7400,21,-71,1008
7401,38,-65,1014
7402,6,-78,1040
7403,38,-66,1012
7404,15,-60,1021
7405,15,-75,1043
7406,34,-59,1020
7407,32,-70,1024
7408,48,-51,991
7409,8,-86,997
7410,49,-67,1004
7411,10,-73,1021
7412,38,-73,1028
7413,43,-61,1002
7414,10,-81,1018
7415,43,-65,1007
7416,13,-65,1009
7417,33,-65,1030
7418,13,-69,1018
7419,31,-56,1028
7420,41,-55,1024
7421,35,-62,1016
7422,20,-61,1019
7423,18,-77,1034
7424,24,-60,1007
7425,15,-87,1026
7426,34,-56,1008
7427,15,-86,1013
7428,31,-77,1023
7429,31,-40,1020
7430,13,-85,1038
7431,22,-62,1006
7432,31,-60,1033
7433,9,-55,997
7434,15,-52,1012
7435,26,-64,1021
7436,7,-49,1011
7437,32,-61,1002
7438,4,-71,1029
7439,45,-81,1010
7440,34,-54,1026
7441,41,-74,1017
7442,36,-44,998
7443,12,-79,1008
7444,47,-42,1010
7445,27,-70,994
7446,12,-78,1034
7447,36,-62,1021
7448,15,-70,1008
7449,30,-63,1011
7450,45,-72,1011
7451,21,-62,1022
7452,40,-84,1033
7453,25,-59,1017
7454,36,-54,1008
7455,17,-64,1038
7456,39,-64,1025
7457,47,-59,1024
7458,16,-76,1017
7459,52,-53,1004
7460,0,-65,1042
7461,23,-60,1031
7462,17,-67,1037
7463,25,-63,1035
7464,10,-74,1041
7465,52,-46,1003
7466,16,-83,1036
7467,40,-54,1018
7468,7,-82,1017
7469,36,-42,1001
7470,8,-76,1026
7471,45,-51,991
7472,14,-81,1032
7473,41,-54,1003
7474,21,-71,1018
7475,28,-56,1013
7476,29,-78,1017
7477,22,-71,1017
7478,40,-43,1013
7479,24,-75,1026
7480,39,-59,983
7481,15,-76,1003
7482,32,-65,1013
7483,37,-64,1026
7484,23,-60,1017
7485,2,-79,1013
7486,31,-66,1019
7487,24,-61,996
7488,25,-83,1012
7489,32,-57,999
7490,29,-62,1020
7491,25,-63,1022
7492,19,-67,1029
7493,22,-51,1010
7494,35,-79,1016
7495,19,-69,1017
7496,17,-69,1020
7497,37,-67,1014
7498,6,-68,1051
7499,33,-60,1002
7500,35,-53,1039
7501,27,-70,1026
7502,40,-47,996
7503,13,-69,1027
7504,47,-51,996
7505,7,-89,1022
7506,26,-64,1004
7507,29,-63,990
7508,-13,-87,1025
7509,48,-62,1019
7510,31,-64,1023
7511,23,-74,1014
7512,41,-48,1017
7513,44,-70,1008
7514,23,-58,997
7515,3,-75,1034
7516,39,-65,1018
7517,30,-71,1023
7518,30,-59,1017
7519,15,-60,1008
7520,31,-70,1034
7521,27,-53,1006
7522,28,-84,1017
7523,31,-49,1007
7524,21,-76,1034
7525,35,-75,1030
7526,52,-68,997
7527,14,-63,1024
7528,28,-70,1012
7529,35,-63,1016
7530,17,-68,1007
7531,25,-59,1023
7532,26,-78,1013
7533,9,-62,1033
7534,30,-63,1007
7535,31,-78,1037
7536,30,-79,1016
7537,42,-51,1015
7538,-2,-69,1039
7539,25,-59,1035
7540,39,-78,1030
7541,43,-58,1012
7542,17,-72,1027
7543,34,-57,1034
7544,42,-63,996
7545,26,-63,1037
7546,23,-84,1029
7547,29,-78,1040
7548,42,-41,1015
7549,29,-63,1027
7550,38,-80,1035
7551,42,-70,1012
7552,34,-64,1016
7553,20,-86,1022
7554,42,-63,1019
7555,35,-59,1018
7556,35,-56,991
7557,16,-76,1004
7558,42,-64,990
7559,34,-58,1002
7560,27,-67,1025
7561,18,-57,1016
7562,31,-74,1018
7563,49,-46,1006
7564,20,-76,1024
7565,9,-80,1032
7566,37,-51,1019
7567,30,-70,1025
7568,25,-62,1011
7569,9,-65,1044
7570,43,-85,1008
7571,15,-65,1023
7572,48,-56,1013
7573,15,-66,1030
7574,44,-64,1002
7575,16,-77,998
7576,25,-65,1006
7577,30,-53,1002
7578,40,-61,1018
7579,6,-73,1043
7580,41,-33,1007
7581,14,-76,1018
7582,40,-37,1007
7583,7,-81,1039
7584,42,-70,1010
7585,13,-64,1016
7586,33,-67,1025
7587,6,-70,1042
7588,40,-58,1031
7589,15,-73,1027
7590,30,-50,990
7591,22,-64,1011
7592,13,-76,1032
7593,25,-38,1007
7594,16,-78,1022
7595,30,-55,1014
7596,34,-73,1019
7597,38,-80,1018
7598,22,-78,1014
7599,32,-63,1015
7600,15,-83,1016
7601,35,-65,1016
7602,38,-48,1020
7603,3,-70,1021
7604,24,-76,1064
7605,41,-55,1025
7606,30,-66,1024
7607,27,-70,1011
7608,34,-76,1012
7609,13,-79,1022
7610,39,-70,1011
7611,39,-62,996
7612,34,-66,1011
7613,28,-79,1017
7614,41,-68,1004
7615,33,-66,992
7616,26,-62,1014
7617,14,-56,1012
7618,20,-72,1003
7619,29,-58,1005
7620,25,-72,998
7621,42,-66,1018
7622,24,-71,1030
7623,30,-66,1020
7624,22,-60,1015
7625,11,-81,1022
7626,34,-32,1004
7627,5,-79,1029
7628,31,-60,1029
7629,16,-71,1015
7630,43,-50,988
7631,25,-81,1023
7632,33,-71,1013
7633,20,-75,1028
7634,35,-76,1001
7635,43,-66,996
7636,28,-65,1043
7637,25,-68,1007
7638,41,-61,1034
7639,41,-60,1031
7640,24,-74,1007
7641,27,-52,1021
7642,34,-62,1033
7643,28,-62,1019
7644,28,-71,1016
7645,42,-58,1006
7646,32,-66,1041
7647,38,-53,1030
7648,35,-58,1037
7649,52,-67,1027
7650,18,-64,1015
7651,32,-78,1024
7652,40,-48,991
7653,15,-85,1029
7654,26,-58,1000
7655,31,-66,1018
7656,38,-51,1022
7657,1,-85,1032
7658,29,-58,1018
7659,12,-64,1019
7660,27,-73,1014
7661,30,-62,996
7662,26,-63,1018
7663,32,-69,1020
7664,16,-54,1011
7665,20,-78,1034
7666,22,-50,1016
7667,27,-72,1013
7668,34,-66,1015
7669,16,-92,1038
7670,41,-67,1009
7671,20,-86,1045
7672,42,-53,1008
7673,20,-87,1026
7674,25,-59,1006
7675,29,-77,1034
7676,59,-61,1019
7677,27,-57,1024
7678,22,-69,1023
7679,39,-66,1026
7680,9,-68,1035
7681,38,-56,1018
7682,6,-81,1027
7683,38,-71,1007
7684,32,-69,1015
7685,27,-69,1003
7686,38,-67,1013
7687,25,-56,1018
7688,24,-66,1011
7689,33,-66,1022
7690,32,-63,982
7691,8,-78,1033
7692,30,-75,1027
7693,34,-76,1023
7694,28,-66,1024
7695,24,-66,1007
7696,22,-52,1014
7697,15,-78,1025
7698,19,-50,1011
7699,16,-66,1030
7700,29,-63,1017
7701,19,-81,1012
7702,42,-55,996
7703,-5,-68,1028
7704,24,-51,1006
7705,7,-84,1017
7706,38,-61,1003
7707,35,-48,1010
7708,29,-79,1041
7709,5,-52,1040
7710,26,-62,1011
7711,8,-94,1036
7712,28,-56,1028
7713,35,-68,1023
7714,20,-69,1016
7715,37,-59,994
7716,22,-69,1024
7717,19,-70,1007
7718,24,-64,1018
7719,10,-76,1024
7720,35,-62,998
7721,17,-76,1028
7722,31,-61,1013
7723,16,-79,1041
7724,45,-45,1002
7725,25,-69,1025
7726,7,-56,1009
7727,27,-64,1029
7728,37,-53,1026
7729,25,-64,1032
7730,16,-79,1030
7731,26,-70,1023
7732,35,-75,1036
7733,10,-80,1030
7734,25,-67,1031
7735,19,-47,1017
7736,15,-82,1028
7737,41,-57,996
7738,26,-71,1017
7739,18,-63,1010
7740,30,-52,977
7741,29,-91,1007
7742,46,-45,1013
7743,17,-72,1018
7744,24,-54,1018
7745,30,-64,1019
7746,25,-57,1037
7747,18,-81,1024
7748,40,-76,1009
7749,27,-68,1014
7750,19,-73,1035
7751,44,-67,1013
7752,47,-60,1021
7753,2,-85,1041
7754,35,-39,1016
7755,20,-86,1038
7756,23,-59,1018
7757,33,-77,1012
7758,49,-53,1018
7759,12,-75,1032
7760,27,-42,1016
7761,25,-71,1019
7762,50,-69,997
7763,7,-91,1018
7764,50,-37,1009
7765,5,-87,1039
7766,41,-64,1026
7767,38,-61,1023
7768,28,-63,1013
7769,29,-64,1024
7770,27,-70,1012
7771,34,-80,1015
7772,16,-85,1037
7773,42,-71,1005
7774,29,-89,1020
7775,49,-50,997
7776,17,-78,1016
7777,30,-61,1017
7778,26,-69,997
7779,8,-75,1033
7780,33,-62,1022
7781,29,-64,1010
7782,37,-67,1010
7783,12,-62,1026
7784,60,-47,958
7785,2,-80,1018
7786,50,-75,1003
7787,20,-49,1018
7788,15,-85,1037
7789,29,-55,1000
7790,15,-82,1022
7791,22,-62,1015
7792,17,-76,1012
7793,34,-74,1003
7794,21,-72,1033
7795,48,-78,1002
7796,18,-66,1029
7797,32,-75,1012
7798,19,-71,1029
7799,30,-84,1011
7800,32,-64,1041
7801,16,-80,1028
7802,32,-62,1017
7803,11,-52,1035
7804,10,-71,1033
7805,35,-56,986
7806,26,-86,1021
7807,32,-56,1014
7808,47,-53,993
7809,23,-73,1050
7810,32,-61,1015
7811,23,-73,1031
7812,37,-42,1009
7813,21,-66,1050
7814,29,-60,1018
7815,26,-69,1042
7816,34,-69,1015
7817,18,-80,1021
7818,34,-56,1008
7819,8,-82,1029
7820,25,-57,1026
7821,15,-68,1029
7822,23,-54,997
7823,19,-64,1022
7824,21,-67,1029
7825,39,-64,1031
7826,33,-60,1028
7827,10,-85,1016
7828,25,-62,1019
7829,14,-73,1008
7830,38,-62,996
7831,19,-69,1014
7832,33,-71,1007
7833,23,-67,1032
7834,31,-74,1023
7835,31,-61,999
7836,15,-85,1019
7837,28,-74,1035
7838,26,-47,1008
7839,25,-70,1017
7840,16,-53,1017
7841,28,-70,1006
7842,19,-60,1005
7843,42,-78,1007
7844,31,-66,992
7845,27,-57,1033
7846,29,-61,1022
7847,28,-64,1026
7848,40,-50,1018
7849,28,-64,1017
7850,13,-78,1010
7851,25,-50,1020
7852,37,-62,1002
7853,24,-70,1041
7854,24,-56,1023
7855,12,-65,1021
7856,21,-45,1023
7857,32,-67,1005
7858,20,-54,1018
7859,11,-74,1029
7860,33,-60,1019
7861,21,-69,1034
7862,37,-55,996
7863,34,-71,1037
7864,35,-56,1012
7865,35,-70,1002
7866,14,-75,1035
7867,40,-62,999
7868,17,-67,1027
7869,15,-68,1052
7870,24,-68,1034
7871,38,-50,1009
7872,20,-86,1034
7873,2,-66,1002
7874,53,-63,1006
7875,-2,-87,1018
7876,34,-51,1029
7877,37,-49,999
7878,15,-64,1015
7879,31,-69,1019
7880,21,-75,1013
7881,13,-70,1010
7882,25,-62,1018
7883,24,-62,1019
7884,43,-67,1013
7885,30,-56,1034
7886,39,-78,1014
7887,44,-73,1024
7888,23,-70,1034
7889,35,-67,1005
7890,27,-71,1030
7891,30,-58,1008
7892,33,-78,1019
7893,28,-53,1027
7894,10,-62,1019
7895,42,-71,1018
7896,50,-57,997
7897,29,-65,1028
7898,19,-78,1020
7899,38,-53,997
7900,13,-85,1043
7901,22,-64,1015
7902,20,-64,1003
7903,32,-59,1010
7904,17,-76,1016
7905,45,-52,1014
7906,24,-68,1022
7907,18,-66,1033
7908,34,-72,998
7909,41,-61,994
7910,25,-72,1014
7911,43,-39,991
7912,21,-67,1020
7913,24,-74,1000
7914,33,-54,1011
7915,39,-76,1034
7916,20,-54,1028
7917,18,-78,1016
7918,32,-58,1009
7919,39,-68,1009
7920,42,-65,1027
7921,27,-61,1018
7922,27,-65,1020
7923,27,-51,1034
7924,11,-72,1038
7925,48,-53,1005
7926,20,-74,1032
7927,40,-50,1031
7928,20,-82,1019
7929,34,-67,1003
7930,13,-92,1002
7931,23,-66,1019
7932,24,-69,1018
7933,41,-58,1003
7934,22,-60,1033
7935,34,-62,1019
7936,22,-64,1029
7937,21,-67,1015
7938,29,-64,1040
7939,35,-71,1009
7940,43,-57,1016
7941,36,-54,1021
7942,16,-62,1027
7943,52,-60,1020
7944,9,-78,1047
7945,36,-47,1014
7946,27,-75,1028
7947,35,-66,1027
7948,25,-62,1026
7949,26,-82,1026
7950,44,-49,1017
7951,20,-75,1042
7952,39,-64,988
7953,28,-70,1009
7954,16,-63,1018
7955,24,-62,1008
7956,18,-72,1022
7957,50,-51,1027
7958,22,-68,1021
7959,33,-59,1024
7960,30,-59,1036
7961,31,-57,1032
7962,6,-81,1034
7963,46,-58,1018
7964,24,-61,1019
7965,26,-65,1006
7966,9,-63,1004
7967,25,-66,992
7968,29,-80,1015
7969,20,-50,1022
7970,33,-72,1030
7971,36,-46,1015
7972,41,-81,1028
7973,42,-51,1012
7974,20,-81,1013
7975,29,-50,1007
7976,22,-83,1025
7977,26,-69,1018
7978,30,-59,1015
7979,34,-60,1000
7980,20,-72,990
7981,37,-64,1032
7982,31,-54,1019
7983,25,-69,1022
7984,28,-59,1018
7985,26,-67,1015
7986,34,-61,1018
7987,16,-77,1023
7988,34,-63,1011
7989,28,-70,1024
7990,12,-74,1012
7991,42,-52,1001
7992,27,-84,1027
7993,28,-48,1023
7994,28,-81,1009
7995,25,-73,1022
7996,28,-81,1027
7997,43,-71,1016
7998,27,-63,1017
7999,37,-69,999
8000,41,-72,1017
8001,24,-60,1016
8002,45,-57,1035
8003,24,-50,1012
8004,16,-75,1029
8005,35,-54,1014
8006,26,-61,1016
8007,36,-72,1021
8008,34,-51,1014
8009,13,-67,1019
8010,40,-44,1025
8011,32,-67,1024
8012,29,-71,1020
8013,43,-58,1002
8014,27,-68,1021
8015,24,-65,1034
8016,40,-61,1011
8017,12,-82,1001
8018,51,-43,1011
8019,20,-71,1024
8020,10,-67,1035
8021,60,-60,1022
8022,30,-70,1032
8023,22,-78,1050
8024,40,-68,1025
8025,21,-65,1035
8026,41,-61,1016
8027,0,-66,1029
8028,37,-51,998
8029,34,-72,1014
8030,12,-53,1030
8031,36,-62,1029
8032,51,-61,1009
8033,20,-64,1048
8034,23,-67,1023
8035,37,-62,1040
8036,34,-56,1029
8037,13,-68,1026
8038,28,-71,1011
8039,18,-66,1013
8040,28,-61,999
8041,25,-69,1023
8042,42,-59,997
8043,11,-75,1029
8044,38,-62,1009
8045,27,-83,1000
8046,17,-54,1008
8047,42,-66,1021
8048,29,-70,1028
8049,35,-58,1020
8050,32,-70,1018
8051,25,-76,1010
8052,36,-64,1005
8053,36,-71,1014
8054,21,-51,1040
8055,59,-61,996
8056,20,-69,1023
8057,32,-59,1030
8058,13,-69,1031
8059,9,-75,1010
8060,30,-65,1039
8061,27,-55,1039
8062,22,-66,1011
8063,33,-63,1019
8064,29,-51,1032
8065,2,-64,1023
8066,23,-47,1038
8067,31,-73,1033
8068,33,-54,1026
8069,23,-66,1027
8070,27,-68,1018
8071,28,-59,1019
8072,24,-61,999
8073,28,-57,1030
8074,28,-68,1010
8075,36,-49,1018
8076,22,-77,1024
8077,29,-57,992
8078,0,-81,1015
8079,31,-58,1001
8080,15,-64,1026
8081,38,-61,1001
8082,20,-65,1004
8083,14,-70,1013
8084,39,-58,1014
8085,34,-53,1018
8086,12,-64,1008
8087,37,-71,1020
8088,23,-62,1023
8089,31,-77,1016
8090,18,-56,1004
8091,30,-70,1024
8092,12,-71,1011
8093,26,-53,1005
8094,32,-65,1039
8095,29,-61,1016
8096,23,-57,1019
8097,31,-49,1018
8098,20,-88,1030
8099,22,-66,1004
8100,43,-63,1009
8101,28,-80,1026
8102,19,-77,1026
8103,24,-53,1016
8104,22,-61,996
8105,35,-64,1005
8106,29,-63,1018
8107,21,-66,1004
8108,32,-70,1007
8109,19,-79,1003
8110,39,-56,1028
8111,45,-59,1008
8112,29,-84,1045
8113,39,-62,1018
8114,23,-68,1025
8115,28,-62,1021
8116,26,-73,1015
8117,29,-64,982
8118,27,-63,1010
8119,41,-68,989
8120,30,-58,996
8121,34,-73,993
8122,9,-63,1015
8123,40,-48,1013
8124,20,-75,1021
8125,25,-52,1014
8126,11,-76,1028
8127,40,-42,1013
8128,22,-62,1043
8129,30,-66,1026
8130,38,-57,1031
8131,26,-80,1028
8132,60,-50,1016
8133,17,-75,1025
8134,42,-42,1033
8135,39,-44,1021
8136,16,-66,1020
8137,32,-60,1007
8138,40,-55,1007
8139,14,-64,1011
8140,13,-51,1011
8141,30,-54,1017
8142,13,-83,1052
8143,33,-64,1024
8144,21,-70,1019
8145,21,-67,1037
8146,26,-78,1035
8147,30,-64,1024
8148,25,-58,1029
8149,7,-65,1022
8150,19,-70,1018
8151,45,-60,1020
8152,17,-67,1024
8153,30,-76,1028
8154,40,-40,980
8155,13,-85,1036
8156,37,-61,999
8157,24,-61,1029
8158,24,-66,991
8159,40,-70,1014
8160,20,-63,1014
8161,23,-88,1039
8162,30,-50,996
8163,19,-81,1048
8164,29,-61,1016
8165,5,-80,1016
8166,22,-65,1016
8167,48,-53,1011
8168,4,-61,1011
8169,20,-65,1013
8170,27,-62,1015
8171,24,-79,1035
8172,31,-67,1026
8173,27,-65,1025
8174,18,-64,1046
8175,38,-52,1030
8176,37,-65,1013
8177,3,-63,1011
8178,33,-78,1018
8179,35,-63,1037
8180,22,-52,1012
8181,16,-78,1035
8182,43,-62,1008
8183,37,-72,1006
8184,13,-88,1044
8185,34,-43,1014
8186,26,-87,1051
8187,25,-51,1005
8188,28,-68,1016
8189,34,-65,1012
8190,35,-56,1015
8191,17,-65,1043
