path,sha256
A/10001/2521610325/1775576858.csv,10340f36ed61e489a92616d9d66a0f5da20f3bdd414d6d9fdc400fa50df7f419
A/10001/2523610003/1775576859.csv,ed38ddd8c17287ca13fa788d00ca8be51275cec256458a1505aba783ff74a071
A/10001/2523610041/1775576859.csv,304880a95d5d391cdf03e2c59db7579562c737fb369b5624abcbc7ab9e719f26
A/10001/2523610075/1775576859.csv,d4ffcfdfe4aa083a0c1ed8ec0a5ef2363e7f16c33ed5ce4eca9e8fe4e806c79b
A/10001/2523610126/1775576858.csv,d69d3707b786e673faf7a8ad39c5a941e70b601ff565710f2281c3b4856729f8
A/10001/2523610134/1775576859.csv,22b94ab931be90a424a6b58eeadf732812ab75cf7980c1d2cb7e5b3b194a8e64
A/10001/2523610432/1775576858.csv,09eb68356a9d2c5091a6344be33fe35eba5fcc2a28f3426cc5d4eafde9d356b3
A/10001/2524610033/1775576859.csv,3af657ed272fe117bdb145845a56836d90b0866af2c9c37a45b62428fb725f3b
A/10001/2524610041/1775576859.csv,cbc6b46e814ce16f52008e1c22ed2596933025737ac0e0eec047ed218d995aff
A/10001/2524610049/1775576857.csv,0aa51e223747287fc05c329a8d92809015a709118fef6111a227228988ac60ed
A/10001/2524610074/1775576859.csv,9c0e284aa648ee0a26c984dd2654d48d4cd3b950ea1143d897aa2b2911b88110
A/10001/2524610082/1775576858.csv,21c89c687fe418d1b9fefa52e7998ab6c7450d87fb800983b46a06449d04b89b
A/10001/2546610759/1775576858.csv,8671cdbcf0fe4668543eb15f3f436874986f6ed995f6ddd5713da11c9823badc
A/10001/2548610286/1775576858.csv,0d168ec5ba45a0ac3bf5f582c2bde53595ac7a5b34cb53f3cf36581ff8552834
A/10002/2521610325/1775576876.csv,84f08095fbf1a28740aff28be68e4ae0e6f1d112f800d46f423ddd4c6b7de106
A/10002/2523610003/1775576877.csv,397017511c08f1e0b33ec66e82d9e23fab8378cac3b5ddbfcb8e7a39ddc249f2
A/10002/2523610041/1775576877.csv,f138623e38be20a748678ecd29b02a6143c96c2abe4d9effa7114b97b68f57e6
A/10002/2523610075/1775576877.csv,3b2477751cb5585dcbcb68256170605ac65e0161bd7ef439dc14a10d560aae7a
A/10002/2523610126/1775576876.csv,e16530d11e20c6dfbbf696c697145d73ce5d7c00c8718e2d1dfdb3d1eb0105d1
A/10002/2523610134/1775576877.csv,ea56c95fd9c8dee2e02b8b983027a4254ee7ad4b59b7adaa75e0b4ccb7e06315
A/10002/2523610160/1775576877.csv,88380f4be5f4a19a7f3b612c01f2b1613f31d74c835f08c0d2decb258b894511
A/10002/2523610432/1775576876.csv,a954c9187ef609aa4ee006d32ab01f67192f712b1f4c81bf41a8c3551c2ca809
A/10002/2524610033/1775576877.csv,7e140b49c914642e12ad5dee4cdf74e4c20ba06ff43e1b6a4953266515902c50
A/10002/2524610041/1775576876.csv,a6cbed8af60356e2db336861d6de15939f5f9e3b7f90de47db193e8308835ce4
A/10002/2524610049/1775576875.csv,9e09383059c76570e6e9d2c3ee98e4b7a52ee50a2aa5e11996a88e755b10ca81
A/10002/2524610074/1775576877.csv,e76b71ddca3457c843ef8891ed71cafaf842a23c653b2ab53cad3249485ff47f
A/10002/2524610082/1775576876.csv,199a42917d8f2ab50a21ae3fcf4f1446dfe7bf9aa57a2f03295b502adac94f8f
A/10002/2546610759/1775576876.csv,76f57cd35fc070e3e7a61b592da2c80ceeddd8815f38249b6409509b645ec955
A/10002/2548610286/1775576876.csv,1d8c276320ef16e38418aaac1b9842f8f4bf50999e5c3b432ce92b21dd690ed5
A/10003/2521610325/1775576894.csv,8351027ddc52a64631665c721d56b64817f026882872193a1f36387718f5e578
A/10003/2523610003/1775576895.csv,c922670f15bbe2137c85f6b60d301aa1e8723c1e02a0324db91173e5b38e6e64
A/10003/2523610041/1775576895.csv,1285424b05c4f76520cd3f06ff7941ca472d2ee5bfe572885867756d04c18a02
A/10003/2523610075/1775576895.csv,54dcf0903cb940795f8f5a9c0f5e4dfc33b681f63f4731621042fc2146a50d97
A/10003/2523610126/1775576894.csv,abaed0ec7444d0789da6c6e7deaf4acc0a6f71f0110161026d122f4a8dfceb9a
A/10003/2523610134/1775576894.csv,2ee57d0a5d0a12e1dfb152d475158568301369ab89188e2b6db00cf256e23591
A/10003/2523610160/1775576894.csv,4b410233a8091dc40e0e8ef53c1d6e5cae5d6505df8bc14f124b7f5edaa310d2
A/10003/2523610432/1775576894.csv,ac94545d0420b46f4f3ea32b8098cb8752029e2d160c8832b3f42d3b072f0062
A/10003/2524610033/1775576895.csv,617f4c75061073b9748f2a59b82b69fc46ced8b7c0fdeb10ad1503ba908d3f17
A/10003/2524610041/1775576895.csv,63fc50eae99237144c370b075147daf4f13130dcb33aa6c04d56c0b0d76abf62
A/10003/2524610049/1775576895.csv,075cacd3877f6484b1d2c736249390e5027337a734b403f06f6ea9e0e082c0fe
A/10003/2524610074/1775576895.csv,17ac50ae6a83c3df3032d0940d6179049b513a24bb12c668660c972879dba418
A/10003/2524610082/1775576894.csv,395684d49ac03fb48cc84302cd55f59a687c5cefdc8cfcabb56a60420d39f066
A/10003/2546610759/1775576894.csv,dbd37b123393580decef86c73b84ca3fed2a8143369e4e118cb0badfaaccf143
A/10003/2548610286/1775576894.csv,211d610c7d7453cd2fd1253c5bdd629fd87c6abf5cb0e29b898e2ca5037c3755
A/10004/2521610325/1775576912.csv,9c5a5286ae5cf208859098f9c72983774a6ff408114136ca37b4c071471700eb
A/10004/2523610003/1775576913.csv,51e0d4ccfd8020998210e1fd0e712af7d1422e79c4b34ad339e87db9eff79166
A/10004/2523610041/1775576913.csv,272d6e1b9f9a7ad91df0aba991b5e00fa6b0524258f097f702b508b02ddde193
A/10004/2523610075/1775576913.csv,7618cbd2c32c3ec1b93f3e9a5308269b0dd6df7b6f8f5fe22dda5434b80026cd
A/10004/2523610126/1775576912.csv,3a8257b98eaeff87ce2645c97dce468b2d0af13cccc8a0e3dcc9395bf4f072eb
A/10004/2523610134/1775576912.csv,085449b936c71380516fba48e476d5ce6da1dfa19c65d3dd0bbda1d97e0e465b
A/10004/2523610160/1775576912.csv,844dc96b5a054afd4382923ea42e6a4251cd27b5b7f72757dac3fee36b318777
A/10004/2523610432/1775576912.csv,475235787ac4e7d296bdaff77c17dddd0f577c8df27ad876d9e9fde078487baf
A/10004/2524610033/1775576913.csv,99668cc3bc8d6a1a40b8cd353f1471e0b9b1d7a6c5245fe8504099c0e5d303ee
A/10004/2524610041/1775576913.csv,8eecdb6638be61fd72fe2b21edb94273b47fab5a4f2031964fc7cc36fd998a77
A/10004/2524610049/1775576913.csv,3c8996c620a593f9983f8c96dd4c2e7e9a260ba909226a4b9e47c56ca50d8485
A/10004/2524610074/1775576913.csv,b7d2e2f6aac2e8b2e9215901e2c419027cb2439caf79ff1a2f29ace3d2bdf82e
A/10004/2524610082/1775576912.csv,665fc7c3dff3b87158763833df33a21a90005afa95d0735980815c49a84d727b
A/10004/2546610759/1775576912.csv,1bd5cb1a01f898e559caa598c1251dfe6b01349aa3f6dc0832a5cdd952b57e4a
A/10004/2548610286/1775576912.csv,8fc88f16753a83e1425d55c68b9265999e8b35d02bcee11af000f4322bdcc8fe
A/10005/2521610325/1775576930.csv,80af2a488fbdd51638b00a98022f05c0ce91cee0d669a132a754f787ed62c4f4
A/10005/2523610003/1775576931.csv,741a1edc765e8296e6664dd56cb4f0bd39d3f48c67159098bd871072e8d6bff1
A/10005/2523610041/1775576931.csv,97a6979cc3ebde54d9fb888d2a35fd5d1712cb53a049b74c19716b2891c5a608
A/10005/2523610075/1775576931.csv,132979c9d20983db92dfce72523c378ff8d60e12a42ad26d6952f0b493a41855
A/10005/2523610126/1775576930.csv,48f7d383288300e0726575dcd01daef0b5d7d7a76956d89ce8b5ee0f26ecadb1
A/10005/2523610134/1775576930.csv,13461896f0cacc6f9b38c05ee1067d10f7f0972bda7f937ded4891815ecde019
A/10005/2523610432/1775576930.csv,9e5013be1dddb6d3a8e6b84062843a8a4de030bba9c032e00cfc0420d884b910
A/10005/2524610033/1775576931.csv,ea5204140bde547b25f161165a1b769adc59d5083d3e0c0e1b4f1c02ca1cbaf2
A/10005/2524610041/1775576931.csv,d0a7bc99268b274273a68a6f8390bc0246e86a75d0115e01ac4db7e4e9f40da1
A/10005/2524610049/1775576931.csv,81a6b6d12dd6d274107d1cdcac7f7c2a53651e1a5bb30ba2f6343c02d2dadcb7
A/10005/2524610074/1775576931.csv,c97ce69766d9549d3b8418f04b098831eb83564ff8603dce8ff8ce8f8eb27ef0
A/10005/2524610082/1775576930.csv,b8574b2faed98e723e781c35cddc2b6506aef10c418f1cbab93eb7dce04b2a38
A/10005/2546610759/1775576930.csv,02d0ed4580f5dd3f99ead6819579b0268ad7b847335e9459616da82f4ddb4bd9
A/10005/2548610286/1775576931.csv,24c4e513cc4fef0060190cface86eea8a7ce84f48075f7b688609bee25464973
A/101/2521610325/1775563514_i.csv,e663182bb20cafff044ddde48651e0ad3585ad0642631eba085e64b9762def67
A/101/2521610325/1775563524.csv,54806fecb4ea5d9f79c95d3f912786d058635fcfdc5c41bc29f2a3d812d239d2
A/101/2521610325/1775563534.csv,a284ca8ddf8bb58ec48b0b82a6cfb89ba037b5c5fe221a5fdf239046bf710210
A/101/2521610325/1775563544.csv,087039ef22eae00d234642137531218b02c9279679e44d38cefcad8ad22939b8
A/101/2521610325/1775563555.csv,fc1c66a89858d8958466210a24a436c1180183e2dd16687e4e009a2192f57131
A/101/2521610325/1775563565.csv,b9f87d507149677f98ba2d646783adaeff552ed07bc9526259363503b8fd7916
A/101/2523610003/1775563515_i.csv,b11e25c1dd18b3b5b76bbe19b607a6c936bb25875f042c577dcefede182b511b
A/101/2523610003/1775563525.csv,39de7ced8fb3331aa0b7ace5763f8b5e7d19f22f1a872018c3053e964b9fa348
A/101/2523610003/1775563535.csv,f24609866a9f3a665614e04b12d369a1fe59e5934e0554af48cf095cefaee64e
A/101/2523610003/1775563546.csv,e58983bfe1ca6db0652e42a9ac0090f6095f804d9a9033977d5799a9786a53e1
A/101/2523610003/1775563556.csv,4d8b2972fa4e254cf4362145b62128f133f2a1f71b0836ff2082aaaf76792354
A/101/2523610003/1775563566.csv,fed665db86c52af648643de8e31417a10591fadfb2c3fd1e666a86e2bc85a98d
A/101/2523610041/1775563514_i.csv,a15f963cd32c8ceb5594a1d8e637e3b09260d4e2ba8d43a6463d760fa0662a3c
A/101/2523610041/1775563525.csv,ed1c61dab22d2e22b1b4fa3164fe8340652a05326cac413a52beb120a4b0e5e4
A/101/2523610041/1775563535.csv,f5bd0fc124c0d253d98321bde553465a43a985c05c34a4e8ea060d89b8248538
A/101/2523610041/1775563545.csv,a5f66a0cde60351ec5e3c33f1046a8d3cf81b08b270216007d914cd09ad95d62
A/101/2523610041/1775563556.csv,fe3fc6c74186e6da952d8017f05453c01fc5cb58a19f950ce603855e330380a1
A/101/2523610041/1775563566.csv,12afc850387142a44849c62255efeee831de5b46fd57cc46fb0150d0a931b9a8
A/101/2523610126/1775563514_i.csv,28051f736ebf563fa60fe1732251735b11b3e78559bddcbb069cb64cad46313e
A/101/2523610126/1775563524.csv,6caa73ba6894c4f0ceb0fa4c3ec92d37abde87c01939ad7bbf8be43de90baadf
A/101/2523610126/1775563535.csv,eda8da2ecae32840f1531efa2dacd67bbbcf4c64d25cb0bbcc15e13bdfb436d5
A/101/2523610126/1775563545.csv,cf926eeb5ac477c087526355a276899975c43170d2649b99f12f678f7212a44a
A/101/2523610126/1775563555.csv,18e6954c6095cac1d4518aad0ac51565569531ef6cb2af13c0c8c2d19c3c8f8f
A/101/2523610126/1775563566.csv,8c8730c24e241e751538762bb3a28496b034f7ed321a33ae8f4d0f553a48b764
A/101/2523610134/1775563514_i.csv,1973b8a21f364b8825085775868a32035e42d1e934f99a96a14b84ab8ce1eb1f
A/101/2523610134/1775563525.csv,0b900e7b04ca829e80f6a4ff2391c07f3eea34af2db26cf0dd03c555a3d2e411
A/101/2523610134/1775563535.csv,3ab0ede1a7a4ab02271fb0e8c14bd509638b0dd8e371bb3ba8a0778142ad276b
A/101/2523610134/1775563545.csv,749dfd3c973db902ed98a6a9a15c2be4d9b6a822fbd5054ed468659f7d11297d
A/101/2523610134/1775563555.csv,4064642eb10f532d87206b06c4c0b89106866e8170a55abff7fee36759f6a192
A/101/2523610134/1775563566.csv,d71b1be4acfa8ecac268d1d4edb2118620b2abb3361d50009175a8f3e27b567b
A/101/2523610160/1775563513_i.csv,8e083e18650502ed5b8983baed1609d9d1b91ecd230673d7c0c65e87117acbae
A/101/2523610160/1775563524.csv,0b87ee3c58856c09c467a5e61c02c2ca9b56bc03ecb21f227680011960bf1703
A/101/2523610160/1775563542.csv,2702a8729890f658ef53b03dbd79b9191634919bf9d29b493e5e99c4ea825c85
A/101/2523610160/1775563559.csv,e49d88cfa4a559708ffe4fed1b759957420880c4b8efbd5b437b7cb90c0f099a
A/101/2523610432/1775563514_i.csv,fb938007b43fc383054b726078a929272e22b132299e50c0c715208202181a90
A/101/2523610432/1775563524.csv,09275f1a8ce6a0c2c88eeecdde160d6c3d108a89c294f9effd32a7150b2163dd
A/101/2523610432/1775563534.csv,82ae9e15ada7c0db372bab5d712833db344e9c0a0c483c6a170a3d35d47efb82
A/101/2523610432/1775563545.csv,c23e0a787d62725d1140b1d0894e7180db8362d5b66c856e307dbd9dfa00e907
A/101/2523610432/1775563555.csv,5599964d09254f418e06291b2d30235a75ff67ad66c3d2bfe6ae68ccee12d497
A/101/2523610432/1775563565.csv,82a7c3dc7cc882f96b12c8aa5616bd67c2c6c98c64f3852498a79d65caea57bf
A/101/2524610033/1775563515_i.csv,52a64c9867fc7453f7169d503eba9d60ace3ccdcceeeb25ae18df067f5598152
A/101/2524610033/1775563525.csv,14087ed21ce035d69250491a0547a838d0b48e028a877788e216931031ad9f43
A/101/2524610033/1775563535.csv,ae7a6dc0fa30c670c2b42dfc1fd7b5fc3b14082b1941cda7db98b80b2c8f132d
A/101/2524610033/1775563545.csv,a4410346b8bf861252fde8a61f26dbe06f11f67fdf15d9698396b572da554038
A/101/2524610033/1775563556.csv,1a0423b672cbd8970acfdaf5d7bbc0c25cd3fb4fbb887bfcd1f1f6a1642f0adb
A/101/2524610033/1775563566.csv,67079a3edca0b86b47bb940c4748d15ab688f240ff0d721ef5dad6c42983a646
A/101/2524610041/1775563514_i.csv,0524054e668cc3881377e28117f69325a6ae9648e1cad83800929a7dafb538f1
A/101/2524610041/1775563525.csv,11d856dcd29d2186c2894c63d619a70f26767d38520ba3650821a42f4ccd6aa6
A/101/2524610041/1775563535.csv,a2475d9092939277290cb661c685f136d482854a3e89ee299654601b74d4c91f
A/101/2524610041/1775563545.csv,00bd4c65f91aa66e272e08ebbe6c55bb8562b1e791d0f34e6ed6b2fb5f342c6c
A/101/2524610041/1775563555.csv,d3a37deb58c27039ca16f39f4c7c9c762bc18a9c5fd1bd23df8f0716dfd669a5
A/101/2524610041/1775563566.csv,1066e61e64b3509f873b7acaaca9b26663fa7ecd47dba3236e6a638614b79085
A/101/2524610049/1775563514_i.csv,cb94fb010080202d47f1c0d03a06bc68783e1ab4d947e0020b27ca582625f555
A/101/2524610049/1775563525.csv,c8317ce5e8f5b27792c135a013d82f790351a57abf7b79c204035824aed88b81
A/101/2524610049/1775563535.csv,f6194199e5b3f737ef818bb15405592b76a9c5a209351c3b09e8fa4167e847a5
A/101/2524610049/1775563545.csv,33542b3d3af8507861894751704241498fc39ea0b6f8cc54e989a411baf9a507
A/101/2524610049/1775563556.csv,fa16ea9849e554465cc6e4db8c361fd3134ff93161c129a56d56b5cc0b8c19e9
A/101/2524610049/1775563566.csv,67e5c4c297fa69cddf29bdb70dd61b1a8fd66f67deded9af20890e3359cdb9ae
A/101/2524610074/1775563514_i.csv,bb4197209b8609332a64c260abd8eceafe2330eb84310d43701d2afa39785eb1
A/101/2524610074/1775563525.csv,ea1ec388354368b30a37d1e56b21ce31baf976c0a5d43b5a56eeec919f3a68df
A/101/2524610074/1775563535.csv,f951ca3f638d0014e9e4ce27bd634416d3316e21fba5005afd621e1a9e339ec7
A/101/2524610074/1775563545.csv,5eb99a32bd9df42504bad1ffc537205be2f86643e00e4bddde37f3c0339729e1
A/101/2524610074/1775563555.csv,f76ff8df9e8dd912cd48af3826663006c29ea5ec122bc37ccd31b10823cfabc9
A/101/2524610074/1775563565.csv,918acece7e0883016f41fd7697aff01760134d2ec54ca0077f6813f428124383
A/101/2524610082/1775563515_i.csv,62fad8c357a3f4a3480700f64ad13cf96373824d46bf70974a86deca4aa1b0a6
A/101/2524610082/1775563525.csv,e9e150681272a136289b73b888f4b28062dc92b3ec94ec1fd86ded7f00ae1189
A/101/2524610082/1775563535.csv,47ac3b228c54cb87336453ed3af20e1fa3addcd6911a0f477926a900d31bc246
A/101/2524610082/1775563545.csv,c6b760413091805e591f00dc883b0d11e7e2dd503db5918e6c4a3cddd4bb8426
A/101/2524610082/1775563555.csv,9fd34bfd77740c461bd072f38bfc9b8b8b2ea6720a247e634ce0d8e33316843c
A/101/2524610082/1775563566.csv,6b06b9f2e2fc1267f963c96f868061543dd37d7138b797dbeee139be08d7cf28
A/101/2546610759/1775563515_i.csv,f1796238422a0cf3bf035b54ea8c2d5a2b4674fa24d57e21ac13372581c153bf
A/101/2546610759/1775563525.csv,050006389ed59742860333eb96a40e7957d4b9e3a1dc77c58df194ce68909680
A/101/2546610759/1775563535.csv,8fd76f574b4ee14376e1f008b8441b513b020afa5d18017aa2918f054e3024a9
A/101/2546610759/1775563546.csv,1b034a309f636ee97d2cdd5bd9ed30381cf1edc75680b01abfa929d30b2d8e3a
A/101/2546610759/1775563558.csv,62e2e967d385675210e44236055715a26b4c6ad7e47795d31c97e8d6b2f0ce20
A/101/2546610759/1775563570.csv,9b874240bbaf880120d44698c25ed3dc8490b000476cfee7b618ef1f0e5354d8
A/101/2548610286/1775563514_i.csv,9c810ee9c7071828bce5d3bb3345a71c8fe08c6ee101f0266ce90638de6d20ef
A/10101/2521610325/1775573561.csv,2694976bab738fe2dbfcd2ec1328fa412e623e7838e8265f26ef15fefe80685d
A/10101/2523610003/1775573561.csv,87c5e7eaaa81798de16cc162910ad5f4eda23095b865f49a1e188fa225724c4d
A/10101/2523610041/1775573561.csv,a0c03dcf09a88e1a8b11a3a87a86915522097560ce4a6608ba24500b1b4b957d
A/10101/2523610075/1775573561.csv,e25038eccff7a31a3ba06335839d1ee436bfe48510138fb089687379e248a107
A/10101/2523610126/1775573561.csv,7574eb8af6e2538e202d32404b7da225987ca8cf28e6831402a5e4ba8b6b8613
A/10101/2523610134/1775573562.csv,8b8e9aab3f167551db9d324540426ee59dbe78869f24b99958da9e3ee26d89a3
A/10101/2523610432/1775573561.csv,1cc9d0f9abdb966f78284bc11a11a5580ad0afb8ad539acb1b317832c932e4b5
A/10101/2524610033/1775573561.csv,39426bba0279617c5612060b580a9c15a6bfa6f60f88a054502fea965c787eb0
A/10101/2524610041/1775573561.csv,d8c25590d31ee2a3444983eb4dc2d3295893a1d545252b7c2bc231ae57268071
A/10101/2524610049/1775573561.csv,a80aba2c0bc1af1100f24e9021b69eafd1e0e35866caa42182e3172e066e9033
A/10101/2524610074/1775573561.csv,100aa078716988aa83c54d4c75f2f79d54e5c4dd67cef1fd64b4db6bf59a7222
A/10101/2524610082/1775573561.csv,9d3f91a28f0e138fa3c68e7ef819ddad41c605e185ee30fabd22fef460b91cdd
A/10101/2546610759/1775573561.csv,155b22b62b7ce8dd2679dcc9bcf4d90063a411e6b8b61aea98d10651d8cce6b0
A/10101/2548610286/1775573561.csv,6554342517571c6454656ca8c11e6f00351fb0dc4b90c219849108067004843f
A/10102/2521610325/1775573579.csv,2b0a319c0ca629b620e251aba5b9756ff20acba6d3dc34233b50ad62fe620c70
A/10102/2523610003/1775573579.csv,a3a23a68c987b02934000619574f26a44289f418fb9c7e5b4915c8ce1848bc79
A/10102/2523610041/1775573579.csv,cc99c76535e64fbad4c070b57e63af3027b80624aab336fd08f55307b927bd2e
A/10102/2523610075/1775573579.csv,26889c47ac1c120e09b2323401cd93ee5815313adbf9af81a36bc32b85a706df
A/10102/2523610126/1775573579.csv,cfc0d696036e97039d845cadee5fe95ff0e8f9f532f3039df4816225ec6115db
A/10102/2523610134/1775573580.csv,1420efacea216e7663fa58eb821b1658e67f09fa595c355e44550ac47537382b
A/10102/2523610432/1775573579.csv,551d63129750fbf0d621deb01fa33cf04f78cfb175bb752d786cef86d67dc923
A/10102/2524610033/1775573579.csv,1f28ea2ba4fafc26edaf75a59cd9ea6586f47e450d0d441d7924fc4b6668b21c
A/10102/2524610041/1775573579.csv,8750610c4eab5901954865befd790bcbe718b79ed30ed420cee8089c645a3dd9
A/10102/2524610049/1775573579.csv,eb707aa0bec2a10ef89239c43267bbfa7d14134e3f806a783723e03498c00e45
A/10102/2524610074/1775573579.csv,eb4fb640b52c0d59b1373dc91d87f20362a72bd9df956e69ba0870563b33faf5
A/10102/2524610082/1775573579.csv,bf3d083229fe549dc0673ec717da4e9b8e0ff011246ca7faaba656f8199105f3
A/10102/2546610759/1775573579.csv,fd8e48043e0a987fc07e0eb6e02a236f6d64a7d999ce7b609631b5f16e099a90
A/10102/2548610286/1775573579.csv,83eaa84cdf88739e07333945817f1d4c94fd62e5f325ae5d604467a4ce15fef1
A/10103/2521610325/1775573597.csv,0b3dd81d1a0df514a3e4a78987d010f8ff31921d4badfaffe76d16a51af2c665
A/10103/2523610003/1775573597.csv,870d695f844038b19442ea47695cd34d6c84624b2b395b067c9716e5bc94b620
A/10103/2523610041/1775573597.csv,1d5a23c05c4bb355093da36d19d9717c63ae941291b14f047f2d2aaf3cc2d8f9
A/10103/2523610075/1775573597.csv,bea3c13ea4a4d5b6affcb4f4f8bd2a6544239d9d2d119c0eb990334b28ae79b4
A/10103/2523610126/1775573597.csv,ac0e0daf7c3af60b36f15d2d56882da2b0aeb87d4ad2552f9670e144925905cb
A/10103/2523610134/1775573598.csv,fa993f867656b550bb1433a7749c9d9f4933f4873968e179dc97da8e9331b3c2
A/10103/2523610160/1775573602.csv,3ce13d4fbeaa04ffe1b55312bc57df0d11ad9958abbf5b098ece1580ee97bb0c
A/10103/2523610432/1775573597.csv,0870fd078043c84b2b7642c3566abf2d4c94818bb052afd71025964dda023a51
A/10103/2524610033/1775573597.csv,ec96236752362e0d1e6fc394674649d2a7439603aa38c99ddad855362ec11d35
A/10103/2524610041/1775573597.csv,9143b70248fdf17d6baa652c0f499e26186af9e103b4d6547911b0192d168800
A/10103/2524610049/1775573597.csv,5c24efc458ee9ba2859ce2860c5e61e64ec011b961111ec0b3b1bd46a467eb63
A/10103/2524610074/1775573597.csv,3c92b2942c8d1285a0d4bdfa151fdb0aeb097b4136428e0bef5272ed9c952379
A/10103/2524610082/1775573597.csv,9ad3b29bd5cac3c8e81ebaea4fc3b922a48f1be8fd0dfa03dc1220e4c02fd34e
A/10103/2546610759/1775573597.csv,40de6bb892060163407e84feba78656749682ba4f9c90ab02761f125a6417741
A/10103/2548610286/1775573597.csv,15328b1e284aa2dc69db59ce3693bf3621a58413224f83a5b5c25771c37bbf6d
A/10104/2521610325/1775573615.csv,7985b3da56971b75f26f9d71d7d389230beb49c1470d9bf7af6335e2fc3bf368
A/10104/2523610003/1775573615.csv,3714979d82c23546feeb6cd1e392a22985e628fde058fcc2a7315970826f2f7e
A/10104/2523610041/1775573615.csv,149f5a42d6f055e659de45a10b1e098272c3258fb62e43aa4be6dcaad84f4178
A/10104/2523610075/1775573615.csv,a4afd2065fcdeb58c31163573496dbc037730d0b8ef283a7453a3bd2caf8dd12
A/10104/2523610126/1775573615.csv,b673a2da3ba4f539d0329bdce39776fcec1bc0dcacc8fc52cd26d9da5bcd7456
A/10104/2523610134/1775573616.csv,8eaf379d65f977bebf5151042102ce916a622b71347534e8593f8d313c0fcf3d
A/10104/2523610160/1775573620.csv,f3f4981eba2ed51bbec8665cefef66fd6bfcc203d9a36f3bf57bbbebfcbfcdb1
A/10104/2523610432/1775573615.csv,56238ec17055ec2cb966d5347c5a866f1144e06e7fad0fb149cc26cc68e7e3f4
A/10104/2524610033/1775573615.csv,247c3ffd36a2d02c09d735746f60cd2cdd6859c4e7297271de4e660b217dbdd8
A/10104/2524610041/1775573615.csv,853830c465c25b21ec666df5a0d32135447d99017022305beef0069b5c1e4271
A/10104/2524610049/1775573615.csv,1990cb9ac15fde2ae41ca7439b4fd637c19552181c686457971c3af345311846
A/10104/2524610074/1775573615.csv,50a8baf13901c46d973a4ac417aa8ddd6293cdefcd7edcdd5c2f12d8b91dffd2
A/10104/2524610082/1775573615.csv,b25a989f8caa918fa636cb59087841176a2235bb768050ebe6d8a6fc42843cec
A/10104/2546610759/1775573615.csv,653d07005aa5a4712ccd3820bbededc993155317dc05660b37d10ba2261a47b3
A/10104/2548610286/1775573616.csv,cd4a3df22b31f2f98cc25a8c90523c18f63c7fbee4aebe49eae646918f08dd29
A/10105/2521610325/1775573633.csv,7f640a919fec41a8e71f1191b0c45c1d3cd1f695f12528e38356a5f827be5c00
A/10105/2523610003/1775573633.csv,3c931243a1da777d2654d190addbe1ca6122b65b15cb27919d4961ae583fdee1
A/10105/2523610041/1775573633.csv,c7a5869ea61e4ff180b1440b7256424c5db8fa8f911463dbe9fe06e1425e295f
A/10105/2523610075/1775573633.csv,28081d8d3d58dfbacccaf9dca7e42ec4e7b65504155982901678a36b7f69b543
A/10105/2523610126/1775573633.csv,b9262cfb661f0bde5c11b8af40c6fe2e868af735e32d7f783cabc18f24d54225
A/10105/2523610134/1775573634.csv,868f322edbd96439829e19d9413184f15e775b702a9426fdea0e9b71a585ac3d
A/10105/2523610432/1775573633.csv,c292d8b53f859bafefcc9b4aacb6c10ff8325e8f2240dbb081b03e6238fdaece
A/10105/2524610033/1775573633.csv,9032226acb8e3c2560d7c3eff1533d6518f2b061ef07dd811080a60631ae35d6
A/10105/2524610041/1775573633.csv,d637d84849a301d4391721fc4b1e264e7cbef5e8615bb1e8e78a35c4c34731aa
A/10105/2524610049/1775573633.csv,67c23493e9e0024b4e2def68682863dfc86f6e75cbdcfa8e2be1736fa750b3c0
A/10105/2524610074/1775573633.csv,ee7a4e8ab2e95d1dc44bc6692cf314c594f837e28ce978029d0366ae590e5052
A/10105/2524610082/1775573633.csv,f416325d5d897ea3136e830c574e35bc6856eb3c4626126457fff91aa32b2cef
A/10105/2546610759/1775573633.csv,fa20f169de3555c58b1ccd6e63e1e83d7a910982987f2da595c2ae0d3ba0e89e
A/10105/2548610286/1775573634.csv,9a52a70aa0271cc0d3ef3501c32a6c9e17fbc22ad82c0154215d174c3cc1310f
A/10201/2521610325/1775573652.csv,dea9ef5ba3137820d0b219b68b87be1059002a34053390740bba13e11147224e
A/10201/2523610003/1775573652.csv,7e35b3afa102e69510229be21b39737544d57f869ac690ecf9bdeafdffa41d33
A/10201/2523610041/1775573652.csv,0a50b3af0ac94a45a30b4323f96abd80a0ac859fcc888cb6d5ec6d196d451413
A/10201/2523610075/1775573652.csv,cf2bbf14b2425a01509cfa1394f83f1a85d0336a0462727a549d70948b17b0ba
A/10201/2523610126/1775573652.csv,f30c159d43a8ca3a2497d6d541350c5ff31a2496d1083b6f80b37c09ac1c66a7
A/10201/2523610134/1775573652.csv,c1705a8fdbad444d92cbd51a62fa60060c8d860682c4970df2715191becb6d28
A/10201/2523610160/1775573652.csv,2c9e097b63e4feb845a2246bf33949df4339dcd3eac8b082c37594940bd2c18e
A/10201/2523610432/1775573653.csv,53574c592e614367669b90350890c69ea2b72f2a25777a3e34b6f38a9b918dfb
A/10201/2524610033/1775573652.csv,fb269bf8d3a2a44a602eda77a5f114c8feb20218c881173beb2051a15c650196
A/10201/2524610041/1775573653.csv,9b9e216be23fa671598ec484d8087b7415d5c8ff73745bec0b5d2bb4abe60165
A/10201/2524610049/1775573652.csv,0a7211b0def0cefff83e25e6ba4ab717c2ab8619ba6e5c5f9c1c5129f7445718
A/10201/2524610074/1775573652.csv,34171db1139ecbe87b2572193b980b10dda4c949addb4c87fbbcd7f252e2f88a
A/10201/2524610082/1775573652.csv,6cdddd91c21c5befd6d1d17f9ac1615c5c64344f268f82215844dd1e44f22930
A/10201/2546610759/1775573652.csv,014f759c6086aa06d47086f042cac59efd1df3d8cab7e079f6ec834cc31d861b
A/10201/2548610286/1775573652.csv,88cfd076fb933683abd62cacea47bd08e5e006a4e645fbc3e0ed5bc5727741b9
A/10202/2521610325/1775573670.csv,a5641001d168800e48c54db8926cadd5988eb617c78b716b4d0b7029d1e9fdd0
A/10202/2523610003/1775573670.csv,f73299d34ac03178b28716e04640a561c2ff4681ec4c5299f752b1db5486e9ca
A/10202/2523610041/1775573670.csv,e476a7138c2ff8021d83deb7554b3be954a5e6b31b7680f416a90843a60f5cc4
A/10202/2523610075/1775573670.csv,5af63c7a2419274f697201e74588e41d2394f68aa975fc8271a41a563e6c3ed5
A/10202/2523610126/1775573670.csv,db602c06ffaa8100f818dbe60415120cd20d8bf5e8a67d0168118bdbfda1c6a1
A/10202/2523610134/1775573670.csv,2b76d0942558fe1fc3e60827ba5c8a5c635cd523f0d5860e15f22b9fafbdb62f
A/10202/2523610160/1775573668.csv,8bf74cbbbd6607e331f3bd77cf289207875655de70a65d7317111c9931fadec1
A/10202/2523610432/1775573671.csv,4c16a89634eda84f9a86d7d071dc1339f334bcdbed4bab939b4ed5753b1ed738
A/10202/2524610033/1775573670.csv,41de4c486fc5eca57bff5a50f3d92b08e72f0e2ee2b118a929cca2406d5bacfe
A/10202/2524610041/1775573671.csv,90ec61343a54a76ef38b121bb0c838abb7fa53bdfb6135f68152945bf558c5fe
A/10202/2524610049/1775573670.csv,a997b2df1136b8760029c7243d5cda5511203fe2dede6698f6d3f487ea5bb3bd
A/10202/2524610074/1775573670.csv,642fc553c5dac175d9664782fe5d990b1839c0d8a5c1bb54f12a42c5e91221d0
A/10202/2524610082/1775573670.csv,c34bd09769459a66134382932428bea04d1ddf3cbe78e32794f8bd0f0e847e82
A/10202/2546610759/1775573670.csv,92e22cb2c2f8636bc66bd00cdd8529d2c7bedf44958df1209b4e5447bdfab1c9
A/10202/2548610286/1775573670.csv,d3b2ee53eaede0487328552371384d4e7ee2bdac4405cc94a6fcb9adfcaf7a82
A/10203/2521610325/1775573689.csv,ddcc1d794c1ffc1b2fca2d43d71d6d9b0a973c20bc9a7ca560fcd4dc69e73415
A/10203/2523610003/1775573688.csv,050007b7748fc0cd5a9ced61a7bc1c8eb96d1d7e477eef9f86155ed1860bfd2a
A/10203/2523610041/1775573688.csv,f15fcff19e9ee0b56d62a204fc905dda9f7d20d226d3cd444cdadf5dbd87fbad
A/10203/2523610075/1775573689.csv,8c14492c015f7677b0cc484325a933eb86849241c578e0645b9d699a414b538f
A/10203/2523610126/1775573688.csv,38fd68aef1883b11c24fd1c777c735f1eb73e1d1d52cacd408ca7d71d4b15bd1
A/10203/2523610134/1775573688.csv,d3dd025d9cf9d91523987228599582b74cf9a89ba7f6f56f1fcc2f649f34b069
A/10203/2523610160/1775573686.csv,6e3a75b3ce1e419f3de0055bfad10ddc21a3419f2ecd0a9a1bae8f989a1f729b
A/10203/2523610432/1775573689.csv,31ed57cfe391d4af92d09fe852fa71c5f875bf3b7766d6460b015ea53fca1181
A/10203/2524610033/1775573688.csv,3f5d4bd3dfdf2ae3c4190a6813eda85b3e46a7b309fc2d825224d9d1f23717c2
A/10203/2524610041/1775573689.csv,8c8fc0b2dec17131f8c552fef8fbafecc4f7bc0b587c55c8d9aea9c55eeef787
A/10203/2524610049/1775573688.csv,165365f25480f8ef63b6053e90c0494cfe2eff26954145b4aa85bee300e99ba5
A/10203/2524610074/1775573688.csv,857c36885be59a2dff57ed5fa5899d4445e82fb1beb155c848845ac02aff61d4
A/10203/2524610082/1775573688.csv,9c05632bf2a0e1782f16692a54aac6feed2f2e72dddf0e72b95998136e5be8f4
A/10203/2546610759/1775573688.csv,dfdc39569854d0cf28aa70e08da2cb5eaefd3d90267ec3066304afb4c9be1987
A/10203/2548610286/1775573688.csv,2895c9d1d97a24b3608437d313faa20ff7bf317874e6bba6f671dbc138ac6c18
A/10204/2521610325/1775573707.csv,d735b74bec5b1b1e3bcbcb802e9cb3e1157edf3e10984958a3cac63983789623
A/10204/2523610003/1775573706.csv,800862dd73c43611273d518bbfc549f44fc503486f9fc2a11281b2dc6f0a4c41
A/10204/2523610041/1775573706.csv,a5903a0fb513c7ab6cfe379793d6cc0e3a1be08b96f51a7b03e3505055743719
A/10204/2523610075/1775573707.csv,408810fc39e1224c72104e8a1d3071d5fe43494bdfa5e81e51a4273dc721b6b4
A/10204/2523610126/1775573706.csv,888b93cfae666f350679fea01e0432aaaf92b0c678147772dcff6933bb39bb18
A/10204/2523610134/1775573706.csv,466ef66bc4eb2d7435e69eee79ff8bfa8b856ff90992af6abd1b312c51db9550
A/10204/2523610432/1775573707.csv,da31eca5704899913e28b1f7d52d4f00bfabbe60f2ef73e7f3fc4a65503ca616
A/10204/2524610033/1775573706.csv,0e5c956ca8eb860b20e76e52dfc31157109c64a849837121ebe9ccf01a77c669
A/10204/2524610041/1775573707.csv,2358c601c533501c9f637fceeb2576d23bed610efda7be743bfca32493b9ed90
A/10204/2524610049/1775573706.csv,2b75dc3304383d08c78cbb51ae64c0d76334811de898aa9a76c8a3323bc8a2ca
A/10204/2524610074/1775573706.csv,3e74f3e275b0496ce504ca8dfd6ec0828721c146eb6b0fe29d36fca25188def6
A/10204/2524610082/1775573706.csv,20ac406a9ef2d503968f46d48d36d68f94b485d6aa815881b9a00c1d3415542e
A/10204/2546610759/1775573706.csv,79371ee76a83a581ba2c505b4404d4db18441251b09223688ce551d35b1a96c6
A/10204/2548610286/1775573706.csv,4b7d528a6716647b008e5f6d9f396d5bc0f87382728185e072ae2ff245686609
A/10205/2521610325/1775573725.csv,6eb74ef8e4b348c86f2f2e4faf388a3deb72d33863491bd890068d9a116eac70
A/10205/2523610003/1775573725.csv,f272c30062e18c93344a0bffabcbeec675de02a2e52cce44e9081a8b7df2322c
A/10205/2523610041/1775573724.csv,ba3685fcc0a4b443d8c5d128a1481c9199c1ee43e039c20a8a1c9a46d8542907
A/10205/2523610075/1775573725.csv,5e92d7ed7eb637b3ff614c1fe68f6fdc4b64c168f80fc9c23aae8512ab6eec59
A/10205/2523610126/1775573724.csv,61b139db83a0fcb19e113e6848f48e4e0b401085e4a47d6760b60e40d4cd6e52
A/10205/2523610134/1775573724.csv,8fbb0b53cd2dbd457c13b1e5fa1960b1be6f0ba79d533054a058cfa893b2318c
A/10205/2523610432/1775573725.csv,4643ecff7cd6d5e284dc3e70d93a008337f63e01c02ccf7d34dc56b5cc5ae9d5
A/10205/2524610033/1775573724.csv,05923a3cea3d2acba15601a617e268805ad59b3d488ed83714272300a1e81f23
A/10205/2524610041/1775573725.csv,4e0cd91056d6bda0a96d9bc5f550d3ff6e19afa7177aa2fb0fd578d0b16e96b1
A/10205/2524610049/1775573724.csv,264a3c24e6b3cabaf6d1aaaed6f1e6f4dc2d6bde68a1046298820b51ed1c8fb6
A/10205/2524610074/1775573724.csv,85f49ec14e39eb27a15eec52b2721f0d7161669032bd07bcfaa31d7277769a6f
A/10205/2524610082/1775573724.csv,9e35af057302e72c5a86837d320f76dd62ef17242b2a2c9166d95dcdc7aee6e1
A/10205/2546610759/1775573724.csv,f5b1a069ce913338946feaf7675ed83d7d34deb3cc376ef26f19624b285397a7
A/10205/2548610286/1775573724.csv,328081b69ee269ef1dcc8e5a44c66ece26370b83fa85b9bdfc535e38abb73a64
A/10301/2521610325/1775573743.csv,a84ad83e5daa43510157ee07b6a08e5ff00912cb2c6ec08f775acdba84b8aab2
A/10301/2523610003/1775573743.csv,91788ccfc37aaa41935aec40f9a942c0a4375dbb507cc7ca1b0a3996a0dc4565
A/10301/2523610041/1775573742.csv,0294cb116bfb0a09a14dd3f3f84fd6a62c75e8975f59691c229edaad5b63958e
A/10301/2523610075/1775573743.csv,a6bf67bcb373df6362d708ef59cd6013d526e80326fd48fa2632e930004fcad7
A/10301/2523610126/1775573742.csv,21fa9b8a65e1b4642b4ed74d8d119b69dba4ce501380cef0bde1119740946296
A/10301/2523610134/1775573742.csv,e3f54df1f27e939eab5589abf8fc3687a5c33cbd5f09fed3916182f92ceb5057
A/10301/2523610160/1775573740.csv,ba3ba31c7a13cb5e3c006b0e5e69139d3081669890c312d456cfdfef7834995c
A/10301/2523610432/1775573743.csv,0b639cff47deec97c8d683985ee6061f82f61e87804aca8a89a044f02d9ecb52
A/10301/2524610033/1775573742.csv,892a760efc55b6f15c2074306256ad1521e141a47386e46cffaebcb83975b07b
A/10301/2524610041/1775573743.csv,f95499c3b9a81260d6dac5a3b8ca83f7cb969324b681ed8afeb7775b0817273c
A/10301/2524610049/1775573742.csv,91c4b5133792b9066c53b5974c8446ff9f5db93c33f449af4ada36b11001a773
A/10301/2524610074/1775573742.csv,2a30f8e96923c6483086df1f9fa9e2be27577e6b4c94a0cf386977306695c2be
A/10301/2524610082/1775573742.csv,d49470ab8a551e1cd75b5e3f88ebd1144c41b1e61b06df689956e8dfd9c095dc
A/10301/2546610759/1775573742.csv,57d2cd14393dbec845be7fefacf75d60727f321d1a7f67d79e9f928376ad093a
A/10301/2548610286/1775573742.csv,b03179f7296a31254a225489a25533e884025a203a6562ed681aca74da33c9c3
A/10302/2521610325/1775573761.csv,1960db0d1d1e1c3b33fe7156c8cd2334a8fef51fda404d562f02ce18887da3a1
A/10302/2523610003/1775573761.csv,7272f01bc5d4de56e99ecd6d7e0c3c6b957c0e5675d8e6aa144e89756c7050ab
A/10302/2523610041/1775573760.csv,b218e8f941dede34c461320233808569d2902e4348e75f9b0647e5ebba9f84a3
A/10302/2523610075/1775573761.csv,22c5800c99ad480708dcff5576a4a87fdd294b739111acf742b41852c7a3d39a
A/10302/2523610126/1775573760.csv,79e67be95551cc0f1bb104896240ac927cc1b694f88656120b0c30f9cbe4922e
A/10302/2523610134/1775573760.csv,e0207e2891c617cbedecdc872eec09452742f98f7adef5aefb650ff9275ce2f4
A/10302/2523610160/1775573758.csv,6f2812f8ba967d78b8278bae385ae42a80aa680998c326bee06045e41bb7deef
A/10302/2523610432/1775573761.csv,204c0b27fe195eff492e12dd19239d808ea160661ee192c7398dd135510655c3
A/10302/2524610033/1775573760.csv,709f364fe8f9d7bce2e107ec2ea4c5dbe78c61717e12abdf214d633a2bba9f35
A/10302/2524610041/1775573761.csv,58a58bcbf3f75fd24f139fb75ea0e229265dfb1e3504dd8b29f6e5ac97f260a3
A/10302/2524610049/1775573760.csv,e227aaeeaa8231fd7c5f87ba548fd1a137fc47ff2b82e42ad864e4cee21b1147
A/10302/2524610074/1775573760.csv,4091e9c42f243a0ea76d392a3987adb46fdd43f2a1551838f536a60df5a6f6e4
A/10302/2524610082/1775573760.csv,f2489286e79360336760341e1aeebef44acb7c85639e1d229a25be42e95ff842
A/10302/2546610759/1775573760.csv,4ed3b2bb806fa9244aab20be6b4acbc6b2352f75a0d62847c10d36fd0f6e5b17
A/10302/2548610286/1775573760.csv,999860d0db8a2bea4aa4661e1e1a5b57615e15d1d6a4d07a8bddacc7c7d0179f
A/10303/2521610325/1775573779.csv,a648885d6c6112be7337d04b6c7874f0f3eee359b219ec66c98b8bfbb8f80b55
A/10303/2523610003/1775573779.csv,e865aee0374190673915373afad869c45ad6ad36ddf256fc308962307fd4a6a1
A/10303/2523610041/1775573778.csv,5ab468728893d93559fd6c14bc9f06ae54c96a8633ca80c30110057ed5ad90cc
A/10303/2523610075/1775573779.csv,5a59782d934ab5dd182a28c0d1371d95ec1853fee43a7e2875044c8578c5f7f7
A/10303/2523610126/1775573778.csv,17f400786a3fd015d9c25ef846fd9e4f828ec10d4b3a694287e36aa1a64fbc06
A/10303/2523610134/1775573778.csv,ea853cfa2444cf6d16cda259201da6b2c68b1cfda403a41420fb28cdc5f6aad1
A/10303/2523610432/1775573779.csv,1e8d51c76bb7469079481539e71abe0a110083d0690550bdc37c907763cfce08
A/10303/2524610033/1775573778.csv,f75769bca7e2ff5f61b2dae5f49e5283793bf6c0482646e1b802dfd78360288f
A/10303/2524610041/1775573779.csv,f127af9ba4699530afef3894edf32cb74f68ee4450d79538afeb3e99066448ec
A/10303/2524610049/1775573778.csv,4979f5750d5c735bf21ffc7e50c0f5ec283940cada27e1cfbdd0fdecf3e5a3c4
A/10303/2524610074/1775573778.csv,b5ededf9f327ab67e2a515410ce379656a1b6d687b6ea96f2ca994b9a304eb5d
A/10303/2524610082/1775573778.csv,4b138f40fa9e485868682bddff31e5fdeca95cb36d14b56c016c53a219fb9413
A/10303/2546610759/1775573778.csv,b9defa1f05ed4c02698869397c403a237beffc01ab098b8c8e7c18b6f12f2543
A/10303/2548610286/1775573778.csv,cf0c56f37c923eff8c6e6d3d7c6ac00b6b7219239a2d05acb8bdcc9976f5af8e
A/10304/2521610325/1775573797.csv,e9844b669c1cc11b2be5c32b860588ce52ada08eef631066beb8eaa5aafcf128
A/10304/2523610003/1775573797.csv,a75529e6c5d9e060f518f29549dde3e490c91d653fec782b4191d88463803fc5
A/10304/2523610041/1775573796.csv,0a11812516977322d5291ea6e1c0f6b2d72e3a998d180db32001dd32708759d5
A/10304/2523610075/1775573797.csv,2184abbeeb9df342d0457cdf104444c46e158f428481ecb5179653f46781c7a8
A/10304/2523610126/1775573796.csv,0a50ce38fdf09f2c02c07af3158cc9efb4e39de3e3cd575f20a2d8436e315d6d
A/10304/2523610134/1775573796.csv,48987a5ca2da2fd3fc85566eb1f7452872fb131b9ad984f32b51be113e5701d1
A/10304/2523610432/1775573797.csv,a5b5a836809f88df83f5419e7bbd919119db2568bc4f56b5342da625e6d10e85
A/10304/2524610033/1775573796.csv,7e583b262ae515287764ad577de3e897fbb07d69e904b166c5ec60cd124cb14c
A/10304/2524610041/1775573797.csv,aa5a918028761bfd185f640da0535ed9181ff7c5493e934649b8e49e2826607d
A/10304/2524610049/1775573796.csv,b12d016f21b4519e783a55b3cce1dc9aa5925e2a896df9d8f7eff23c54d75bc0
A/10304/2524610074/1775573796.csv,d03f79652abcf0beb9bad1e44742f09bb337edc39b2f4bb3e295b7761cae3eab
A/10304/2524610082/1775573796.csv,c4c5da5b57f282bc1f10fdb6461640f0c4507f7ed9e551307fb431ad858e3d60
A/10304/2546610759/1775573796.csv,89d4a4bce0eef4e9c79b5e1857bc82c105f0cffb28716ddae18ec53dadb0b702
A/10304/2548610286/1775573796.csv,7b00fb15a9e39178eec19588c3e30beb4a5a740a7ab24e4ff8ad38f6dcc26ea4
A/10305/2521610325/1775573815.csv,dfa7210b8b463fccaa3579044819739433ad252a932cee3615312fc28791ab9d
A/10305/2523610003/1775573815.csv,9b7d04800ca6603203e0fb4291eb6f20676402ee7d9a0f29a7a7c3b45eb424c3
A/10305/2523610041/1775573814.csv,0abef7beee777101e4f4d7fb4e15f72cf34b7df171a7b3facee3e9a9c62afcb0
A/10305/2523610075/1775573815.csv,1770c58210a3856985d806b740327706d82d5e82a606d93ea8fa37ef50deeae9
A/10305/2523610126/1775573814.csv,5f8bd805de21f5a6f2bebd48d157bdc50cb1a358b1025a71f2dc8aff3b207868
A/10305/2523610134/1775573814.csv,971bccac304f1b0413db5cce877596f26387693bebf1803adadb3ab6e3d2f5b3
A/10305/2523610432/1775573815.csv,f162ce9d7aa2245ee7ea68bb5f4be86a7d8cbc124f0dda313177924306fb5414
A/10305/2524610033/1775573814.csv,0f4d45d49938f8632996ababf8ebe13ed862b9ebc149cda90ce472f6678fe618
A/10305/2524610041/1775573815.csv,29e122f36ed32bb4f1f700d4219997f405670c41288b975b55fc1ce8ac86f0b0
A/10305/2524610049/1775573814.csv,611f36f6278a908fd09186ce46fe5c14934c330ba86bb08f1eb4711903e1820e
A/10305/2524610074/1775573814.csv,b640c09f77628397af741a41410102ba55cdbd665b0a679a4bd40fdab41f91c5
A/10305/2524610082/1775573814.csv,d64467bd9c593be21a72dc6c0dc9a617eeabb8ea87b9820e5a3ea7fdf55ab307
A/10305/2546610759/1775573814.csv,aa6838c6be854a8d9aee62ff9beccd11c16b50badb4897e60427e0219af6d4eb
A/10305/2548610286/1775573814.csv,63b2946eae7acc2fa5e68d3f9e284dc9f4b70e02fd6a4dd9afa10e05149eaad5
A/10401/2521610325/1775573833.csv,230060887ee64834a33870f0c0d31d9c2ae4fb4fcb3e260d7537d8ae7c392e74
A/10401/2523610003/1775573833.csv,d6ae0cacbb6b5ee707d8e8e145a00848fd3228ac006492d12ca087837c6c0c07
A/10401/2523610041/1775573833.csv,96dae193da5b4943198821743b18049507de5e0cd5074556f0cbfa61d4de82cc
A/10401/2523610075/1775573833.csv,ab4c149f0f65221c79730d7a8b9245ab9c27dc77f11b3d7897408f777f9a04d7
A/10401/2523610126/1775573832.csv,dfdc32ef77bb779073d9236df21cabbac1a2ee118d806ef8aee232a8298a3c3e
A/10401/2523610134/1775573832.csv,e358eab421dae6ddfb1b6544516ad96e66b6bb574b750f3505b85650d074f2ff
A/10401/2523610160/1775573832.csv,87f27e3f75f982c3b02aa2c25ae2fdb79b36a112a137087a7dea85a8725fc2b7
A/10401/2523610432/1775573833.csv,4a74e78d982b9a725e027b319e5ab6935977280475eceeece417722f62aa26bb
A/10401/2524610033/1775573833.csv,8cfc87912f61d455d0e0f2abcd338c6fb1f0ddc1135af4e9c63e81a98765cad4
A/10401/2524610041/1775573833.csv,e3780d64085d5a35efe2872d000c462b042cf955bd4d5e7e238a74393813cca4
A/10401/2524610049/1775573832.csv,a30b7655e49bb618e5392e3eddf62b17a3a8a6d3029d3fbb00926981e4348782
A/10401/2524610074/1775573832.csv,fc019380788106863882fc55b42e3da3d82023d6ef68913503ec83d57eadd761
A/10401/2524610082/1775573832.csv,a9e6cc7199d4e1e4e97312d93eb5856e531da7523a142facc733a78cf46b77ed
A/10401/2546610759/1775573832.csv,a9f175f80cf0ea60ac2587c64502d7e9f88b9d77add078b7f590d71aa970a6ca
A/10401/2548610286/1775573832.csv,8780d9319537d2a36d94279d7a373f4130b1d1e5a0abfdf2fe38387099ec3a4a
A/10402/2521610325/1775573851.csv,f72ad2c0632bade2ff8f16edd1173f66977ec086c2c2c64cbbccf469215b12cd
A/10402/2523610003/1775573851.csv,f805f2d11b7bfc57b4d0dc45a3abf91783eb109a00bcdef6b6028a3ab13ab49b
A/10402/2523610041/1775573851.csv,87ba946cf18269f91bcc2795f7727e2eecc387ef12f7e09193a51ff1002e77a1
A/10402/2523610075/1775573851.csv,08376ab8ba394eef8f0ae219851ffd0a5388636aaba04e3acbef3d97fd0c9cbe
A/10402/2523610126/1775573850.csv,85fd8b382269b698c5bd8345b5323671561439e7b945ce3fee23d08bf652fa18
A/10402/2523610134/1775573850.csv,522a1cc60a02aad77e359bd3fe805a8312e38782c94c1cb275e4433fbb41497c
A/10402/2523610160/1775573850.csv,1ce436188285e32f5b60752119caa32f6dd6de0dc88e72057489b0b2edc8f181
A/10402/2523610432/1775573851.csv,43799ac02bba0364e26926343d36dbacb11813edb95f3007ae359d397056312f
A/10402/2524610033/1775573851.csv,c50ec5f22b1c19705a5f47f4c6c4f1565e8f4ba809b87dd26531f1271dcb4397
A/10402/2524610041/1775573851.csv,328c23278306566d190da609b54297021ac779a07a36ec6505213dd9756bb9e7
A/10402/2524610049/1775573850.csv,a494f94cbc055b006ed0e97b5746b6d44c30383b34cc0b3033563601f1e29357
A/10402/2524610074/1775573850.csv,a18e04e746e3961b3909447fe122dd7cfad2e5a6e933872a7670a98164267808
A/10402/2524610082/1775573850.csv,530542ef9364e22f47924f68135c6807e951c76cb0f3858e3dcba4f765a8053b
A/10402/2546610759/1775573850.csv,6378b427a4490b72eced055927c21688b69eca907da353d47be38a6b08ea54b6
A/10402/2548610286/1775573850.csv,0244d54e02cf02c98d293d6f64224a546bce9644cd34c5aa0887baea99d64a7e
A/10403/2521610325/1775573869.csv,d6e65558d790b2fb75e8ee0a9d55c408b4ab238c33787b9c2f1364b31b273e7a
A/10403/2523610003/1775573869.csv,20c401121402fbbfb45af3b2ff9776441be23acaf2022ce25a8e4b3d1bf50922
A/10403/2523610041/1775573869.csv,edd38191faedf226082f16073efb6809183d09aaacb670c044a38092e1368752
A/10403/2523610075/1775573869.csv,85ae8f6efe48925b878327fdae1aeb9671ee5fc31a5ab37e8f453765e0da079c
A/10403/2523610126/1775573868.csv,129095912a56e04e0fdd70ee1df20bb508236ff5fd2421e8336512fb6e00ac41
A/10403/2523610134/1775573868.csv,8a64016d0d2b09a363db7afe76720859738ae9ff36c30d72fe7591c14c51bbe7
A/10403/2523610160/1775573866.csv,4476b56cf03905f259a63b98c81d29631f2f1e2e2d461ef8f0a7c8f6d1332117
A/10403/2523610432/1775573869.csv,73765b66f252182acfdd1e346fe32d880ba3a1285a69b2c768ddd032f03f6759
A/10403/2524610033/1775573869.csv,a73aea1eec209365c8b239435a227f9bbd1db00543d128a1ce14184eae5cabe4
A/10403/2524610041/1775573869.csv,e84dbe5c90aaea9e0faba861ba4f5725239d20e3c6a6fdd29e15c8e2b4c76bdd
A/10403/2524610049/1775573868.csv,f8b8cb48e426fb5ab8820f1a041b15bc4e7c122a3390b4ee29209dc7d4b93c26
A/10403/2524610074/1775573868.csv,e368ce7def7391d610a5e9ba474ca18016bb0eec8be2e2f97002c47215f61feb
A/10403/2524610082/1775573868.csv,1685ae8f54e32994db99bb01e795d1bd5700402f383dd01a83a2cdee4a9ad709
A/10403/2546610759/1775573868.csv,4badb3df282af52ce7820b076b65699879237b58b76c0214e2116b88e7de6944
A/10403/2548610286/1775573868.csv,f44e55f15605e868fb91b9362a0bc0d1323cfa0cda6a0401f195b0a8660955bb
A/10404/2521610325/1775573887.csv,fc35c4c7996398abf8ba46d11294b85a4e7f3ff4ecb0e08fbd652a46fa35d91f
A/10404/2523610003/1775573887.csv,9d42a0d0d790117c65c659a22f97805a6c87eec7bea1fa87886c0b278c8a6912
A/10404/2523610041/1775573887.csv,7b23656ebcd1e4bbacbfd79ded99e8c49ede6f38034581d7d841cd30f3d3076d
A/10404/2523610075/1775573887.csv,c49663cd1a99648433220a4aeeda29f44c9a3c0cc8fed4e68195aa54b5886b6d
A/10404/2523610126/1775573886.csv,53efb5a0d519734bd1ed443d207a41a354d47039ecf2ce0872e0ebeb13060219
A/10404/2523610134/1775573886.csv,04ac643f4b57ce5b5fc1a0ada8fe2df1f97542fb031773c3f697ac6c8d58e68a
A/10404/2523610160/1775573884.csv,d70ee757275eb39ace8dd313a8a54e59d3fa8269e3f50a4004a39036b05839c4
A/10404/2523610432/1775573887.csv,b1d44535363e06815603948f06c247d93f7609081d60677eb113714477974a91
A/10404/2524610033/1775573887.csv,450348ddaee290cae0380ae48ad319cc9a5530a49c46fd970c20bb5fd0f0089f
A/10404/2524610041/1775573887.csv,0dc3166349ebd72b2ea9ba5f1c1174acdce3719070e3d810b6e6ba00236550a8
A/10404/2524610049/1775573886.csv,a681c94fdcd7b5d89bf604fbee600e96e34b0d88e452dd85e4b5662dc6183f8f
A/10404/2524610074/1775573886.csv,26a915e031465c692db042b50c53daeb87680ea53e5f601da073f3de0cc29769
A/10404/2524610082/1775573886.csv,d17b8a46a0d7ab7a407497d7af50cce049445885449e682ff6f74a3f2986df44
A/10404/2546610759/1775573886.csv,da343653765fdfe492a2eafedca18c92aa9289251035fb69c2f9648eb3463b3f
A/10404/2548610286/1775573886.csv,7bcb849d58c3fcf35322e75db09da97f034db3154ec310b8ee25e2b31448cb7c
A/10405/2521610325/1775573905.csv,17a2e29bf81fc6ce1c7b992d72bd5e72318903f090fa5b081ef9da77d6de2020
A/10405/2523610003/1775573905.csv,1b07341b21c0c3037824534f1a35abd861d4ebc47bc2eeb619b6f189e9004a5c
A/10405/2523610041/1775573905.csv,d7a112ee69e6762cce750b5fd2394a212ab558f0a7fed75439ef58e77a81b796
A/10405/2523610075/1775573905.csv,22ae1c6d5df35e1c05ab55a0930dde9d55b6f5b1a6e6c7209e738281495b9a85
A/10405/2523610126/1775573904.csv,745f6365e01516c4070f4b54c03533e706a696e9726f7a1c43e60ace0ec29b87
A/10405/2523610134/1775573905.csv,a09eec733db924ccee3bba7384aedb61e87ae0a6290ab10e4541b816fead4b5b
A/10405/2523610160/1775573902.csv,35651c9ce9e6c0c096c745b71f8a725d3178c4b32b911f65fe361c1eb7654fa2
A/10405/2523610432/1775573905.csv,a1009513aad1d1f7f22cda0e5f5d5675d3c64df942dfec975f80f60a62a79a7b
A/10405/2524610033/1775573905.csv,8397c5de1cc61d3a31d7b3e07221537e68c180701a4a03b73817adf98683f8cb
A/10405/2524610041/1775573905.csv,805b2b6971fc338ddcc2a11b18feb520390d711810b5063eadaa2238bbf235a7
A/10405/2524610049/1775573905.csv,27302c129fedded0d80e9a6827a8aa5280a5f3d111b707b4c34c286fb8ec97ca
A/10405/2524610074/1775573904.csv,70be7a749fb4b5f09d031e8bbb2b078680b489716b564d8ac0cbd6f7453d01b2
A/10405/2524610082/1775573905.csv,e92992111f825f673fc5f055acd3c4a1dc9669426aeea3137d53045c7a164081
A/10405/2546610759/1775573904.csv,9ff6513e5205e265c786ef74845295346960717f3fbadfb089fef98de423c3b3
A/10405/2548610286/1775573904.csv,2554cd594d35846dc277e3cb81e5558c9b422f847ac84efc81232dc523c4c1dc
A/10501/2521610325/1775573923.csv,a9ca03ef0d46c5511626e5072b5afe31e46500748b116b1dde2984eb8864e6e7
A/10501/2523610003/1775573923.csv,a70956c3d4a533a5a9e3349165e643592326f31937d7a8976aadd9914afe6fa9
A/10501/2523610041/1775573923.csv,65ec7a3eb919157f2cd8ef8147f6a0a572f39eef7f04107a83438006e9b36da6
A/10501/2523610075/1775573923.csv,df81d5d32439909ac99e951d22935106474b27171a462a7c47794d5b21e6b217
A/10501/2523610126/1775573922.csv,853097d1c29c2e8f021ae81f0f723787ed336b0be0e1b5decb20b07b54bd1b1b
A/10501/2523610134/1775573923.csv,4896c2debc38c7d515b0becebb4a0f1dcde876c934a15d4378a56216d536e0bd
A/10501/2523610160/1775573920.csv,dc6d5b052e88676a0c7e8269dc857e570e41b5becf97183a1f203cc252b6e5e2
A/10501/2523610432/1775573923.csv,133a1616247d418aafdf5ab889e26670f6d9bb3e643c7f1f4e3f2b93e1058f31
A/10501/2524610033/1775573923.csv,cbcbaa2f6a6bafdd8df5067f963b16843f85ed62900b83f6d8550616e250e9aa
A/10501/2524610041/1775573923.csv,449f28d0e3870fa38f4b65b2c3e08a8f67888880bcf558ef65847f821223f437
A/10501/2524610049/1775573923.csv,4e21053698585cf7ef39c29714f45c748013067e5fbc4de01b4a5dee873914e5
A/10501/2524610074/1775573922.csv,be822b10c73e77fb6c7284144494755e665e281ec3aa9ba64659593046a0f5ef
A/10501/2524610082/1775573923.csv,33e81b2bdd36f5468bf433330f547c0725ea18aecd0c4e71485ce5dd1ab79a3c
A/10501/2546610759/1775573922.csv,af9ec37eb8822870effd76b42259c3d200deb4e96d6e2bf039fb4a7658defd1c
A/10501/2548610286/1775573922.csv,c685bf23f346e2a0a7ab0b94f2e81bf60df0fc92b63c8b087b6fcf47aa264628
A/10502/2521610325/1775573941.csv,78264401d2e1b3259c6a70826fc041c0e72bb24b4667ed28b312e0cd1125f567
A/10502/2523610003/1775573941.csv,8c4a308296c21d702c75a40c4419d4b4650be218c26982789398541786d472a9
A/10502/2523610041/1775573941.csv,599ff891fdf0b6fa1cb7a166c2a10e1046cde2f1e60dbd2bf3958faacdf30285
A/10502/2523610075/1775573941.csv,ffacec4219c0dfb5eaa16a8e7739e3612c3cce9dc380e60299b59420ea8e7af4
A/10502/2523610126/1775573940.csv,2d16eb671db47550993e3dad2f86d2f8a6575b6fa4d1b83e2f28f7a5d245655d
A/10502/2523610134/1775573941.csv,112e5fc717f9ee230a77cf6f8b9a0cf595ebda317486408c28d8152f69eb6c85
A/10502/2523610160/1775573937.csv,30fc455664ccd43a54f67793416ac7a83ea414384dc6e45b50823c4b73a72fb6
A/10502/2523610432/1775573941.csv,b0a7968e62f8d5c0b9ea67aff309ada7279a3e59d87c193b9f15e3b5ff048bd7
A/10502/2524610033/1775573941.csv,109d8c231d42fc24cbe9cee08caff3ef02e4816d759efdcc9134ea68105d9303
A/10502/2524610041/1775573941.csv,7386334b6fb3c09e704ea880329de96ffa8097986ad814783296dfe8e00bf201
A/10502/2524610049/1775573941.csv,7da44136e45bd630172f6af188d96e1f6351cad541b268f23dd0523c3be834a4
A/10502/2524610074/1775573940.csv,134dafe9e8f96c2c9686d899c13024fbdc7faf31356eb69c328f5b74a93299cd
A/10502/2524610082/1775573941.csv,03e3047b4ef2a9e2d9b2946aa9d66bf33871c8798a777dee923aff1537e9672a
A/10502/2546610759/1775573940.csv,6b1ecc060475fa8e050b1ec6e9203b32deff35edb664555d1c2f2e935dc3b2ce
A/10502/2548610286/1775573940.csv,6d52379e426a1c6503dc68019d86cee4cc45605364f5b516b3801d7906b5c32b
A/10503/2521610325/1775573959.csv,89be34c43a8ef2eed22b9f710e1147c0ffe6e509b2cff6c4ff28e9a12f1c22e6
A/10503/2523610003/1775573959.csv,5cecfe608381e1462bf9d3726fbf9769bd05f8ed7ccc0013bc03e3485f993d41
A/10503/2523610041/1775573959.csv,a93fe5d92f1876ce944d2ed9088ec8e1f5d971024e31065fe21a7942b05c1b98
A/10503/2523610075/1775573959.csv,4ed841cec268a222104fe960831bb41335d5b222449eea7229b24c42a712b4bf
A/10503/2523610126/1775573958.csv,476313aa9c5121539e62d8f09f86ba48ab2a2e74762e9c4801a49c5f035c2678
A/10503/2523610134/1775573959.csv,0a4c58a124a229419ea14383ce143151a12d28065695b076c692fa4ebebd552d
A/10503/2523610160/1775573955.csv,2b2ba421c1528efb6e1690b1cc9d1ce4b03010ce8b3301b1f6a68cb155163420
A/10503/2523610432/1775573959.csv,a944941ebb86d943c64b4e337a79203533374ed5016e9ac36204837c3cf76052
A/10503/2524610033/1775573959.csv,b5e86a26a124c43a1d75f135353c65b30c94cc9fd1e2758e65b1c9ed325b1e89
A/10503/2524610041/1775573959.csv,5c19230cd7f178ba05eb3d365047a169143ca7988fdbab6dc2708ea0ace41dc2
A/10503/2524610049/1775573959.csv,60d6b8c2860bfebb8628f87c73c3faa2f8b8c341576d105393b2e34034b55a45
A/10503/2524610074/1775573958.csv,c710307b60c140e2efe6c7be8c4f836c056e1bb4584c200547c95109b892a72a
A/10503/2524610082/1775573959.csv,81f9f74d12e362e97a9d6d11c8ba971288abfb9eace309bd81dc28953d8f1385
A/10503/2546610759/1775573959.csv,771a087f7a7ba6f2aeba3c46e4bbcf265ec19e4ba47bab3ad2f673c717d68a76
A/10503/2548610286/1775573958.csv,b164fd271e810eee14438f8823d9708ab665f9c76165b787099d6969a4c24ccc
A/10504/2521610325/1775573977.csv,ebdaace78260a5e318b887a2237a73ab1bf33abe59c67c9cde1545a12e0ffe10
A/10504/2523610003/1775573977.csv,65c4112ed47e39ca9c378b3ddda1b53a0587b1076842a85f391c80372b182901
A/10504/2523610041/1775573977.csv,58dbe84e53cfb29061e415a6bd5a2c61892d64493b1f304d9561582c96f9ac6b
A/10504/2523610075/1775573977.csv,3e18bbc52728b18c51348250119dcb8319553fbc792cd32942fa25c49d4753ca
A/10504/2523610126/1775573976.csv,cfb25b2206304571719825f070f35811e433863f8ff899649a794e62b20e5cfc
A/10504/2523610134/1775573977.csv,bbb4a1f5a91f210562dd48fc968612deaf0e913c29cf742c2524980547334601
A/10504/2523610432/1775573977.csv,e1083b19fb13dda5ce9fe88c7b7b54615e0d7db5ff9a38b7eda8a8d7dac3b83f
A/10504/2524610033/1775573977.csv,3070d4bbc14bdaffbe444f0800d27fa8bf4c5760ef2d7b0ee63edbe66443b59d
A/10504/2524610041/1775573977.csv,5ec3663eb2591c1a7e54275ed1a04c7a6e90832a2aedc226a9bea9163824503b
A/10504/2524610049/1775573977.csv,bf498cf23ca332d0a14a3b4fa065d8401c25e87276ef8f707e372988aef7002b
A/10504/2524610074/1775573976.csv,fe8c168b4abcf2dab3296762b7245480afdc3b09ca79215b1189e6d74c3f0b19
A/10504/2524610082/1775573977.csv,0564abf526e48be6cb31f3208ff1154a48240b8ae9447d9bb6e4555f76ffb474
A/10504/2546610759/1775573977.csv,4c28e33a6e2b2d80703e3f03683326f0179b4cb7e65ed18c1ee5c13bae51fa85
A/10504/2548610286/1775573976.csv,2496855637f902ffd37386001ebbb1ef5440481d57b824ff06749a5f03fd4b58
A/10505/2521610325/1775573995.csv,bc438957f545f9ee6522d7594fcfc7a6984d601bac0396c4426fcc97a0595305
A/10505/2523610003/1775573995.csv,cc5eeb285fda5e8b0df51a77077abd5cd55081d8553874f24d6bb08d180f6a16
A/10505/2523610041/1775573995.csv,de495a26c84d3b70739e9b71d3e0b3843b9d29445e64f9613b81728b83c65350
A/10505/2523610075/1775573995.csv,ed935f47caf2a2d46263001362e5d178833b9e6e3bc1ce346a91be66e9090803
A/10505/2523610126/1775573995.csv,32db75d7ab7b7459192171406af86615367cfe6709c87fc331033df953b23afc
A/10505/2523610134/1775573995.csv,9a015fba733887e7a187435ff5ad151bc1c71caf9d8d93b22baf86739806d1a7
A/10505/2523610432/1775573995.csv,d857185e7587250a0360094c5880b59ed400689335e9231119ee4cd294a6244e
A/10505/2524610033/1775573995.csv,c76be76a7578a12c040278b6d0abc4140d76a88bd6057653a2c946a6e5ef762d
A/10505/2524610041/1775573995.csv,7ca3339e4dc3efca1ccf21c73a28797888c1292f04d9e3e820edc3fdae3b87ff
A/10505/2524610049/1775573995.csv,9b03ab812c81de5fe11d74b8f1c757727ba63d5e7205b6bdcefe629e3e33331a
A/10505/2524610074/1775573994.csv,97ae226c6877ac741ef5d5b43f8c431280aa2a52c41cfcc7904c3d33138ab67c
A/10505/2524610082/1775573995.csv,0a3fb07bedfa8f9dc9f1434fe26afb0ef8f47e3dcedab4d3a7b294fe04adc0a9
A/10505/2546610759/1775573995.csv,6e72ad289c99745d545120963a73522e6f0f1824a08358ab9eb7a98da86b7ea6
A/10505/2548610286/1775573995.csv,bd222c51de53e4a7c27439ac6cedd434f408d1fe6e18b01b41a04ec8d07ef56c
A/10601/2521610325/1775574013.csv,1c6ac0b43119aec178b8c86f8c20f61b5e09301d7ee299e13830c36d1ee605d8
A/10601/2523610003/1775574013.csv,08274fc101de5ce53a59be60a3ea74c940a451a1eb8cae1f1d0a1a6d04b0cd64
A/10601/2523610041/1775574013.csv,a9a79f8a5aa7f0d5d973fd245c6feae13576025e9cd70704c5f0beba47d5fba1
A/10601/2523610075/1775574013.csv,03b881b70d33f82adad11e6543b53fbb7fc1677bb006c545c1892302a10b42d6
A/10601/2523610126/1775574013.csv,edcca6f3f4c9c99bd86a788a0977b3042685cec65b4a48e7d288b34adbae3067
A/10601/2523610134/1775574013.csv,9041b52bf385af92915372237d9433486a0e5d8f967e786038bea48e712505bd
A/10601/2523610432/1775574013.csv,a24d4510a604fb0410f427ca534b1ef83f45fb94940e69827efbc8a695ca4be1
A/10601/2524610033/1775574013.csv,438b94e367858a2cf36b2a823267932b4c68c2dfc180f9a2a1e2cdb045b0dd3f
A/10601/2524610041/1775574013.csv,4c3576b2e58e0bf68f1367d3d38cd39787f223ccf36e47818b74dd5d3cd84dab
A/10601/2524610049/1775574013.csv,ec74037f6db4f3c7db2fc0bbb802e405f88ca34a85fe3f415ce10d38099926b7
A/10601/2524610074/1775574012.csv,3227ca9ce19ad55753ae2d7eeeb91ddccddc47e413dcd7a377b8972022cd5fc4
A/10601/2524610082/1775574013.csv,1b281aa6a0320cb14a6c32961d7c2c0c725e80462a9fae6d9047cb30094660fb
A/10601/2546610759/1775574013.csv,7e493d5a1ade17ea08d76efafc2b02a9f082f595ee1b34a891e25f4af59e7df1
A/10601/2548610286/1775574013.csv,14deb7b8d905443d51797361bd3d8eaf2035edabdb24be705e3217e2b6ee9a79
A/10602/2521610325/1775574031.csv,76ad0208790d94d894441efa76dcb52de84abe1ed819744ccc5937269c17ae8d
A/10602/2523610003/1775574031.csv,4effaf0293225133253bade79f423406e9c6ee940bb269f6fd2d0d7bb05fa036
A/10602/2523610041/1775574031.csv,fed79caea2c1a61cae6755a83eac2f3768321e9e3eb2eced42e43c081ae3b42d
A/10602/2523610075/1775574031.csv,b0fe97c1486552177d39d2985db44d5e1e55f09602d143a05f75c54c296f7228
A/10602/2523610126/1775574031.csv,bfc37b5e499c53ce593905410ea3e8219a8e945b16c958a706de438fe0823d2e
A/10602/2523610134/1775574031.csv,41e9cef0ddbad3f1fa649f1fd1aed1abf0e4a56ae92fc5507b18972088f7a629
A/10602/2523610160/1775574030.csv,e475e8a1d7bbf1ed7bdc5c13ab9222987c359015c2d6e4efbe2377731ec095f5
A/10602/2523610432/1775574031.csv,d421285ea5aa6226d13b980ff38f5a4c6d9a052846d928e732a460aaa271bff7
A/10602/2524610033/1775574031.csv,ec6e5f94c88033aa04c875e3b98fd3b033dc458551a55bc891cf09e3df5d065a
A/10602/2524610041/1775574031.csv,11510f21bc2a897c184d25a05761fd22715d827d3ae3096e747cbe663222f4e0
A/10602/2524610049/1775574031.csv,8e1f99288c4eac6b0ddda4d086ffb792342051e08d38370b7714f3b7a20e4b7f
A/10602/2524610074/1775574030.csv,b701bf21c67e7b71c9f844526e15544a86448a8ee8b59def14cc97c83dbf4cfb
A/10602/2524610082/1775574031.csv,74b0bb79f2236f1a98b343e425e47ba83443147e5b586d7ca01fd468591e1c6d
A/10602/2546610759/1775574031.csv,1d113996b6a247da30bfc3d19d48ca2b016d75c6396794bec527a14eac955495
A/10602/2548610286/1775574031.csv,b128ef3ea56e5155d15021c440ca901ca0d3cfe786c7b77dab8c03b0ff8d2477
A/10603/2521610325/1775574049.csv,6e6860799b40de1e40b47ba20f91a39d30022d5bf4ab425a16524f19f0155624
A/10603/2523610003/1775574049.csv,46ce2daac27bd9b5138d1693fa3df1e61a065a17fef1e47de0420af53c4988d6
A/10603/2523610041/1775574049.csv,6d8eae91bf7c3bb2a629cc6083b4f0d439623695b84e81489c1adf03aef21cd9
A/10603/2523610075/1775574049.csv,ecfa9908d6466f54a9954c312d53272e44c3e975e52564a7fcf03cd922bc90fb
A/10603/2523610126/1775574049.csv,0de5ebf99400d962206aa85943b66a88b09d1021b2cd6cca5b868eb6809e8203
A/10603/2523610134/1775574049.csv,4e1c015b00880a7f296251fa1b1c7fdb991d2c60f8031d5abfb62f89e82feaed
A/10603/2523610160/1775574048.csv,8aa79c0d89666ed703d4e0a18ac3ae573fa2bfad8d6ed23569c014b8b5faf853
A/10603/2523610432/1775574049.csv,e2f6de0893f1192136d518bf54155146f58c99950117d0a7cd2ce66ea54a4578
A/10603/2524610033/1775574049.csv,a621f5b0a2b99242bdb1eee6c868ac49fa859dc8b5391395df9bc5f24c4c6f51
A/10603/2524610041/1775574049.csv,9abe3453149517ab6f244429158d82516f91dfbb609631483d27d73854e6931f
A/10603/2524610049/1775574049.csv,bf6cdb7cf4f1386cd193f0cffa1f5b9182206abf6cbbfa9051d68d3b5bd6de88
A/10603/2524610074/1775574048.csv,edf7d703e5763fe8b9d3db4834e5e8a870c872c58f9677c8eafacecb6ef8a614
A/10603/2524610082/1775574049.csv,8dbada78ba7bc9fcea1fe8a324a039b81ffdc18bfcc9517f5b58c4037596904f
A/10603/2546610759/1775574049.csv,5d8521292820bd1624aad095b8d06b3b2e130b21f9f9af3bf4fa299fcfce8252
A/10603/2548610286/1775574049.csv,7c6a6e908611f47e534be17694b44b8739a092c0ecc1dee8c93515fda63c1d5a
A/10604/2521610325/1775574067.csv,485b9785d0f4880566e45f186b5fa9cd116d4d02e4c50036415299b33c5fcfd1
A/10604/2523610003/1775574067.csv,2c8c528de0298f4b64d2cdb5b27fa203e482c29f4872cd10ae5eb3032cf24c0c
A/10604/2523610041/1775574067.csv,a810827e4f76ecfd6394c08974c6ca48a5668aeb01e2cd3a885f0cda6695032c
A/10604/2523610075/1775574067.csv,b1e90a8b8d2c54e4b0fbc1a57b63eb3d9579bb8e071dc04bc7b4005b9e695a71
A/10604/2523610126/1775574067.csv,d9bf4304c355ce874401dcf72cf68ad16b432e69f0633b5338fa92f9bfc0d1cc
A/10604/2523610134/1775574067.csv,954dd08804ae6b4bda25f1e5611fae750df830605c49923f30707daca40b4c68
A/10604/2523610432/1775574067.csv,9e46bd41b4475fdac2d570c3871bfeb60154c05730e48e0d4a8da62167e24465
A/10604/2524610033/1775574067.csv,433fedec55bb480cf57b82b12bd96a162239e2562938492433b8e9864c338da2
A/10604/2524610041/1775574067.csv,bd045d662e6880740443ede09e0add5bf5b59b7a13eaa97ae7c550eec33cccaa
A/10604/2524610049/1775574067.csv,cface44f08565291993f077a22cd7930bf84f632cebd8ea4476dde1450690dee
A/10604/2524610074/1775574066.csv,f082c04e434c4f052f031f6aeea41e6c12f8e9023b5e6bfcbd39345d15976573
A/10604/2524610082/1775574067.csv,079183ed9c1581eacfa9e249dff765f6bec089e96d7c33ae7aa7742e4723dde8
A/10604/2546610759/1775574067.csv,6715593871f2edd5340142a0efa86251a741db5ad81e109e130b91dd9757cdb4
A/10604/2548610286/1775574067.csv,d32ad2342bbc427ab191a1b9ebc04ae9888980497b98c12d8f7473a43bd21ebb
A/10605/2521610325/1775574085.csv,a410da6e1667ce91b7d2c755fbf06b19a03fee740af33a7cd2e8fd8d783a6f17
A/10605/2523610003/1775574085.csv,f8213c0215bb96e5d7df86e49d4538d6065aa87bcfbbb16e12bffd4ddeb40759
A/10605/2523610041/1775574085.csv,5f445dfc3df1f9c48ced6e9041740c4485d3da763b61481720cf3c5348c7df2f
A/10605/2523610075/1775574085.csv,ab9a1c0e832e1f9fffcc2989b33540aa1575a64afae0b1cedcdafd773bd73185
A/10605/2523610126/1775574085.csv,c1b5e9d250f884a0e589cf0be9c7ab8edb57c6e5ff035e46cea1aff59de87cb5
A/10605/2523610134/1775574085.csv,0b116e4b58dbeb1e9824b5036352abc166fde37fa78dbaf602cec19b08f7d769
A/10605/2523610160/1775574084.csv,6f34a3d81aeca536aecfd266b91ea90730ef56f9adf0bffb1ca3438b296a57d3
A/10605/2523610432/1775574085.csv,c0fda165e4e4021d4e912261ea52b6a613880babe70c8babb1e52bb7ddcb50d8
A/10605/2524610033/1775574085.csv,990e34b040f7937e7cebeaca7abd55dfa6a883ecd77e19927edd98a277bfcc38
A/10605/2524610041/1775574085.csv,79303dff54c95d4d2cb84fc87171bcc62b6404afd7dc0707c6c0e41fcbce52ca
A/10605/2524610049/1775574085.csv,6655c9c3045b509f2c86967e548b99812365fd48ac369e2e64a42b5ee31a9a8d
A/10605/2524610074/1775574084.csv,ce0125db618aecaf6fd90753756e26ced7c0c0f6df3352f22125b5f0df8b08df
A/10605/2524610082/1775574085.csv,b567c3faf7e10e29326c15c1b15fd2c0922d6ccfed91778962dfcde9a3895a90
A/10605/2546610759/1775574085.csv,8dbe357e56cd67619ab1e0354f36610d20b03255c8ff131c8acc7edf8a11001f
A/10605/2548610286/1775574085.csv,45d36344f56adb0f84d1e90e37244772c8982acb6bfaab46976168670d208407
A/20005/2523610160/1775577024.csv,6388559eea070112f5982415ae0531e4301644240db128c9cc9fb46e7cbad7e8
A/20101/2521610325/1775574103.csv,879233708da56db8c93668705e5951c5d1e03aa52c8d7b22bbdd69df6d8a79fc
A/20101/2523610003/1775574103.csv,4bbe48d9e75ee794416d79bf8b29b24fd3583f749ed4d58f808a3e982d9a85d8
A/20101/2523610041/1775574103.csv,d0214f1a9a192dbb48b8b0bc10188c96383bbf02e182f713e77acf776fdae019
A/20101/2523610075/1775574103.csv,c335eff4c677de9aec8aeb82aa50ca46fddedffcffa61d18fc5343c55031ee0a
A/20101/2523610126/1775574103.csv,c27c98631bb37575919ed7728b771b8c404fc4bb50f16b51d53593afebdc7b39
A/20101/2523610134/1775574103.csv,3aaed634f97c06a617953c38babd25987f7c53358495ad46ccd0b022df73ad73
A/20101/2523610160/1775574100.csv,ccb7692f73f065b39b598a94106bf4a9cb4eb5c2681ca32e97971a8514a68481
A/20101/2523610432/1775574103.csv,73882802923267bff2642542c42ea74b973015fe32ddb1df096dcc9bcb264742
A/20101/2524610033/1775574103.csv,29677fe1c59aa6373e0babbc4303571fdc9943616a19270e1b14895e04f35ed3
A/20101/2524610041/1775574103.csv,31ebfc30aadcd3178d364b27e959351cc349187eb763219efb4b1a7cd50fafb9
A/20101/2524610049/1775574103.csv,db5a39362b9cd92df75f21f4524f9f6021fce3de5a7048790db3700e8083e864
A/20101/2524610074/1775574103.csv,f638cb89a34dd34ec2bb16d9d8be0da76df1a0cccf429b641a06db65859abd2e
A/20101/2524610082/1775574103.csv,b115e89f6dd2d6739eaaa08cf03bb923415a2fc08acba2c540876cccf5e1838c
A/20101/2546610759/1775574103.csv,733aa7fde6d71d46c42784e0bc802f78cef578b43ffccc7b2efbf1a78e39fcb4
A/20101/2548610286/1775574103.csv,620a30ec14b21db7152b8331fab4a3cad9c2c7387a247a4999e622f178e86af1
A/20102/2521610325/1775574121.csv,f568986b91b9efffafb6a6bbd8b83e37968acd16fd7b462c633a5ccaca85a424
A/20102/2523610003/1775574122.csv,2bcd26420082cd0da07ca1937b7080b3a01f065cee52935145b23417f582d1f9
A/20102/2523610041/1775574121.csv,6ca7efbedc8046f52bd673c36d9a3c2cf82ab0e5a626f09a54fb19e99caa4f7a
A/20102/2523610075/1775574121.csv,859f07e3b746aa979c736571dc01f05da781dbed381f65f6a9cbb05fe79cf00a
A/20102/2523610126/1775574121.csv,ae5b51bd2fb2f0a9e9b17befb33d1ecd17f00f120a73ab4cdfdcac9cdca8f5c8
A/20102/2523610134/1775574121.csv,1ee5bbceb55d352878e657fb6cd54e6fa2bc3d35c4b4781970358f806a78c62a
A/20102/2523610160/1775574118.csv,b7e6196a3882d011ceaba1a129abbb9dbee12fc8c45db68be6b54e371194b041
A/20102/2523610432/1775574121.csv,13fe1e318153dff122d0c15e7773b7d90fe63b8188574d5afde97c95bed6343e
A/20102/2524610033/1775574121.csv,be322bd923c2eddf97fad73de950359fd9a4b3c8a0e2b1a0c05ed24bdb763311
A/20102/2524610041/1775574122.csv,f11551febc9971819ecc56a48ca30e58925d850cf52c37dbfd6a3bfb8fd9ce3d
A/20102/2524610049/1775574121.csv,df0442238335080bdbd3f5740dd60e31fde995851326ae104e3d6156c5da5e8a
A/20102/2524610074/1775574121.csv,602c6ce29c49bf43813ce2ba4fe4f94ffabf1227c61a572f99ad7583eae9025e
A/20102/2524610082/1775574121.csv,bd1549d012a9447d50435b895f14f1fbfeec27df480185e28e4542c28085ff5a
A/20102/2546610759/1775574121.csv,35b7efa031f8bb23c18964881b5f315f655c352add2a38a8573ea27fe29a0d3a
A/20102/2548610286/1775574121.csv,9985bf992157b62e459c9a340c3e39f45a24af482322b76f76a82d74619b11f8
A/20103/2521610325/1775574139.csv,81d7ae4c33c1e32cd879ea6e918ef951a0527a14d02b5c5ff6b6fd92a5fd4e84
A/20103/2523610003/1775574140.csv,a6477e4f65ffa0e63649d13fd18737dafc8a799136e07ab689ccac2219a1ae03
A/20103/2523610041/1775574139.csv,abbac824b2abf8c1417b51fd78b238b76dda972665aaa76b3ac64056e3ad0fa9
A/20103/2523610075/1775574139.csv,cf252bc723e61bf387626a9ed93c06c0106728348217e8d35a47e35d38a25dc3
A/20103/2523610126/1775574139.csv,2015398e98551f850bd75c0a2e5ddf7ad79a5e1b38e264a7555ab589af63a31d
A/20103/2523610134/1775574139.csv,2a0260a40ebe1109a1cf38277abea2560453b3723b47ced7a9d6b653719b8eb3
A/20103/2523610432/1775574139.csv,3b758999f5129ea72e94507446746d7b8cdb7adaff88c11f0d372cf986d1030a
A/20103/2524610033/1775574139.csv,3c83fe49a32d6116ae6c55973a47399694d88c2fec6baf8334522736f8286584
A/20103/2524610041/1775574139.csv,b935ef3ef6af0fb6d390acdeede5cc159039701e0337bb7ac07600fa6f11abdf
A/20103/2524610049/1775574139.csv,fc1651a2f0db97cd77ad67fe35c42d4a16c472627e44d352d6a6063a9a4b6b30
A/20103/2524610074/1775574140.csv,a736ee239c23403e103869acc6c232c4504477bde7d95ed291c8e9d75e5172d3
A/20103/2524610082/1775574139.csv,377dc102d3452cd60cdf97152d33d8419165951b6cdd35d9de8523e3fe39ef82
A/20103/2546610759/1775574139.csv,38447eeb1ff60133d6a8054f54449c3a4a3a7ef6d92b87a58a6a1348480c72ab
A/20103/2548610286/1775574139.csv,b31bcc8e428ca6261e8488d702bd641762d1523a711fdd508ae32d95258d8bdf
A/20104/2521610325/1775574157.csv,16d639c85c6ce48e75a29a9dda6c9234028dba575e76fd51dc9329aa1a121e32
A/20104/2523610003/1775574158.csv,932292e5700a81b5ded6b0d663f90d73f127d8a00beed75f6662003207f9046a
A/20104/2523610041/1775574157.csv,36b3d7d2db12d4374e817e5166a81ba076601cd1cb68633afbaf99935bb11eda
A/20104/2523610075/1775574158.csv,700d79edf394a13c85e44d37204bf208343aefe970531c77c060efed87db4d9f
A/20104/2523610126/1775574157.csv,f430033a14274b49f2318b6db0223de94663d64af9f2b3f45ee0106c4485c1bb
A/20104/2523610134/1775574157.csv,8f1fafb7c8e34b96bcefd537756bd3b9954dfba4f5b007cd7dad02cb33ff2018
A/20104/2523610432/1775574157.csv,6764c47eafdf31d5db33ded1fe3ce9cf39780db5c027916af4e04300c67b9c6e
A/20104/2524610033/1775574158.csv,d186ddc979d5d332d7f5ff1ee88381e7b2b5d921cc77dae74d17851134dde651
A/20104/2524610041/1775574157.csv,8a794a86c78039b0c1d928310f9d707095772afa950ce284c8996ed0ba46a536
A/20104/2524610049/1775574157.csv,7e08e9b5ce28b8c82140c1fa5981ac7a84720770d878784feb8695bc48d266f3
A/20104/2524610074/1775574158.csv,a3664d34a55526ed18782105f12978f29aa2434c7fd0a37086c1f2a771aa8730
A/20104/2524610082/1775574157.csv,8e85de7f5104a0adec8b59babc0e321e07f8b706d5215d820f2e72ef83e1b0a5
A/20104/2546610759/1775574157.csv,0ae6dbbb32fe94cd985bb18b0f115e70b6b353161e96f4128c6625624546434c
A/20104/2548610286/1775574157.csv,a110ee73708c34bfd2b8d5cfac5978cc638a6094fdf95743b30ba4c29ed8656b
A/20105/2521610325/1775574175.csv,618a1aa827590dbeb496ae50db43fafa53fe274eca876aaa3c61d1dc8bda0fac
A/20105/2523610003/1775574177.csv,485993a20f3a14591a542d310559b2950fac120e349b121ae672ff27177b42e2
A/20105/2523610041/1775574176.csv,d4ece875d3744f1424e0cbb3fef5188808497c275618a8dd9cc9cdcfea0476a3
A/20105/2523610075/1775574175.csv,98ba79edb3f90c55a8f5b5feb821bdd5db23b7bc776a5249d9b1bfd6123467e3
A/20105/2523610126/1775574176.csv,b25e1bc61aed35a9d73fe26f53edccd9519f2efe42334d88a4f3c20087b3591a
A/20105/2523610134/1775574175.csv,5492a9ef5e634d93f40f9db76825dc49c51e0d8b95fc184ca0abdb89f25d1805
A/20105/2523610432/1775574175.csv,1b5daf390d1a897baa40c5bf65e215192c3f1f9db9f4a419106516955fb5daad
A/20105/2524610033/1775574176.csv,59e56ba610c1483650ae64a58b3da33d61ed3126daa5e4d5a8d5e1e176277fcf
A/20105/2524610041/1775574175.csv,c0afc53bbf281708d1d74bcecd55025e6089642c0cc0f98850ad247ec94f62e4
A/20105/2524610049/1775574175.csv,df899693a35ffc84f0321ccc00525e2b077aec876d25597e13e117287d1fbe7c
A/20105/2524610074/1775574177.csv,84e58105f51bd136bfe5d2be3a85f5d10874a8afb834daae07795d6b9ea13004
A/20105/2524610082/1775574175.csv,d39ae93a2552e575232461308b8b563e7f92c216a9185d7297001a682874526c
A/20105/2546610759/1775574175.csv,78ea8b47496f24d28009415ebfd62b0616b5e49c7ce9761e6fe5438b9f406e32
A/20105/2548610286/1775574175.csv,77abc0e302be1a0ea027555bce863a3ad15cd67aaed0ab63498fd7adb4864600
A/20201/2521610325/1775574193.csv,82bf46d667df7e4595f2156ba56d75e4d2228357d933a8b7c2795d1c779954aa
A/20201/2523610075/1775574194.csv,c2bb0813d1429577560c67443e7758afb2490cc453d216f944494c713eb0d943
A/20201/2523610134/1775574193.csv,d8211b3540b6141b19567a9c83c139403d57a76f3d6eccf9637d7931e5a33000
A/20201/2524610049/1775574193.csv,ff638065e75bd2c1fd1c006906df63104194f7ed9a692742fef6bacc0e1a90cb
A/20201/2524610082/1775574194.csv,37e15887130467f1dfcf6c25f393eb09fdb655fb4deee489e3f3dbb92062fa44
A/20201/2546610759/1775574193.csv,ae6915de1e8dfbac259123aba003762cdff1b36df5bdeffa46f34415f1fa746b
A/20201/2548610286/1775574194.csv,025246de8e9e0024e8c2e6d5ee89817b737680deac47a84b496d0644efa3ce2b
A/20202/2523610075/1775574212.csv,fc3cc0bcb112405e8ac8dd98606698a3544ae5f466373850672635f70d90744c
A/20202/2523610134/1775574211.csv,f213a0ebac8a43e4d7e2478a9c59c4377ae402d666c6836655a5c7109e0ddd32
A/20202/2523610432/1775574211.csv,e9fe6f1062bf970a1ad946b76aedb364e8ce6947b8db115e1e5ad8ddb72c79da
A/20202/2524610041/1775574212.csv,68b039162d372bf7f24b4a13113dc8400ed3ec980fc9d170f1cab80523de9c1c
A/20202/2524610049/1775574211.csv,da2202ccecb5f524ae07ce070ee36622b42e5e0b22bad5863edf56c979aa081b
A/20202/2524610082/1775574211.csv,d1baa1ebf1dcf7894149188dde4c179acb4276c158c987726d58227cf4f4d7a6
A/20202/2546610759/1775574211.csv,c5f21dd1e8b0d5d9f02364f48f5b2b1716bf14dcae84d6bf7cac7b11b44e4d11
A/20203/2521610325/1775574230.csv,7b370a8d818997b404b8010373c608ccef81c4916dbf547bf0b3cdf3fdefb276
A/20203/2523610003/1775574230.csv,3d07ef63ad5c9d02cf86840ab72830a264c7e2ad920540721217352e3781dca6
A/20203/2523610075/1775574229.csv,c63ef7b80b8d3b46dc217c4c6b29ed82b4fb192f73e85d58021725556c38b123
A/20203/2523610134/1775574229.csv,72527e056768aa5ce055f41cbb8d780ba18a3e77c546edb15f6a47903559e986
A/20203/2523610160/1775574228.csv,baad54f5d74cfe033439d5813c5dd6e9821f79e628dfc1fc174b56616a747f54
A/20203/2524610033/1775574229.csv,fbd5bb5c92b91c639c2f3857c9651c05030d56ab60d5bfca29b2566c8343585d
A/20203/2524610041/1775574229.csv,95d094fbae719369347ed0750271563a2f6cf0a91b54189493e311b97fe74109
A/20203/2524610049/1775574229.csv,6183a244f4f2b4416206a6507a2788bb992ca86b8442eed014f069dd75aaf9e4
A/20203/2524610074/1775574230.csv,49d821520bedd72120716517b546db17f60b281050797c8f7e71fa42d076c093
A/20203/2524610082/1775574229.csv,33255398369b6983f6de988809512398bf1aa85219bc910b6a0bb1e56bd529b9
A/20203/2546610759/1775574229.csv,f06ff4391377ee528ef87fd872d67a7ddb31143253863f91e504d33f74842426
A/20203/2548610286/1775574230.csv,a0b94a56dca220a96f13e8b75683ccd209a3c0d36142b80c3990265c5007e793
A/20204/2521610325/1775574248.csv,754cd00aa45d101dbb3549cd63ed77796370184cc115af44fa43ce79f6eb5bf0
A/20204/2523610075/1775574247.csv,994d4414111d9f9bc9c12da03bf155d05becb06a4ab7be42d3d01bb49246fb2a
A/20204/2523610134/1775574247.csv,a1bf63c493005687c86298eed2dc97a643760a88e33b82c77ebdc9d61e24e2f2
A/20204/2523610160/1775574246.csv,1ff3da8e17581a46eea6e5feddc1144c8a2f622755ec2ad1d975302a9ffd6800
A/20204/2523610432/1775574248.csv,e0f384d6003afb8d6f3af109fa9098a5333af78a8d613c27c478027ccf6937f1
A/20204/2524610041/1775574247.csv,1777f002561305c727b7c902c9bd08e2a464c44854856f5361d18e499732d3ae
A/20204/2524610049/1775574247.csv,6363ea82a4672e79084d981adf54cb7f77bcaed5e869f41f0c33aa7a565944cb
A/20204/2524610082/1775574247.csv,3cbf67371b10ae537652a9ac979661f0373fd57cef7d939ce1dd7f75ddc66512
A/20204/2546610759/1775574247.csv,a2d83e8b726213b8c1e9dc481e79198fb741aa8853ebf3c88103524375a997f2
A/20204/2548610286/1775574247.csv,11456ff9d8fb9ecd96d3862a5f7e1858aa961cd0a7699176d9fe62a2a0805fc4
A/20205/2521610325/1775574265.csv,37153288591d9c60f873c8ea91be8001fc7e050b9a18c5608bbcd4c20781506f
A/20205/2523610003/1775574265.csv,71448a07ad4888a96acf2e836ee210fdd6a0b89a4aac0929919a31b7acb0eaa6
A/20205/2523610041/1775574265.csv,bfe4172cd7b639f6971003bba6b2b0271d8b658e4159a6b8e0ca59f976ef6e3c
A/20205/2523610075/1775574265.csv,941f6313511f32fe59fba272cebcd285a4a9e32abd088e47e92835da86ceae8c
A/20205/2523610126/1775574265.csv,6bfc8bb7538581c89dc7c594e3387821949fe8958d453f8e2058624d597480cb
A/20205/2523610134/1775574265.csv,d7a712640966c16c99c46e2764ebe707ac36426a393fe2e0374307dab70678f8
A/20205/2523610160/1775574263.csv,5f227ff17ef58beb87e546725e4cfd1c5d7d66a467b14c886b1bab6930065612
A/20205/2523610432/1775574265.csv,06815778bacd6be740d3ecaa40339df3f5fabd3c639072d52b727db9fdfa0f4c
A/20205/2524610033/1775574265.csv,ef4f70dd10f9859258b723f61c5a014b886c1370be3ddeb7b1fa054912c25d2f
A/20205/2524610041/1775574265.csv,5a8571c71299b8c238249156666dbd225a0fb8aef9b7e949575f7d8a822b8c52
A/20205/2524610049/1775574265.csv,d496245a17e0683c7beeac051e2daa01ac1f322ca8f329a36db38bb6362a3ef2
A/20205/2524610074/1775574265.csv,46fbe653fa4e42d7b838408b4df66655b2387f0b8ac230add76423cc3a336b31
A/20205/2524610082/1775574265.csv,f63cb10b4b0542fc25466b1addd6eb27cf23b54757505fd6764554898737abbf
A/20205/2546610759/1775574265.csv,54338e0a0b955cc183e38ac9f4b15e42d9da7d2d9a35f0ff17123128b9ec829e
A/20205/2548610286/1775574265.csv,7ba26432a39ed956606948bc9407858ad6abca7648a42f6e5aa942462403ebed
A/20301/2523610075/1775574283.csv,9cfcf73b3abe1ee5771c36c69c05a2c15c7a36c34711670c1886dead3b4f5633
A/20301/2523610134/1775574283.csv,fa14f8d76a52ae16744b902233d0e4b24c2ee1ae5e27898445df757a79fc83e9
A/20301/2523610160/1775574281.csv,466b6f938e481a7e109de91b3f0c70f744cf47d4796b0546c5ea4a696121f9d3
A/20301/2524610041/1775574283.csv,55db409198c6cdac0c32cfc7bf04008708a6c3429497f5f5c25af713d94319ea
A/20301/2524610049/1775574283.csv,86c187afbb88a9f8a5f74c638d13c4c832dd7b4820e0ff89176d62bece928f6d
A/20301/2524610082/1775574283.csv,2a804d842aa736eb03d609ba469e9cd5f517f3ff541a5e1332797c92cabfe39f
A/20301/2546610759/1775574283.csv,cef5a6384ddc413487f020ad1aed78bb323d01d560b47a1605a447d156cda053
A/20301/2548610286/1775574283.csv,0e0b01d01f0fbc0a203864eb27f928e3fb862d8ae740e15ecebc3ad388193fc0
A/20302/2523610134/1775574303.csv,670afe47d8cf017c13c2630ffdcd7931eb0d2d908ed6eb0994f40019aa27e8fd
A/20302/2523610160/1775574298.csv,d988718fce3f03c79e0090fea9b585ac8db15021341cc59c503a96e30fc67b9e
A/20302/2524610033/1775574303.csv,1742d6ea8bf8c16fc65d722a6ee647aeb3cecc96116669e75e22fbc3b31abc8d
A/20302/2524610049/1775574303.csv,7f0e57d05310114662ca42cd0f4297bc213772c70e91ae98565dbb363dd41b44
A/20302/2524610082/1775574303.csv,ab414e82662c08c0e31f49357d7385854ecdf4e7ca82aa8fc0746e199770e633
A/20302/2546610759/1775574301.csv,3e2d6b76c4766eecc430dd57412a3eeaf47df660013cc916382001ea4493c7a8
A/20303/2523610134/1775574320.csv,a1e876a9d19533106750e9a46a48d528451dd7ad8e93cd58fa7d2226825b0c06
A/20303/2524610049/1775574320.csv,46204f215f2f7c6309da6c112390eb400067a9c69de59ed58559d29394a19eb1
A/20303/2524610082/1775574321.csv,4c2d98d407bf8aa4265c6de2d15b6a7c1729337aed5154728b724d17cebe6e58
A/20303/2546610759/1775574319.csv,fcf4254ffa062ec522559dabe226d3cf4b4e529094bd46a458ac289815749135
A/20304/2523610134/1775574337.csv,9a075eb31bca001832fc2314d86ead5e8230f9ffc6507410f7d5ed43b9437177
A/20304/2524610049/1775574337.csv,cfeb013c8e2c6d7c271d23e5497468e87037a5a03030e7879f2b5083b6024b53
A/20304/2524610082/1775574337.csv,5990de58bf667d419ba9fa6d19dd82542320d57b4be75c2d98a6f2e852381616
A/20304/2546610759/1775574337.csv,7ffcb4bfdef2a72a6dd0f62c145517982097152e8fe9104dedb25d15d27abc86
A/20305/2521610325/1775574356.csv,fe64d0d6c2cc1d0c711587a11364938c8d102f095dca0c29c78949bd00106c75
A/20305/2523610075/1775574356.csv,212fe46f11be8a05c6af8db9e2e1ca4237fd6aaed5506479e8d0b6ec91cbe644
A/20305/2523610134/1775574355.csv,d34f09b8bf318782298f8cad7c63a154fb4d6eb9a6e96cad8eb136590a68a30c
A/20305/2523610432/1775574356.csv,393c09cd7080eaf7a476b7d7b694c3401c04081cb948b91f49e4341fc54dc94c
A/20305/2524610033/1775574356.csv,dbd118b9f72bc3489f2307003faa5c202238d2c189634ad3c72d37d511563b1e
A/20305/2524610041/1775574356.csv,04d3e8a441628a5199b2bbe42d753086055561c07890587c1dc22f4767457098
A/20305/2524610049/1775574356.csv,140346921dbaac91e28ad0e2d052eb98c90cc0ac9c2110fd97e7612ff2fcf8e8
A/20305/2524610082/1775574356.csv,ce39683d54d514f633c3243538f4eae4a09cab68e0495538a0b39166db393132
A/20305/2546610759/1775574355.csv,8481821a75ffb8c28021a379ce3e02766e575bd8f6b576f6de5af7c79f9461a8
A/20305/2548610286/1775574356.csv,0f14db5d38c40885af3c9de3cd4917dea9bceb1cf36f2056385a53c6e82ec775
A/20401/2521610325/1775574373.csv,83d72d80ad71873f4b5436bf3c1ba5aab289e1f21df875c11620474604b0bbde
A/20401/2523610003/1775574373.csv,dced49e86db5e903c5dc2e83e45528f3147129ddfd1c5dfb794b564b094381ee
A/20401/2523610075/1775574373.csv,29526d98787f58fd0b7bf0efd9cd891291773385cb8997d09fb2876481308434
A/20401/2523610126/1775574373.csv,290441b2c086cec17163997eac9fc93b5606833ace0e8e0a0146619dc5aa0cd6
A/20401/2523610134/1775574373.csv,5c8ea0201d49ad675abd79dfc226dc1c80a0aac2216f83beac748e32b68428cb
A/20401/2523610432/1775574373.csv,55b9a4373cd183a69a77e918cbba797484f0cd5edc7b19090a495b112f816770
A/20401/2524610033/1775574373.csv,2584cd84a041067799798ded163cecc06643330fd7bce76caedb77bb10e82787
A/20401/2524610041/1775574373.csv,d1e6ae2853b1e33fe69c3d36ce14509b93d6bd660c0624777d0e6d68a402ea9d
A/20401/2524610049/1775574373.csv,dadbda0e05ea0d9e3582f413d7dae7e1088a52f91d25d928bb36dc4bbff213fe
A/20401/2524610074/1775574375.csv,0660ca3348c234c88e19611606652210bd06cd07bbb7f7624749caa16046a07c
A/20401/2524610082/1775574373.csv,5fbaea15eca0631305525ebc2cb1550f3228819924c4adeb8c2457195d25b995
A/20401/2546610759/1775574373.csv,f5fd177dfae16a5b2b4b4b83828668dbbe4e549df2e9753f7a19761c0770f125
A/20401/2548610286/1775574373.csv,897388bfaa37585e6e0a857f1f6ba38834b4ac0d221d041f8ca6616f696a603d
A/20402/2521610325/1775574391.csv,c40a39983e0f25ff3a445105ba2bd718457454752fb0b83bec56bd5bbe75512f
A/20402/2523610003/1775574391.csv,87bf5340fb33117946bd8c5385d2e7b770be7f6fc004503f5afd49ca3764aa46
A/20402/2523610041/1775574391.csv,63bf34f23ec4b3dc8bc5b005f9ad080e1f16dc43603aea64e197280b113f9377
A/20402/2523610075/1775574391.csv,a8e1f1420f50c461e933f1ea43f8060208d2c2dbd213eedcc67c1037817b7637
A/20402/2523610126/1775574391.csv,8b3b5e07909adc6aaa31a1dbc7f1c4c0f3a4947a4b951a172badc207ebb4778b
A/20402/2523610134/1775574391.csv,2f021b3734250dfbc5133cd89ac426f76849405d3ecc7d3743bcf65bb3d8a9b5
A/20402/2523610432/1775574391.csv,5b3f0d94f1a6a27bce5a499c90f3a554831d717f4ee6a5b25e1b4af21f148f4a
A/20402/2524610033/1775574391.csv,f36e8f58d4f625c802d51fed585010a2fbfeaf61d2621fd0035480e4f53f7303
A/20402/2524610041/1775574391.csv,a2068bdb66b00f4d1b2fd60edc3eb2b19006944194169c43804be6419c6b0c81
A/20402/2524610049/1775574391.csv,e0500835a9970b7a917478d76fc304570332fd3353a15dbf3e772f9a76600d12
A/20402/2524610082/1775574391.csv,15102aec04b2e414ad16034791a9ec32f5f6629d01f21a8f2c97600bffe2f503
A/20402/2546610759/1775574391.csv,b550531f3a469ffa202d32b382b165bcf1f95ecac199f1d32a9b885cee7cc200
A/20402/2548610286/1775574391.csv,8c8eda7ce24a61608ecc3236fb2636ecd96bb28038c263034071f62a58e5c236
A/20403/2521610325/1775574409.csv,6bf89841fadc39cebcbcea58f189f9f4b9778ecbc05872608599aea583502215
A/20403/2523610003/1775574409.csv,5dbbdbe1e1958182677d10f852412547f8c640f91aac5fde009a36068c1a320a
A/20403/2523610041/1775574409.csv,854cb96cd2b3e89d01ce8383c8e3e176f183e77c61fbf9c3177a859fcfbf532a
A/20403/2523610075/1775574409.csv,c868f09d1a1e0afa8c9072ab5b28a18bc27d951450a4d997b08f82a23cc2a7db
A/20403/2523610126/1775574409.csv,85481ed2871b191cd155420d55398e0ef2d8a50f1c2e3618a3434c0b00d970af
A/20403/2523610134/1775574409.csv,e1916b09e4d5f83b4fd2d9cc4fd8513473b89314ddc1d982ef11ce500138449d
A/20403/2523610432/1775574409.csv,553097f1f77123376ad22ab5b150162c609bfff82bedbee9f99cd4b82ea08f24
A/20403/2524610033/1775574409.csv,ead7f2015a7975c6c36196586a3d1f959f40264065cf1b7a3d1962b43779cb57
A/20403/2524610041/1775574409.csv,4788d72bb87e88f676b9d556367bbff5e4aa54cb2fa15b94086c1045d8c76fd3
A/20403/2524610049/1775574409.csv,93f3971748f99e66407bfdee485d92ef0b49e83833a17d2a92b1216ee2f1b990
A/20403/2524610082/1775574409.csv,a064b707ee80f67b726d110432ec075e152d54c8742a5bc8645d8c505f318854
A/20403/2546610759/1775574409.csv,9d98fea471c801bb789a8267336e165ef5f0ed4f8900dd1490e6453e3cb88956
A/20403/2548610286/1775574409.csv,6568dbe02e7c5bcaf91e9fa930c697c02f32e3955220e246b640c15a8fe0185e
A/20404/2521610325/1775574427.csv,3bbdfacc6164969b1b7984d96d62dc8c610c4c4485162865aea2386ecb0f86af
A/20404/2523610003/1775574428.csv,c2d5b82c0c8d84b99130784a95f9e4c982fc87d492b5cb4b13b5d5e24ec5e88c
A/20404/2523610075/1775574427.csv,7e9bf189018c2aa4aebb9aeca00d03825d0e79a1fc364f586a53bcc4c019c799
A/20404/2523610126/1775574428.csv,95d77755828e66480336c35531f825d89056eff8eb35db83fafbd7cd6c555e85
A/20404/2523610134/1775574427.csv,c4c47afdab37fdee7c46f926a65fb013a342338216c1ff85dea0c06ea31cc2d6
A/20404/2523610160/1775574429.csv,4318ac7d6a4c75830bdad33ebe2162a599d3b5ca56edf21775f94b9ab3099edb
A/20404/2523610432/1775574427.csv,825db76055bdfac95ab74fc27bcee074d2fa5e0fe6f2a46cfa5f38fb2ad381e1
A/20404/2524610033/1775574427.csv,a52f71753511afe80c7d29c3f8e05ff1e9225dcceac6489d12a66740ddfed137
A/20404/2524610041/1775574427.csv,ad5b819f353c4f4e97eab9ed4296e0c29c878cf9f31a007bf0f944c889434151
A/20404/2524610049/1775574427.csv,32e33a451d0d5c5f5ef40993ebd665382f8835319192a93e15e65d27b051ca83
A/20404/2524610074/1775574428.csv,54d67b8a3c36fbf6c2a9b29baa3b5e89499adcf572bbd045f117fb396c322450
A/20404/2524610082/1775574427.csv,6caada31b253dd322961a8498c09a17b5a6196cf4c1e839c1747fbff9de162fe
A/20404/2546610759/1775574427.csv,e76fa85e04b53088b02c58052e39e16adcbf1e3ba6f32d3dbe91baed07d641c5
A/20404/2548610286/1775574427.csv,93cd2e774f9aae5c2f24063a22b61c9c896dd4c8fba6952818832b4ec14fe363
A/20405/2521610325/1775574445.csv,611389da74ca96f8a8300d4d99789dc34c87d3b495615ed224cdec7de9dd084d
A/20405/2523610003/1775574446.csv,05a13b588d425d593a8cdca3ba71bc0b6a792c441ed692ac2a75c213813c2ca7
A/20405/2523610041/1775574446.csv,de5821789f5d6fe1ca67e1ae929336758f8c1e08e6397804b36f6a61743b4dbb
A/20405/2523610075/1775574445.csv,386e590eb6f0c7f28f9d82f6780b0339ec6bd91cf89d73cc83c722189aeb8b4d
A/20405/2523610126/1775574447.csv,387fc1a6107c82092b5598391fe529d0adafb9b5ff7d7600f79ca019328e31e2
A/20405/2523610134/1775574445.csv,2390617d75d1b6b97eae13fc2027dfcf5f2c28de5bd55a558a23583d98bd608a
A/20405/2523610432/1775574445.csv,22c39ab61eab2325e360dab3453529e5e2b36b61c3eed42bdc0c3be7b85bf8f7
A/20405/2524610033/1775574445.csv,7f7b63b1d65efbd46eb931b47d5311b40962764008456317f587ede06c4d8691
A/20405/2524610041/1775574445.csv,7a382fa09022458724d9b6d4a5f9b541321fd2d84af829d99b07af055772c65d
A/20405/2524610049/1775574445.csv,f02492a03325b8023486f6e6834c51ee30454a65908c501c539f3434276b9682
A/20405/2524610082/1775574445.csv,7cb2a633aa75d0c25638a55b6eaa65781ec348e21d92fed3413b88cc8a17f1e4
A/20405/2546610759/1775574445.csv,900383e8178fc8e38f84dc99473b807d8002a9b4027e0c8460a6ba67ace948c3
A/20405/2548610286/1775574445.csv,e5354a6e76640821d217e1172e1c9f6e167d38b654826257d5379a5c9cf164d8
A/30001/2521610325/1775577039.csv,ce29276e66376893c4956bf9d3dfc00dcea915d8328db15cfc3c25122931b1dd
A/30001/2523610003/1775577039.csv,7bde9df63be0b3ea82eae7492b649329ed1832a2106b62679b5cbf8f3d34f55a
A/30001/2523610041/1775577039.csv,a28786c6c28bd31514fe41fd78a4ae014747ab5d55e2410de6191495e6c92ab8
A/30001/2523610075/1775577039.csv,043462a884ecef7f90d1fac922cf806c9bf3a96e4321ddc60b2860a2a7d7da0a
A/30001/2523610126/1775577039.csv,a6b0391b59e23717a51a2624977e006b798290bc6ce8199a48e26805d29d1b86
A/30001/2523610134/1775577039.csv,a7f9b8ac73ef69a740b59f0fe27b8ba27e3f6b0558bae313c5fdd0a605742af7
A/30001/2523610160/1775577038.csv,7861d6bf30a07725d956097f8e76dadc77901a04a32f932fe61f42feadaea0b2
A/30001/2523610432/1775577039.csv,d208cb23c3e6343d59c0f2b1878b8281f9f05e80e0d61aabfb0cba12bf917d7e
A/30001/2524610033/1775577039.csv,94234c38c9132d5b89596db0ba6d586dcd60bb82eafad8053de9145bf0a76be0
A/30001/2524610041/1775577039.csv,04064cdc275d03d825a393faafd39d8e5a214980bb452105924a21df177fae5d
A/30001/2524610049/1775577038.csv,d632cc08059661d51da22476ddd8aaf945b92037ff1626d03fc552fa6383c5bf
A/30001/2524610074/1775577039.csv,ff9c162295d677c39afd6b07f692d41759c223a4180ecbfef812d8f05cf12e23
A/30001/2524610082/1775577039.csv,ff776ccb402b430c5542edb43e0b670e7de85613d5701ce486805e9779602bec
A/30001/2546610759/1775577039.csv,20e10bc7c3962a580cef10601026b51411c261d5a5622270c8fe6274a13259b6
A/30001/2548610286/1775577039.csv,5c053c54c2e9e6beed673273a11ad6d3877afa66cbd264cf00b7ca6ebf924fb2
A/30002/2521610325/1775577057.csv,fd3fceb520efde63554733d43021fc2172aaea18501578c1a4207a7d5b1782d1
A/30002/2523610003/1775577057.csv,81111048a1e112ac85237db2df52af02e37748171f007eccf581a5c8061db18b
A/30002/2523610041/1775577057.csv,8539e2d098426cae23645dd20c9d5ebb3d272872dbf0e0191e26437cb367f53c
A/30002/2523610075/1775577057.csv,43faf79668b3169efc3da1a13cf87777951603c3445f505daea2f9304dd49a19
A/30002/2523610126/1775577057.csv,d948f2021e57f9a31f26476aad9fda78ef92fd1fba82427398be20ceb0feb632
A/30002/2523610134/1775577057.csv,7ea29c65a0a0258f5a3d4fd8668b2a1bfaf1453b2dff4ae08c268eb11b55f08b
A/30002/2523610160/1775577056.csv,44805b98df1d7437167e97ef2d9cca9ca396630351fc04cec28531476e63d0b9
A/30002/2523610432/1775577057.csv,c9c4349d78bcd9d4f919c6270e1f4e42d937582e20516e7f0a2b5d21e214a99a
A/30002/2524610033/1775577057.csv,149778707c27a5c4123a32822d794b3f6fc14b4437a2d06fb9f820b9c15a6230
A/30002/2524610041/1775577057.csv,9721f504a8db842502c7ae4c552aaad464239c850c575531618907a0e8bfc330
A/30002/2524610049/1775577056.csv,0f688150c10b3b475d48077db785fef656e831e0fda6cb13151de82fe7a7f325
A/30002/2524610074/1775577057.csv,6f4c6e08ffd166f07dd67ec8619c470632b3859d604baba2055e93d3678ed843
A/30002/2524610082/1775577057.csv,f57641341e6e3b5c6bd5da19a04204a42786f7fee909e670932fe3fc404614ef
A/30002/2546610759/1775577057.csv,4a712e01877d8ce6ef277a5cc7d1e782be23c6c0d07db8c5267cfefa23cb7e28
A/30002/2548610286/1775577057.csv,c4027e35439a3daa13122862c512b8e8d2e41e91a8d16f0e3e918728bbc9bb0c
A/30003/2521610325/1775577075.csv,7ebf989350fd2d63124330afc962621b3aecedd204c456926f1d665813b77ab1
A/30003/2523610003/1775577075.csv,7d200283f37e54fbd524deefba870490f75a66d58479f2cd8823045efa07270f
A/30003/2523610041/1775577075.csv,26497be700cd0ebb2a92a3f3701690b2e68c58f7a91dda247acce02ce1f7ba52
A/30003/2523610075/1775577075.csv,e3525f5a5beb681b3c0c278f3b1f5415b575d34095aeb4b496bd82e9f8718e3c
A/30003/2523610126/1775577075.csv,fc74fe37973ac54e2562655e18014786491bd9fc1461b76a0303fea96fa1e768
A/30003/2523610134/1775577075.csv,b855ba8cd143330fd7c8d22d0768fde18886c589f4261527217ff6b34ddd19fb
A/30003/2523610432/1775577075.csv,35d949581e114b15613b0814d101831d44301be39db232692468a64809b280e2
A/30003/2524610033/1775577075.csv,1c08587cb5b7a489a04e8100ef934b4f42f574d25ca436d9eafee14abacfbd17
A/30003/2524610041/1775577075.csv,7f1ed7e5cb6abd211a961e1b502ae8e16e539b89fc3086446fa517a3f0ecd038
A/30003/2524610049/1775577074.csv,5f5e5b555527ff548636a9fd262b499c6a4ca2dbbf034af68e9b09845d3c2916
A/30003/2524610074/1775577075.csv,bf08d6640e389e7875b24c1efc6a449d805530c11435188717a198128d7a57e2
A/30003/2524610082/1775577075.csv,0ddef87edc1c3a67f44ffa01da3676172ef9e7834ff9133063ca5a4de5d8592e
A/30003/2546610759/1775577075.csv,3691e2eb45eed87b86ebb0d7a4054f64c7aa78881e1bea1fe46ffff139becff1
A/30003/2548610286/1775577075.csv,3d4630b236e5e6a51649d02704b1918a29cd475950ab5e7754284df3c21ae955
A/30004/2521610325/1775577093.csv,a2bb46ad6972a977107c4643ea3de6d20525fc2bb8ba758f217bbb5739671054
A/30004/2523610003/1775577093.csv,f2eff5699f91813c954fea512c679d4e4f1a29722434e8de302619655921faad
A/30004/2523610041/1775577093.csv,7d422fb74de5ef5a438daaa1620fa447aba7907c74d12a30043787a5e1b4293b
A/30004/2523610075/1775577093.csv,4183f00ad041559ce1474d356772442426b4f327fe7b3090223f7b38c105dc19
A/30004/2523610126/1775577093.csv,bbc009abe2cace88c65426304f298707a817799eea1709b6ce62dc97aba1128e
A/30004/2523610134/1775577093.csv,6be9624cbab1695ccc1e5b310f87c040aaa31809097a033b3a360160c60131d1
A/30004/2523610432/1775577093.csv,ee435274ece92607bf09281d31ea696ccdc7255a0d1b9bfea0743babd6baecfd
A/30004/2524610033/1775577093.csv,f309a69fbc6be37042070344d802718c18e3f379570d29e3a60b3693970b905a
A/30004/2524610041/1775577093.csv,7bbacb14d0360184acd7eb869c0aaef4184370ac1554f36e1464303ea9944c25
A/30004/2524610049/1775577092.csv,9b517cc0913dec3bdc621f1562e1679930e953fd0f280805f5f615cdcd5c4c2a
A/30004/2524610074/1775577093.csv,701084eb4c2f3920b8f79ef9cace4c48bffb51cbe06426d0eb8f0c55c12ba7fc
A/30004/2524610082/1775577093.csv,92b3308ca1c67a4b4d4f06f68223bdce0b0ff9846865c421acadc5905541561f
A/30004/2546610759/1775577093.csv,db571b1001012c1f0dc36bf7858f2a6204555e747b22d4d46c40b5efe7422f09
A/30004/2548610286/1775577093.csv,35c6b65baf9d1f1c2300e751e7ffdec89c6635d2f9d6effcabb24f4cb370e79f
A/30005/2521610325/1775577111.csv,51938cd4dc06e9cb8adfd9cc4e111d1b874d5b71622fb65f6e4ef6568c70fb68
A/30005/2523610003/1775577111.csv,8d425cad135d77b442a4efba4f78350c5b9761b85bce6c5ea0b1df86a3be5896
A/30005/2523610041/1775577111.csv,13bf3eab7babaa710d27a603b7a94eef6dbef4fd995aff567402f96e50f46cb6
A/30005/2523610075/1775577111.csv,7c3b72e2fc9360dd4bb6afdd2374d0d5a12f8db207b6a3c69edd1858de4d7af0
A/30005/2523610126/1775577111.csv,ba73cedc2e41d626d038cfdf6ca3f71eb164b8457a4cfe74e8ae126eabf63b8d
A/30005/2523610134/1775577111.csv,ead49380dea5b627f5154c101a052438711d2004a44bfa92a62389c6c32ba51f
A/30005/2523610432/1775577111.csv,5514ae6f51c826ed16c8af329eaa33c830bcfd958696d7b419cac62c6354fe3e
A/30005/2524610033/1775577111.csv,7e814e4f6fd875383e7eb6089213f43c9545398ff1add00901e616499bee50cb
A/30005/2524610041/1775577111.csv,3f52013a78fd145a9bc0e334670e60646f0757d5f984331b652ccf68e5c2c328
A/30005/2524610049/1775577110.csv,473a0a679a0aa086d89656d2aea2ca59484d5a595ef45199933f0e2bef67937c
A/30005/2524610074/1775577111.csv,b600c39616ceb355e0cc555031258378f6ea3514f13573205631714e5c825cd1
A/30005/2524610082/1775577111.csv,116e88bf26a22a838030001cfbd48821aa9fea3e17bfb90121b1efb1c9572051
A/30005/2546610759/1775577111.csv,da06a49ddd24fe2aa76420e027a0e7d10034e4d67dda2f52691cd839f316b9b0
A/30005/2548610286/1775577111.csv,76ef7b8f0e9fda1e98550099ed2f213f4e7a3b9be098bdcef18ae0e9eb29197d
A/30101/2521610325/1775574643.csv,a33d1f64ad181318045dda81224b1fe0318654f259bdf809a2d8579531711f6b
A/30101/2523610003/1775574643.csv,f6900f882ae367c71613367663870f72d8e47e6d75f6b0f0ad398a6750f3d501
A/30101/2523610041/1775574643.csv,44c64bb1715dcaafc0c252ec145d82cb922658a2a1398391dfbecb1451cda31f
A/30101/2523610075/1775574643.csv,5e220060d5be061108c45e79a890b7364807d94e5065ccc003e6feba92b01dfd
A/30101/2523610126/1775574643.csv,688fd427686c0e9122164602e4ab540a446743a2fefdde719b22a227d2a5fc37
A/30101/2523610134/1775574643.csv,8617946345ccbfb8b3cc129f4bb5ddcc7ff209f5df5a3f1a0e689631d1e76208
A/30101/2523610432/1775574643.csv,6a0b9f00f23e13448807b121dea08a14f0e6916007124f28bf88d8f0560a3474
A/30101/2524610033/1775574643.csv,cbf91e8e2ba1dd093e212eeaef77cad4dd882f22bf0e8e4f26495b81db5a41dc
A/30101/2524610041/1775574643.csv,bb09a2156c95e4840c965bba8749825b40a1213f04ddf14a9db657159a67368e
A/30101/2524610049/1775574643.csv,8875531ca96c06a851624ccd39c0f3fd9b491d07eba6dda7a5e2126c05092494
A/30101/2524610074/1775574643.csv,cb20a45acf15196d6291743eee74247586754ad1b6652118006887fd51277f5b
A/30101/2524610082/1775574643.csv,f1884d124353061e5c6ffb48124f2251f0ffd49d69eec875581894c2da3361bf
A/30101/2546610759/1775574643.csv,0297c4a937112f7e03d95c5ab28c229bda6e524217379b482c8b46de990154b4
A/30101/2548610286/1775574643.csv,542890054019787981ba7a8d4ff2b01a4dc520e071eda732883dba809d862640
A/30102/2521610325/1775574661.csv,e136cc18ca145e439bee3158d2b615e4fed87c366319cd5bf71bd43f5fe5019a
A/30102/2523610003/1775574661.csv,c21f58888e9d5498e69c42c5dec2aacc93720b6cdad75c57172f4032a6ed5ade
A/30102/2523610041/1775574661.csv,7aeedd47481adffb1df3c560ee1bca10b2233babe664fdfdbc33214d61291788
A/30102/2523610075/1775574661.csv,f31946607d888f69cfb605682f05b43d78078143158e0d5679175758748c9226
A/30102/2523610126/1775574661.csv,fbb521fc169ec182b110dbea8d7992958985d6241e7c07eb8680f951bd2908e4
A/30102/2523610134/1775574661.csv,ef8d06dd51128b7e3f29c24e81bd8e182e3129a79f6159db797c351b53e4faf0
A/30102/2523610432/1775574661.csv,892530b153a1d10c5f6e029017f65366690ea6177f2e07d36706f6b6f9827d40
A/30102/2524610033/1775574661.csv,432448ad6dcdc24bb20cd2d29ec3b780327429f0576242b254da613295fb44ee
A/30102/2524610041/1775574661.csv,f4b432037944ea565770548e8394a678320a793cc17cf5ce4fdf8046c41b3673
A/30102/2524610049/1775574661.csv,57b9b44575f6bf61a93ee4bde98a0e46d8deb56f58327451298be2d01e00786b
A/30102/2524610074/1775574661.csv,b524929ad0ee987f93d1a7c64c4a11aff483237d74714a78d933cf52297102fc
A/30102/2524610082/1775574661.csv,674ebe5ac4bc0290681ad1b450a5a131d24c6f51252b188893c8d88307dc825b
A/30102/2546610759/1775574661.csv,4e4877e3fa227d881d3183f50f041571b4d95c855c6915e838a5491dc75efae2
A/30102/2548610286/1775574661.csv,9be4cf76d7f7b5b6b7fc04252b0211faa9740e7703ab1d11c39ead98eb4d1d46
A/30103/2521610325/1775574679.csv,95ee9310624e9f11b8e1b0bd7ea90c5d3b9cf7dfab659d2001fd60f109fb509c
A/30103/2523610003/1775574679.csv,c06d30e41adaf34a3fd3252a9822ea3f500c0e4da9fb23ca52cfb5d349ce56a8
A/30103/2523610041/1775574679.csv,3da15d4a2ce7ddebf8be993bb468747b1fa3df3bf480fd6905917c0501a2b0e3
A/30103/2523610075/1775574679.csv,416686456a3fae01da4c9602205b5000f83e1d25a76a4f51f19a78a65416b63c
A/30103/2523610126/1775574679.csv,c503662ae9595f3ed3f7929645cb8c6df58b09d1b6625e929fd83dcd53f20daa
A/30103/2523610134/1775574679.csv,45a9a1248d0544deb862b429aade0540e2e28dc904972e3fda587bda273241cd
A/30103/2523610432/1775574679.csv,6425f80a1bc991a41ddbeb78e0e1ecc912147d4dbd4a130cf140337df2b4cfe9
A/30103/2524610033/1775574679.csv,e6d1ec1b333e056d29f6bde864dd01dfbb4dbdb7741916de5ae67a9ae26e1d53
A/30103/2524610041/1775574679.csv,ede7b4ff8d3838bacf277caa24969c43c1f891c94b8df10ec18f7757ab7c8da4
A/30103/2524610049/1775574679.csv,7629702cb9a91f81a61a868ce1435607bc2b21e5d49341b1ad2f5169be0dce4b
A/30103/2524610074/1775574679.csv,a4c66d0cd26a0e4402d1367de1132f6fb5430fc14557f74546b5237fd44d9ddf
A/30103/2524610082/1775574679.csv,9ee5042fc8efb1e16ccd308f50588550ef953a1b621ec7082439484a0f2477ff
A/30103/2546610759/1775574679.csv,5e92d1f6acf0846131b29a236b716ff69f9e6bcd680537f0e8c14451cef8f80b
A/30103/2548610286/1775574679.csv,0421eaec97f872d89847392b52a33deae5da5d5b6051274a09046a30d6dc0149
A/30104/2521610325/1775574697.csv,7b83517c54143c2cf5f791de56f1fb337c4756d9765825d0c98ee87c01e61904
A/30104/2523610003/1775574697.csv,5d0b3e651ce8f7d3209bc40800b4f4c3c408496fa1d4cbdc1e9578d51a8b14dc
A/30104/2523610041/1775574697.csv,5eee10bc0237a8f60534c313c7177385d3c68ce407797a32377bcb81f4882f2e
A/30104/2523610075/1775574697.csv,e3ef093634fa1ce0ed915d26505f9ede2a372e89a48312444144ed4d209402e8
A/30104/2523610126/1775574697.csv,1f6229e1a85e3dac5da168890f72e5b737e58cb09eff133015d515f557148a78
A/30104/2523610134/1775574697.csv,12b3d36fbea782dfe8decba7c8a0d014f811004a5c23b3c2d1959b2e5a93b4fb
A/30104/2523610432/1775574697.csv,8ae0d64522ca6f24260e1c3b7d9afcb322a1de2758d5d89fada886cba292fe12
A/30104/2524610033/1775574697.csv,0eac5e25ed440a7f36b7d9e77bb111536ed1109ae81cfe3987b054f28f22d303
A/30104/2524610041/1775574697.csv,b8033f05244bba72cc7fccbca47519edaf18ab1d3bb1c8ab533c43af7ef32c89
A/30104/2524610049/1775574697.csv,8f79fdb7bd2bd8ea03325e4238af4fb0006f2fe63436566ab6e159957cd2b7d3
A/30104/2524610074/1775574697.csv,3ccc7004e86c5332ce7e8ffe350d90e8d10344e9b16b2006e51571547faf0445
A/30104/2524610082/1775574697.csv,f8e43483521f9a3dba59b8583ae3e1e24b040bfc7fd37f96850d56ea3d4fb41a
A/30104/2546610759/1775574697.csv,68ecc67170165ff363d35526237603b6497897a293c0d39a0a73837ff876a7d9
A/30104/2548610286/1775574697.csv,1bab712df61187c80132a069a9b1bdf455034164350b92a282bbb93cba3a4672
A/30105/2521610325/1775574715.csv,aa2e7e33c168a33c0b9ccc377a05098e8efbd00d759427146383b2b0a95eb12c
A/30105/2523610003/1775574715.csv,3606fbd16cf24024acdfcdbcf8565f343f47c3f19e9ce9d645d322d8e8cb7767
A/30105/2523610041/1775574715.csv,1917d47c2090b3b8af975c40f3c03de18e6b66e17cc6e5661bc431b81ca4f746
A/30105/2523610075/1775574715.csv,421ff4164632c034d3df24667527f16e0d0b1bf04397a458b91fd36889fa373d
A/30105/2523610126/1775574715.csv,b7ce02e8cd3c2d8ef4bd6a97ceba2fe231c6357a1eb3ed8ef38e058c80675757
A/30105/2523610134/1775574715.csv,554f6c68df9f243e5c7522a58a9c89e0d1a563702d606877ce32fdf1df856a5f
A/30105/2523610432/1775574715.csv,943e7afa99223b7405e7239c01b885ca300d207b70e1197ee8c03d78877af1c8
A/30105/2524610033/1775574715.csv,2859bc3e261d63ce44bcced6cf91bc1110b87fc90481b38d73581a291829ec8f
A/30105/2524610041/1775574715.csv,521eb9e435b51b4b19861aab0fcef59748aeed6d0db97cd079c2c5ab229e252e
A/30105/2524610049/1775574715.csv,f32b00e6410685038614542cec16e4b08609c05b337ffba396e97b10d7675107
A/30105/2524610074/1775574715.csv,ec7305a8fb698966a6dc93ae7046b77c7fe69a920029bf885e5884b0ef8e3f02
A/30105/2524610082/1775574715.csv,29dee0f9050a2172ba66615988a95fea4aaf14ea539c067878daeed6a25fa880
A/30105/2546610759/1775574715.csv,107779903d239eaa589a9f1a5680b68909d42274e0fde1dcef4e6992391d0ed8
A/30105/2548610286/1775574715.csv,5b997df710924a1301f5a10c1b773b30d1af2c6e17c8de86745f6a8803c3e8bd
A/30201/2521610325/1775574733.csv,84d66c7d903cf109557c2218c141d2d65a88eda7900130e07b520085f1faf6a9
A/30201/2523610003/1775574733.csv,09c8f3b2fbc559defa15fc2557650bd54f81f8586ada7bdeca609e3a4d88c8df
A/30201/2523610041/1775574733.csv,9365712f058d8941d02b862ba8955a682bea1e267d281b5ff64f12ca903dfd92
A/30201/2523610075/1775574733.csv,a96f57d80862b9755ef8b8521fb4c3c16688ef8bb962dc93af1f7e2418986d51
A/30201/2523610126/1775574733.csv,de9824f27f3a913bd56ab405fbc87e571adb07e77c923e3efd767f682f213964
A/30201/2523610134/1775574733.csv,2b3f19d74bed9b5026769e96b6bf7e63447945644ca11f38d305bd654763c056
A/30201/2523610432/1775574733.csv,981fa6830545f1170ce39bdcbbcec4c04c1e8d55f90c4111ce6547d3a4e19899
A/30201/2524610033/1775574733.csv,e8de6274254c77448d95ae042206745bac89cf1c194e96378b410814d2dbbc1a
A/30201/2524610041/1775574733.csv,f720eb8673381a263f5bbf934800f779771e1447728873b005ea6d44cbf964cd
A/30201/2524610049/1775574733.csv,3c20a5d296f9a7fca27557aed2dd230d41c9e7fcf25e896b9148ee8ecf649e74
A/30201/2524610074/1775574733.csv,09e3b56272ac4935ada977398256eeb24f7d8505a305168a947e6bf287ba6d8d
A/30201/2524610082/1775574733.csv,109312eb3faeb83793272848dae99c7b68b25585c425b3b677e70678be6bcb74
A/30201/2546610759/1775574733.csv,2ddc9a9fdb9249d1529f72ff4813729f803e20b25f028635983db73501f49b98
A/30201/2548610286/1775574733.csv,88b0595989efcfbb2f54a798d91ed2584a545a4e6b889b942bf93e032b81622a
A/30202/2521610325/1775574751.csv,d67e803ce0f1879b817b093f752195d5dc5947f56363bf142434f87c0b2787c6
A/30202/2523610003/1775574751.csv,6f59adecdfded7c02aef682fc5445fd5b34914848c003baf812a60699983001f
A/30202/2523610041/1775574751.csv,349f38da53d5b8a274000348807b2bba23567a8f86a6ab68a21fad67afe4b163
A/30202/2523610075/1775574751.csv,bfa052ef040296e959653b343ecb42651d67dda4851892a07e653834df564651
A/30202/2523610126/1775574751.csv,964ff4e2d95a6bf39e5b0c099c93b17f6d652aac06face2c350daec79e25b473
A/30202/2523610134/1775574751.csv,90ed98afaadfc9bdc0e1e6dc75f8fefe20e80e5e4e875eb84febd3d046e18f5c
A/30202/2523610432/1775574751.csv,0572331e6d6181e9dc71cac5b6cfca5cf57ab74570490691ff60f583cf299315
A/30202/2524610033/1775574751.csv,98e7138c9b036833159f46769dd51ec684f89b0118368b2afe572ca79e9adf38
A/30202/2524610041/1775574751.csv,d3ad33037523162db3f38c6831e023636bc923008fa6764b81261ce74e597746
A/30202/2524610049/1775574751.csv,11cbe19e16fe58532372aecd7a3c56c590a8e5bebc9621a810213e2c1a5a02a2
A/30202/2524610074/1775574751.csv,4906b8b22f2b5190376b8314e3df411b595b71a1d3616f009c3ec2cf401fa83f
A/30202/2524610082/1775574751.csv,7ce8c92984e267dd749197efbb7424e374793e977f8a4359f3152c90716919fe
A/30202/2546610759/1775574751.csv,1adb66f3605f6e00e6694bd7331d71c8542759fba95e42e2500bbbe9fcacd537
A/30202/2548610286/1775574751.csv,c2ecd331ac856418a16345bdf76630c9f9c77bdd99257f43c43b324138b0afbc
A/30203/2521610325/1775574769.csv,9bce4640782517a98f82bc43445bdd975c0805ec230735efc7a1b6ca22c03cc7
A/30203/2523610003/1775574769.csv,1765a076ff2f5c9f9be889c50719b3aaef6e86b26bbcb1c5cc65c4f88d5c19ec
A/30203/2523610041/1775574769.csv,a7008a2403de1fb6f46f810feede5a9216c016a0a1d12755929a0436f13e0722
A/30203/2523610075/1775574769.csv,ae1f7ac0e37e4aa0488b383720099b632af5c333f61740372d75877232effaac
A/30203/2523610126/1775574769.csv,c0ebe0287cd1eeb53077bfabb29c368e69f660d97ef1e765bc789c0285bd955e
A/30203/2523610134/1775574769.csv,f7f3e8dd3b2482971bd0e4f87fd97d79a875871b5c12f9c29815d59a4fed1079
A/30203/2523610432/1775574769.csv,df649595175fa5f2522bc2422d5ff158bb9f2b43b056d87884e38cba6fa2b6d0
A/30203/2524610033/1775574769.csv,e8ec2fa589ecd54bd3fa53c30df205d28ffef90c22649e4cad72886d40f3ec3b
A/30203/2524610041/1775574769.csv,e1b5b426eef9c8a6c26e5a6bd360db5a0901a4be30136fd11eb8f14ce429364c
A/30203/2524610049/1775574769.csv,9506076297bc837def1a35f6548d689387edf3f435f238d358bdeb2dde51e8dc
A/30203/2524610074/1775574769.csv,7f9ac37b979c7b5ebc4ca7c0ccc9ff6b316f82f6c6c2eebd64b901d96658eba1
A/30203/2524610082/1775574769.csv,854ee4dba0b0e9cc8d58f4b8a82e9882f2572d8004e75c6a620510023195c84b
A/30203/2546610759/1775574769.csv,296daf4d98696ba8b91f540e92d145a1a94369e6b3f1adc7e88fc1271e028d40
A/30203/2548610286/1775574769.csv,2f127cd65554c1a31be4e1f880cc35bd06437298fddc02a93969a50a375c0f95
A/30204/2521610325/1775574787.csv,1a5a6cb7d31760ac4c9e02f373c65b85a366b432f540a6ef819bd430670e7a3f
A/30204/2523610003/1775574787.csv,5e2ad568e90134de82522ad3863c338e9e7969f7db44c6a08ad6d9f94475719d
A/30204/2523610041/1775574787.csv,f2b9e4d848d920c79666582e6e6e1f49a056c04469bd6673cca72074cc3114f8
A/30204/2523610075/1775574787.csv,33890389b77db18514a0fcc650aee731a288b2d686a61f5719d70f95469dfb5c
A/30204/2523610126/1775574787.csv,b175e370549aacdae32eccb545ca84d16ffa87d7b4349f430a468befc06a6a41
A/30204/2523610134/1775574787.csv,0a6a9b45d5d3c77a0cd646c46fb56bd15e10028b0df32ced5ce3297e03df892f
A/30204/2523610432/1775574787.csv,f329113ad33f974cd82b03e20fa1f4d94dc8f7ed7ed01d3ec9165be13619a2f3
A/30204/2524610033/1775574787.csv,5bedf8c407039f56ae05c0fb021230888a80eaed89caf8004a37fd88fa816374
A/30204/2524610041/1775574787.csv,35db9a92d65b606251aa56a14d5a1ca61b9edd695351105fcb73e579a55009c7
A/30204/2524610049/1775574787.csv,6f52ce268d16c1085eb021113eacc2c62344051a3b3540e48bfa94e02963339f
A/30204/2524610074/1775574787.csv,8393de517fba69bc6548583e9f625e1a6f348e7bfa0d2ab869c6a6db8794cca7
A/30204/2524610082/1775574787.csv,4bb49c599d22b3bfc6014b9037b4cc89847618384420565e49231b9941b45c97
A/30204/2546610759/1775574787.csv,e79a5d5274d2308b5896ca90940a9aeb7ecf71e647b35d7f7d393df4375afdcd
A/30204/2548610286/1775574787.csv,6308f9b01405c82d72dcaec4eff8df7b8b54675fc01d1c7497e1e8e8a73a36dd
A/30205/2521610325/1775574805.csv,3576cd7b614b03a4c17dfd1b4e582b77d2837ac17a05d9e8c72cbae49cfb8204
A/30205/2523610003/1775574805.csv,6dc04c8550c72dce4187e82014b1680ba37717a6848c7f8d6b4d09000a7acfd4
A/30205/2523610041/1775574804.csv,cf906463ffbc06264f4c8af28afc2f03d69bc6e1e55c391142365a85870c61af
A/30205/2523610075/1775574805.csv,14ac4ea0df163f41839ef95a5fc6d535bb01e185c29aa85861a0fe8a9a0e36b5
A/30205/2523610126/1775574805.csv,54d91c8e9db515343e61a969d330aca63bc7dead3d27ba6205b3247286460145
A/30205/2523610134/1775574805.csv,e1d20034c19e07e764759a98dc28091f5a2c5570e1e53f1c021c2b9ceb2b0ef3
A/30205/2523610432/1775574805.csv,3944d10cc5aa5a2e253142e768e4a4edd8156b9a069ef9acbbd9cdb5b5c516d3
A/30205/2524610033/1775574805.csv,df97a127ed547445ad80605f0386c58defbf67e47dfb27a1908d36e5905463e2
A/30205/2524610041/1775574805.csv,ebefcabb3e44e4c083b750a634b22365935778db616aa8758c0f5fe667bd9f39
A/30205/2524610049/1775574805.csv,4ce77d72ee823192f4f10592589fd5820e0ba82e9226908b6d1245b88185cf86
A/30205/2524610074/1775574805.csv,7366472c01181876ebd971a77b511a1441cdfe206bfe8e3634a6766f1c2e2414
A/30205/2524610082/1775574805.csv,91f96de5cfb2cbd25fb11d613edf2945bc829690839846ca0351da12deac745e
A/30205/2546610759/1775574805.csv,512eb3fd1e3b14d165235c526c145e8a28eb554e157bee915099f692c4d5bcf0
A/30205/2548610286/1775574804.csv,bb9ef0f3ff645de409e492e3e71910a83573f8870194f4beda261440c870ac0c
A/30301/2521610325/1775574822.csv,5894196e3021feb744399336326b5e8efdd0a739e67446e3bb1101b12b072086
A/30301/2523610003/1775574822.csv,75cd14480ef426bb035cbd6edaed2703e209a8a2159da1d96cbb87106b04732a
A/30301/2523610041/1775574822.csv,f5e6d95813e2759a9954fe65339c60fd26e8b4e10129c8fc9383869e4689616a
A/30301/2523610075/1775574822.csv,b46a0375d22c0bc9b2d3b172ab72b1c0d6ad38c3e80e7bfc7822fefa444cc991
A/30301/2523610126/1775574822.csv,4b1ef0e3a256d6ac9e6b06e4f0167cb0b9f829a9e169663739feb7374dd38ac4
A/30301/2523610134/1775574822.csv,b00117f9c3c2c74d710477461ddca14443655eab1df70ed8dd4c7a1f7b45adb8
A/30301/2523610160/1775574822.csv,fdc1f38a93b124d8a2e76912a67eb3a18033113d069b586b19d7802d3baa7a41
A/30301/2523610432/1775574822.csv,8fb725db9e3be4894229dcd21bbe41f58922601f3e7968341b0d0f33af1ef491
A/30301/2524610033/1775574822.csv,49076459948d11ecca766941a61a58e4f770f8fb05d8c4c693623dd50ca94cf8
A/30301/2524610041/1775574822.csv,76a150af830ed3ecc001a0391c222c3499ee51d9b7285b98446c35b3e24e54e4
A/30301/2524610049/1775574821.csv,9c2c5925bf6035db9a1a314c6c8e03f66a2bc9f82fda0dcd98268c6ee9a6f725
A/30301/2524610074/1775574822.csv,dd82f4d8ecb83ce6c54f3ebeb8d6b83df0c9c58f56cffd140fd8d7e867256efa
A/30301/2524610082/1775574822.csv,7f32af39dd65b93a8c299493c00da61ceb386f3fdaca522701be8042fb62365a
A/30301/2546610759/1775574822.csv,5fb1507aa5f1771332a0019912cfd79489f87f4d8ecc65272dcb1367c59242ea
A/30301/2548610286/1775574822.csv,0d541636b412767b1bc086e0e3bf83649c7c7a256feb41227dc0cb14325303bb
A/30302/2521610325/1775574840.csv,4a5f8db833264d24460737de12796b4bb0f94140df2d16a45d5382f92886c7bf
A/30302/2523610003/1775574840.csv,a263c2694fbec3be8714cebefb898ab462a042d782ad3cd88fb801f70e07a0da
A/30302/2523610041/1775574840.csv,e043c263b19572c4bcf44d71474e559c2821ea43fa922fc9e47e8b4eca4209ea
A/30302/2523610075/1775574840.csv,f0c22fc65930032e90c7ef912e1605a6a6186dd1fa2d4c5a58f3bf27b47db893
A/30302/2523610126/1775574840.csv,96ce78ea56d0a3fb5fea116f1e131f0b73ca40a21cb2a4e49935b472ce6c1a36
A/30302/2523610134/1775574840.csv,d081a7089455f54d85d33da1cd0d4c8c4be9b45f5a1f78b522bc462e63d6e691
A/30302/2523610160/1775574840.csv,a551e8378be58623418c251bd5812aa90f57db15a8e1746de4d5ac244db87bd6
A/30302/2523610432/1775574840.csv,683954503a94f5c4421adbb3d254360787cf01be1888c3156d8d65a6ffc239da
A/30302/2524610033/1775574840.csv,299506fa6847bfe439fd984d77adf10d3b9199dc8b838cb4980f09ec4716f2b5
A/30302/2524610041/1775574840.csv,f251eee10b54e886c84fc2be059048b9c5a807b9208e3a00f8c7317c0565fbd2
A/30302/2524610049/1775574840.csv,5b4b4cdf975b114097b8f6b1c66a279b1c04e8985754ba19dc7326ef9aaab073
A/30302/2524610074/1775574840.csv,39c64d46be3de3b54bef139743d71a4f039f0135ce881f199a075202e2d48fa9
A/30302/2524610082/1775574840.csv,0a5268d4549252fa5466777219c69b4864da95bd30a1a84fd0bfe830981a9a66
A/30302/2546610759/1775574840.csv,c7d28bebb5a864596c05d8475a78b45489e336d25291e9148c1de25018b11dab
A/30302/2548610286/1775574840.csv,878b15d4d1300df4b415f64ee226f772771184224560b42d24fc74654277d38f
A/30303/2521610325/1775574858.csv,ac10638f28792188c5c68aaa35a1dc87bfde387ccb4e00d07012e258da8e3570
A/30303/2523610003/1775574858.csv,8b3233c9abbb786ff97e0fa03627aa566688ccf45f3b03b8a2511d898e0bbf66
A/30303/2523610041/1775574858.csv,feb54847e133c00638c11268233c7e4d9ee0dda01e3632eaa20bc3b3f18fa1fd
A/30303/2523610075/1775574858.csv,4c634848b4d9769110f995173e890aa46bb2a556f20987abfcc77bb1219b672d
A/30303/2523610126/1775574858.csv,c74142963236cbf27bb1e0cb2db1ab010a6b255547ea0a35ba0dd13c6642d151
A/30303/2523610134/1775574858.csv,d907ae89927c28ee15c24e283eec4a28240c1b891bbfdf734be4744ca53e6ac2
A/30303/2523610160/1775574858.csv,fd303201f8ccb34ba7c4ebdbf75a40fc4e59d67aa2ba0daefdda1577d1df25a2
A/30303/2523610432/1775574858.csv,1fe3b7496f5959cd237d3648820c6716fb7700c69e73e8c35c943e6fc5070c86
A/30303/2524610033/1775574858.csv,5ca8044f10d3b9f6e502cf0c1976090a154f7447716b4feaec53ce28d2e5a6b6
A/30303/2524610041/1775574858.csv,6cd206250adfa92597b2ad8f49557ac2721f2c2b056ccee72da49555fc88a7b4
A/30303/2524610049/1775574858.csv,fce4db09a3f9e920a745223d736a7bf710eee05ea6dcc21b1d83918ffa484104
A/30303/2524610074/1775574858.csv,1bbc5d3c1496610a41fa4797d4cf0dbbc9542587159eda374fcebbec90a8170a
A/30303/2524610082/1775574858.csv,e3c59e384918fe7bf82859a4c58594bcf6a1583b498d9fc36a0ee83ff95d431e
A/30303/2546610759/1775574858.csv,b34bdbcd49ba044ae362b24578450922af022562e8a40e998a4bb453b1045774
A/30303/2548610286/1775574858.csv,0c5245c7814f4172624dc99ea26947c4564652cd3062b41e8ec212d079f78c8a
A/30304/2521610325/1775574876.csv,b7ab98ca3585f4f3e62d3b8dacfcea6b20c8b17b5832dc6a1dc48adc2e722474
A/30304/2523610003/1775574876.csv,b5af07f7c1d4faf38beb3e1aeb2bfc255d00f43c18675df41b76ae7e9f7290a5
A/30304/2523610041/1775574876.csv,b8fa384a9a2ca0b94250dc658225d62def7c6b2e6317f9d3db26ca5cbba97055
A/30304/2523610075/1775574876.csv,01ace245bec55b75db293f1630bb07b7b6789363fb38c4a2a16926caa0c3cb75
A/30304/2523610126/1775574876.csv,dd9824b3abffc2a415b2a64f89b6821cda4ad7d24182d85d741a7bd1bfa52004
A/30304/2523610134/1775574876.csv,9f0e91d4e2c600d11047d1b73ed698b4f2dcd3d6919a565aed696b64c83326ca
A/30304/2523610160/1775574876.csv,bcb3d1728aa3675954e2b6ea4045ea362e59383eae4568c3ff2d232dbb48b119
A/30304/2523610432/1775574876.csv,9941c2993cbbe9a618c77b91c4bea51bcd71a4d0cbf7e86b1e60e5955bbbce97
A/30304/2524610033/1775574876.csv,bb48e39d469f825ce21bd5c152188d7017394aa35335e6e3f338100059c89ab2
A/30304/2524610041/1775574876.csv,f4b91d2753c108b93618e39a2c290d4dfcf6da29b08cd2bd8d32dd198730bc9f
A/30304/2524610049/1775574876.csv,a2c592abd5d36e0356cd2813bac6ad1be9b4b5bb301eb9ad4992fa7306631de8
A/30304/2524610074/1775574876.csv,e98bd3d4e1533b4e5f2c12faca0a9390e4dbcf9990cbbd5a30a05c940337a170
A/30304/2524610082/1775574876.csv,3e5a15e9ad16612df6b83107b2758334a706848a0c487bba73cf168a4f6416c9
A/30304/2546610759/1775574876.csv,dc259f3920e185acc1d2e3e92310947c5db3ed8bf8715a70bb362a40368c4170
A/30304/2548610286/1775574876.csv,96d85922edd481a75314adca2d09b7455f5e94c998afef6e9463828cc718ac7b
A/30305/2521610325/1775574894.csv,6403378bab4905a5831593e9a8eca5d516435f1811e49f5f71bfece96b27f441
A/30305/2523610003/1775574894.csv,3c4471133eb02b341be1e8485667d87779376c018cfbf89cf064841c65281745
A/30305/2523610041/1775574894.csv,268fa39e1cce5cb058b6646ad689d26c37d3fa37d11fdfe4271c076c191cdfa2
A/30305/2523610075/1775574894.csv,e2655882634ade2d2c71694df556aea4146aca32810cd8ac2b5a12b8fa91a638
A/30305/2523610126/1775574894.csv,cb129de2b1b1fa098de35d590f3ff52d56e61a8e91d10ba34be58e73a251d851
A/30305/2523610134/1775574894.csv,658a8dba4a5cec2a53acd9cf09a54cbd7cdbe9eb899d95151dcbb47f44de373c
A/30305/2523610160/1775574894.csv,23fee2ca2a9b92511e82410c4e2d8058b1855870c381facc7c564e4a1f78801b
A/30305/2523610432/1775574894.csv,0baae4471941a571957b364d86aef5b6184b2978d994e2a7e8982aaf1d1d45a9
A/30305/2524610033/1775574894.csv,1f18579713c70923a43763abf8c35c4710ce7257c56817fc4c9baebc0d6ab132
A/30305/2524610041/1775574894.csv,41756f13d1332c3ea6ccbec8f6f38f4f05f33623ac696247c746f4e6c3c9b553
A/30305/2524610049/1775574894.csv,6ac8ba619da6d4656f140be005874b43a00e3b001391338376b137c0bccf392b
A/30305/2524610074/1775574894.csv,c17f8bff3ceb7594aaf2f567fa309da439dbe0d1d63c814caee0d9b6ccf2c870
A/30305/2524610082/1775574894.csv,988c4ab2065328415ab49f0110082e264cd37b6439d36eb262d4ba7526e22996
A/30305/2546610759/1775574894.csv,bd5e28b6fac60acdf34ba550441032e0b5135dd3640ee5d100f981f2ba924374
A/30305/2548610286/1775574894.csv,1f0a0eb3d10bbb218e95d4e2324ae910c38eaaa4d391ec2a45dea5f9a47854f6
A/30401/2521610325/1775574913.csv,f30502e6edbb4c0f9bf3407aafae5be3cafcda72dd32ebc7de6c0731ca0c2f1e
A/30401/2523610003/1775574913.csv,6a21d7212d124a1ca713a08e35e4829e408689a511088f99fb207d8b4aa6ffb7
A/30401/2523610041/1775574912.csv,f866b32775efcf1dcb6961bae44a6877dee9cf2c5f4186a21112d8166c5ebe70
A/30401/2523610075/1775574913.csv,05b02b2e480d2b7b9a6a997a95446435d2afb39f641e607243b3bf6852472967
A/30401/2523610126/1775574913.csv,a59be147cfeafff74769e8ec43bd426f8fe3d9697691369457a042b5e1c27ed8
A/30401/2523610134/1775574913.csv,3e8905f7d8d10ecfaf93ee035d0cee76e8d4e8ea3f1299f474daf2e38a53419c
A/30401/2523610160/1775574912.csv,b441b7b9462ac4bba64862641b921d3f263ab927550f73ff2c4f31a213d6dc3e
A/30401/2523610432/1775574912.csv,c3a291ba04bb23cd36d3e1097eb14f26c422c71f7c5ecdcb2f75ffa2eed25270
A/30401/2524610033/1775574913.csv,92bc82571631580c20e10b7cd2e5e10e9422c27f081c735b9c5fb9c41b2f9587
A/30401/2524610041/1775574913.csv,43776682927fdaf9aa2e438b84a006f7c30c13045e0f0652f00c1ae9785d5156
A/30401/2524610049/1775574912.csv,3bf50474f3ecc67a448bd8180657c546bc29fbaf8a02b31eebfa247f32e34841
A/30401/2524610074/1775574913.csv,ee42500f7a9f855cb812fa5d944cff209d04139456b49210b62d6b2598f10ff0
A/30401/2524610082/1775574913.csv,b109482488e1062a6a89e3dd2492ea07f15872fb7402faf2e119a2bce0dac465
A/30401/2546610759/1775574913.csv,b6ec6e889ee6e98017cc4c998bdb4e54a468554e65dd79868905c988a0e8d9a9
A/30401/2548610286/1775574913.csv,e915d642461c6c112a2024edbe528bef8d842e5e9a5a4e767adbf005d30bff45
A/30402/2521610325/1775574931.csv,d910f1380924c1d6015a579e74016025173ff9fa58b49e9ed0d792570edfec60
A/30402/2523610003/1775574931.csv,a229b9e6ae32272f64bcfd3b836ef98c544841f3df2c51971bc39b74297351aa
A/30402/2523610041/1775574930.csv,8deb7f83c45c608efebe62c928d839177c1d9c6182e0986d1854589c5c99035d
A/30402/2523610075/1775574931.csv,09baacfac101387e3b2d5509c7fe3be5c017b92f731210b40c8bcf1e39542d2f
A/30402/2523610126/1775574931.csv,1d56cf39a21d04c6ee60a94722ecd78aa98b90cf2322066074e0777499b1e048
A/30402/2523610134/1775574931.csv,6379769a7e551ef183e8599a6921c95bf4cafc8ca2c764333c65e2376a9a0e0b
A/30402/2523610160/1775574930.csv,b2f6f392aa653016ea01537da8b6b258f6de91a733e95bbbf361fccf7f6ada10
A/30402/2523610432/1775574931.csv,1dba0a73723de5bff8769e5f225800edbd1de0c19d049fef45349efec599507a
A/30402/2524610033/1775574931.csv,c5c33654c4e7f5ab56db30824a3c92d3e3d3a0ab2d0438bec902f2335ecfd85c
A/30402/2524610041/1775574931.csv,82ba4aa20e452f4ac51143745f257d7b3910731aef39bba93be4dd0b91ec1ed1
A/30402/2524610049/1775574930.csv,5c6cee1e9fc9984c930543fcb82a6cc783e8c8fe9d55ef30014904ca7cedf48b
A/30402/2524610074/1775574931.csv,d87f4f1a58ef45cf2214fe0e64062d11475093ab4c0e1a0f7f4faa65eb382134
A/30402/2524610082/1775574931.csv,d8dda406882659a7f3d9cfa5da347eec46189388494e29f7d67f1a548ecf6927
A/30402/2546610759/1775574931.csv,a9c6c1970513b2d0708676b9327ccdf30d26c827bba243e7d410c81e17f05581
A/30402/2548610286/1775574931.csv,19a749979d0c0b5546d00c25007b72faeb926d0e69ab14d623968e17cc04e2cf
A/30403/2521610325/1775574949.csv,ff741587748c80fb30d929e15768c266e04ef164c051795fdf89a202dca7b7fe
A/30403/2523610003/1775574949.csv,b82f8e5b9497be57d49d45ba8c8863a6074aeecd1de59a1fd8ad22cc242142c1
A/30403/2523610041/1775574949.csv,ee60bd145d6522c508df9e003bed80cc84444b60dd5ce6815a76ae86111f1f12
A/30403/2523610075/1775574949.csv,e3bf5522e372eb1ef319b196b72bc92aa4950d122d46424e66ebca06b5295749
A/30403/2523610126/1775574949.csv,32da83703f5f911e38af18e2815fec32b60a1e9002ac82f8f25bc878082cba6e
A/30403/2523610134/1775574949.csv,b1cf362376dc761a08ff38c202a71695ac680ce08725f86541b6c413571d9f4f
A/30403/2523610160/1775574949.csv,1209dc4794b5e2d5e2832b7db550e15b3a55356a02a1338e7c558f1866ff686a
A/30403/2523610432/1775574949.csv,5d78777b45bbe63f732b6bc6b95205a2580d36802b14595fb9206589577962c2
A/30403/2524610033/1775574949.csv,5617c5e15995e9fb339d17ec768df9b71da5737f142c9062e884b9b13f8220f5
A/30403/2524610041/1775574949.csv,b3d950e9eb06d36f9e9a5d83159e3ac4675fd1ae430b3aace0c4bbc3daaf189b
A/30403/2524610049/1775574948.csv,1b4995520f54fd566b0f2f6b8cb4957d311e16b5def2b28b7b42b501fe04bcca
A/30403/2524610074/1775574949.csv,4f8c890e44ebe868118a946788393d274faa9381fe8cdea9ef9300f499a7ac33
A/30403/2524610082/1775574949.csv,013e1b0f84fd25789f8848fbf736339dc6bbb5d9481d6742db2f3f09751d0300
A/30403/2546610759/1775574949.csv,6e4ea9bc2ce2127588c3d09f3c10326f2406f647115c4a0f1fed5cafd42e7994
A/30403/2548610286/1775574949.csv,2822cd693b164ef7945bf87ea5c423dd1598fdd23271c8c11cde37dbef0c29f6
A/30404/2521610325/1775574967.csv,6e084338161d2673e16c7b7182b6beb072b68949daa6073408bca53aa98f05a5
A/30404/2523610003/1775574967.csv,37c5565d8064c7bcb2985ac8e76423b938d86b344bd216a414887db2a27833a3
A/30404/2523610041/1775574967.csv,d25a1a7d0c9b795cd14b9c5f79bdb29545ca54b916a1bac7930bcf729729ae16
A/30404/2523610075/1775574967.csv,28307848790c7e4d0b33adf955777a15a196742eb6090a12458a969a8a2a40be
A/30404/2523610126/1775574967.csv,6c6902788f696f6b88a15ad222e0edd996aca85b50db2f46faf8cef77bd8aac4
A/30404/2523610134/1775574967.csv,ac49ebc0948eefdf211e3992623b4b450fb9b8325a755ede28aba1e77039f200
A/30404/2523610160/1775574967.csv,28b94108653e452064ff9edd78aa8ba4406ac97077b85b084b877cccea4ee065
A/30404/2523610432/1775574967.csv,1d24b765dfe66c7886d25a44e6c1cb538f9b5a4bb16a7593364aa395b1c1d3fb
A/30404/2524610033/1775574967.csv,d40b6d7f937f64b6e2713e34f5b2d785923484291afa9cdbc55f14c07ef51d58
A/30404/2524610041/1775574967.csv,f156d6a36a9f2d58bcc9980224f3344c7b0ca139658575e21e042962ce509665
A/30404/2524610049/1775574966.csv,b10eb37d34a0a338c8d6367711f8898dfb7a4473f6d929e0304292a4fe484a24
A/30404/2524610074/1775574967.csv,254af14df5a34076bc804ce320e70bdcb3227bafe599bc84bd0bfcd16d1c48af
A/30404/2524610082/1775574967.csv,94b0d1d5395ba343b69a43bf37a3faec739acf5c86986b134589b8a0ec31ad0b
A/30404/2546610759/1775574967.csv,cee826c2bf013dbce0f1d3ca7e4547e55432968373b8a2167618841b2fdcc41a
A/30404/2548610286/1775574967.csv,ca54a54da2761d2bbc3686dc95989faa624b6fcbf83604b115220e704613dde5
A/30405/2521610325/1775574985.csv,4dfce753fac07029be3dd640c35f57e770c0a854225d9419247171289270b936
A/30405/2523610003/1775574985.csv,4e6c72461310c1f030200406f2e115bd9539a72eb609b0907088aad604429174
A/30405/2523610041/1775574985.csv,9107be254e0964b777912c844120d54113f38b2e97f952d170d5b804dbafbe87
A/30405/2523610075/1775574985.csv,e79725bb26682851472672d17906b996013f4206457afa7da371629c335efb9a
A/30405/2523610126/1775574985.csv,942d150c47422ecd5c9ae9d74a724cf380ce179435c6bd39b3fface45e0f6d60
A/30405/2523610134/1775574985.csv,b175c2b605db49e0ef21f70a62bca1047e67747bfb9e40b2069466fdabb0aace
A/30405/2523610160/1775574985.csv,b00d684d36d54640a013362fe22ba287660f519e4f2204dc3da490580b679cbe
A/30405/2523610432/1775574985.csv,5498c5fdc1089b5e0106ec142e2ab3a22236dac2fad342d0cdea3882034e44eb
A/30405/2524610033/1775574985.csv,f7126bfffb34860264b18a2c833ec1626c6bbbf2113f9b55b4864a836cb86359
A/30405/2524610041/1775574985.csv,2718b6dce5dc140d39193412aa470aaa6f0438e5d6e178cc393228bfa03d85fd
A/30405/2524610049/1775574984.csv,4131b5e49eab791034cc42b3080f97db88781d4985166e3d3379326082be2be6
A/30405/2524610074/1775574985.csv,5eabec1f85db78282ba80ce4e63d0199fd42b7ef31cd0ef0e029391fc47b71ad
A/30405/2524610082/1775574985.csv,a3f290c9f13c5381f3a8e489b3736bbe714c12bd9a2e6b17f9c6e26899feecf3
A/30405/2546610759/1775574985.csv,d19b1e62c65af3c363363da92c68819a581997482d5d63d586bda241dae46217
A/30405/2548610286/1775574985.csv,492f8464cf91d2afa1ea583ca9514cbda8ef2312e953bef7a0fce7349c9b169b
A/30501/2521610325/1775575003.csv,f6020f15828a2da24ff270eb660640553be5575761fb3911959b54c980b36c35
A/30501/2523610003/1775575004.csv,e04e1f1759c8e3790f04479ab78980d198fb2a56717822e24ee02028be672a23
A/30501/2523610041/1775575003.csv,78271e5eac7fd2256c25f2a2d37b397418a4a7252418a92c1694fca0ada81e44
A/30501/2523610075/1775575003.csv,f102513cbcb0f25de8edeead914dc06892fafb100e441a30b32b4e2d3ee4eb64
A/30501/2523610126/1775575003.csv,0baf1789d78a822abb096ff93e8d683ce65ab04183c97f8844a2b8a8ad491d2b
A/30501/2523610134/1775575003.csv,5754a8ca712c02c7400a6cbc89a873804f0579e2bb1267f511fbdd93918e260c
A/30501/2523610160/1775575003.csv,157d45319a90721bf63c2646b463295a0483c606ba0741ba8e6d25960004b9cc
A/30501/2523610432/1775575003.csv,b0434d49529d9d58e98f93c1b8ad844216baa9e33b4f80258acd567986e7be3e
A/30501/2524610033/1775575003.csv,db5b1e0fe5cb7e49f5f1bccbe068979fb39ef4857c4dec7419f7d95d1aa8a0cd
A/30501/2524610041/1775575003.csv,cb235aadab862c1921ca4c9ceecde7d10dc0df89f40e062d001e22fbd0b08b87
A/30501/2524610049/1775575003.csv,03f7b66bb6f76edfb1bec85bef534f30767e3585e017433612f284a53d6353e2
A/30501/2524610074/1775575003.csv,c9e322848b9487b0d024e38df2a13c73f638714b25a8608a24fec00f34ba30c8
A/30501/2524610082/1775575003.csv,1ab3e76768b9c565ffb85cf43401d82d9057d602850dc01434da311eb226a002
A/30501/2546610759/1775575003.csv,6fa068b22361c53ed3e0c4b3d4a19f83e0b13dedc7465f40cb8af5d997d56b77
A/30501/2548610286/1775575003.csv,60a53981c5464c74b7a16d6cda168a43193869afb67db495160bff3a769465c6
A/30502/2521610325/1775575021.csv,b09dc3cffc94ea11bbf33f71198b644266f91dd4f22fa8b9a62f843a9ab1fe2c
A/30502/2523610003/1775575021.csv,e94176e2cc4d995c00c09039fd9e17d7a2b82f3a69dc4b342848613ab19b1c84
A/30502/2523610041/1775575021.csv,fc61086fe78a8cb48d12688b438bc8abe33e92e66c50641df57366be7a2cf65d
A/30502/2523610075/1775575021.csv,3bced8a61cdcf960556141f0c62552b5cde05f53d664fb003c089f8210350c91
A/30502/2523610126/1775575021.csv,ead3fa0e93b9d102c24879bf6c43c7700ffdb5ce137b4e9648ff7650e21668a9
A/30502/2523610134/1775575021.csv,c5b1b0e06d8b6f3107ec203bf92c849131d309f8567355b939322e1c8a5e2d7e
A/30502/2523610160/1775575021.csv,b305714706b55e4fbd215d174ceb2c1d701cf1d3e32482731afc50a35d0ef1ee
A/30502/2523610432/1775575021.csv,958debf327bebdca5cd740880ad1d0b988b5f11affb5c4df26626b842e1d6166
A/30502/2524610033/1775575021.csv,e71a1dcf0daafaa59f4e6b67b42e28b55a24824330ba29f825498734cc7bbd04
A/30502/2524610041/1775575021.csv,935d6e668509da147efa457cfefdbfcea0a5c5bfcc98f0e732b91b3ec8f3b69f
A/30502/2524610049/1775575021.csv,7838b218826315b51cb5c498654a103f4e9c15ce670894807a0cd56759dc8aaa
A/30502/2524610074/1775575021.csv,25ada928c92fe99a38aaced1a925269213b2f8077db68badff1251ce99902034
A/30502/2524610082/1775575021.csv,2e5a70bf233f4da7bd0df30d1d43794d9ec4ac4f46ff06beef5763114bfc129e
A/30502/2546610759/1775575021.csv,746b3b2ab439ed226cba718aaade4e1d78f80b54b61a7af959be1cba39715b06
A/30502/2548610286/1775575021.csv,dc024b4edbd172d44d1420d869242588591306ced4430b5eca5c72b9582b295c
A/30503/2521610325/1775575039.csv,a357fc1bd72c2f7ac065e68f37784ad039b55ed5868c86ccb433088bc6133bfc
A/30503/2523610003/1775575039.csv,caedc937802c80aa97998cf14d1c07d395c5715765841aa5343fe3fdb65242c3
A/30503/2523610041/1775575039.csv,ad9f63184b144fb702e58db74ebef41a1ec9448753331f15b2851f530d2a669c
A/30503/2523610075/1775575039.csv,05c8aa303e3da86a296cd47fd9866673f953b75a5e626bc155210682f810d3d2
A/30503/2523610126/1775575039.csv,ebb204edfd4fcdc1e176cec49579c23523319ce746448ed4f7db7ab24b496fe6
A/30503/2523610134/1775575039.csv,656a08c334c64ca05442a4ef01b45b76372815a219f6b7f5edc943cffa20baa6
A/30503/2523610160/1775575039.csv,4aedcb614b28695434f53c18b95de52067d1b058628a6fece3258759e0246088
A/30503/2523610432/1775575039.csv,87e279a8c5bffb2d671938be4689048bd2718aed03ba2879abdaa7b600ac70c5
A/30503/2524610033/1775575039.csv,e2301157e2bc11faa4394a734b670a9de38633a185a472d960e181c183e439b5
A/30503/2524610041/1775575039.csv,268007f70c6bb5705d68f0fa7c8e7486742f1c0cf779b831c9aad14b70b6a9d7
A/30503/2524610049/1775575039.csv,535d1cf5a46b8891cf914c6f75785fd48564ee1c0391ef3e652018f1855909db
A/30503/2524610074/1775575039.csv,b5fbf89a57ebc848766647c3d3759ff11edb5e00e0ac77d4afdef639474b4e25
A/30503/2524610082/1775575039.csv,20770c1a5258861d399b5dfd0440ad04c87a246b670b3146e0b26e394dd0ccdc
A/30503/2546610759/1775575039.csv,92cc6bbb7b025f9a630a903eaefae13e97bae7d52f00ca9735cb4d3cb71e9408
A/30503/2548610286/1775575039.csv,18d03d8a63a425eca91b59ca1c2a3f5329fcd8de69e7985f28e292272a4b9677
A/30504/2521610325/1775575057.csv,fba0ca73c82acf8104287e808e57dec73102a6817641756e75d5985abafcb455
A/30504/2523610003/1775575057.csv,c716c4c0c11b5fbf5c5ff5bb1373214a61b88a231166187e85dc92f49fc47753
A/30504/2523610041/1775575057.csv,339986f943f398ede15e4f6b47a76cc7c3e6773cef67271aa24f2d244596df3e
A/30504/2523610075/1775575057.csv,d562d6270743cfac2909d9747455ea382548b9cd1c310bec81a712319da6eb38
A/30504/2523610126/1775575057.csv,edf30780012b15807c9f23d77c4ed93761159ba11820df3ffeaa104cebd75ba4
A/30504/2523610134/1775575057.csv,b8705ec63b2717536ebbb04b5c610345d361c2f342cc6dfb652e3660d444d800
A/30504/2523610160/1775575057.csv,e72ee8032526f71c866e7d763fc027f37142a9d877b72c2c072498fdd17a794b
A/30504/2523610432/1775575057.csv,ffec0af4e414da4893fe4c07e4a95c2e0d7ab2ff2f1d4b9a5c63fea47b132335
A/30504/2524610033/1775575057.csv,d08e13d1d358a04b94f795af023cb1167814acccb7ddd4dfd2175a2ee7000c32
A/30504/2524610041/1775575057.csv,0c2eec6c5db81d5397f3a1d018323e8ff75c3ec8d08df770ec779d945c619fbb
A/30504/2524610049/1775575057.csv,1e5d0692d08f24de275a767faf12b856b6b878c035483c7f4c90a4707de20450
A/30504/2524610074/1775575057.csv,7322aa68b68501defda2ba35aeadbd8b2c44e5f9578ea3cedf8d2ecd6142566a
A/30504/2524610082/1775575057.csv,0d9dcc3bd11af57bab1bbdbde7618af9ca134989f5b6559f2ed481c84caafd08
A/30504/2546610759/1775575057.csv,1afefa4a02346eae639777bc2a1900423aa6097688cb15db02dddb82b9a287f1
A/30504/2548610286/1775575057.csv,9b092b896c61976697d0a79113299c80d1b5d0cfd16937241633de0345881ed6
A/30505/2521610325/1775575075.csv,8eccd5ea22fc08c10d49bddb872321f8093298a3e2ed24042a4f6b4736ced798
A/30505/2523610003/1775575076.csv,a869943fe6bbae44512207fe28568b7f7fd0c1991d5e42cd6439e2235de9bd61
A/30505/2523610041/1775575075.csv,37a0d5fbb306105ff0e73000b986e7b7d3510abd41770c644a5bb7394a0ee95b
A/30505/2523610075/1775575075.csv,38d69c69622443645a45b2b238fdc5a9af74637f906cf7563aa7e506509c246c
A/30505/2523610126/1775575075.csv,435568b8882a8be95b1591cdd70e589720dcad2367579afdc083b9f01297b364
A/30505/2523610134/1775575075.csv,7fc1a7461aa5b50159e795d50f23b889b956e5d3593210dfce199b9aba0df904
A/30505/2523610160/1775575075.csv,6777412efff2fbba4971a2603223f58e45f26500d6185ce4d1a925fb6660bf27
A/30505/2523610432/1775575075.csv,72cfb2b46f5e2643ed5e81a04b37a8960f451d15fae73df16f593b5a662fb3b9
A/30505/2524610033/1775575075.csv,8726a5871f84be6bbbb591a42e4de332e7419b183926f054de2b33aa78e9b127
A/30505/2524610041/1775575075.csv,7bc4c4e39e9f9f8c63f8553d2a52283039e1693355a4d87043d20d49b84b0210
A/30505/2524610049/1775575075.csv,47212b68f126b442fe78f1e48563cd0761d212b9728122b32c1228392f4453d6
A/30505/2524610074/1775575075.csv,3fa6613485327442e4c1b496f7ffad27bec4c6f30502e79f0ebb98814c7ba509
A/30505/2524610082/1775575075.csv,65a0bd96c844fe2382cfbd0b70d7a0feeecd9112026e545dcd9fdb2d9a64f02d
A/30505/2546610759/1775575075.csv,e31fec16ac419e958ded1796082a279977e75bd694a55a0824a384ad24eb115b
A/30505/2548610286/1775575075.csv,d02e828b75184939f815e70abac659f5d2b39655687726ac6608d0d8b1ec3edb
A/30601/2521610325/1775575093.csv,8eb831dcfc46b3f16bf0ad68c1c2266aa52d19a0602f4c539c9bdf95cbc5155e
A/30601/2523610003/1775575094.csv,9149547c571b095c80a08809688aededdc327931a51cb641925ead96933fb034
A/30601/2523610041/1775575093.csv,9cd27e69d0ff6c23217d5db37f0495173187a0c34e7b29a043e461451d85d8b0
A/30601/2523610075/1775575093.csv,2ccd5d8ad92d3a02a9a4e04dccd475660c50a618f5b427b2822d724787aa6ab6
A/30601/2523610126/1775575093.csv,d337879b32d22b3b004a677e3244f60ce0f7fbe12b7a8ac1215ede070111e362
A/30601/2523610134/1775575093.csv,acb8c3ad836d6d87f5902d19e893f7fdba36e1a9b850fa714fed3bd1a8c7c905
A/30601/2523610160/1775575093.csv,7f89887de9051fe6bdd980ae903faa59d22fd1ceb613b7f54562ad6c5addc7ca
A/30601/2523610432/1775575093.csv,ff71f996bb4519c800dbda1e71828c61c35b7bbf6d0105b8ea06d76afa6c48b9
A/30601/2524610033/1775575093.csv,63f5cd805c5820b8b24fd3cbb014e0310cb9027af25ef2c471ec0bd38fc7e4e3
A/30601/2524610041/1775575093.csv,5e9a20cfcf063fd3907f324c33698720d4d156aad6532e1bbf8d23102a426589
A/30601/2524610049/1775575093.csv,77f4e02f571ee68e0351f761d41e40c2ff2d9d862cdd687e6bd54cba9486f96c
A/30601/2524610074/1775575093.csv,d1e86e0fbf03134b34bb9e871c358951f2c415370e9272da3e851d1db88bd7c3
A/30601/2524610082/1775575093.csv,692ee6629fe79b79d2590e602daea9781ee4599140149019c099d5dccf0568fb
A/30601/2546610759/1775575093.csv,8b7168d21c67f23e85fd5282c9fdc0ddd98c39bc4e3884914d2d75c75d242f36
A/30601/2548610286/1775575093.csv,5680e1847b6eff9812c5d1662acd1d446641737e8b5b6707e93f5ebf12d0ebbf
A/30602/2521610325/1775575111.csv,2145946579c9c3d5771283c5eaa1d535c7156cb657a5b1223f23b00bca3dee17
A/30602/2523610003/1775575112.csv,fb8e1c6387f2d142bb6b5a1fbea3056a149bb7066a2e336e7e25a312cca5d2cc
A/30602/2523610041/1775575111.csv,437c96cc3bd2cb150517eb05bcd32a684bb96ab036f24fca57d9ffb9ddbc974c
A/30602/2523610075/1775575111.csv,8bea7b1890a2ab0665473dc10af326fe9de2e0d07bb1343c286646bdb9219342
A/30602/2523610126/1775575111.csv,521b8a2caba391f5e756777eca1129228252507018c123a02b7dc5b8d65137f8
A/30602/2523610134/1775575111.csv,b7db00cbcd984860ff0767ec8b473968d53444976bc4eb874d6ced98ee92f497
A/30602/2523610160/1775575111.csv,0aedc1a28589e70c7749eba692010c1d0ac443934d580eb80d32a390815c369c
A/30602/2523610432/1775575111.csv,ab07bc79b00b80f6feb25e1818716d29b851dbe95ae6b01481381ef0ef0f7a6b
A/30602/2524610033/1775575111.csv,e8330b874f7d535c95478692a58c4135c1871ad02cf11da02d07f916fc5b2e93
A/30602/2524610041/1775575111.csv,5f2288b1d1de904ba797f40c0d44db40a98db03efb867e040586ad60aa347f5b
A/30602/2524610049/1775575111.csv,e8f81767c907f22a954c4737db3a7ac9d63f7f2a3183f56c364710a3d0627056
A/30602/2524610074/1775575111.csv,fb04f789c7951416fa344c2a90fc4259c96e35d383087357e441fb02d854f5ae
A/30602/2524610082/1775575111.csv,c16510974bdda9230fbaa10ac1a02141f67cfae3ca0e07bc13352408494cc29e
A/30602/2546610759/1775575111.csv,8e626c5b050fcd8db331e36dbf41c5f96897f262d1d14182c2d7b107f82d755a
A/30602/2548610286/1775575111.csv,ef21a422e99494283c28681d5386f68b9204a3873be0b9420c6c3502e206365b
A/30603/2521610325/1775575129.csv,b483e670f467cfb570a0cc14201317d80658dbecfbffe3999c66a831d64836b7
A/30603/2523610003/1775575130.csv,bbd34a2629a03e154b590692aef066f087ea508e28f8c88e3a93f26014c1db07
A/30603/2523610041/1775575129.csv,b7841a593f42f8a6f26ee4e9ac7286d6af6470d3a9d68b82b4d1ac1dc01db9bb
A/30603/2523610075/1775575129.csv,bb60c6c91f283cf47c54fd9fd7620d2a65dc142f17bc168b62f7cedf48113dfc
A/30603/2523610126/1775575129.csv,8142c925f2191b31f8b8674e76d5e91e0a4c334b4214a5ce99c478f957a340ac
A/30603/2523610134/1775575129.csv,641a4c1f10d2cc5a92467b3c99cf1a1be7daf27b381be7072fadb9a7d3355537
A/30603/2523610160/1775575129.csv,898edee24216f632fb22317dbe6b85047fa5715d6e7ba257e59439192e42ac02
A/30603/2523610432/1775575129.csv,3071601e5b4fad10dca31b7075f4c9e4376a918218d9fc84b25b00ef717e7631
A/30603/2524610033/1775575129.csv,f9d7b3fd7b951a380e7ed905c42fe0fd4b98d4b3fe47c7ae84e3b1e2b55250f7
A/30603/2524610041/1775575129.csv,02918fbf1bb7bbb18c52610dc34e4d6585684a351f2eee35c051da05faab8606
A/30603/2524610049/1775575129.csv,66faa2d07c8d334d35780bbba0bfac2d2e816a8eb9b28a0cc48cadd3226550db
A/30603/2524610074/1775575129.csv,e0d062931b5398789a0a48cc957f1db96cbc0d42d9fda2627965dea51fd92ac8
A/30603/2524610082/1775575129.csv,00e5a3e8cdb3d94ea0ebfd405598eb59b5b8e2a7c4dd9efffa21e724ff4a59e9
A/30603/2546610759/1775575129.csv,07c9e4f9d31f65e1fa1893e735024765fc0d40cb3eb36753e81acd41f829a61a
A/30603/2548610286/1775575129.csv,56080438eba7ab1ea75c7ddc828a5d3cad12993867f8c0f3b9358aa80f551792
A/30604/2521610325/1775575147.csv,c3f8739ad4cccf87ff61d1c0415db7480fd74cfe0771233cad21f744aa1981e2
A/30604/2523610003/1775575148.csv,57a92711ea162d658c994f1edd9998b72a7cf7b718e3e3288e14852c1897f751
A/30604/2523610041/1775575147.csv,ad087960dccfd22e159512431c3817e33e0f28909542d0b84d4a65febaaed87d
A/30604/2523610075/1775575147.csv,4bb4f05d9b825177728e650aaf6dc2719787373c0e3545aa094b3cfd927e49e4
A/30604/2523610126/1775575147.csv,28f204c91758d16bf2d7279bb942e58c991a7be6fd5ad9a1ad30866550e78e5d
A/30604/2523610134/1775575147.csv,8ebe894c20e4bd747c9515131db8c32ac5500f89a687195762313e9179ef20dc
A/30604/2523610160/1775575146.csv,5390fa76e24f5e6cc52cfc62da18239fdfa6e3ed748a5fb8ac2ecd5d5f9a0e83
A/30604/2523610432/1775575147.csv,e3bbb46a393aa7e978e2e2229f1c1303da6e9c1a233253036109f00d15784d60
A/30604/2524610033/1775575147.csv,83a17710e91e4811dd65b0bf0ddd89919ac8a7936a6ae194ee39521889906343
A/30604/2524610041/1775575147.csv,c1a2f05cc0ad36dcdf716849f651dcdc95d3cb672fbce141af70f720a31b6068
A/30604/2524610049/1775575147.csv,d651578661687b1a15df278906f8d281d095daebf986550d689cf7ee4403c9a1
A/30604/2524610074/1775575147.csv,fcba7eb2643d812934ff28a06ac3393e94c51f19f4a09477bacb5c9a29d966da
A/30604/2524610082/1775575147.csv,b956e7761305789c2b74a9c896ea1393fd5ac6cf24063e7715e9dcd54a543df7
A/30604/2546610759/1775575147.csv,2f0d3f872baa132ab8e9aed9f6d887e7686e729a5648061d569566a2dc54ad31
A/30604/2548610286/1775575147.csv,52e6d92f290628f242f4800a579c2d9d2083d862b979ac8ad8a8190e206b346a
A/30605/2521610325/1775575165.csv,c2ca4f786475e3ef04e457242b839fcd4ac79ded0c687b752f564d3cee7b9b3b
A/30605/2523610003/1775575166.csv,9944a5d20f9d6c3db70d0f8e5353e2aa41815baef6ec3590963c3da9a2d49722
A/30605/2523610041/1775575165.csv,0dbb241d19e29d0eb3e7f907e8fe4ae40596d87eff5feb9bb215b3ba3c1a9100
A/30605/2523610075/1775575165.csv,090ee6841cd295ad782eed40c161fa796602e060e3c3d64a84077fdc5646e150
A/30605/2523610126/1775575165.csv,26e290924b64e5a9623bd37023af6f4167840a43e80d8f494f984a97549656c4
A/30605/2523610134/1775575165.csv,fcb61599d3eeceb29ea2316037b1678ed7cedb46d0aedcee6ff652c2ff487a16
A/30605/2523610160/1775575164.csv,fe796d32a5372a4b2ccb42f39b8599f813cc4bf81d3d5154ec3b7203ede0a11e
A/30605/2523610432/1775575165.csv,0adc6c127ea8f0d9ff1d9444cde91f0af8b86b8653988bd3533a9a335b8f2292
A/30605/2524610033/1775575165.csv,9343b99bf1098079554c5672375e3b25fbb46a0b07d85118a0c24a4cbce6612d
A/30605/2524610041/1775575165.csv,a48f5e8b70356179ded8cdf7b5e19e1e4c151d345bfac9237589bd25dbe1f141
A/30605/2524610049/1775575165.csv,b5124117717a1e115b59418294233a777901ff841057ce5d7e078089113f89ca
A/30605/2524610074/1775575165.csv,c83e10a143dc0129245893e13f46b5d6335c7f80d083f6619100ab08f1c47585
A/30605/2524610082/1775575165.csv,ffe1596e304e9b03a98cc2952a1bcccf6358490dd41306bf9bc27eedd0bc609b
A/30605/2546610759/1775575165.csv,bfa4c43b738468afa29ad71c625af8e32d8ab80a189905239fc18934f076f569
A/30605/2548610286/1775575165.csv,eda8909470058ee6fb23498ddc55a76f287888cc922fb30a1a75f79b8ceb9696
A/40001/2521610325/1775577127.csv,0456fcc04219206e84692754b347028ab7c37ff936314091e99b66dc5251847d
A/40001/2523610003/1775577127.csv,e73ab71b17a5b5e4853026fd7e629552386b447ec06b0761a6fb72ef97ff014c
A/40001/2523610041/1775577128.csv,705c0ed56ccf870dcb9b1aac87af3c52292f67e789ae2ba5df42fa4434ddc2b3
A/40001/2523610075/1775577128.csv,c3b6f470cfa51bd376111de9058c6a53eeac3d64f5bb48b88068c51f09af35f4
A/40001/2523610126/1775577127.csv,de7486f442f4d5d923949234708e16408f0fd3ecb07427c95f37a8d3ff236728
A/40001/2523610134/1775577129.csv,98d75ed602967505845f98765f12c2608072f494d576df2aa1fde820645e49ba
A/40001/2523610160/1775577127.csv,3cd99d2a1c6e23ee6895c76bfd2d5710cfdf9362146aa5c1fad0f48324086873
A/40001/2523610432/1775577129.csv,0f5f665c7bdbe8f3c7c37ae19392cb8ddcac4932f1d82ba502f1d9ff2520e4a5
A/40001/2524610033/1775577129.csv,74675e760f7492d86c58da5a7911b9efba040154e7dd0ba2931f4a8c16b9a0a3
A/40001/2524610041/1775577127.csv,669ff732e4820a4308678c9043f4c9cacbd95965e138d2dba47172a8337114ed
A/40001/2524610049/1775577128.csv,50e1aa62c8f9734355eeeefa556d8b2ec7aa5ad59b65114eefd6e5269f138ff4
A/40001/2524610074/1775577128.csv,03c2001c1332430499c13a9e876314ed483f22e2468b8ce42645ac0001338125
A/40001/2524610082/1775577127.csv,7b87b9c21449c021a7161850a0aba7b39b9d26ba4da0c38fb3f93414b49e9c9b
A/40001/2546610759/1775577127.csv,99cd38f3549532d98a1e10f411b1ca56736bd51d6b5522815657fd9eb1ae85c4
A/40001/2548610286/1775577127.csv,90b2878f937a80209c7846b559094b3900c6abc389b708ea72525aa2f9fbb576
A/40002/2521610325/1775577145.csv,c67b2c3820847ec4585acc3763bc477148b111f2743ae955b88fd1fa2cc371ba
A/40002/2523610003/1775577145.csv,c005dc938cab79ce013315a3c89ec66cdc28bc8f41a23058fc2e7773ab848f7c
A/40002/2523610041/1775577146.csv,8e2254e63ee09854babc488a01e1481d7852d5738f04fe53ffe032097200f8c4
A/40002/2523610075/1775577146.csv,4328e37fe8958999a0c9eb2b5c85215fc073bfd6127e73a524aa4cd6c52a2c12
A/40002/2523610126/1775577145.csv,49dc29a8e24cfb049eebcd03c66bf35bdba87efc2161e6edc0f551f2aef683e0
A/40002/2523610134/1775577147.csv,a66d764c77a6c6dab87944530165ef731c82d8fd5f7f52b37fa182994ce6e8f8
A/40002/2523610160/1775577144.csv,ddb7396a3fc8f9019129ad19dd12c26f3367694fd8dc822c0c95b49d6c8496f3
A/40002/2523610432/1775577145.csv,034dedfbf1acb4b5bd18199c96c227dc42bc53283da31b0003c0a538d5af24e1
A/40002/2524610033/1775577147.csv,5141ef4aec3e65fa0d87caa0f3f1c6dd21f8dcdb86ee1158f262941145635add
A/40002/2524610041/1775577145.csv,47c376d404168a65616f6b31941333cf2b13c044fa81df0dc92ad3a2dde432c2
A/40002/2524610049/1775577146.csv,cbfe2adedb61e41372111308231cdf787176d8f6387fbf616cef7fcbb53e6635
A/40002/2524610074/1775577146.csv,f8e08d48a6a94f6c539f2e551ef80d54163327cedf7867286cd6b253df90d1b7
A/40002/2524610082/1775577145.csv,a7426bd2746f49e1654a6d734942c7337c3c966a544c1564cd70e3fa6699af8f
A/40002/2546610759/1775577145.csv,fd79b3291674787e6563799a9ba24c573a37b7a9ba831eea77bfdf67aca2e9dc
A/40002/2548610286/1775577145.csv,36a48f8ec9115668168b5c746c5352f5fa93fbe83a19adf999b27ca39051cab4
A/40003/2521610325/1775577164.csv,20ae388748ecac0fff742062c472e4e52dee3786be5f280d99f0fbd6a886f460
A/40003/2523610003/1775577165.csv,1190daba9f5890658f1157c9849812b48f960d4627ba227f6902ed179a1c5231
A/40003/2523610041/1775577164.csv,abb6c2d7b7a5bc5a16fffd60e4da375eacd99f013e0690f377965d06618f46f9
A/40003/2523610075/1775577165.csv,1fdf606e160d151442ff18863a62ab8c54f337d5a4336f5095903f2f7922ef33
A/40003/2523610126/1775577164.csv,b13894dc1f9f59a975d4267b91f5781db1c0223b89b3e77820de042ec59c0e49
A/40003/2523610134/1775577165.csv,41161638e8c21f62515ef6ec0fd5d98f11d15fb08ca2c153f82d64af234c2b0d
A/40003/2523610160/1775577162.csv,a4d5f472449525f38140dfb54836bec2c568134cb72072b8a17f3a66f89dae15
A/40003/2523610432/1775577163.csv,574b03de3b4263d3a99bda534de74b8cbd61844bfe42a7d5b460dd207a8a13d0
A/40003/2524610033/1775577165.csv,a31237d1f3a97a9a23e4b1498c2da1772b511c19f5ef6f24c62a8ba6f6b2be49
A/40003/2524610041/1775577164.csv,58866580551183fe15646ed9faaed7ee0e5fe91399dd4df2aced882e38dd8bb6
A/40003/2524610049/1775577164.csv,d3ae0ad9a1b3e9c5da7d2942eb9f808aec73bc95c994f620dd9bf18d5ea25c8a
A/40003/2524610074/1775577165.csv,7d7e9e0af0c15fa13ca8abf1b97d04906f6c972ccb8c55aebaf78bde7d9f0855
A/40003/2524610082/1775577165.csv,842b9d8ece462a3916d0fc80c87217f013ed6be615bfae064da31a496fd05dec
A/40003/2546610759/1775577164.csv,a7a4dc69fe1bdcc806212c28c6a3e979d5b84bc5ab0343f5b735023d4a98b886
A/40003/2548610286/1775577165.csv,a410e8aedfc8b62db784f926f4d15b72afecea885c6f3c3dbe1fc3a7eafacc8c
A/40004/2521610325/1775577182.csv,b19e0b8fa80ad0635a0b9755f5cf216b7b5bf0e5b433e447bc3925bc77fee4f2
A/40004/2523610003/1775577183.csv,3f120aa179f05f82120669ad40b4c68bf9692d0060480653578616bf3b05650f
A/40004/2523610041/1775577183.csv,38dc88b09ae8eae681eb21825c85c79fedb22ba17efdfa8290583359226c0ea6
A/40004/2523610075/1775577183.csv,4e7e18941ea30524865846b8f384b81a94f0aa730ca0a83401c8bd89d45d2255
A/40004/2523610126/1775577182.csv,5287de8288910f1d32577a15395e7bfa0d558ffbcfbe38d469291982e209cbe8
A/40004/2523610134/1775577183.csv,7e3203f72384d219e8c1b8f2bc3ceba02f6257de1aac67f0fd36c9f4b7078cda
A/40004/2523610160/1775577180.csv,2fb968b2f83b106c01596e10b1bf2b10b7a3088888097d472d44d8664e3d4f3d
A/40004/2523610432/1775577182.csv,ea899e3f672d003e2e7a0d90c2357b8f57cc0b0f6112bb2633c6883920b1637c
A/40004/2524610033/1775577183.csv,140c384b8f9b08fd724c2ae88be9d537297ee4d3458bf07766b28f9e67d769b9
A/40004/2524610041/1775577182.csv,e254b675bebab6e4e6635c04212f30c4b14c389f87dbf3054d41fa19b3aa457f
A/40004/2524610049/1775577182.csv,d17c7d390ee9ac79539e0b0bf6a2ca34017865b899220f7a9e2851bc61a501bf
A/40004/2524610074/1775577183.csv,c38b392199199ac477e42b0b9f546757c912a2f8e382dec5b246ddb037747a62
A/40004/2524610082/1775577183.csv,4552c7e0ae8df36112917bb3ed9e8123017b8f4142287a325fd4da8ef10b4690
A/40004/2546610759/1775577182.csv,e1553d20896b04833e675c78217329f43148d1e203d9a1b17b01452f86cd6842
A/40004/2548610286/1775577183.csv,dbce43b6c2173b070aee4d36229a55bc88f770d1a603436c6ab6acd7dafee912
A/40005/2521610325/1775577201.csv,0836633d4fa3beb5055b0593ae3970288cb494b4cd5bdf6e1846a63d23ea998e
A/40005/2523610003/1775577201.csv,e88a0284e439f458d58489df05d8c0a21e068e211fc83dbb3cf45801b35060a0
A/40005/2523610041/1775577201.csv,f1302651e0deb01e605151d78d20f6ca4addaa341284c7e920f45c8a5a54aa48
A/40005/2523610075/1775577201.csv,521a6abb88b5886c3905230d4515489f22cc6310b80183fc80905060b700fd69
A/40005/2523610126/1775577200.csv,7f87fc9b758809ff38c821c06c7e7ba4665c6a9e2f4d78026539d5a2f1520837
A/40005/2523610134/1775577202.csv,b51773595779ccd62414b18c5d007a2197929c5773dd61ed20a32da8206e7d10
A/40005/2523610160/1775577198.csv,cf22440d5187bfdc3384286cfc42d153bbc8d0991f873b016a8eb19ae2f650b5
A/40005/2523610432/1775577200.csv,3f27bad299eccc070518849f7459bfdb14fb8dac8c8339418b3c082ed7e7aec2
A/40005/2524610033/1775577201.csv,ed44ab3f3b3ab99b3b5de32ccca92690a066ab5a53f31046c5e626af9a4ebffc
A/40005/2524610041/1775577201.csv,350f131b191b7435f5737942ae3ce84a4ae9e086b251bdbd44ab60d791138740
A/40005/2524610049/1775577200.csv,bf7e49490535adf470dee411e106523a323796e5266b3b9b78c568efba85d4c6
A/40005/2524610074/1775577201.csv,f27088f5b60b4934f4eab35eb61481a7682fd6f3c6b76e18edd5692e5a34d187
A/40005/2524610082/1775577201.csv,1fdf3bb92ed7724398b9a5594172d8436c28a1156dbe8a0ea20ae42468740bb1
A/40005/2546610759/1775577200.csv,d26e5ea06ec189c48ba5af2aff4ec9707e36701d50bbefa8c7786ef9b20e0e56
A/40005/2548610286/1775577201.csv,ca612bbd7f636654f917f297aeff211cac597f4b53068161fbeda7a2e0a7222f
A/401/2521610325/1775563739.csv,62aa9f828decbfadd0d3080f7f745c88280e4c176a68892041943524715381cc
A/401/2521610325/1775563749.csv,8092d993c080b8ed185faf74890ce3e258415f24a141ba02f365d2594393288c
A/401/2521610325/1775563759.csv,a353862fed258dcf63d0d5192251e6ed9123f64b62d38679179c572d4ecb8e4a
A/401/2521610325/1775563770.csv,044cba884e7fd9ed67c7cd3c9edfd5181a32095ee716fffa2d9a71692bb706f5
A/401/2521610325/1775563780.csv,86af568a4b1d002a2ea129e9d409d7c940895ab6734965f2b478b98138e5a9a5
A/401/2521610325/1775563790.csv,cb00e897321c2f159c3008c97b68c7198e573dc3e0b8df6eef27f6ad8a667812
A/401/2523610003/1775563740.csv,c3dc995ea86b787644bd186a19204ed4956af6b1046d78509fb95c559aecd41e
A/401/2523610003/1775563750.csv,54a69f41532a4e02ac3e2147e0411d0cbff625d4d305a23f46e5399d1a76538f
A/401/2523610003/1775563760.csv,cdd1ae5a2fed48c126c69c1022ef6f404d2c322e9f8d162a13744349a956f070
A/401/2523610003/1775563770.csv,ed9a19aefb939910a8e6e9e6c48afb2c71a10d002b94ad44ee39c583d6703195
A/401/2523610003/1775563780.csv,fdd636108ce9a403f38e2239791eb40ee14e135a4312b0d4d2759c3c7d71b43b
A/401/2523610003/1775563790.csv,bc8c9f80ded76bd86b574784cf4ab19b3d6e23f1ea18b99042a4781b2ae43687
A/401/2523610041/1775563739.csv,c8216fe50b0200f3b47889a5f68a6ccc327c699c327d76cbc928cb2329e51372
A/401/2523610041/1775563749.csv,4262794997c8829b3074cdc6c133807eddf1b01bd67c15986e3ad71ae2329e84
A/401/2523610041/1775563760.csv,ddb91ad39c0a00be882504c8b7ddd66ee9f55d8926220706f2df649e9f0717eb
A/401/2523610041/1775563770.csv,6bbac808d6d0a373b3587287730182a7c275381ca9799ad7f291c99bfe0dc2d1
A/401/2523610041/1775563780.csv,86de4b13ad18452fdd41f04d7fe70bc4b7881bcc72161ac578209d19c5363ae3
A/401/2523610041/1775563790.csv,73bfbfeb86799aeb7e3d5e465e13e642e0d8c555f346c84545d9bd94895090c4
A/401/2523610126/1775563740.csv,cc2cdd9ee5b21cdac753791f6811890bc6503da90178286fb50e87243eeabadc
A/401/2523610126/1775563750.csv,62eb958b93bce26aa7056647b765bf8e4accb1d7d18bd53e22fabbd00c46c8a1
A/401/2523610126/1775563760.csv,73a0843389391f35348f080913efe9a7480682632523a2c8d812bce064dd5327
A/401/2523610126/1775563770.csv,3c33f8a97363b173d7e8c1c66b2bcb826d0725874a207b7b40b7c5cec0238119
A/401/2523610126/1775563780.csv,fe0cf07686249856d4712b321266923d45ff2bea4a2505274935c868c55ad0da
A/401/2523610126/1775563790.csv,e235ef6c72dab68a11bd4c0ac908ce67adfff3eb7ba6b5fe1cf11f8e4daa8c10
A/401/2523610134/1775563740.csv,4523f5b9b73ed055745ef5cd464d223e0212773e7d97a1dc0d68621d6fc4f8b6
A/401/2523610134/1775563750.csv,9570111014abb249e8b7464be80b26c856159af541357a01f63b874d54c46e6a
A/401/2523610134/1775563760.csv,d3f7ec837313e807641e4e8b3fe70740a3fe02eea07d555234735e8a8fa3a3a3
A/401/2523610134/1775563770.csv,02d2e0e137ab1d1b0ec68e5e27e0617cc8a0c605b466a89c8131f185237a39b6
A/401/2523610134/1775563780.csv,a9176fb2ce7ebf84bee281b94a2f3d14d880da88632c4023aed488c94b970851
A/401/2523610134/1775563791.csv,1a229d1a38ffa54b3cbc5acf695e7bfdddff9caa03c7a17c6718590842b70910
A/401/2523610432/1775563739.csv,f101098ead26137137b8380033494752315a3489e60356d6ff396190c9761440
A/401/2523610432/1775563749.csv,ee5c0a297cd2b8cc32dc45a82b2104e08acdd2d4240054fcbdc2e6a1808858a4
A/401/2523610432/1775563760.csv,04a6f8d4963c49aae1f78bd7682d973f2e924913beb38032b85509514cfeb9ed
A/401/2523610432/1775563770.csv,ddadbe4dde8119749fc92051bdc97914657d9357f08eeac5a775ff07a6e9becf
A/401/2523610432/1775563780.csv,27ef4e039492b8d1ee2477e99a8b9633ccd501b522e0ef773df09c82d1ff94dd
A/401/2523610432/1775563790.csv,0ea484af984513a528aaff1b0156492396f0ffcde66cd3249dfd3d11ee29a1fb
A/401/2524610033/1775563740.csv,b94ecc871e0aa2cb301eb0d96f55cdd903f079f7a07fef0f6f5409721051eb7f
A/401/2524610033/1775563750.csv,6f3fc67f46248deb36d8c93fe1bfab2b16b439effa74a2fa727f23b37456d1dd
A/401/2524610033/1775563760.csv,eb3d21392a5bb1f5bc3afd3833d7d7e3a2c750eccc2d56a4ed16995752856498
A/401/2524610033/1775563770.csv,d77199cc517bcfb63e27c48f11d4125aff3fe30ed7c677b3429e916efddfe66f
A/401/2524610033/1775563780.csv,599711564dabbc6d3029020ac9302a8b1b8b25f9b91ff7399fd53c19ab8dfea9
A/401/2524610033/1775563790.csv,86010206d0f193d325869204dbc06e0835ba0a7440a007a52e5c4a2b9917e875
A/401/2524610041/1775563740.csv,dbea72f6338b82a1ac92737ea81f58467721fcf98f0a1824b728fbfa7d3b6048
A/401/2524610041/1775563750.csv,b44f2701151fb7fdf732c03e11a51f98b22a8c1b844e494d91a3a9dcee8026e9
A/401/2524610041/1775563760.csv,0056102b89fabb94dde540676fced71d4c7f913e8e822121ce0e00cc7f5dbd69
A/401/2524610041/1775563770.csv,fe70886afcf591066eb97c114b89dd64526247bbc048313af30dffaf51bfe6a4
A/401/2524610041/1775563780.csv,7077c98d413464752ed0769e9ed3167f8a9bb2d2a468e7e300bcfc280f1351bc
A/401/2524610041/1775563790.csv,125a64abd2dff5190c9ed2336ea570be05e5e64447c3851451301898f2f42d83
A/401/2524610049/1775563740.csv,f0989d2dbd929a2f807e11f7a64c017f71d6491d6747b1b6037bc3accfcd4383
A/401/2524610049/1775563750.csv,e6a49a1579b45d26b818ebb825a8bfd93efa35103f3f4765f4e063ad48cc900c
A/401/2524610049/1775563760.csv,55bdb6edcccaf1bcdbc61aa66c0d976630b8c0749c92d9e2382cc0bca2db432a
A/401/2524610049/1775563770.csv,e83853a7f8c9d8b2a7dcc188b874f4cff35b01ecb67dc2a37e12a80940cf3451
A/401/2524610049/1775563780.csv,2a9b9b1ccf03327ce204eed578c4e24840a8fb98381535b3fd3fe21601cb7a46
A/401/2524610049/1775563790.csv,e1cdc501318395d95a73e4aef0ecb420db8c590b35eb7cfea69fdae74c85774d
A/401/2524610074/1775563740.csv,9d83a705496dbe69a45d2110334c4ee23c7ec6a972f34d263b4a4dbc78cf9b25
A/401/2524610074/1775563750.csv,bd20cd71cd3e391705284d2e0116c4ba1cd1794289eeb64a8622252620400aeb
A/401/2524610074/1775563760.csv,e73669208bfbabeeeedd0a7b4fd54067cac36b6dc27eb3b7d6e146bef5ee23cf
A/401/2524610074/1775563771.csv,5cf262419d480256daa14c8c3c4df5e1d30808866503a09b840711111a81f9ec
A/401/2524610074/1775563781.csv,340ddac122020abe50d3420cf99cd2b582aadc401eba315569965baaebd5f0b6
A/401/2524610074/1775563791.csv,40ad673c8477b962f5bbca79b84c23f0a52443c6404231bc76a7cdee73c7bcac
A/401/2524610082/1775563740.csv,95fbcb3d35f217c890044578abf72db3c3add41e79d52a7726b4bdc64028b525
A/401/2524610082/1775563750.csv,ad470b2b9b82cb9ce9638b19579e14c0953a1f287f0ddd2d449be911c3b3f122
A/401/2524610082/1775563760.csv,a7a81dba958488917408af551a0e0d3e1579616069dc89fe86299086201c08e1
A/401/2524610082/1775563770.csv,c3f696aab1dc1056fde7a3f5284c6a7b7293cb00d68581add3a44825611b56fa
A/401/2524610082/1775563780.csv,3e048db5fe5ef5a23aa03e4f0ed691270118f3001144e87c0c18735407896441
A/401/2524610082/1775563790.csv,eb5b05fc50d8031b3640913cf2d9f92396feb881e329749fa54fda2151f7ec83
A/401/2546610759/1775563740.csv,49afce34b5d105e6057682f72f1d1ac3da01127e7567b7393929735103351df3
A/401/2546610759/1775563793.csv,1a2350b3e3a77af20432488d6646f6c760a9f28620c1bc7f5caf05cb00e7903a
A/401/2548610286/1775563741.csv,facac9b383f038c4b312b361b1b8da1d820b8278aec1f6e2f0042820518fbadd
A/40101/2521610325/1775575183.csv,0b346f54c52f4d139587c7c5a41973bbb7ad32876a28cd34d733bf26740fd56f
A/40101/2523610003/1775575183.csv,84dba8039d3008cf27180a6cbc9013e55e1c9203becd12ed293e58429fb1a606
A/40101/2523610041/1775575183.csv,9cf6ecffe43719c42e6a8ddc9bda685ca8129e887044bd1ee6b270140d6e42d2
A/40101/2523610075/1775575183.csv,d2422821b96162aa5409783f87d5c964cf5fa07ad8bfd68eab4831b4a109fc9f
A/40101/2523610126/1775575183.csv,d2f2c89fda9264cb868bd15d14a0bb924b0da82ecaabf3f531142af1987abd36
A/40101/2523610134/1775575183.csv,f937eb982a4f1d38dfd4a3d237caaa6813050321378a37ee80130386cbb99648
A/40101/2523610160/1775575182.csv,41b6133bcf8157a2ac0523bbc1445f86a3d0120fa0dbcef48b59302b08993b1b
A/40101/2523610432/1775575183.csv,0092b66cb773cd388c03eff8fe1e31a25f78a69489ae951226f5bcca00adf748
A/40101/2524610033/1775575183.csv,a24775b66568cb5a3e6e0e66da1da37433b6ca81376f78fa0fca27885e977f38
A/40101/2524610041/1775575183.csv,b568c486c1627f957a4ce526df5781de61d9e6b94b63f2c1052161ff2484ea03
A/40101/2524610049/1775575183.csv,0e683461002ead8fa86bd40250472d8980ce287e2d2994686be84f67162672e2
A/40101/2524610074/1775575183.csv,f3b10e38a0365dbb35eab1ec5468fa01f5bad372234505fc30d62e8fa6b56ea8
A/40101/2524610082/1775575183.csv,79b435a278cc5d34910070a7fbcdbc831a480f56c50bb7a3d724c6610391fed7
A/40101/2546610759/1775575183.csv,347b052d296df17ae28fb05e59702bafe33875cc0502bfd566621fe652c44ab4
A/40101/2548610286/1775575183.csv,a6b47b78cfc7be58ef023a0ea136a4e83a2ac6bd6ea9ecd04fb384cbdf1e7354
A/40102/2521610325/1775575201.csv,3489eda070f5d80a57a28a1d432706a3aa6272c2f9804d25a91054e107598286
A/40102/2523610003/1775575201.csv,8c533dddedda81e1f32426c2f272eb8ad144ec8afe203b04b36040634eb3e992
A/40102/2523610041/1775575201.csv,1c8ce71acd92fa5207219ae3a3e82fe1d37661112f41dde5292d2829beef2c73
A/40102/2523610075/1775575201.csv,60b7ec34cca7a4e5eb84e6ef919592419f1dcff75e372882d70116ec1a77b8df
A/40102/2523610126/1775575201.csv,2b33d43237e602c17d948c8d8a4b295bd6b96e1304da1a6ebdc2dfd93e0c4538
A/40102/2523610134/1775575201.csv,67660cb9706dfae021f59c7f343b93069ca66ba07323994aa31bc980ebdf1d88
A/40102/2523610160/1775575200.csv,a48da69b462d394f36bbb4f7d04baa6d1e7e689239a753b28afd495910ca04fa
A/40102/2523610432/1775575201.csv,043434bcdb5f3e758ea848e0c579d3017fac0b61aac07b8bbf58203104eca079
A/40102/2524610033/1775575201.csv,85ac213d2f21c7faf974526393be2b105bb0cf22a82e00928d8f426d9fbd7523
A/40102/2524610041/1775575201.csv,4ade711660a1e46a250bef4e23df21c49a37f012d211760806924daae427a6f7
A/40102/2524610049/1775575201.csv,f3733e0b2f894fe82b782804a99f94b104924afdb25e6d8e93e1440653345b2a
A/40102/2524610074/1775575201.csv,fa5727af5eb39791a0f75173f95c441d96e8f95ac3e8ff8e509b9b596a029638
A/40102/2524610082/1775575201.csv,3acd477d2afe01c0d0bd397cec585270586d794364895a372e46f1b4a540694c
A/40102/2546610759/1775575201.csv,3321b283fc9e4f443aef58941829b378bda16c8797f1f372fd7c581363ba3922
A/40102/2548610286/1775575201.csv,8a00e66f3e2a31dcba5b1752ff52e690538d9bf945380cafc5c31a4b232b516c
A/40103/2521610325/1775575219.csv,cf0333c247edc249ee2da3be02dccda284f04e5eeadc95a73caa3594f8fec181
A/40103/2523610003/1775575219.csv,932fb6b75bd4d210c3945abc8334f2cb6fd52beb5912bcc6bb1bf2dc41536fe9
A/40103/2523610041/1775575219.csv,620bdcd15cac8beda5d548952b506177f389a09f62a299ab8bdbe1910be45d27
A/40103/2523610075/1775575219.csv,f7f2b13e84785020cf92572ae69d571f71cfd26a17378894767a705ef20d7083
A/40103/2523610126/1775575219.csv,0874577620bdabc458812171c735f09ef39fd79e35f479ed18c2dc851ba747f3
A/40103/2523610134/1775575219.csv,268adb78d04c54adf261b84efb4786bf2464b17e2c365e7818b12b37d8b2e4aa
A/40103/2523610432/1775575219.csv,fe150444120f5759dfe484ca6942722f906f0152c386ee0d4597d23d57bda57e
A/40103/2524610033/1775575219.csv,3ed7791cbafe5d458b259c115c1789feb57afe7a27f5d3767588aa16b1f35451
A/40103/2524610041/1775575219.csv,bfdb941edc3bf193992d9869405fe03666d94b7be25799a75ff9968cfca681a2
A/40103/2524610049/1775575219.csv,91c97e696048b320159eadf4ea9a93aa6ffdf1964f03d4ab94e7c5ac4644b25e
A/40103/2524610074/1775575219.csv,04cce7c4d21d1a883233694178be828dbd319fc93e43c3630f355196818818fc
A/40103/2524610082/1775575219.csv,d99fdb2211422f111e4fb2745bce46e5ea0244b4d2dedbea6f7f83690b2c8268
A/40103/2546610759/1775575219.csv,7eeb3ffb06cd29ed5a0a7e6ad2c72dd6e3634ca6d69dce4665de0d81fbc4159f
A/40103/2548610286/1775575219.csv,1ee63f7141e8c81843f52b081630f23099c22977ee907f06857b4ab3ff2a1e5e
A/40104/2521610325/1775575237.csv,a53bcab0b5ca4eb4e1a5230864f325b5bdb14ab13aaed3805b22fa6d68ca9376
A/40104/2523610003/1775575237.csv,86c8b616aa873e55c5be62eb4e3a5a82bf20e452f0b21dc42eee6080bea01157
A/40104/2523610041/1775575237.csv,71240e2becacdc4fcb022ca5d4801a1a97233a55fb489067c8ed489a66f6408a
A/40104/2523610075/1775575237.csv,ea5ca692d718ca8c9ed4c7a07bcb658d5175887352c9827baac68cdf65070d31
A/40104/2523610126/1775575237.csv,bb45678a6fd65bb30455854be5c64499d656649d7b50ff28c5570d1606bf1b3e
A/40104/2523610134/1775575237.csv,7ec949b2ed753dc3701a913daac8b25faf7b580b71f30b16bd1a8b09d848a41d
A/40104/2523610432/1775575236.csv,efa7711b982206ccdbb2d1ef15244eb9a806b5cd6ccfb01f7bd1458293a87556
A/40104/2524610033/1775575237.csv,1b88fb90b2d6daebd8e08ce981f3b214d9795359a548d2c07d72dd7213b2b9c6
A/40104/2524610041/1775575237.csv,1e0ac105495361fa9d6552eb2b4bb8343443114b08bf579d9e7a71510c1fb838
A/40104/2524610049/1775575237.csv,42605269e9832f57e75be89ecd1ecec58c4a6fee380a1d8169c4d6e5a30181af
A/40104/2524610074/1775575237.csv,9e16a23f28ede36fb514b17d235a35b9032b97a1ac99aba231f390e6d5d009fb
A/40104/2524610082/1775575237.csv,75be8c6ae4000be3ae460c60048f79009ec6dae177d6d12cbb721c8084d2f127
A/40104/2546610759/1775575237.csv,1f01874f8aad3a8e04c6a761f2b17034409d0d297022a43af0c2c459c69ee6e2
A/40104/2548610286/1775575237.csv,684aec5b58379128ffeceea192ac50d5e96e7789205f94bb087681addef7ff35
A/40105/2521610325/1775575255.csv,bf7a769b5fb847f06502af9b86ec4af732b9f324513ae714a603fef573e57826
A/40105/2523610003/1775575255.csv,1368d4488667a7d641bf5044c120ace7eae950625d518f4017c40e1dbdac19a5
A/40105/2523610041/1775575255.csv,857c4e0aa82e8f4f23e9dd1f539e732b1a4912a471f1524554c60e21febfef09
A/40105/2523610075/1775575255.csv,303df1c71ff5fe3e82c580d4f49df5b949a1e0e625a43f540b14fc350be4985a
A/40105/2523610126/1775575255.csv,93ecf89ac42316bd5f4bf22139c199533b54cdf8d08c22de0f0ec0cecc29325b
A/40105/2523610134/1775575255.csv,86d7bc4156451db96714a8bef4fcd8e10a6de313581a74cae5a489cba278aa13
A/40105/2523610160/1775575254.csv,35c4cbe5fc3f5a4b0451377caf460bbd6f8c23ed30b48e9ce2db08d440bb454c
A/40105/2523610432/1775575255.csv,20a764e831fde2ce24842aac5289cbbb3ce7c2e158d9a4f15b8cd34ee8fbb773
A/40105/2524610033/1775575255.csv,39b3073487d24395372fdf8f34891f3769a92dc827f3c57f2a793870635f5037
A/40105/2524610041/1775575255.csv,7488b2bad8fd21a893e421e11b2096b928c326051e4d4b410c3baf04df067303
A/40105/2524610049/1775575255.csv,eb49dc04fb63d099a7706c8151e0ec896547e2ee5913ea325afe0814188d052e
A/40105/2524610074/1775575255.csv,3740101b6d596a9060a3667d7b0be2fb1f16daae74540f1a3bf974b49c017ab6
A/40105/2524610082/1775575255.csv,c51a2f1a139c42173c719963b3f228ad36c0054d044f27f308e05120e16573e0
A/40105/2546610759/1775575255.csv,4ef7c1d85676c17d6995049e7b27634386e425461fa3b826f04a7a3a7f19be5e
A/40105/2548610286/1775575255.csv,64b95fbe4dfaefcbc16db84bf93d828a7ad408dc0602df04e443a9b44d28fe1a
A/40201/2521610325/1775575273.csv,6b1611918ec145a2897572802a4a9657dd3ae752523fdb133ec5ec458af9ab0f
A/40201/2523610003/1775575273.csv,e3caef6badda6a8f73e219910774244f6478727cb4378c6bb548c45876ed57b2
A/40201/2523610041/1775575273.csv,0abd8e4c5cda67056d74a9c8fa0936eded134d1931e478ad6e88ff081d57c951
A/40201/2523610075/1775575273.csv,ab4ccf50ec862c4b2c1cbe3215ea0e56f712a693bf9529a91347b8f1d92f5b8b
A/40201/2523610126/1775575273.csv,933b290604e87d70945ba0938481de56e819bd5d6264e18e7a97f33fd56095b8
A/40201/2523610134/1775575273.csv,d33358864d535be70aec2b2431259c83339efb70d773addbbcc8fe604e2eaec9
A/40201/2523610160/1775575272.csv,e91afebe9ac2c0a52e48a63d15a5ac4056f57148db33ac8c6c24ecec0324e711
A/40201/2523610432/1775575273.csv,c6f2c22903d9a36a9aa5fd284cd42f8289a472a5eb9eeb5d487f7fdcdff811ba
A/40201/2524610033/1775575273.csv,ff229b0201c2bfafd26017c043df39b3ef87ee720369a6574e242bad4a305374
A/40201/2524610041/1775575273.csv,9400cc5513bb11379ab0e5500698be8d4b5896d150168e5a477a91968b9747f6
A/40201/2524610049/1775575273.csv,5ccab1274e8401fbeaaf997b0e8a1acf2d6332c2dc0b1d976533b2eae18783d5
A/40201/2524610074/1775575273.csv,8638d609eefee788acf402a15e604f3eeffa79f7fa46c3c4c9ce64094147c050
A/40201/2524610082/1775575273.csv,f01d01a945839651012f07067d4853cd87c012d964d5dabb37e8fa9235808ea9
A/40201/2546610759/1775575273.csv,ab61d1e9008b490c951296d2fd95b4ee8a1587534a8154d0b7b9706923a8bef4
A/40201/2548610286/1775575273.csv,ec0e489cad34eb32d0d6800d68f405b87f30bd6156556e32dc9bf8bdc9b98d1c
A/40202/2521610325/1775575291.csv,02e3de9e0dcb5c58c5167be35036846288720f410fd103891cdfd7b723b41b51
A/40202/2523610003/1775575291.csv,4c444d7535548a0cd233d3f2495f9844681cf40910b6634cb0c9654e1d40ba91
A/40202/2523610041/1775575291.csv,6b17865f192ca8ea9359262ed3a6d090a686308efea0244c0839dfa5fa5ad650
A/40202/2523610075/1775575291.csv,1b3ef81b97b3f12fee52f34d881dd6dbbf044179dd1d564b9d450b9e27ed4a24
A/40202/2523610126/1775575291.csv,6e844c691cfd30d623126e9de6aa0e2b159c832a028265e3e7744d51f7acf2a4
A/40202/2523610134/1775575291.csv,9a5bd9ae99af1f64b24cacbcf40c8b48f0a812064bdeb96eff1011f40c2c7b54
A/40202/2523610160/1775575290.csv,5fb51bc122ea5d5d4db9dfb24b53ecd51d5744cb07ca6f1bbd4f843ffbe95dc1
A/40202/2523610432/1775575291.csv,ab52141355915c944daf8b86cea80b55da4e9e4c1274ba4a6c8561abe9a3413d
A/40202/2524610033/1775575291.csv,92194ab2d79a8b9ccffff59662d6bafd8df883b77cc0949b11356defc96f8296
A/40202/2524610041/1775575291.csv,753722d021966fa1166b3485ff057566d68c10954f74759d31d2aa952ebe8659
A/40202/2524610049/1775575291.csv,eaeadaf30d2c5cffc8a6dc3ddc8bcb415483f541e36a33d6024549b159ccb7fd
A/40202/2524610074/1775575291.csv,e0c65f4e8b46b79781165c36a91ff9f8a8c2ef78ed0bab719cbcb63c948ec775
A/40202/2524610082/1775575291.csv,24e741009a5d4759c4e69e321a82d84a7a73c985dc3cb1c58ee8f06ffb610ba4
A/40202/2546610759/1775575291.csv,dfc39ed365926616384d6bf2178047ab2ae26899bc7c7e07946f81e89a615a5b
A/40202/2548610286/1775575291.csv,4ebfbb78a9a59d77c73a58d51cb4543a17599b03b30396961b55f379a319eaff
A/40203/2521610325/1775575309.csv,72ec467f4b0650b6f707307f6957a462161aa02e2b22bfa9978d375a5cad91f4
A/40203/2523610003/1775575309.csv,d22db9128157f6ca36c955c3048b6bff5c3c54003ea43892ac990635b533eeaa
A/40203/2523610041/1775575309.csv,91aa7926d1901c2303be7103e1ae170c7fcee049183a82d3bf800e2cc18ad461
A/40203/2523610075/1775575309.csv,71cb01e8946fe35b94fc82c6a011b1d2cabf538d0fa212a12e017495408fa5c0
A/40203/2523610126/1775575309.csv,ae830b61d5ca7d3ba93cd1a5e756485469d5ec1512fd8087d802dc6b0acf064a
A/40203/2523610134/1775575309.csv,0bcc65b4c7537d86fa779b85c58d1182ebd97792cfd30544cced4b9db39ce9a0
A/40203/2523610160/1775575308.csv,2ad08ca3a1c07ed960058cefcb006106dba366aca9030522231ebbc384317dbf
A/40203/2523610432/1775575309.csv,3d1ca7abe8f8aef42da9384e4da5ef181b5e0b09cead5b3fd473d22ff248210e
A/40203/2524610033/1775575309.csv,b9775e02b994b3b569dadc8a78f14ad5e5606ba766cfee79a38af2b85e3f5b6f
A/40203/2524610041/1775575309.csv,cb318a30d4a63e7b8ef07fdb84a2729284ecf77e31d6149aeae4ddb37f119f62
A/40203/2524610049/1775575309.csv,2b86f4d3bd4254a3ee5dc2d14a8b206b63b0e8356f572a4b13f4a2ba90ed7465
A/40203/2524610074/1775575309.csv,3b26526c9579b38bc06f8a707bab1778f0d4a9153fbf5550efa926e3ddb64ae0
A/40203/2524610082/1775575309.csv,f801dada1407cf9d83f6561c342df5e87c98c0de63ba85529a50d47c7d9dbc4b
A/40203/2546610759/1775575309.csv,b05391725ab83e5a956bd54e979fa508b333d6641f7e38e376a132bbce1026e7
A/40203/2548610286/1775575309.csv,d7a0623158e1b7ae93f3f9c4b8a22b26d9a86b488f93cb4dbd3990454b6d6b25
A/40204/2521610325/1775575326.csv,cbc65df99d7a13aa4d1c94d0ee0f7cc8dc6a7da6e57d21f3921d484213168821
A/40204/2523610003/1775575327.csv,e9e25004518863ff8aa729d19690c0da2ce4cbcf3b54e0a00f4966bd760ae4ba
A/40204/2523610041/1775575326.csv,bdb14fe0bcd6c882ae41c1405cc33a801dc8655c79c3e6ffebf89afedcd0e1cd
A/40204/2523610075/1775575326.csv,16c67920eb418954a8b5c4f4f4a4b859ad7a87e2dcafe4b4d77e61d91cd897e7
A/40204/2523610126/1775575327.csv,a8e0299619c4e21c658b67abc5ea733646bc3ff805e2cf8af8fa4c2a611cefb3
A/40204/2523610134/1775575325.csv,5b1394d73af09b6da4957bbf94502a7e65b0d89ff6a7dc6e3676f2e3f5b03a02
A/40204/2523610160/1775575326.csv,718ffab58e5945a5117506f866b378b7f8c203ff2816a6b9bbd4a8cf45a55ae4
A/40204/2523610432/1775575327.csv,82ce340de43b009696ff7c90972871229c30d97718e805e5be52211bc0927682
A/40204/2524610033/1775575326.csv,556b8ff482c81fa5a707504af45510a893e381d491dec4e8096905a6ab912b37
A/40204/2524610041/1775575326.csv,ba2d92d833b89a25872448a730da90f34e2c9e9262e3d4a1057a2cf26e09101f
A/40204/2524610049/1775575327.csv,d523ccde90cea81d7213e12c5580bf15838144715aed5608051b47b4c08e5377
A/40204/2524610074/1775575326.csv,b13fcd856b1a232fc4849713b957f2e1846810b6bac453b8e842fd3ddd71b37e
A/40204/2524610082/1775575326.csv,b3d809e2be485ac0d946adeef674b907bcc47598a323050805c1e8910218857c
A/40204/2546610759/1775575326.csv,0f11e51bf0a81f89521b1215bb3c8a241419d5f8979fbb4b00ff103186cd780f
A/40204/2548610286/1775575327.csv,b08368befd98228882c1a9878d335324cbbfb23895d05a70b084234bb6bd8a66
A/40205/2521610325/1775575344.csv,653921b5f1a2298cc7ad42fc58f3b00d7fd4b044ea8dc8738d66637ebff6d904
A/40205/2523610003/1775575346.csv,c7605cc7c6e98d500c48f82a957e517975f129c82c71b0a141113f98ec0d1f48
A/40205/2523610041/1775575344.csv,07d082e1fca0c84de32c172a270d6894f2d70a355f4a0df26978aaead08a8efc
A/40205/2523610075/1775575344.csv,d1704850beb3d759ef35cbc87b6b4f883a105dadd35ec637539deb19c1ccb9d0
A/40205/2523610126/1775575345.csv,f08e1359bea4db0d6fe96d37ca3abe3d128add59e69855ccdf129c4768103ada
A/40205/2523610134/1775575343.csv,8bc2821f20eef154de3135e1cc58d5ca4b993235e70f4a5ec039b5dd3e3b059b
A/40205/2523610160/1775575343.csv,3d3b89146e922df8965bdabb5262f2e18d695c2a9dfccac9e3e664a744c61c47
A/40205/2523610432/1775575345.csv,ea24f7b34f5bfb9301d544ab8fff038199fc8c0b891881821996fddf5433ecef
A/40205/2524610033/1775575344.csv,c207f2420a74dcdc0357d543576541f250609279e5fbde5dec99741843b33b8e
A/40205/2524610041/1775575344.csv,f35e9f28da29f8dd1fb07ddf0521d368126d0296148083f9320a5c6a42698540
A/40205/2524610049/1775575345.csv,98afe953b37152a176dc6d0e200e359f5f1ccf0c44a5186e949d124563ffc7ec
A/40205/2524610074/1775575344.csv,a3631fbaa72aec35068d809a59d348705373cd8bae6025f362bef0f5990420fb
A/40205/2524610082/1775575344.csv,f297b988528c4e96ee48a4b507dad264f41ace6697f52f977e24c5125f8f5c0d
A/40205/2546610759/1775575344.csv,1f168a09b439e8e1055158c29caf3d3fc3f929c55b838128b185f66ac163a0b9
A/40205/2548610286/1775575345.csv,0b4baf515e7fc1d786bd1f722648d49469b2767bd9672baf8d33e91aec90247f
A/40301/2521610325/1775575362.csv,34932f81b36cfa4ae40a87c52623d47840fbab3f6c53c123317fa6c919d6229a
A/40301/2523610003/1775575364.csv,7cfd4171492fd75350276f591a324867c59879116d5210bbfb880ccec0fd404a
A/40301/2523610041/1775575362.csv,b1c473f2eb306c94368b676075ef0efea0f31277238420de060134550dd68309
A/40301/2523610075/1775575362.csv,2917dfa756e0e99ffb8c37d47a66ecc81a3c6ac584a8d1fc600ec7fc6e048091
A/40301/2523610126/1775575362.csv,7b6feb733ac38daa7b9160c4c7f3dc9d90868098edd572ff2c45d864ddadf354
A/40301/2523610134/1775575362.csv,77bfc975ccd4dcd072968f65f0ca304a39189ce2d66d241f93c76a1f4138fb61
A/40301/2523610160/1775575360.csv,435720cccee8dad068b575485daf45f64b423f838591db1e4a55a9825c3b6187
A/40301/2523610432/1775575362.csv,b581dddab50a81732c623bb4617ab64af521f71d81d19d87c6b8da058e44379f
A/40301/2524610033/1775575362.csv,b6ff53d9cb7aac7e728db1f22d4b944505a55f1435a7957eb174a4c825565b18
A/40301/2524610041/1775575362.csv,21389ac30837df10938ee5bcc4fbbd61fd881a49685c867783a71d332527829b
A/40301/2524610049/1775575363.csv,39546686a01114161a0f196f08857a3862376bfd834a19d5c645aeda955049d2
A/40301/2524610074/1775575363.csv,7d2a11131fa70c3b0fecc6089760259b055f402fdc203951609b136aead5b7e3
A/40301/2524610082/1775575362.csv,b11fda6c7e17a9a3fdc0560f04366f8c2afa1c9d165ff7fc47aea340835bde67
A/40301/2546610759/1775575363.csv,ea77b4f6541f20510c7ea27b6ba279e8cee66eed2747738d5c54527fef4a3030
A/40301/2548610286/1775575363.csv,b7bceb262c0f2ad709734ec867be596cfc936d537ed85dc4db1e29e16f148c2c
A/40302/2521610325/1775575380.csv,d103bb2e6036eaaea80e988d71fbd2189e81d46a940fb517a71c7d6dc1aa97d4
A/40302/2523610003/1775575382.csv,d3145ae308cbc73a1e266d80a2d28c98d5bfb14249743bf53c05f7be14e957c8
A/40302/2523610041/1775575380.csv,85da014e2d0e48c9d836e156aaa65ebf8de7cc1d532e8ade7942a6acf6b88359
A/40302/2523610075/1775575380.csv,39f980a25d4b6229bec0b52676c26e543c361ce0fbe9d229e29ca313c655760f
A/40302/2523610126/1775575380.csv,1f4b3e2cc6337699f7cc3a11a9bb753901a392e839ea60aa3475f55aeeb2e23e
A/40302/2523610134/1775575380.csv,c928893dce7988c742e144fbd02ae4fb965a00473ec974392e5d43e8ce99ca4a
A/40302/2523610160/1775575380.csv,3fa6b0dd3029bdcc5dc33ce52918436539f19f385e04aabaa90025a28e427010
A/40302/2523610432/1775575380.csv,b3cc6a5f9dc1b2107cc4c0598ff6b97ea368a43f729c67bb71425b5a20f18fb6
A/40302/2524610033/1775575380.csv,5080748cf2747033356535e3ec89b9c385dcadc29006c9bdf4f41192a0f2f0f0
A/40302/2524610041/1775575380.csv,dda32cb2e92023aaa63697d6ed836a7ff179ec29a9a863400991271204383aeb
A/40302/2524610049/1775575381.csv,912d9332f02198d3e2d2e16dd093b00a2852c2c93dd1881cd15ca3b6a13d512a
A/40302/2524610074/1775575381.csv,45fe7fdae07cc0ea36768001d98cbdd931632ea57ce1cac3722e7bbd77b60ee4
A/40302/2524610082/1775575380.csv,381dd7d3d366e64c5c755db0658ba8a99ef9a26cfaba67a6055d0f728d117ec2
A/40302/2546610759/1775575381.csv,426112b6f61a7b89142bb3ac94ced2bdd8b5907d0b9d18b702d41b9a3d3dd8d4
A/40302/2548610286/1775575381.csv,0cd6eae7a9292df8e8222caf3eeb3bc74bbcf74f3e1ca19a4e641f396216a7ed
A/40303/2521610325/1775575398.csv,9514672dbd741b643e4ee0bff508cae085cf94bc34310b510cf3acb3e1102550
A/40303/2523610003/1775575398.csv,971996ce57f1e25a7786938f8151192f3b523fe886c2a22b9334d228e6aefd69
A/40303/2523610041/1775575398.csv,87bd0e1ca6066ce1d104ee612e7caee01fe428ea0340ef3c92f1e18f9bda92d8
A/40303/2523610075/1775575398.csv,3bc0de413d494657bd3dc1da813c3ed4dd97cb30175b65f506e64e577453f01b
A/40303/2523610126/1775575398.csv,77cc96eae52d776320ac38c990ffda856e0c0629238f08463ca4f28fe91e68a2
A/40303/2523610134/1775575398.csv,4d7e224037c49da52d5f13ec24e8c799808e0de99d3e7153984f74213d3bf41d
A/40303/2523610160/1775575398.csv,424da0a270b39fa94bf911a2c075ba65e020d44734448458f144c728b1fada16
A/40303/2523610432/1775575399.csv,0d74e1a1b42456121f58a7289dd754bea5c09942b36ae3898c0f0891951b83e2
A/40303/2524610033/1775575398.csv,4ff44bbbd260e70bfd8f3e643fd047ab68e238948f7f480ba1f29067e185ac1d
A/40303/2524610041/1775575398.csv,59504e00d147c8f79a377c2404a0bd62cdad49e86946c92b809a1537b5f21f5e
A/40303/2524610049/1775575399.csv,232c62618826aee8344cbefa5329d05b4803cb44b64d3b7b783514408c65ea84
A/40303/2524610074/1775575399.csv,2d64aa36962e1d78529245e264ef804a97a1a219f2e4690bce0e830556c5178d
A/40303/2524610082/1775575398.csv,69868808b74d3a61d399254b5e33357d87d8b9da294a7cf751fe437d5b541dee
A/40303/2546610759/1775575399.csv,5e6e493a017563893fea754226bc9598e5517836bbe0ef7a0c321c848655d77f
A/40303/2548610286/1775575399.csv,fc4889f65c37c2d4b8acb19a31471dfe0c8b266dd8fcde46d0d45d2b51bb4fa1
A/40304/2521610325/1775575416.csv,6ecac92c28739a8207900bbb4910f0b2169acc5b328d82a0a3208f3940283dfb
A/40304/2523610003/1775575416.csv,f98084b319e33427671b2c149606ce20b82cedf9a1513438662501340b9b3d56
A/40304/2523610041/1775575416.csv,a9408195b0a28a04b63596eaebf5d2c73b95b8bab63bf5ff6916a86bbce9df25
A/40304/2523610075/1775575416.csv,f21f6c4bb70315be24aba1a16ceb4e7e61e59b23456672b61236cc1286db4e98
A/40304/2523610126/1775575416.csv,dbd27a2b24b1ab0de64f6868091b946c2e5a40deb58e3c632a93a99874603b1e
A/40304/2523610134/1775575416.csv,6282edd4ef83b2f50216e0318eeb41ead81650a07e3186bbfcf9ee9f5aec6fa0
A/40304/2523610160/1775575416.csv,e71d9d9d08f23e431d1ad3fe214c07ce115a47069551cd5ddb81d1cb21422b50
A/40304/2523610432/1775575417.csv,fbb2d8ae7e712e237889bf0dab4b2e177311175b497cd75623e49507c1887c3d
A/40304/2524610033/1775575416.csv,65a7ac0e3b84586fa30e4ac3cbdfbdab746723abbf28b03e6908e206189e60ca
A/40304/2524610041/1775575416.csv,5b86485b2a1425b31213070f361ea9217ecec88507d4181c2ba063789f294bfa
A/40304/2524610049/1775575417.csv,8454830b97ee28a2bf0d5733f22fa929b8d5ee8c814c732a0aaacb8ef03cb929
A/40304/2524610074/1775575417.csv,3a93cd9223858771861dbfa20e4480a9e76bd94bcb2e0945c3f62d438a41917e
A/40304/2524610082/1775575416.csv,da9fa4ab8cebb72540c3b070a73baadf436f8c4e1ffd3c1c123bfcebd513612f
A/40304/2546610759/1775575417.csv,6255063651cad10c6b928a9c504c683ca0c26de60ff74717ee8c136282ae87b2
A/40304/2548610286/1775575417.csv,8684ccc3c64f5dfec1e9cebdef015e748943125866b3415815cc788353b73911
A/40305/2521610325/1775575434.csv,5142b99305e3a20a71edbf47060279d2a10088c001b65511f03bcbc365e5aba4
A/40305/2523610003/1775575434.csv,3dd1005dd8bb67870668854b8c2f6add1b08cab63c92291f61136248937b2a35
A/40305/2523610041/1775575434.csv,d34b3c328a4d866141a356e6903aff6155d9b370e39ca94b07c77095905816ba
A/40305/2523610075/1775575434.csv,fe8e252a0da3e87edf9d387e15eb6978691903d55b4390704bba24638e2b6145
A/40305/2523610126/1775575434.csv,2456287ba3bf171e2326ea0ff759e071ad0714c19b8b402be69719e21837bad9
A/40305/2523610134/1775575434.csv,d47be3b7ca10fde63eec7f2551eb06d784a61a5fe856de09711c85d05003f71d
A/40305/2523610160/1775575434.csv,f20ad7c0513a1df8d564cc416b9a1baa57123fb02816b75feaeef2d0b9c74ae8
A/40305/2523610432/1775575435.csv,d03a29ce53310f497eec5147fcd3761351ced2b0cb6c343ed58f7e79606eac49
A/40305/2524610033/1775575434.csv,68de1c8273df496cb76cee5538e03ba894d59fb0fdb7d40a803b9308e658d888
A/40305/2524610041/1775575434.csv,f37928c395fc39b7d9ace8d2e9f2f999c35efb6e6f7f9bac1b8e042221622195
A/40305/2524610049/1775575435.csv,1f9d10d13ff6fb901be9d8a0b727bec38c67a194c4638217c579e91c7d4c2781
A/40305/2524610074/1775575435.csv,807ecbe278e5d969f2b56d45e39c6cd8620e5694ab63dbb0042f8bc3ecc426d6
A/40305/2524610082/1775575434.csv,efe22d8a7ede1e74c56e55159e891cfa7baf07fabada1e4bd83a023decc64869
A/40305/2546610759/1775575435.csv,4a906c31f7fe4dcd0f8f1e67cb64bfc139fd6593dc0b3dfa48104f5f255d7872
A/40305/2548610286/1775575434.csv,1e491115b4135510139ea3c7f41228360f481b5cce2528271b08d74a274f667a
A/40401/2521610325/1775575452.csv,066abefbef9f578995e8c3601aba3f930888ff1439741fd6f17ea87d75c1baba
A/40401/2523610003/1775575452.csv,04d9fb676434515b5339e33f5bea761617289fd9f9b77617eb72ada2f3a57e80
A/40401/2523610041/1775575452.csv,ac736a5ad88ae315b658ff2efede960f45833140abf19a91d1946bc4f474d2a1
A/40401/2523610075/1775575452.csv,cc02051e9f127b5fd4826e0f3369b27659f3d6ff040c05479e37bd6fb3ed1305
A/40401/2523610126/1775575452.csv,3e4b90780997b08cc103c651cfdc99059d58cbd3a60d6167ce75cc31cae2ae47
A/40401/2523610134/1775575452.csv,09f5255c40b033ba16ef34945831516bb291a76991dda975793b6a1f37579870
A/40401/2523610160/1775575451.csv,411e78c0078eb463a655b6f1e7654beaca2b18f0f73381e1c4d23187ff7e1e2b
A/40401/2523610432/1775575453.csv,aa6b61a8d6b0e313c789e549d05b0310508ecc8a3ff46b388630c780ca673984
A/40401/2524610033/1775575452.csv,b0923caeba96f1e6c26d363db88103dc883912261462951f36d7c5c266823448
A/40401/2524610041/1775575452.csv,5fad821ee5b61d18f142794bc474e2d202a23ea01524d7cab50bdcb68efcff75
A/40401/2524610049/1775575453.csv,facf470ca67a64f8a9d44fede72a06c5a86bf7503402e2ca24b92246cce70db2
A/40401/2524610074/1775575453.csv,49f84b573d59c770b5d6a70f18377fcaec75d16e9adff5da33bdc9afdeb8eecc
A/40401/2524610082/1775575452.csv,c6e93d4b7786607440c9b9f68bd25328e52bc5ef5beaae34b6b14f36e4fe7a3d
A/40401/2546610759/1775575453.csv,ccd30ce9f5879b3dd460ef16dfb0d46474b9c15568b13964026bb5e1c82af2e2
A/40401/2548610286/1775575452.csv,de7ec224bda028bbdf20777e4327318f1faa910411f9dd528ddfeba52303ccc6
A/40402/2521610325/1775575470.csv,cb78e164490434a76d84beca72c3640eebe95594ab43cbff59091daa3701f8d0
A/40402/2523610003/1775575470.csv,f1473507536f965faaa7df88dee003dd1bed1f0603cb86e81bfdbf63c45bea5d
A/40402/2523610041/1775575470.csv,4c2bb6d158197e9c0ddd734ae162262648d6ab9576cc00af5c9d5dab2cfd7e78
A/40402/2523610075/1775575470.csv,407ee60bcc269331644495a42e7fe7965ad89af039305e902c45080929663bc6
A/40402/2523610126/1775575470.csv,a911026a9370d91cc3a4a5ba51eb81de2adb79851b8fe5fd8b9cbdd6f33e2d5a
A/40402/2523610134/1775575470.csv,f80be5ea28fcf5668a4139353fd0f08a482122ee6e7703a12665227410b09133
A/40402/2523610160/1775575469.csv,b10d7c05b39a9b483249a4b104854c894ef19a1538cf91d0208bbd7de007bd39
A/40402/2523610432/1775575471.csv,69d80ea10922bf5a6eeecca8dcc571d54dbf6a07bc56e7e03c113377773d4717
A/40402/2524610033/1775575470.csv,0b4279a2f5eeb8e2ada17b1157af146a4239f664857848c76cee90c4c52f5954
A/40402/2524610041/1775575470.csv,4115b202960cea5aaf1026bc4891321241b39fe2e409eaa2988821227770f5e1
A/40402/2524610049/1775575470.csv,5c38a2f3f5918f0cc8cf253876f3360edb6d7804c0c1a70877acab90f9d5adbb
A/40402/2524610074/1775575471.csv,c651a9da37c181ee772ae23b800175b584e0e2f686108824879dab3b0a3eccc1
A/40402/2524610082/1775575470.csv,26679b999beb4a65de4d1bb424bbaa6924c5d50fbd15f5114aa8ce8a073f5fe4
A/40402/2546610759/1775575471.csv,8097e0626c7c9de5992ae5963dd34e66cb8bb99c8872052caccdff8771459818
A/40402/2548610286/1775575470.csv,a132731eafc77361e9e34d292ffcce37604847e094ccb52e804aba0bb69a1b70
A/40403/2521610325/1775575488.csv,7c185cebe7bd34e0bc6eaab969914074b0aee5a88c52878bf059a7f4cf79e5ee
A/40403/2523610003/1775575488.csv,15e860493561189c2d9c28234be13d7785bbca57ed4581eb2f3c4dadf68152cf
A/40403/2523610041/1775575488.csv,1bef531925e42d05be39b09dd0cc88447268b6b8fb4e8bed27fa2137c4102880
A/40403/2523610075/1775575489.csv,ca95a68e783c58f0d92d6eee7abbe37c9be8f4eb56e4be8767968a3b571676b5
A/40403/2523610126/1775575488.csv,c2c9113fa5e09b94ba2de9d7ae617c6443481f98ef06a38e071ca4db215d2d27
A/40403/2523610134/1775575488.csv,d490cd18582c1b664afcd2d1f5e16a8841ba40c64540b7e90d8432776362127d
A/40403/2523610160/1775575487.csv,ccf4438abd59f1767ea8128f61648c44b1f636305e6d0006b48695399a7cde20
A/40403/2523610432/1775575489.csv,2a943e137e509a9400d5d98edf2dc6a17820f7e88eb489adb34cffbd2b8aaf9d
A/40403/2524610033/1775575488.csv,b6396412f0bbcc879fa90e12ac50d04de70c81ef272d011aeea9bc00c63a7005
A/40403/2524610041/1775575488.csv,47e01f9c4c1fe25f5833426c143384b0f84981d0e1270fd074a4e7bbbcb48a54
A/40403/2524610049/1775575488.csv,2a03ea807a4f4027a963ffa8c8a21140485907a57df12d5d8f53d5cffa838108
A/40403/2524610074/1775575489.csv,3d53f10393422fda564a78047b4b7ae12702482d2a65738e447503d9f91fbcdb
A/40403/2524610082/1775575488.csv,6461fadbf72597c9787c783ee52dfd957b5273f78a6e7c210e134c17d77ff098
A/40403/2546610759/1775575489.csv,bcfffad6780acec51eb902193e3ed60ee55c20ecf2583684a3d696bae8fd918a
A/40403/2548610286/1775575488.csv,432f9352af2e25784ea575c983ab0e0f2c4ec03e67b42b1d4c3b8707b018fc25
A/40404/2521610325/1775575506.csv,88d31fae489a9c9a2b22d04746b367c29cd83787f913fc3ce09d4c1bdcad8e98
A/40404/2523610003/1775575506.csv,f9b6de382852dd0d9647869bdf729f2e7c6bd3cd00441dd95072c79dee7e1495
A/40404/2523610041/1775575506.csv,84bc7910bdea20f6bea0e67d9b65a9554bc93dd704d990187c1c78bc097632b5
A/40404/2523610075/1775575507.csv,5bee22233157ddf9a5340477678aff4eec34733761d34dd54af322cff85b5d13
A/40404/2523610126/1775575506.csv,b8e81a51fe45114c23e6890caf2da309607e4e979fb22f195a0ff47696b3c716
A/40404/2523610134/1775575506.csv,da415c060b103d55d24eff73ce1c51b7788170cf851fa06209e2fbbd6f7d088a
A/40404/2523610160/1775575505.csv,cb9183e5cf21fb547a091038be14dd4755b38daf37d0d869fcd2d336affd1044
A/40404/2523610432/1775575507.csv,c96db3d050830f89c33e6348d54ed93b9de67c05852a2e00e9a6198288d08ea8
A/40404/2524610033/1775575506.csv,da04a858bc2a73094b81beb5fc062531185684d3d322e0aa7373884496ae3311
A/40404/2524610041/1775575506.csv,0528065977d3171ceb21b958938e1c33277ef8036f7cf578fc68087d774d4e81
A/40404/2524610049/1775575506.csv,785086e6ff9892904ecdfae48736c2c180aacb6b7a2b475b338182a8d42d32f3
A/40404/2524610074/1775575507.csv,3c41330db1fd94f043613568025980da3bcabee9b8b7257cec396ed3f290585d
A/40404/2524610082/1775575506.csv,975fbda124b603c5d54516932eabf571b9f38d21452d722b5b25c32e2be950cf
A/40404/2546610759/1775575507.csv,baa6262e7d5610ede5a64877fdbdfde06061f1645247760f474213940ec334a8
A/40404/2548610286/1775575506.csv,9a14c75299f8732a51f43da7fe6ae83f23aa034e8c86e5ce69ae12442d7cdde7
A/40405/2521610325/1775575524.csv,3aa1779e13c534bd666434fb8f71b1974a734750cae202fc2072079b5c71a0a0
A/40405/2523610003/1775575524.csv,be34a71cdaa30487d776a5d6146d19ac93cfde6a012afa8a8c3b79f9ccabb043
A/40405/2523610041/1775575524.csv,fbfc6ed5abdd77a6ac7c48ad188769dfdb82be2f32befe5259070568377f059d
A/40405/2523610075/1775575525.csv,de69a28c0b19d51eb973f4a13a6601ddda2024656b6162a4c40dc745457d37fc
A/40405/2523610126/1775575524.csv,81010777bb149ca4ce4dd84a51ffd71d2899fc5cf042f4dfe3de422cc90e650f
A/40405/2523610134/1775575524.csv,20bfb5033a088f813c34edf864b5ba8b6d6f5f0fa81c2f9a330bf4e9fba01fc7
A/40405/2523610160/1775575523.csv,5408fd8607ca78924d952bf5794c3462d96be11318453f41709742117028011d
A/40405/2523610432/1775575525.csv,54acf716afa981a53e9a4446176fd30f7651cdfee8c145e693904683f4d884cb
A/40405/2524610033/1775575524.csv,99c7912d4ba9a2ac932e0c79a8dbcb6f79d08fca083097bab705f379fc905207
A/40405/2524610041/1775575524.csv,fa35cb51f4e56f234ef6922de37e78ed0189954ba16556473660fc7d1d1898d6
A/40405/2524610049/1775575525.csv,aa90534c504cd6166f6e553afbe5ffa85cb9ece8f03817de11bffddf67fb1da6
A/40405/2524610074/1775575525.csv,fb157d1a61ab68a1e8df9db64435655347811c626dfc9a9bbc9f5354ba98de0e
A/40405/2524610082/1775575524.csv,3688411c418511e2e3304275f7c22297b8a144a702a1f3ecc3621526dd3486bd
A/40405/2546610759/1775575525.csv,0b7260da0be78c4216cc6003fdf3fd2ec6394b02750d7acde46e268b07ee989d
A/40405/2548610286/1775575524.csv,ce8006a5d410d21d3e8bbacf359ba45df6851f623bc49cc9afaf661b8f2c47d8
A/40501/2521610325/1775575542.csv,5133a8a8a8e7b2864e7f5b08e52fc8461cfb99defd7419fdf86c0227fb8bce4d
A/40501/2523610003/1775575542.csv,a9c0dab59d6b422bbfec333afc35c9782cead4484b10bc002d957811a02ce2c0
A/40501/2523610041/1775575542.csv,bd4138a9354908d216a87a4d58af59e17267ea2b5dff6004c4fd0d4675163ae4
A/40501/2523610075/1775575543.csv,b791c7a691d175857b19c50ca0e2d816db54f26f75f6a6edbb9906ef37cfb565
A/40501/2523610126/1775575543.csv,f0385a9531e12f07580aff0d5973626074d3606b431f8448180e15e0bf6b331a
A/40501/2523610134/1775575543.csv,e7fa560fe2c537009700c8b4bf1b19b8d9c55d4c797ac529fb28902564e070f1
A/40501/2523610160/1775575541.csv,f1f501de65ea4d991238f0f3682f09a0a8c4c27d2cde73915cd01b321a5797e3
A/40501/2523610432/1775575543.csv,141d74fc4d298be762182e714e52be95dfdf44803f131a77ed0e219689eafb17
A/40501/2524610033/1775575542.csv,5d373c1263c32ef4bf2281e860110e3c93902df1317aadf5e1e393d08578e3c3
A/40501/2524610041/1775575542.csv,071f404bb5f0a6c2fb9cff69cf309b52471f1d7f23e7ed6dbcdec12ed96d2c8a
A/40501/2524610049/1775575543.csv,ca1358f56a77b36e613fc8efa4fe777663bea5ca4019d334baa8b9e015d27281
A/40501/2524610074/1775575543.csv,03ef75c56a9b3f438c7500f444fbfab5cb352f364af79933743e9a37666be3f3
A/40501/2524610082/1775575542.csv,d994cb958b98af6603c396c1a29037d2b05837d2fc7c3fa55eb1ce439ea35f79
A/40501/2546610759/1775575543.csv,672b699178e1f2ae7a410821be864f90a299569878d5b14929e32e31c5e8ac3b
A/40501/2548610286/1775575542.csv,74884902c8b76dfa4049d37bce9520020e5c27bf037c8acc8db87c6421ccb209
A/40502/2521610325/1775575560.csv,21aedb257a6ff953bee3df2b8ff53380d49b048254e15768a7092eb4fb0d8424
A/40502/2523610003/1775575560.csv,16407d6dea97420c7374764b553b21d4d4ed5c4be4eecdb5ce7227b10a2700f8
A/40502/2523610041/1775575560.csv,d603f4242c3d74c2085817675cd3070defec5729354eb41dabf5eb60cdfb3544
A/40502/2523610075/1775575561.csv,0ddad9232231132a2624407bb7e515167e74f0857dbc899c72a23b16e9b90899
A/40502/2523610126/1775575561.csv,f2ed4c465ff5ca71d851456550f247e98ac30dff50eab2a1b36623adc483ad0d
A/40502/2523610134/1775575560.csv,bd98bedd5f378b49c08a587241308d1ae39a6ca421279ad34c49d55c45ad3d48
A/40502/2523610160/1775575560.csv,7c63f2e9b7c6d09e6680aa189f14b58e55f9a878922febafaa0506867079dc21
A/40502/2523610432/1775575561.csv,3b5e3848cb88b14759533908f30c969dbcab8b9cd4677a6d94dd8684d1a5ec5b
A/40502/2524610033/1775575560.csv,fe15888ec1c3f7fc0cc9d6c18abb8f88fcc59d2d0fa308adcf122966b7a8e15a
A/40502/2524610041/1775575560.csv,a1a3fbed55a12bd31afd4210ceb6f7820d6e01e7812cac511b8cd1572bcdab1e
A/40502/2524610049/1775575561.csv,9bb280a34c74de6462559cb107b1cb9312cb6131807f5eb5cdda5e75e1064ee2
A/40502/2524610074/1775575561.csv,6b5be96d02ffc86985ae57d2604e4afb71ee40cc859c3b920f13282352844ac5
A/40502/2524610082/1775575560.csv,ccdcef9536236e12bee39c46101203bc74bed98de814b69eea85fd9bcb6ea714
A/40502/2546610759/1775575561.csv,247808877698f08de2bcc4c48583eb05d73d69a1ff52cb1f01c7288a2b07d1e1
A/40502/2548610286/1775575561.csv,561410562d0cc9b3508f126f4e12fd5bc9e48947f30d2a5d361f8858d86aa0f1
A/40503/2521610325/1775575578.csv,06a458a2f1ccd1b3bf1af6d22635f900d642ffbde673caab5e172610162556d7
A/40503/2523610003/1775575578.csv,f4405da95e6c0b9be6cebf0145d3d590b0a09533f10ddca4452bed316292e4c2
A/40503/2523610041/1775575578.csv,95a2714f30dc115f5ae8ce5fb0e5feed200f660342a5cc347cade958b1e21125
A/40503/2523610075/1775575579.csv,7fb5a6933d40d360b7045e025ffc8e3ef2cf04d64cad85642c95bfa3e98f0adb
A/40503/2523610126/1775575579.csv,6eca7775f879476a1a5913a2902e8d636dc3e7483132d5bade2471e7bb53f3b5
A/40503/2523610134/1775575578.csv,9e8b831ec75baa47b80c353475f6820befcfb9fdb79952b82ee3b84d5f5e0165
A/40503/2523610160/1775575578.csv,eccb49305106fbfab266b33f4dbf1b71d130a53e95141c107a2723259b8a0090
A/40503/2523610432/1775575579.csv,040ead5cb89463cae4ad80153a534ec3ad24c086e2b3809b9fba1d70112f3377
A/40503/2524610033/1775575578.csv,5883cab279030140ee4c039cbd25a92c1363c094b4dad6dc82c38ebe943d9d55
A/40503/2524610041/1775575578.csv,d964fa527f3d44a85255a9ec73f5037b9d0b5370830c1b327d7be50038d6da7d
A/40503/2524610049/1775575579.csv,624566cd7f79796dd2f2709edb926cb3861572fc8bde87fc734a1647415fb260
A/40503/2524610074/1775575579.csv,6d4620e12410bce508a7997e3ca15a478d224779d3b271a438ffba3b83c7d038
A/40503/2524610082/1775575578.csv,cfd0d7c1b2c732e59d627f972374d65511b4f4fded1246f613fc5698f435b1c9
A/40503/2546610759/1775575579.csv,6f5f12a06d5c7c9d6962b69c33a499f9435b857ee38e12519aa7bee5d5b7128f
A/40503/2548610286/1775575579.csv,b6d01dd057faa9899a65b12f23d6f4b87bf5759e6e39a9c517be157ec091786d
A/40504/2521610325/1775575596.csv,4ddc34a7ee617d229912ae28b293645d542bfa7b75efde9b203c80217a97cee3
A/40504/2523610003/1775575596.csv,a370d17d9b5374da17d664a57b0b267fbba6708b3e260a2f7c98d0fd1d110d88
A/40504/2523610041/1775575596.csv,524eff3eaf4f841edb2e98b8d925af1771042bd2905fab0c36fd5d492ccfc0c9
A/40504/2523610075/1775575597.csv,e5e08b393deecbda88058199d8ae666a3292564d4f0469a3db7e4d10ebf8de78
A/40504/2523610126/1775575597.csv,4ac45af3f40c33d258888addbf0d6015b600a0551cac8e2735d763d34467ad1e
A/40504/2523610134/1775575597.csv,a33485f8787060d4c9134dcf9d32353debfa9acf244b8926086761feb699f746
A/40504/2523610160/1775575596.csv,1e475eab2b6a8572d942a6255eb7cf4dd90397911d859688d5a86346c635f680
A/40504/2523610432/1775575597.csv,6da8a214c998aaba3c7dac3eb7ba2bb76f5c3cd900a06344f08b7d886a9b2124
A/40504/2524610033/1775575596.csv,e4b712ca4d98c505d443a5df82cbf4533af5ba0625ddf30a56135f4e6e46913a
A/40504/2524610041/1775575596.csv,5087ab8dc795111219c1b8bcf9811a5641553f3ecfc1aaa0438cb6031d24588f
A/40504/2524610049/1775575597.csv,93500b9bcd9815209d10c0bd3373c6a3da2649dafec6c845c5b20916814d8c38
A/40504/2524610074/1775575597.csv,be453fca39b09ea18d7463f75cd8070268e345bf330c032426daf746d8ac40e6
A/40504/2524610082/1775575596.csv,00b60a3d1e497037be2b21c7dd1907a067098f116bf6625fbeb33ceecdf3aa49
A/40504/2546610759/1775575597.csv,919d2339e22ec04768784629ef5b1ab2a3c6143bca8ea0132a3bae6532f1c10e
A/40504/2548610286/1775575597.csv,a3b6f303d2fed2794199d8787c7c4ba9909c935c514121da8c5aae61a4f5dee3
A/40505/2521610325/1775575614.csv,b8c07227cb80687a016aa862b55a5ef503e89ff8933263a3dee879f5c63da326
A/40505/2523610003/1775575614.csv,d2d038189806811462afa1121731bb3b08f688eb62f0a0fa5a41249af32d5254
A/40505/2523610041/1775575614.csv,6208ea0c78828a67c5328e2169bc2c1fa53ff7c2cce263a1431c4fbf461d36c9
A/40505/2523610075/1775575615.csv,986c3d99577cff53c711a12379080f0c3ed99cbad677de0bd2a61d0d0538de27
A/40505/2523610126/1775575615.csv,f9ce114c0462717bf0fb548e3aab6fa038f7c3309106bc5090130f5d30b75cef
A/40505/2523610134/1775575615.csv,e2dec7eaaf2dd007614d723ef239fa08fe7aa6781f49d573aeaba666f7650546
A/40505/2523610160/1775575614.csv,db72748b14793e86a3282f231d0a2edc8ac2ef5ad517af1837878a91db2a5f2a
A/40505/2523610432/1775575615.csv,1c2f7a5a55fc9f3077a972970676dcdaf9888517a0575bc3de20c2f9bce821ef
A/40505/2524610033/1775575614.csv,a5d898cdb1c9f20856c73dec39741d36439e73ab119869c716b9f869639ef5ea
A/40505/2524610041/1775575614.csv,e61a76db62f97e09fc78a92b0fcc53195f0dc49a6c248fb1066285477da85729
A/40505/2524610049/1775575615.csv,d4bbae5afeb4efec5b740d22c43e35a77aeb0a375e8c328ef50cf207c1407ddc
A/40505/2524610074/1775575615.csv,590afd286a5f2b786717d9ddfcb66358c3ab5540d7d62856473eae6701c66edc
A/40505/2524610082/1775575614.csv,36bea2975be168926119a81f178a3897a8d861a4f70a77562c91a990823b4a2e
A/40505/2546610759/1775575615.csv,2ae396a157376aba7ed5866478ef6f0b9e21dfa6044a1c5d7361eb2e4aa0ac05
A/40505/2548610286/1775575615.csv,20116e3ebe4a976e3d3a1a1514747aa0b41c7bda9ef6cb6aa0916b6f3cc98b0d
A/40601/2521610325/1775575632.csv,17912395551ab69e6d5da5360373eaac83e8fa65c261ea61f8610b7d7f1b8bc1
A/40601/2523610003/1775575633.csv,06f1d15af9650ee3595741281c9ccd3dac6591040188e9143d1443bb563e2a21
A/40601/2523610041/1775575632.csv,fdc60617354b9de9f300e58d60f1c0ae0b10eea20123eb91fb237fe6736190be
A/40601/2523610075/1775575633.csv,f92327e220e668fd613f059b63d295bc830734233408bd04cca1d5d3e346986a
A/40601/2523610126/1775575633.csv,9ef9a82ed5c83b63e8f5bc77c9355a89a5a4ee04f425a54b5c333fc4a7165d27
A/40601/2523610134/1775575633.csv,cd5098df7cade5a6b6b41c242b7b7a9a21c72e10c4ce432ba21a51f25f54affe
A/40601/2523610432/1775575633.csv,fffbd094b8ce7c203cdf654162f7252aabe4dd9096b8af46669bad7484bc715d
A/40601/2524610033/1775575632.csv,2e5ad94a9f2dff0023bb4fd1f4279deaa80743d34d74e3537c92743eb4b8f3e8
A/40601/2524610041/1775575632.csv,b6027d3886558876a7e0ea3679f738f86dd4823c940bcdd40af56fa39ea859ba
A/40601/2524610049/1775575633.csv,df3b7c8d2193b67bf923a62db3a9182ae3718f6b978bee01b2e103d040ca727e
A/40601/2524610074/1775575633.csv,f886976384de46ea605c7d0e512cfa767f1e860a881c9a8d853e9099cf6fb21e
A/40601/2524610082/1775575632.csv,9c32905cf6eccbea35b64494235592bb8bc3fd93e276c5a4aac80f22dc2cf10a
A/40601/2546610759/1775575633.csv,d8a26582860f1508a7b1b3744f45e4ca73709b3aeabc99b25fa6989630bada14
A/40601/2548610286/1775575633.csv,5dc92d2975510da2a5011020b29dc19745c27bfe497a1b6d09dce2a823029a50
A/40602/2521610325/1775575650.csv,a133b289e862e1dcdc9250db097b7294d4e67e6d59f11252d9bf394a9755f638
A/40602/2523610003/1775575651.csv,fd57b0b5e15d5e78dc523cc0c2d5e3aa0c7d1e52b4f8f916f4b3a5674c72ad42
A/40602/2523610041/1775575650.csv,e43c8b76b01041276c49869fceff586b06919cfcf8e91012304757308a7a3e67
A/40602/2523610075/1775575651.csv,4753167d291e375c311cbd426bf24e641a20cecc0ba201e25bc97deaa708350b
A/40602/2523610126/1775575651.csv,f3933b7f2e0dac22422825008424483ee366335d10563a81dd136c9d487c1a1d
A/40602/2523610134/1775575651.csv,7bb9f167a3e65508f4a0ca5ff7b3884596adaf00df1ba649357e24771c290b9f
A/40602/2523610432/1775575651.csv,8a4b0a2dbcf12188ea415aceaa8da62eec51293929b056f0aa9215d94b365c45
A/40602/2524610033/1775575650.csv,8da4f3192fd041316d1ce6b95996ef67c19e8e044812465f254f803b122ebe2a
A/40602/2524610041/1775575650.csv,a262dea55ce08577cb893abcd4d1496a480a0f22d9e384a97b99bb933652ecab
A/40602/2524610049/1775575651.csv,57a361b4f263a19d768b80af60c14485677476b10263dd62545fdf074d01c53f
A/40602/2524610074/1775575651.csv,aec6c11275bd25f84fc640b027330e09a7df8a3cb8d289830a311f52af63662c
A/40602/2524610082/1775575650.csv,257e9287604df03890677bde05142e049f8eead2022a5924a6b424cd3ed431c1
A/40602/2546610759/1775575651.csv,067cae6b255631f083f9ac209ca65165d848df8a8c994eca6302965e32187c26
A/40602/2548610286/1775575651.csv,5a29b4262e3e5083b974ec794dba319f09260f394c734f385f90a6e673fa98ad
A/40603/2521610325/1775575669.csv,4c8cd7863379f6bc60f57abdfeb775e2e6f45f529fbc012272b9e9121f211f88
A/40603/2523610003/1775575669.csv,b7dffe9d4f8d142b22242960a55ddb66a2609b842be97031c8691d4f34e1b5b7
A/40603/2523610041/1775575668.csv,c5cc8a5d337d2048dd912ad07985399a40b49d1a823cb2ac628290bb3cc09de2
A/40603/2523610075/1775575669.csv,52c2e3108b401986f5590400e55a1b875739237be89968ee842d06499d460df2
A/40603/2523610126/1775575669.csv,07f0ba372872bf14255c774ff452e61c85c67ef91bbdb057eafc91eabafd5bb2
A/40603/2523610134/1775575669.csv,7813f8f0ec65b1990eafe2ed1d2bf85a5a3d5b3a4e615ebdf726cfe3e2cf2b85
A/40603/2523610432/1775575669.csv,9c81f0155fd25cb8b06121d3d221efafa970e5c3970a2e2e46400e0f1219a1df
A/40603/2524610033/1775575668.csv,7a5b2605422121b748167db3378034efbedde805c70c46089a9d9547ca6de31e
A/40603/2524610041/1775575668.csv,e640fdaf7e9791cd8db452f7f8085028965d9102e212884a0c014355bd52d960
A/40603/2524610049/1775575669.csv,e32e1fc60f4d0c1bc9a1443dc0730cac985c31012e85e1a55f1d850e24f05df7
A/40603/2524610074/1775575669.csv,3f86643b8a242262ad12dc5b50b2e2e8ee2cd3b4496fd4537d15025cc13cf6f5
A/40603/2524610082/1775575668.csv,476a47638b38fea82108d8d8a26ec5e4d66ce66a6675d64de8c7683ad24e8b49
A/40603/2546610759/1775575669.csv,a3f3dc12318e62b8afbf84f05eee65519ae01b1e749634ff927344b286bdef92
A/40603/2548610286/1775575669.csv,c2d98009f6f3dc4ddd53afdb634a62b91364326d2e106193011c726586ae84ec
A/40604/2521610325/1775575687.csv,487abf0f5e4fcd87466c548688fb710b3746db34889bfc95efa530d5b9f4e559
A/40604/2523610003/1775575687.csv,cffb74531c9b71197c255669541db6266faa7debe846ef62d421e5e62dca843d
A/40604/2523610041/1775575686.csv,f4b5abfe82b4129e703aa4c59cd069f8d8b359d6c0e30e50f9a3113185b9ad96
A/40604/2523610075/1775575687.csv,19247f0121e8d0006ae550d984133c60f2982c954d53bed3774b43d25dbcfc6a
A/40604/2523610126/1775575687.csv,68bdd6aeb0dc42b0d6be7cbcf616f0f6e0c1cd8e0623bf0b00daed9da81eb614
A/40604/2523610134/1775575687.csv,e2c4a5d32a217b7f4ad4bfd1fd0df3bc5f512175d6b183e9a08332128ca7381a
A/40604/2523610432/1775575687.csv,6e0ee9c3e46535a012be15d2101848cf6dc42ee82d536337b0a8efd9823bcbd2
A/40604/2524610033/1775575686.csv,65ec01a39602d4b99d6bc23b3d58c65aa7cc70112997a1a0cd59974ce3427ae2
A/40604/2524610041/1775575686.csv,691ba8acde32ec569dcd33344614e530d63a7f4c990875600e5ef0ebc6364870
A/40604/2524610049/1775575687.csv,31794464063135d03263397f5d50b6c1d07afbbc563a42036139748301bad6bf
A/40604/2524610074/1775575687.csv,18a156f37fcfd5ca21495db45be76716bb942088a734e45ac08d61de2f861c5b
A/40604/2524610082/1775575686.csv,d1643684ee686ab0fa58b380a165c2bf9b0b6a5d7e74526a32726ac96dd8350f
A/40604/2546610759/1775575687.csv,071eb79159e4004bb80c3fc30dcfcb37b142e6730ee86470b038a5dd4d328c64
A/40604/2548610286/1775575687.csv,f731bee4f7ce693e6601b4df9e4351c7fb1e076fc9091fe30b28aadd1ff498bc
A/40605/2521610325/1775575705.csv,c709fc6a989ff5bc061cc1f9c5826e5b7b143448dacaca81b74995b529eaae3d
A/40605/2523610003/1775575705.csv,b0c404bf1656bcc3ac1ee7a47fda6858ba15baa400938670c83e45b0e384d82d
A/40605/2523610041/1775575704.csv,7e05a9806b911b9a08a27a50b127e52d3747e992c18633db6a0deeb288eea299
A/40605/2523610075/1775575705.csv,b8e2514ffb783c780ec6cb19d66a2cf576ce2b1af57961bd8624c46caa831d74
A/40605/2523610126/1775575705.csv,83b2a44bafcd664fe8b680e6810112c6bd7a8596b65b76998c7f43ea3df9952f
A/40605/2523610134/1775575705.csv,eabb817c2cc62e4c8b6baf5bf681d93bd293df06a785b02e36f5eb8bb7ca5b64
A/40605/2523610432/1775575705.csv,2a12c947666c234f16d34b3d1aa8c555147091252b04e55c8629429ed807e162
A/40605/2524610033/1775575705.csv,75f0ae7da312ff05c329954105651ea4ebf13d346a7adca92abebd18f1f9787d
A/40605/2524610041/1775575704.csv,1913d191314b17b8e19e9c550a971fa1e31d517028d235d2b8402397fd3b0d63
A/40605/2524610049/1775575705.csv,c68115624180f782798de5b7d0e9043af14b7f3dd21218c535ad6cce63ff1dc2
A/40605/2524610074/1775575705.csv,7c40a66811d623e029c5f49f0022409b5da1ea1453e7d4658ebb24d88df9e2e1
A/40605/2524610082/1775575704.csv,e9e28d1e767feb40f5584d3dacc159ea78366b67f3a116227b40090b698eb948
A/40605/2546610759/1775575705.csv,79fa0c01eb13938e31638598aa1b36cc66c3c404524966e539d56a3eece74577
A/40605/2548610286/1775575705.csv,d3b860f7b2f2ccaa48d8365d5798a35e326be24d17e902d8305de20fea74e74a
A/50001/2521610325/1775577219.csv,8084797208295e25479a6f83c3c53a7df62af96bbe3ecd2dcea3d7ca97f88c3b
A/50001/2523610003/1775577219.csv,fdbc79e9ab4516624c9e8b3e9993f717c2aef6b0e6b3d04548a46464525971cd
A/50001/2523610041/1775577219.csv,8f3ece2889d5ce9d764aaefccafb7c4a9a24d5a74f6224346ca13ffcea4b8b44
A/50001/2523610075/1775577219.csv,1da8815562e9bb171bc0c0ca674d9c95115ea4ed5e8742f3776274338999a4b4
A/50001/2523610126/1775577218.csv,8615aa162962802e810ec8c94529fc00b661769536d0d67286ae4a057c054c61
A/50001/2523610134/1775577220.csv,f8126312ff38d543459c0639b7684ec555dcda2e76bde225afb137d660eb78fc
A/50001/2523610432/1775577218.csv,7270a70830ec7f6bc36f9ab08690a8588d0e2f1dd0181ccd36a6aa6a21d166e2
A/50001/2524610033/1775577219.csv,89ff2a2766ab9776a677c791035174a7bead5c7b5f3cd2d8eb026d772c9cf2c7
A/50001/2524610041/1775577219.csv,37192454d9e5703c90c38d33394e39e581227efdd2af4440cff3a1a887d930a9
A/50001/2524610049/1775577218.csv,80ae59a3a461c5d267278547311ae4c6dbe92785532566fc3b39a77c17cd8ecc
A/50001/2524610074/1775577219.csv,1cfa687c872e252a6b7492e78ddacf83732e3a09234aa50dcc23ffb28cb5bdef
A/50001/2524610082/1775577219.csv,d9a60989da40dce81fce77cd5c7dce0319b36afc49a97a9130bca75ed1ec7855
A/50001/2546610759/1775577218.csv,0926c5b995c18b60b3051dcdacd867f680c45921542a771a55ec14f96f81852e
A/50001/2548610286/1775577219.csv,d3a4b731659b1da106d40fe77cf209fbdf097f923fa794cb56fe6048847f54dd
A/50002/2521610325/1775577237.csv,f76a109895e2e4dbda0cb8c7300a910d1840e2908b28c316da44f1f8d3a7e476
A/50002/2523610003/1775577237.csv,72dbfe1d4e176f2594184608534fa4b7b9a3745ee492d11077c30e28f14220c7
A/50002/2523610041/1775577237.csv,435d96b9cc0158155746176961c478159bb4505bb43aeb0790e8ab23aa18b6dc
A/50002/2523610075/1775577237.csv,c6dcf0db9a6f7ead95a0492969109980631cad20d9de65580e1a4cb58fcc0e91
A/50002/2523610126/1775577236.csv,2e83aa91d2053307448fc7f3ef093e8a264f32c6b8a73d9843f6129cccc9cecc
A/50002/2523610134/1775577238.csv,190b47e553fa87ee1d59d05aa3fc4c1612754ac06b65eb0b7ec49695ce082b12
A/50002/2523610432/1775577236.csv,ef6b9b0ea48e11e046cd9bff519a7f3e221fc4707ac73f5c4efa1e9a8247b5f1
A/50002/2524610033/1775577237.csv,21514b6ca8132210714190bf6209bfb70da7beb2db548dbdf9213a764e1499a6
A/50002/2524610041/1775577237.csv,577b13093e77c7f60966a64593c8856adac7b77575431456bc8df9660eb6adcf
A/50002/2524610049/1775577236.csv,a2c06aec0889d4417cadfb70f806e997637d51a8cfe2602915837be30fc4f6a2
A/50002/2524610074/1775577237.csv,06191d7f00850ad430b700588a98beef4d3c0263b77d411dda7366f3c6555eff
A/50002/2524610082/1775577237.csv,b5a859f8cf1b3d90250f7dc321e23f0d52327e7a15249643d7cdcda903ab51e0
A/50002/2546610759/1775577236.csv,7c8a9f4e203303a1be36be2286034b10b267b5d07c1bdb954ea30f2a8d81c534
A/50002/2548610286/1775577237.csv,fa47eab1b4f5080cfd390e2142c77b26f8da1dc944a7b63b2453787454b10e33
A/50003/2521610325/1775577255.csv,bccbac1ae23fc4efa1867fb79423181cc094006a30273f5fb54034cadc2b7dde
A/50003/2523610003/1775577255.csv,7cca341e2a2edb5255728d933a34a52de8a6ea942b16422e46413f9af98120af
A/50003/2523610041/1775577255.csv,81caf1af1eaadbac510c01bc2ecf83d26dcb43ab7bde4457b0ac384d7cdc337e
A/50003/2523610075/1775577255.csv,cc57275e6e7c8856f5b030556ec66cbc82d92252e9fba08430344ce90153066a
A/50003/2523610126/1775577254.csv,2c7043287e14d342a7524f16cdda25415fb238f2c14ba313ff7975279490f1a9
A/50003/2523610134/1775577256.csv,7f67f3084de3cfdedee4243153c836ceecbbf738870ef928e1396ffb4d3460d6
A/50003/2523610432/1775577254.csv,3661207997ac33c8752602b7706e95770d10c2817f32212ef2d8ca3304bda8b4
A/50003/2524610033/1775577255.csv,ddbaea448e5d24d4f872c326788dafedadf08c0e487f10fc7387f062ac961e36
A/50003/2524610041/1775577255.csv,5a5fa269c19b4e61f7a7519f9e5734a946b06a142c452bfb704bda7e70b28912
A/50003/2524610049/1775577254.csv,4631c7c13a9495d6c2b1ebe0ce0d5be68963906c105f1f27c55b9ba4707732c5
A/50003/2524610074/1775577255.csv,7cd3ca07061a227f64d50504aa968ffbac367dbc28e6bdb82ba6b24dedafa53d
A/50003/2524610082/1775577255.csv,0a5abceaaccc22503561ec3f87768e0d937e901dcc7670c8662a7415cdb1a838
A/50003/2546610759/1775577254.csv,1df894f21474d57f393b2ee3295874f7978bb454a2c5e929338cb909c915ae24
A/50003/2548610286/1775577255.csv,aa2035dcca7bedd1bdf9ada9ba59e8c586285a484451f801e2b8bb89a00e1dc4
A/50004/2521610325/1775577273.csv,8263192b7c7e01b936d9e56b54a787f8ed0fa3083425340319bc41123ef5d921
A/50004/2523610003/1775577273.csv,d6a541cc2e4fa51a0a2a74f0d445005b4118ffb466918b1ee8ca568a360713e6
A/50004/2523610041/1775577273.csv,c7d118253cf72667f817513f51a0dadb3991d2a28021f43260344e9f200cab82
A/50004/2523610075/1775577273.csv,a0c67f850a671faf5a8f6e12ff78b0ed6419bdf0dd813bbf9872c47c1d053a20
A/50004/2523610126/1775577272.csv,e73f9f80e208c3a4d131170fc1db4f71cf42b7146344eca0ef5ac195b9ab2b18
A/50004/2523610134/1775577274.csv,5b8e067798d5c75e9c7d3f41af8c482a52645bbac3dbb98f94daf949ecb4e7f6
A/50004/2523610432/1775577272.csv,a5278a5b8e01edb80f31e226eede48bfc002db5b43caa13d99a023574c61e24b
A/50004/2524610033/1775577273.csv,17a45a1e43aeaa79f9abb21418496a0803b04df41f08f708ffafa045cd96cec4
A/50004/2524610041/1775577273.csv,442cb4f71bcbd48aabe6fc48e096b1e428ff7134b06586f3944369fd19045b90
A/50004/2524610049/1775577272.csv,534e9d918be6a80248b30e34fb238e0e6ab3f6e36ebbdf60d86473b1ae008165
A/50004/2524610074/1775577273.csv,4d835a2ad742d423c3000042755538b4ac4bd8780ba57366e2de42baff487cce
A/50004/2524610082/1775577273.csv,d47b26e9218c589ed30f7ef0d1b03e16d57d5f418a74e37bbd97b97a24a74cec
A/50004/2546610759/1775577272.csv,8c5e9f5e8e6a6c2e319197244e93e2893caec7a67e8331b37b60122b55ebd975
A/50004/2548610286/1775577273.csv,212079bc964583c4eda6a5704fb756c8281138916586851a91d3f1f1c8591c1e
A/50005/2521610325/1775577291.csv,fb70ade9d764f9c861e4def2e3517b8e13acfd0e645fff55bc92c8fb6e9256cb
A/50005/2523610003/1775577291.csv,02ee83739637475c1c87eb52dc80b7c0fc0dc861a5d1494b02e8f0ec5c87c278
A/50005/2523610041/1775577291.csv,9eaf0a851171451464a281bb1493dfbe755fdffe5a213674f95e12adf9ee01ce
A/50005/2523610075/1775577291.csv,6c6aa60d1f07931a4facca9952c210343443db450f604a966e3eee13a329dcf7
A/50005/2523610126/1775577290.csv,93f32a42c36c1e7425d9e347bbbb6fce67c4d8d5e46ab1969f8e75f221c972ac
A/50005/2523610134/1775577292.csv,bd217416c24f7a1726ba7ee1e96069ef6ea255ef591b533e3cba31e394aa6309
A/50005/2523610432/1775577290.csv,7a3ef1cf84a506a4c3f5f9f94e8ac2f81132bcef8888dd39c8b15eff0b1078c0
A/50005/2524610033/1775577291.csv,1c3968e9e42f1089ec7e23b2bb67f6bd89b862c91e80372a58858719d39cb0e7
A/50005/2524610041/1775577291.csv,393abd52086166e59c7dad908511ad65f68b6468e3f25bf27d0b0d9dbb1cb75e
A/50005/2524610049/1775577291.csv,5df139b066c5c94f2a0df0883971ca41134eea94bdb5cf8f54ced399de906c09
A/50005/2524610074/1775577291.csv,e36167667309ec60b531451718cb5450f6ae3002e364b329ecdb16798b506378
A/50005/2524610082/1775577291.csv,f2a902a5914552a70db6d8e714310f5ca82ceab7c29d89eec12b44e2a98cde91
A/50005/2546610759/1775577290.csv,8273996329d8f69cdc78e6792fb1b46a075764a4cdec88e1b4c64619aee0865f
A/50005/2548610286/1775577291.csv,85610780d2ff6575f67601cb418b33110f4ddec79920065f3fbcf45fe1276b28
A/501/2523610003/1775563815.csv,569c071c5126b5b4b872e7c622e7a05c0c6e432b0092c3eafb21ff18acdb0a5b
A/501/2523610003/1775563825.csv,2ab8f567c81df53d301d69d5468feda91d5fd10ad0aed2983c37609a8a882829
A/501/2523610003/1775563838.csv,cfa1ebac867e9ac6b172b88d36d74e7642de11083e39e07dca3b8c0385e42f19
A/501/2523610041/1775563821.csv,68ec64cfe23a6a623c9a5c0be8cb0bdc9936672d093bb795880787054427b4cd
A/501/2523610041/1775563833.csv,4173cb9f1ee2090d6ccba055e6190091e5acb32cae85bbd00f5a18a9f9c80e2e
A/501/2523610041/1775563843.csv,acc08293e509ec46e5856a1bba2f4de094f8e9da583c495411df6c3801cb8d2b
A/501/2523610041/1775563854.csv,edbd000e957bfd70a7e9ff093c46768b433b12ac93199ee977ed0c04255ae732
A/501/2523610041/1775563865.csv,40aebdc6b2284d0ff50da1ae902633c7ee30980c38b58bbc7fcfc06aba782331
A/50101/2521610325/1775575723.csv,47072660f66487fc553b088d806758210de0a03d6c1bc07acc15e660c67778d9
A/50101/2523610003/1775575723.csv,25c800c2b27968fa935c655dfff92ac0ab8c29675df1f43ec9bf76c3d449e737
A/50101/2523610041/1775575724.csv,2a8bac0305b6dba7a5625350d35c706c04cf6fc308c6a8906086bea6b6cd70f4
A/50101/2523610075/1775575723.csv,5c1ee56f86e12200b45aca7d41c3573c4d708e5b21e457245e53619f1fba676d
A/50101/2523610126/1775575723.csv,3a871599db049bf2ec46e19382827f3559c2d0dc792abc9806d24403648bc082
A/50101/2523610134/1775575723.csv,e88b9ecc66a835f9d61fda553e1ce8663152e5e844e886aabf85b022380a406c
A/50101/2523610160/1775575723.csv,0becb406be60e4eb57adb7b2a963f661fecda4c6a23b29febff605ce40f69ab9
A/50101/2523610432/1775575723.csv,3e33eb562df9de1cc23403202df415e1150ef349bd00603c5b4b789d3fd35172
A/50101/2524610033/1775575723.csv,ca6094e15759671d8ae185814bf6d0c0c69fcca68e763b9688595375e85f3ea9
A/50101/2524610041/1775575722.csv,e9851bf2bd7baf37f8105a2e482aff77bba5b4e19b88fbc057b26f8e998b8ba4
A/50101/2524610049/1775575723.csv,247fc501cef0082dcb1c23e50231a3dd4e182ab2ec18715a012272709e722da2
A/50101/2524610074/1775575723.csv,5e92aa2cddc5c45968a2e9462d4c0945958f45f043d533245aef9c4c4e881646
A/50101/2524610082/1775575722.csv,ad700278b95b8c4804b332f2f35539829f060ffd08413baed9d46e05e6e58517
A/50101/2546610759/1775575723.csv,712a60b0dd9d21822c239d3eb684d8053d2051092ccec884ac5800afe70566a9
A/50101/2548610286/1775575723.csv,cf1c525b4f0ccd2ef4baadbecd7995afb251bdec5923ab27507a4f982acc5c12
A/50102/2521610325/1775575741.csv,394f9836c3cbd5d3b1509b7c3447ba89dcd93712dd60b678cb7c5753a871dabf
A/50102/2523610003/1775575742.csv,ee5350d78536a33dcd81381a078e9831acf7fa602e19433023c8da7b6657c3c2
A/50102/2523610041/1775575742.csv,ea82e870d03175a94220d34dd7ce12f1cae888058833334e291f1c16afc4439f
A/50102/2523610075/1775575741.csv,8bfaadc59f02dce3adc314f5ffce75170b8d8c9ea8a5e06a8e8dd631d9b1c9a8
A/50102/2523610126/1775575742.csv,befbea3471b0e5db5ae664b257923e03a03d2368af04a1a92591052b5c405b62
A/50102/2523610134/1775575741.csv,f09e6fa8b7170761436197fa6ff9705fefb6cd727fed05cc338c3ffabc100ac5
A/50102/2523610160/1775575741.csv,1da1563cf37d2e6bf8246329d212be8580b2fc367cbe26d6c0ca40cfbc5840ea
A/50102/2523610432/1775575741.csv,a3afc02e69d2cf392ed47f7fc15ae263e7bcb330a99cfbc71445aaf3efd4106b
A/50102/2524610033/1775575741.csv,ffd16557e4197374f7836dacf6fbb4a78e5dfa68d278df967bbf9f61a379022f
A/50102/2524610041/1775575741.csv,5964888c5aa300939e1f44ae6b511dc152a861acb7a87f3eec6258c0fbf98688
A/50102/2524610049/1775575742.csv,88c4e4e3bb4303f5c4b7faa2c96e3b90e8bfb9f6cb7618f96791cbe1c2d8adfc
A/50102/2524610074/1775575742.csv,31d040f037b8bb1dc4029d2d071e5570f65587f24adcd92149a96958ff6485d9
A/50102/2524610082/1775575742.csv,2da4338fb1040730629d4461c31c6e5d943d1fc48460643f6b2e0e03266a2b4b
A/50102/2546610759/1775575742.csv,a09c6662e92dbee3ec9916f8d7ce89c960018350ab942fd6b5ef0c76115c214f
A/50102/2548610286/1775575741.csv,832b67ced6a8fc9f967e55e0df8becc66083b25187cfd72df02283a36a9d6d71
A/50103/2521610325/1775575759.csv,a43f95ed089acf79776035590ea8a9dad9886ca1801edc30669557164309c323
A/50103/2523610003/1775575760.csv,d1fd9edc953d025b62b7510ec2fed6e1dcd4ca3bb29f9670ff9b313ed35c89a2
A/50103/2523610041/1775575760.csv,90d2070254758d30897d46fecc97c04a96a02bb59b2f0d6af8b9a86ab6f2d7db
A/50103/2523610075/1775575759.csv,0c83a31ef7d001fd37d5f81aa5907c1922825bb65d05b4dcc23175c749a3d689
A/50103/2523610126/1775575760.csv,7f4e62a4abf34d87eeefde982feaff4d3ae46dd62be53886670f051d66f53930
A/50103/2523610134/1775575759.csv,298ca4536f13a9ee5bb686d20f5a783863d111e19e9547c342fb37867e4d2052
A/50103/2523610160/1775575758.csv,7f0858b1fd83d46478f7eb4962f72de310061e4500bc114ef4e5ae3361eb5e89
A/50103/2523610432/1775575759.csv,5877577a6a08e2e73a551d2d817b144c8dcbb35100d80ed76dcd8a4d91aa82f9
A/50103/2524610033/1775575759.csv,04b4fbbe35e31b2c30214ed3edea54bca8ce07caf32826a7d1e7e700000ed76c
A/50103/2524610041/1775575759.csv,2e3d684522a62f01d72274006217a52371d64f07ee1c5ded96955a0b668eb1fe
A/50103/2524610049/1775575760.csv,f3f7815ce2d1034a5dc33082c9ee5fdbdd2927935a85ca65fcfc0a03c3d2fa84
A/50103/2524610074/1775575760.csv,37c29bd19edaf868c6b26c0b054ff36a604bad7009242f6f54a6efe4c9281f7f
A/50103/2524610082/1775575760.csv,058f6133ce4098c0398b8306f35553e0c6f6f5cc1e527d59c35febfa42907f89
A/50103/2546610759/1775575760.csv,901c648aa782a5ddd3d58a291c027d0f0157d2a8b2e3e207f84c76eb085eba1e
A/50103/2548610286/1775575759.csv,fc0bbd122579c50a68929f767d6cc773906ce0503fd83398cbae9ced547fbf53
A/50104/2521610325/1775575777.csv,8b661da129737684ce03785a6ffc6634ce28dbe3367a0dbd5956b371d9b2b680
A/50104/2523610003/1775575778.csv,96a1d1cebb0b6013a1dd08cdd8decd3f37447c9fd7a8ac3a272846c9bb9d852f
A/50104/2523610041/1775575778.csv,27eb14410dba0bd275c9744c5bc1a8685dc0cf5857ea7e495ea335da00efb242
A/50104/2523610075/1775575778.csv,b41cc6c4f0838d35b6dc2f4d39fb9066e57ab8d9e751f240b2360bc17ae6a2db
A/50104/2523610126/1775575778.csv,c1e678df8752aa03c5de046018460c6d6de2f64e08c56c25f348dfe52e6c853b
A/50104/2523610134/1775575777.csv,64707c12dcee93c45e6640ba8f7eda323c26a84dd3a821c7984b2c8ab26688ff
A/50104/2523610160/1775575776.csv,a4da1296633ca1333de9bf790a85c22413dba64e1048251f5926e1b65ec3a92a
A/50104/2523610432/1775575777.csv,3f0ce6a8b1a40fe74b990653e830b6f0740c8ef398e0ac95e4fa664f5724bcb0
A/50104/2524610033/1775575778.csv,445647e2c88f8641daf5c1b7052997de9a5600ec0b13190894285dd34a93435e
A/50104/2524610041/1775575777.csv,95e106c1063046aba739af655c45f306da17c7e29b0b2f9009fc07f344c9ed35
A/50104/2524610049/1775575778.csv,77bf3b946d50a22f69879bb42ee713c0578b18c8c8945d7494a6c015de91fc1f
A/50104/2524610074/1775575778.csv,c736b39a397dcfa5822130f8446da40d09a11d6cda859cb3570551a35a74d1a1
A/50104/2524610082/1775575778.csv,a63ffa4ba567820fd8a790e7f9435c246a7ae2a3b215da2d038958efd378ddf0
A/50104/2546610759/1775575778.csv,ab821032bef50d8d11f8718762a67a6c520fdaceaae89e21beb12515410f4d29
A/50104/2548610286/1775575777.csv,9d0d654d18ff8d39a155044e94c77ec1bb32d5155c27a29b7486afb55baeeaea
A/50105/2521610325/1775575795.csv,a12bddd37ebd0d502c6e7a2efc73ba65bcfa72c0ed18c3e166a5a74bd303545c
A/50105/2523610003/1775575796.csv,65961c97985e2b31eaaff27d078cbcc79fa2654c7017ac46292da632174ad2b4
A/50105/2523610041/1775575796.csv,4d6586d127d6e1f75b754029dd1677a3a7bc428128f0febea648f5e2faee0242
A/50105/2523610075/1775575796.csv,0a8f2630923e6b3522f4a97c37dcde56d42a1f9b2e933393a8e4e910708fffea
A/50105/2523610126/1775575796.csv,d9b9e703a09c819de13977e8419ec1ad5a8e4922562ecfe8fd45432867d77229
A/50105/2523610134/1775575795.csv,fdf3404c9f9eda616cd43f1dcf6f530021873e43d164c2cdfcbed69b0d9c796c
A/50105/2523610160/1775575794.csv,568780ea9e7609f30ce4d928bb4a2bd61776288eac7763b23558bcad79a353bc
A/50105/2523610432/1775575795.csv,9b67d51d81b7c7e65f6c33bf03e87053a94804ce81ebf40066ac94a5dcea7e14
A/50105/2524610033/1775575796.csv,8dc714140f5c8540353d0fd0d87968e3cf76f0e3ce8d5b324dc1215a2ade693d
A/50105/2524610041/1775575796.csv,6c0fec7e1d9a1ea739a14cac9bc4915113a561daceaab520fbeda5d7c610e0f0
A/50105/2524610049/1775575796.csv,dfa70a3751f625d432d05643242e014f5d9abfb1048a61b5e75e7537be7c8e6d
A/50105/2524610074/1775575796.csv,d7f64ab98763a80301e4f74d7a0be333eb4a55b19109691cdba5d3c69f31d1ce
A/50105/2524610082/1775575796.csv,87debf53a3737e3bf9ef04ebc7896619d1305e10565dc700f7f289823b3f4f31
A/50105/2546610759/1775575796.csv,9a2d39b1c47eb836cb64033b837b30b3021e1fac4b83e51165badc0b87694ba3
A/50105/2548610286/1775575796.csv,69c53871becb954c82576b7ccb3cfc48b5b35dee09da89222dc20187e1dc0799
A/50201/2521610325/1775575813.csv,04fc1ee54901c8f97f2f0466f957095fbd348e9d01e4db63cc9c48745668e669
A/50201/2523610003/1775575814.csv,222544fc96bd64587cfc4ab1aa6278f3365816274cf27f16e95c9a615e49f216
A/50201/2523610041/1775575814.csv,e057253bc32e8d18e6937b103f2ef0f78a46d035f94187366075e922e6c0919c
A/50201/2523610075/1775575814.csv,6060ab8c1084afc54654d8518f69ede6712db25e2c1963c20bb76dd30cc699c3
A/50201/2523610126/1775575814.csv,0fc57d57ed7a3fab6fbc214164923a9d817d244469a4b87df9a4229c95271ad2
A/50201/2523610134/1775575813.csv,8540f233e43eab3d017f64d02df8ad7b5947f2dc251dc31555651f9138058b67
A/50201/2523610160/1775575812.csv,92098dc5c01940ada8b0c2439dab777e2d9c422318c907090f7922fa4627769f
A/50201/2523610432/1775575814.csv,c41765c9cfabace607c608391bcd9410643ce3586485df4b94510bb41ae69238
A/50201/2524610033/1775575814.csv,9313fff22c65d38302b07cc44846860fd4cf7cd615ea32d234e2f7883b083bd3
A/50201/2524610041/1775575814.csv,6f57a41ee6907dfe0dfdf2849e5464d100e12547278d39d34cc04ca238f07632
A/50201/2524610049/1775575814.csv,07679d18000fdff8b9c135481f2fce64f4727f57d6de94031f2a6effe1b75896
A/50201/2524610074/1775575814.csv,fa66e210aa788db56d07bddb2b1c1eddbdd497cd509482a1a84d1803d45a30f3
A/50201/2524610082/1775575814.csv,1a1cdd9f2f905d521c5a765a6e374240395a18a844aeffdc1b481c3bfdd5e5d7
A/50201/2546610759/1775575814.csv,8558221d074a27a78ed6d6ab86fb4e0030ee15999bcb4adcdbe791f934945ac0
A/50201/2548610286/1775575814.csv,a3f4b78076d7aaa006db475b7a4c2045e266bfa29725856a1ee877203cee3e10
A/50202/2521610325/1775575831.csv,da4f70f3ad57b72c43c606bfa90bfbb3633ff1dcd34c715b7e34ad2dfbb3dc52
A/50202/2523610003/1775575832.csv,1e4a8070a592bab01050f054f29de68cf906ca2e5fc1969b11ada27161ff53b3
A/50202/2523610041/1775575832.csv,a8813d10e25905b80899da0b31440f0ed00f755ecffbd066e8887481223f0532
A/50202/2523610075/1775575832.csv,9ddfdb270b610e9ee9d96284175f812ac9b56631aaca96d709acc32e2bbe9418
A/50202/2523610126/1775575832.csv,e179b81ba22f2569914472e9165d38b61c1da17f30090c302d7bedb48948c8fc
A/50202/2523610134/1775575831.csv,9c89870b8df19692e96d8370c0e0bd80497dcd897cc6af725e3918ac104b4aae
A/50202/2523610160/1775575829.csv,19b08537d0cec2ad92a3f380bad0e985ad5c54613c1d649b8d9a1a854c9b3e3a
A/50202/2523610432/1775575832.csv,709370200eacdf48e00e4b23b9f123bddee1850adc55e46364b51c3cde792164
A/50202/2524610033/1775575832.csv,6decb916ba1161020403d91d4a7ecbba7728cbbf0122608c0d3848c334e3bcd3
A/50202/2524610041/1775575832.csv,beb46ac0f78f095c2421fec6397d5b9f23297311b89794febc6dae2da988b080
A/50202/2524610049/1775575832.csv,f9c4371a5ab9d44c4e1b205637ff1a1af1e061cdbd2fb72175a19d224b410958
A/50202/2524610074/1775575832.csv,7e2e9559e9f05c22e668d26f6a699d5810a7a3c60da19b915114c940484e556e
A/50202/2524610082/1775575832.csv,8b78ca8e07bce7e23cebec2808b084cab138a4138052a40f6d612e68d3abede8
A/50202/2546610759/1775575832.csv,bd58f8cd5c5c92fc336a60e8dd23a5580a327ab267438b2f7a1e60b65ae9f090
A/50202/2548610286/1775575832.csv,2cf969a90178c013b7748af25bb0087927f220d4fe8cc81dcf12191538763b6b
A/50203/2521610325/1775575849.csv,c2e4dda7c1b3f435fe2c48100af0d1e12d7c195b32ce81a08167dccc058a08d5
A/50203/2523610003/1775575850.csv,cdcb51261d213e5f45a0271da1e221ad7df4f57e132a6e16c04d1b1b95d4d90c
A/50203/2523610041/1775575850.csv,ee25662dba03a222d8c6f94567d15f31af2acf9a8e283d5a945784fa46be16e6
A/50203/2523610075/1775575850.csv,f885671cacbf82a38ae19a25a2f6f8c0137873e633a0b7d68c99f2a1f88ba9c3
A/50203/2523610126/1775575850.csv,54b848b1130b2308e66974e6e0aae2e1e1c7ec40611a93124814bb8409b83b89
A/50203/2523610134/1775575849.csv,f606fd8d81533c0ad65b623f6707b4d05dcc6f01aab028d4eec3482f291bb99a
A/50203/2523610160/1775575847.csv,90a62859b90aee433c6de8b04754b8f4f93191fc13f47610130f0c36691980c0
A/50203/2523610432/1775575850.csv,b17fd6723209d47317da8dd89ca7a3efcaebe6e2709e950c8b6357658d717b6d
A/50203/2524610033/1775575850.csv,e4378ac40b1dfb0a8b0e70f61ad61cc3d9622a27e45811fca5cfd735ecc217fd
A/50203/2524610041/1775575850.csv,25ef10c358e979ca41265f65b1833617bf44a33b303299ae63835e279973add7
A/50203/2524610049/1775575850.csv,7065b914afaaf48469e85dd33fe82118203d8bb516304708207acea074bf4b22
A/50203/2524610074/1775575850.csv,983cebcc55d7a08aa3d407f3ea576719e9408785b3fe3dec53364542b315c5bd
A/50203/2524610082/1775575850.csv,2dd24ee1e80b7c960f0ad2b80ab0cb0063d9b48fdd23369d4f348b72022be6f1
A/50203/2546610759/1775575850.csv,4039e5629d24efd63f819b14584c895bbe9c766c13d2f0ca88bcef5eb7caa7d1
A/50203/2548610286/1775575850.csv,9d5a42a29fcabad59b0af7a33a818ed82bafef6d5a0edeb60ec3e28dabb6fbd6
A/50204/2521610325/1775575867.csv,d94fd08879e99b44bf419b51ae1bdd4fc52409a82dfebd40fb5a38acc6051a4a
A/50204/2523610003/1775575868.csv,dd61abf7c87bd9f2e17b526445f25f40d92da3c8443d7b4180a556dc06c054bd
A/50204/2523610041/1775575868.csv,e6ab98487b1cfdac87f4d36f20a69870d6537a717ae98af6eb0099e6ed02cc07
A/50204/2523610075/1775575868.csv,235869aaae27c7541fd5000ffc444110411e273d68662e1c62aac16bff204a53
A/50204/2523610126/1775575868.csv,5012d782c286c5c3a6245ad65850d2d2ae59255a580fee99c7ebd12456b5e93a
A/50204/2523610134/1775575867.csv,8a4afdb92d0f30b3ca6097821c78050f22a738deb4591bff681d4eef424d2475
A/50204/2523610160/1775575865.csv,eac2e4e5fafe8cfc50612596c2c22d1689997e0ca581c284a6bbe47ac8c48909
A/50204/2523610432/1775575868.csv,107a4ca822df9999c26d823b358405429e4a293ee90b99915a6fe0c6e1fd1ff2
A/50204/2524610033/1775575868.csv,9f57bda072a53be079356c3ac36a13f1ede859bdf7c4052b1161aa1cc24f9748
A/50204/2524610041/1775575868.csv,92da76fe35950e5b20cd5fca0062f6c30091fe4826ca2076824609d5ca333f22
A/50204/2524610049/1775575868.csv,fc4080fd7ce43000d177852be78ffd0659d60956a83fdb4dbf868c687ddf50fb
A/50204/2524610074/1775575868.csv,e946afae3cbc3c169a49086807dcfbbe4cd4507ab697a66e26179542bcc6e9ee
A/50204/2524610082/1775575868.csv,003437b342de2cb0f650eb34569d47d4b50feacd9a08737772b7227a82fdd83b
A/50204/2546610759/1775575868.csv,746150e41cac96db2ada5c258ca6b2387534bed47feda40b1590fd23046d07c2
A/50204/2548610286/1775575868.csv,ec3c981abae937da687dc395a236f4f680e75b1ef421e596f75df3dab7e8cac2
A/50205/2521610325/1775575885.csv,c3bda2628a5e82ec201e38ba203937d62c1bd9727e645fb349ffa0740b769e0f
A/50205/2523610003/1775575886.csv,12657d4beb4821dfbf2e2a3fd1e41aed020e801efcbd84e56304f18e28107172
A/50205/2523610041/1775575886.csv,3edf1f342c1b754866c2a2551da5162f422001330933e3984bb7f48bd9ac37a9
A/50205/2523610075/1775575886.csv,20ae2a733584fa5191bf16cbf005de2136cc69437fc241fb0e13e49664fdfcd7
A/50205/2523610126/1775575886.csv,308802a9f2890778944fce5a2651b868103754264f7ed415cd418d1c312fdee4
A/50205/2523610134/1775575885.csv,95fff16646f42329f6b5ed223a188eebe8d596688b1581c0e377484d89a4e537
A/50205/2523610432/1775575886.csv,ab8e35469a87f0a62824dad7ddeb4ab2c3e16a96ddc248081912a42b83e0e0d3
A/50205/2524610033/1775575886.csv,eaf19f0176e2a90d52ba86c097da6bebc0e2282504aba70c558441c783ebeaf4
A/50205/2524610041/1775575886.csv,b026ec65bbc1b6592e71269fe3d4c9dd2f481c03eea295c9b6b92819559a97cf
A/50205/2524610049/1775575886.csv,d205e27840472466b5e76c1172bd063ff23d8041631c06dcfa1322958979a63c
A/50205/2524610074/1775575886.csv,4c9608998ba3057ab1c2b7cf962df97f0d8f8db9646a5790b0c831649929b7af
A/50205/2524610082/1775575886.csv,7dcc3188f3056e895ec96af6152c6bab892ed4cbddce8ece77ec915a2ec42724
A/50205/2546610759/1775575886.csv,f40cee6eb923b1b040943f3897a8d71218a842bf82393e5fe849503a53369789
A/50205/2548610286/1775575886.csv,f1e11c86740f2b9da2dae86fda2c8bd4387ca7c8d4123d298d09dea42e4e0603
A/50301/2521610325/1775575903.csv,e0676a6b7837eeac1f5e26bbb3fcd6a15300163c3ffbdb7c507b5478d208747d
A/50301/2523610003/1775575904.csv,bdb7a259663b9e4e93e7e8919e00446ce48baa689c915854715b60c63a3a8118
A/50301/2523610041/1775575904.csv,b4bd1dcbf59c91382dd21bdf473f79b53aa6da6df6222016c15a1a328d039f79
A/50301/2523610075/1775575904.csv,228341c62c2dc2db7bba142721b7234554babc91469d8d8abcc7ba7149451bed
A/50301/2523610126/1775575904.csv,fcc50f66a16fd2e0069e52d54b95636070db1cfbaa66ed8b986dc93c308f4b3e
A/50301/2523610134/1775575903.csv,193245dd26a708656f2141b1c322b3c816b60583b0cd3fc95d3f184627de95b8
A/50301/2523610432/1775575904.csv,461fc8ffeb1702b1d194bfafc7e8c5dd82a09e06549c36ea0114f7ff8547931e
A/50301/2524610033/1775575904.csv,857d591d33e989a1ef34a2a6fb0cc7c308c2249cf1983c50a916608ee0d435e8
A/50301/2524610041/1775575904.csv,8be4556a1c26ea5957a2fb95a84229e1819d4940362edeef041178bc04612ae2
A/50301/2524610049/1775575904.csv,2dabb5af337f5630b3020ec9325f0133a4f7a7e62882d3ecd9a8601e2cb74a1b
A/50301/2524610074/1775575904.csv,bd107b20f90ee515f233d4e972726fde3b24e59d7686b4a60042f23a7f04a5e4
A/50301/2524610082/1775575904.csv,a418cd06cb5425e7b345fa7721d10ef36ceca84ce29ab98e128f7f23a2aea966
A/50301/2546610759/1775575904.csv,139a1fb9e3ba0f32e3f465cc96d6b6bfbaf67e987d028bd0f6b7ae9214aa972a
A/50301/2548610286/1775575904.csv,85ed4e460873a472709d17a550486cc82dd7776edab64fb51993142943c78202
A/50302/2521610325/1775575921.csv,6b8e439898406124ba48b814211668233560170eaee849b9bf4e034c20eeb712
A/50302/2523610003/1775575922.csv,efaed7b45c76a3c8e76d56570adc7d5c58f2e2025aa46b1b7ca9a34a04232bc8
A/50302/2523610041/1775575922.csv,7d85fefc14abae3e1107dbcf2b588dfb54f04d84221e0a1265ca1fdf8a90cef9
A/50302/2523610075/1775575922.csv,aba76bdc96c3875c003503768ed3224d32b002afc0729e9efae675be78c7c08d
A/50302/2523610126/1775575922.csv,6efb93380c707e1307ab0f5938c9e19a9e87bd3b8dcd2cd5e89fef689f2a7612
A/50302/2523610134/1775575921.csv,299c2cbf27cce840a849259861d5992e87020c6e9db5884a94a45476d05fba6d
A/50302/2523610432/1775575922.csv,5b715ebc560de525646126d893212507cde683a0951b79a12ebe59ac3f7034ec
A/50302/2524610033/1775575922.csv,1fa682f22715385b7f372ecbcdf1ba060fa7895a1a8d937458e59e1fa8c6900c
A/50302/2524610041/1775575922.csv,4e232cafbefcb7ce5e45fb3ac9b2be3a4de7c9a04e5a6e1703d0076ee01597ed
A/50302/2524610049/1775575922.csv,812f2b00890b1d05c1af3bd9770c2c9570f35e322a6142caa033da800bb14b5f
A/50302/2524610074/1775575922.csv,9373502c4c1063fde8b92698badfb2c8451e8e6f2da842536d3aba76849cccf9
A/50302/2524610082/1775575922.csv,e6efa99e56ba844d59c7c00884ad9c347003d86918dfe8d0c17ff8cd53389cda
A/50302/2546610759/1775575922.csv,9418a5e915116e875842faabe23c1bc468f10b514ecba92a5b6c088ad367d047
A/50302/2548610286/1775575922.csv,e1f59dd39ae6fabe8e2f27c24e8d02b6d0893ffa5f53c237a31e1d03e39341e0
A/50303/2521610325/1775575940.csv,99e55f9222c65f0b91623c8a7e74249da9557aeab2ec740f8ff36143a67df068
A/50303/2523610003/1775575940.csv,c5162a49c4a4c47c58bdc4643f39bee5668def73661deb0222fed7bf90bb0d0a
A/50303/2523610041/1775575940.csv,4792bc355d658fe35b4347d7755b0928a1c400f46908141321daae9613864eb1
A/50303/2523610075/1775575940.csv,fdc520e91d5c5f77a3cb150cc2c7aed3c1bf5c6c80fc1ac98141439ae538b4dd
A/50303/2523610126/1775575940.csv,f089441af484b11d1711b6a8d56bd04eab2c35122c7cfed920cdd175d3d50a07
A/50303/2523610134/1775575939.csv,309d5952e39dbf801012b5c903762fef8321d8e97831968b629e6e2f3509464c
A/50303/2523610432/1775575940.csv,1e92fa744196b3a7d1f2e7729c86d262e13915c299e05dfc15d8bd2ca8d0c8aa
A/50303/2524610033/1775575940.csv,7cc1c521c7571bbc5c46ae1cdaf2974ff95f693c449d445a60bcd9fb036d25f7
A/50303/2524610041/1775575940.csv,0cea0cc74a312644bcf80e2755d6f4570be40be5e326c1446a6fd364cbb97b4a
A/50303/2524610049/1775575940.csv,399c480f6a09635f0269dc59a8ad728e593729bff850a5a27395b32aa02940c3
A/50303/2524610074/1775575940.csv,709a857f0dc2c4327310cf4a5c646161a23741659741430d53499782b28322eb
A/50303/2524610082/1775575940.csv,dd3515328e4dce57867fd0f41e0b810ac2ab61a76cfee6f1c82bbc21efd4dde1
A/50303/2546610759/1775575940.csv,130ddc0348e891b630280ff04a44691937874596df41c0144b8694aebbf1a427
A/50303/2548610286/1775575940.csv,2fe4dba452f49914b1233a3f9ad28416d6c8bf73c5db92bd2186d07557c4ec14
A/50304/2521610325/1775575958.csv,1c6d9769e1a5837a969b2b34cce32b4501aec0bfa32ada4d6164d9dbd6cb5e3f
A/50304/2523610003/1775575958.csv,89d740dc4d8885bc1540803a0dcfba63882dfd5d30915a3c7ce12df6218f8cc8
A/50304/2523610041/1775575957.csv,ff4c7ad84ecb1d945987d89dc09a4f5f369126f42911adf7bba3b52b4112014c
A/50304/2523610075/1775575958.csv,01d40c5141f6ba20210444c90765b3dbdf1298b2c033dfdfaacd3cab82531ccb
A/50304/2523610126/1775575958.csv,a4c87052ab760f3f24970c74ef2f4c5a5dd189582ff97d6f1163008ec4bfa2a4
A/50304/2523610134/1775575957.csv,b23e7c254288ae8535fc71bfc6f25732a899b3b8bf2545bdffd1ba81645bd8d2
A/50304/2523610160/1775575956.csv,f03e9464e9ddbfd12e0b7b950536729d9f30be25efb09cf75201f2743314e723
A/50304/2523610432/1775575958.csv,ac3cc8cf3a177e46dde2a48c53823d628ca0c9876e34282909e9095cb1d10de3
A/50304/2524610033/1775575958.csv,c5ad42daf7c642f5036e4b0153a1861f5853c4b05e2f125f6567d68149500c37
A/50304/2524610041/1775575958.csv,d17f50152928b68fb7b0b671d7c2fc0959ae775555c3c495e8e55660766e873b
A/50304/2524610049/1775575958.csv,8965a72eb99c4a1c56c4514db93f1f98104533f9909bc4e5e961c45953b2f8bc
A/50304/2524610074/1775575958.csv,295117498fae3c1a1f340fd5f1e6eb10cf67978d5e56870b776dddb4357328bf
A/50304/2524610082/1775575958.csv,f1f4d68bd96bac96d41b00ce050fb6122987932f0ecb7312bfdb92ae8da5da2d
A/50304/2546610759/1775575958.csv,22e0e8cdfefbdf01c15114aa552a864702ac196a43cf0b11d30406645c236d1d
A/50304/2548610286/1775575958.csv,37987437f6dc894e268302737f0a78bc36662c5b91617811bd37b2e06efe0e83
A/50305/2521610325/1775575976.csv,a368c383f5097298d050593c521bddee0cc4f4a2be256ab03481c92fa76ecb6b
A/50305/2523610003/1775575976.csv,456c93b03f483a2b502808a8db9934db527f41d3709c3251dbecd65b3eca0c2e
A/50305/2523610041/1775575975.csv,e77d74418f6c3f5bfaf1fa61af3f3b390d7a7ae0b92e000b9792eb6df41d5532
A/50305/2523610075/1775575975.csv,3a1d0547132bca83f9c00177f77b7eea99f1fb789592fcfea6ae7a1290c97838
A/50305/2523610126/1775575975.csv,9434f27573a7dc3f8f355752165fbf634421dcd1b76b56b89db914c24ad3c50d
A/50305/2523610134/1775575975.csv,44fc924dc874c41e9473d323c5184cbb2521c4e2bc124b9a3859a91161c8a5de
A/50305/2523610160/1775575974.csv,088dbdb062669ed951dec8ad0b0d25c3cd41f412dca38038cd96362783a94e8a
A/50305/2523610432/1775575975.csv,d54314f2cf3d74bb1494e342b155447eb1e6817ee316e667bad5fef98246cf55
A/50305/2524610033/1775575974.csv,13eaeec9771cfb43567c01fd3d998375751a6d4c4adeb8fa2c9ae8590f4a4741
A/50305/2524610041/1775575976.csv,4cd7df41c433b257951f3fbaa17b0954b219b6f576f16265303ef98999ddcdd7
A/50305/2524610049/1775575976.csv,74a76ffa86bf2da327783c15279cb10413d3974cc0123c0b293d67254556f845
A/50305/2524610074/1775575976.csv,3ccd6d1cced79adf748e1534e7153c791fa7988cd7d11f6b9caa542cc90febe4
A/50305/2524610082/1775575975.csv,6ca47ec5cc4fd7a0f0c88c074ac811a5760b40c1a436aa0766464d33604b0ded
A/50305/2546610759/1775575975.csv,7c4faad1664d7b35baf7e5cd1c14fbac9223fe909e8194360649cd10c27cfb28
A/50305/2548610286/1775575975.csv,821f4f7f0b9e4fa8798493013b3c68aaab5a171206b090172c01cce48cf761c9
A/50401/2521610325/1775575994.csv,a028d5a60a2ed970d43b639d05b29bf369dbada97316a8940cc7440ad384772e
A/50401/2523610003/1775575994.csv,87b0b75424f3b082ed4a12f9e80925dcf6acc0709136ad49c6a6b067cff36a3a
A/50401/2523610041/1775575993.csv,456b43734a2433fe5331e051272af3ecb509f3f19b8ea59d7c84cab5f727454f
A/50401/2523610075/1775575993.csv,24b6a6db7a34c932589d7e566c54d05c86f7626b93bc8b38c33bd8ca4f75dff5
A/50401/2523610126/1775575993.csv,53abe261dff1810180603cc8b0a14d3fbdfad2f967d9c7ff13be157d979009b8
A/50401/2523610134/1775575993.csv,8ca92ef073b8ad9100467a3d7b753ab77089b0c6629273e916ed97ab523a3209
A/50401/2523610160/1775575991.csv,e12705ad94ba0856975963030f39638b0fb3e9c67efd99c8a3d8de7945138253
A/50401/2523610432/1775575993.csv,7211676604a842a242532f9bca6bb061c2e6130452bee0ddc65c18d8dc8ca44f
A/50401/2524610033/1775575992.csv,c4bbd38acd85f59bed07cbcbac8b6faff985f5f8c289048e73486ce148418ac1
A/50401/2524610041/1775575994.csv,3363f8864ac7b9a522f25fb08985c87b2541edc01d72957ede6a6236813f71c9
A/50401/2524610049/1775575994.csv,5fe9f93e739b784fd44ca3b692d312e6644c444c5e88910c03336d2ab49d02c2
A/50401/2524610074/1775575994.csv,b096f5d4b9590be25b547086838887c532e5b2719cea1a24ba619bbc65aa4995
A/50401/2524610082/1775575993.csv,919a3dc40dc18347f3c99918d0c5b607805bf3864018bc90dbc9584615de8235
A/50401/2546610759/1775575993.csv,6163ae34614d02f215736aa6846b12a89f5c9168fdc2fd27edf1dc67d39b4463
A/50401/2548610286/1775575993.csv,978ed0d86aecf28375683e4595774a73f3d11d2aa09f19ac8a89dc320c81d396
A/50402/2521610325/1775576012.csv,63b1ff70df69a7de85e2e36afd1bbe952cc7d63155ad6653b5e036f0ed707a7e
A/50402/2523610003/1775576012.csv,e4ebf2d501f8f16b69fee3ae0b58bb429b37ec67c9d26eaa4f261dae6b1f04eb
A/50402/2523610041/1775576011.csv,d3577b27527f65593a5c59e3643c8a04ad0986c581f96e424d2b6a3d125f8fd2
A/50402/2523610075/1775576011.csv,8b5219063d79ff3493a0fecba64f7f958de177fe1a83432f8c9cdf4155ff4bf8
A/50402/2523610126/1775576011.csv,820155c12a6e7ea3400df22bfcab564835db2ec56ea0284f0d5f148b9a6e51bc
A/50402/2523610134/1775576010.csv,f8ab28d7422332faaadd3f3e86739bb55faa730a69c81096c2b8fdc7b639be97
A/50402/2523610160/1775576009.csv,7ebf8bd29303eb7c88f6c05f5faa5cd54c0a382172232f1c8e76ca63483ae127
A/50402/2523610432/1775576011.csv,27152c1d972ae955dbcde738bbf4415376b879fb2789448e53650ccafc8b9177
A/50402/2524610033/1775576010.csv,98806ba48c0a0ad31b7e9f8a45334e7deca4a77f3d26ce70312276e4e791c382
A/50402/2524610041/1775576012.csv,c30fe4f32b3f9c2695b19721043cd4dca277992840d6fa5816fac0de3611231a
A/50402/2524610049/1775576010.csv,a6c8763a571d7d74790cf8931f925cd49965f4f4aff830101fbc06287f8e9e23
A/50402/2524610074/1775576012.csv,56750bfcab877f0c17f6dcfd81267391f47ef7c7f995aed8426429e542e6d26d
A/50402/2524610082/1775576011.csv,b9f96a25dbf1c2efffb4669dfec655f68e50a184887eef1209ff71d3b57a271c
A/50402/2546610759/1775576011.csv,ae838eb9c74985ad4f92677f5ca1f02c8c6259e89276425bcf2644dcf1d8fa76
A/50402/2548610286/1775576011.csv,ef1c9c519f11548191d2e00ef45f8fd5e9d42a196c6c674778f30bddc405f81a
A/50403/2521610325/1775576030.csv,214f799d80d6306acc2c132fc5e1203f655845d42bec12ab71cbc5ea2b4fd2d8
A/50403/2523610003/1775576030.csv,084390cc65dcb017644396a2f97600297766400a21ad98ba2a3cb617023853d8
A/50403/2523610041/1775576029.csv,44b2b1217b48f9d5080b1896f3f02a246309fd4820cbaa82248380cf93a62114
A/50403/2523610075/1775576029.csv,a8406d2513b6ee7c0e4dc8d9a94de3e261349f0dbdaf8d08b5b3c801b152e27d
A/50403/2523610126/1775576029.csv,840b85022368c14cfc1241bb35dd725f699b6caa8d0bb12f56d0f5365e63aca1
A/50403/2523610134/1775576028.csv,c696c98ae3d430cd3f0170f65d48b0f1d9dea7095b5500d653b93dd024b2ad9c
A/50403/2523610432/1775576029.csv,55b98b5438a3b09386f22ef707bcf99cb0bec268c30fa291a82da8b053fd3603
A/50403/2524610033/1775576028.csv,94a6c0a53ff19ce9853072377087db7c8e4b153a612d39ae401203334772c01b
A/50403/2524610041/1775576030.csv,1798e9a157a715b004156e77b85b0929ee8664a2cbda345c46de1b76a7cacd96
A/50403/2524610049/1775576028.csv,9fd833e4998405a1f0f74e8bac8a22a4ff5e42689f96a982001fe945a1c9db85
A/50403/2524610074/1775576030.csv,3f9bc5ced48244a9163aa05fe96979d56af65110a7b1ba4ca52aee11ab50868e
A/50403/2524610082/1775576029.csv,4f46aac23d16929972637c5a16bdeec6aff8a993179731ac5754739991323054
A/50403/2546610759/1775576029.csv,30cd92657e162947916a7bb9a418390f093340f17252e0101dd0d1b8eb5dbe23
A/50403/2548610286/1775576029.csv,3b6ecbc539a2bc39b5aa54afd4126a116c9776b4e81712d84f9798b4965ba7b5
A/50404/2521610325/1775576046.csv,e3fcf8655dc350f00dd2ccd44653e71674546aefa7c15ac67d82850f15048f15
A/50404/2523610003/1775576047.csv,9883225bdd217caa09c9c640d7b8f2cc42a4b408a6e93a71b1e785d84ce76f50
A/50404/2523610041/1775576047.csv,12d78e2891008b2cc1d46ec2e0f665d9e1987d8623b00158ea6f48cb389948f0
A/50404/2523610075/1775576047.csv,12f43382b94020b04fe0bfde19ba3a388f96f1b6c4e3fe993e639ef48db0fcb0
A/50404/2523610126/1775576047.csv,8a9e5a31d30fc1dca93807c4cc9a5c9f7585284ba0760973b6a9cebcc61bc547
A/50404/2523610134/1775576047.csv,ff3399087c2dc1ccbcd9b99104ebe3008316ff4635f8bb41a4f489707b38f61a
A/50404/2523610432/1775576047.csv,d797c595ceea90faf68561026a1c0afc24f2bab703e08b381fde9c583e66f274
A/50404/2524610033/1775576047.csv,f287d1fd47432bfbde538fe9c507a0973a432af47fbf85cc22737486ff7c4257
A/50404/2524610041/1775576047.csv,5757ffdd25f361c6c2a0b0d9ef75c63cad2067711a008221be0447b3d4a5d9f9
A/50404/2524610049/1775576046.csv,c442cfc846ad8837637fba3c298cbf6073dd0f7afeaf992d8c1aa53f75cae2ad
A/50404/2524610074/1775576048.csv,5a18199e8ba8c84d2bb18f5219a796dd95a6217183b3eda1bf956af72b74af4e
A/50404/2524610082/1775576047.csv,9de27f6037f4c55969be8376944bdb8a180cd4092a49ac2a5c758f3b96b786f6
A/50404/2546610759/1775576047.csv,26edb33dfeae25b917185baf69fabdd946f86253f5870a6e0e0ca3406b853ae1
A/50404/2548610286/1775576047.csv,9ad472cc714eae9b498c78d0e5f7c0ce32cd3c2c6340cf004a5094171cc6213c
A/50405/2521610325/1775576064.csv,bb0dad6d7f5307e8c5ca2c2582842374baf4bd06c0f61f8ae74314819677e534
A/50405/2523610003/1775576065.csv,0f58c5ba35f2feb8de68bf606b5ddff634eb94e16c9a22451b34a91d7033b910
A/50405/2523610041/1775576065.csv,63be5de2f74927052d517bc29765cdb04043a5f4399aa50bb796e020808ce7cf
A/50405/2523610075/1775576065.csv,306e8e4d1dba47973f44729ad8fcd9ca21b9d998f79c82d1578017aec5a6011a
A/50405/2523610126/1775576065.csv,83678a82705efb3221c83f82af6727f8ccee1da5bd40177616a41f54fd85eebf
A/50405/2523610134/1775576065.csv,0b70e56c7315b97a0b0770240e7efb160a122965f29b819f800a7d1b90136743
A/50405/2523610432/1775576065.csv,9d17f7192dab2659eb92940db4ac90625f647d377f245cc5878033dda1b4fd3e
A/50405/2524610033/1775576065.csv,22a71220839b3aadc335d68485bc457357ca418e49f6e277873c2aab3d49ec3e
A/50405/2524610041/1775576065.csv,7fd3bc2ce725ec9d6d12eb716bade843a79f5cf8bb6a3ae4432d496f80b05438
A/50405/2524610049/1775576064.csv,d3eaedc710b7eb62d4c80afacbbf95a732cb66212f2ada6ef7b735b113ac2bbf
A/50405/2524610074/1775576066.csv,c8eb166e4dff6891ff176be47a01cb0cf29f535a4797f2939e8504ec1bc8892f
A/50405/2524610082/1775576065.csv,67e033b898b29365e05905c9b549e7102072ebfd5c679b95dc1ed2271e9f8095
A/50405/2546610759/1775576065.csv,7f7dfeb25c20fda2ea920f413d6dedb72510399627b0dc7bee352b6755cd3ae9
A/50405/2548610286/1775576065.csv,36e760330476fa7904f085dda26db9fb11bc4b11c14dcd423026439858d9f6eb
A/50501/2521610325/1775576083.csv,1326185362be2662ed02a9ef4cadcad2c0c14e18a84929ca56fe39b6c33ad372
A/50501/2523610003/1775576083.csv,39c6ca67addc80285f742e31a4d78eca038d6ea45944149065710d5e1ddd7a34
A/50501/2523610041/1775576083.csv,c588c83683c23528c6e8756cc93c1bb3fd97a0145a3b19ec4bafbd06acb9f97a
A/50501/2523610075/1775576083.csv,c1988553834cb9f9a634f7eea50626f8ee33f7ecbb64c1192e21d71222133ae3
A/50501/2523610126/1775576083.csv,c1ba63ae2a240166182e0c3e4f1e247ed91a229d6842ee5dbad82e19b456ee9f
A/50501/2523610134/1775576083.csv,f0794a13e69c8fb24cce6b0f585a28abc6d757176005cc911140f37a00803815
A/50501/2523610432/1775576083.csv,8ebac09a20099366501b0f9fc85de118c4293bcd6393f6affdcd977ce510171e
A/50501/2524610033/1775576083.csv,54fa9a50ec5c0f05af3e4db545214b9fa16f2d5f5c104aff00ba53b10e18a491
A/50501/2524610041/1775576083.csv,51b2731ecab223dfbbf99088c043baa0ccc47aaf21ad1fb2e119fcac7752065b
A/50501/2524610049/1775576082.csv,0410b77416562a19adc0de6dbd088373b89259da0c96cf270232033933e6fceb
A/50501/2524610074/1775576082.csv,870f82a2122675fbf9fdd5d9137052789b16c9364cae367e76454445274ddd1c
A/50501/2524610082/1775576083.csv,632f72461e85fe3d8149a57a7825ac3e9e539cedf0c2d6bf49e20acd21cf95b7
A/50501/2546610759/1775576083.csv,a79600dc880cb76ec32f626c2b0dc62a6c20f10e71cf894fddfa2c3ad016023f
A/50501/2548610286/1775576083.csv,70daf0168517891232e668816a70e94bac36795a4abf7f45371c0099f6c9a5f5
A/50502/2521610325/1775576101.csv,190eaf41df96e7abdd5ceec57b11be96b9e43d511205e5e58ce1d6cecaa858b9
A/50502/2523610003/1775576101.csv,496cd8c4deaf47c60ef48cf71c6b8f2591a361cb94754394c6782f05a7ff3697
A/50502/2523610041/1775576101.csv,31954edf07667bdc4d431843d0a84230e5faa1e036102603e61b0477ecc60901
A/50502/2523610075/1775576101.csv,df0b7af5cab4db246a2bd889be317f890b8e462745a797a91cb689e32feace24
A/50502/2523610126/1775576101.csv,1eb5a157af1dd00977e3d47b5eb684d908beb8ca5b18b8a64f98575f40f1c5d9
A/50502/2523610134/1775576101.csv,b3364f11cda6a5f14148e16e6e8925183d354fb372073757ba8b5789429458b0
A/50502/2523610160/1775576104.csv,0819f5427ccbded800249ecf1ca2a51f28b2ebfd40739b8edce6cdc21826334e
A/50502/2523610432/1775576101.csv,6ef6e49b4157ca215ba8025cd55a2975a95bc46d098fb964e66e73050857e31e
A/50502/2524610033/1775576101.csv,dcfa3d1a1ad3cbe0e743d143333d74eaf703ff846f268dc57ff7b23b6534f662
A/50502/2524610041/1775576101.csv,4ae06f4855c43db129ac7f7a1d8e41749b2e9ef6b0a8a3aa153b2a412eba82fe
A/50502/2524610049/1775576100.csv,863fcfc422730aaf6d850cc1c74c793835ad9f205627fc32086f86cb0defef88
A/50502/2524610074/1775576100.csv,67103433a69509b8a13583717b63599fc126a61616717be45c8d860e4f97e317
A/50502/2524610082/1775576101.csv,e9aea82a3572408252900e37e19e1c8f8444d57a1cb3e2201a2bde363d9d0c0b
A/50502/2546610759/1775576101.csv,57aaf0fff88bf1fe18c5b03b76a368ae29135108c3aa26176e3661000c9e88e9
A/50502/2548610286/1775576101.csv,8197404f0477f861065d7c0a5211ea983017a85937a01d0cc19581503b14911d
A/50503/2521610325/1775576119.csv,c78d457b52cdc887a9ba26bdb1119a9c7e0f6233c7c28b043f0f20081ff5f7c1
A/50503/2523610003/1775576119.csv,5c2205913e8cb8df0e5b307b47e92e50f053afb220e175bfe7a54604048417f5
A/50503/2523610041/1775576119.csv,49547fe5acf947a7f417b1c9482da3d99d849f4fde42e0a8b2554060385ae00e
A/50503/2523610075/1775576119.csv,e2ea680c2ff9e4764b2753fc7c59d8df98df71e03ab22678b6aa5744d9473e20
A/50503/2523610126/1775576119.csv,7a8b31a2ef4222d2a3584f3e35204600777d799008cf3babd492218ff3803eeb
A/50503/2523610134/1775576119.csv,adee4233fbec02e5c0ba125a3d85c7a6ef4d3568e2d30c76a5970303ceaa812b
A/50503/2523610160/1775576122.csv,75c1839997d0bf409f7f9aaebcefec9e680f3186c788fec1193dae8266f78c4b
A/50503/2523610432/1775576119.csv,5785270fbb38a7f5c6ec304d322c8dc81b8d1589b93626fe66075e04fab1e299
A/50503/2524610033/1775576119.csv,8faf5d6b41e3b5cf2556e7bb9d3806d7b55730377f180260ec2b67b04081497e
A/50503/2524610041/1775576119.csv,ba5181568c23ea47afc8fefc84d2bb14a080a06640754f68884b7b727ead30c7
A/50503/2524610049/1775576118.csv,7f0f62303c69139b0f7c651efad5276303e538bc1ebf24dab4a108b83597aa9f
A/50503/2524610074/1775576119.csv,c90108fb48cb6259d9ca155c71e65af13fee1b09da1a3e17b3963e9ebf0112a7
A/50503/2524610082/1775576119.csv,b1d5fae891b827d9d78d348e8af3ac1cd5f735fd6c5b08181a6a6753fc52f8ac
A/50503/2546610759/1775576119.csv,f3f06958dae5b6e59f386432f934aa7dc1589d9e372e9a0023f6dc5de60b4625
A/50503/2548610286/1775576119.csv,7c3911a998cc37ae6d46d14653325269b317419f19598553d0acd902305fb7cd
A/50504/2521610325/1775576137.csv,0607c5faabea85bdeb38d28492a6df2aa5e16c5caaba31974a6b6fbfc6ae3de0
A/50504/2523610003/1775576137.csv,1cf4c890010cca5a5220fde1994884c16943852bee6736b395a9b5f7e7f84a97
A/50504/2523610041/1775576137.csv,d07122739fbe4c4e94302927cbaf46a486c57f5bfc12e84ca6b39948d41eb223
A/50504/2523610075/1775576137.csv,e5f85a94294d513b1749809dfde21fe80e3b99a9431f4062a29c0bdffc6fe086
A/50504/2523610126/1775576137.csv,05ba8f47cd58de7efc105802124451f4356527491168ef1ee41669c0c3a49016
A/50504/2523610134/1775576137.csv,bb7f40fc387b9a6fd628a5161620d045dacc6a1ca1cd6b841235913aa8631e06
A/50504/2523610432/1775576137.csv,5ccc87089234cbb371a1af0e6d7f8300d198bff60a1c38c89e75b49e8281f4c7
A/50504/2524610033/1775576137.csv,fb4bb131e184055e6120521d18f717b98b13ad74f7fe21bc2b2e405be0971886
A/50504/2524610041/1775576137.csv,dd4833148d2eb73bb3f11c4158f2eb2c92cfd0dd3f8ce4d780aff0b442c62d0a
A/50504/2524610049/1775576137.csv,2c6c21506bcd5b596f614089563495083eb8388c7d77fb6e246b1191d0f93553
A/50504/2524610074/1775576137.csv,daadb96b9cf85d8393662004d901d18dd7cce3f06edcda1181a14bf00b6019b1
A/50504/2524610082/1775576137.csv,057ce4f18cdbc733f460b8348705f87d145ac1e97f9398c3a8659f57a87c6a8d
A/50504/2546610759/1775576137.csv,cf18fe952e74b8675bcef63022e688a647cfd211aa45b5b458814330cb8b5238
A/50504/2548610286/1775576137.csv,af4ff0dfd7f6e12f005995376834a274957ed1220d19f09c489fb43710d1be3d
A/50505/2521610325/1775576155.csv,1f4cf18541db93dca4031209636515296929a0a76bd516ae9083ba49d35bcf05
A/50505/2523610003/1775576155.csv,0e3b6e3bd4aa66e567b68ab37c72d2d1339a2a220bd31e8490f5dff8f8877df7
A/50505/2523610041/1775576155.csv,69600884b4299a95111029e99f605a204179dd46143d06e7c4633dc0bf94c7d3
A/50505/2523610075/1775576155.csv,a70a3c7d12f11aab80fc01fb221dc16409b5be06afa4cd2eb25042fb4c703885
A/50505/2523610126/1775576155.csv,50eb47dc587a9eeb1fa7ba922b5417e415737209401d018606c76de67ba2eb41
A/50505/2523610134/1775576155.csv,58478ca0f106ebab59312817f976b3efe081d027635afe55e365fbc0d1f28a12
A/50505/2523610160/1775576155.csv,1fccd8885894dd6baf5520cf9222a740283378157e06912fe12af82400c7962c
A/50505/2523610432/1775576155.csv,618fbf86d068fb1dfc4496264e8dd4d0b5d7f2c9d1bd9eb1003e7c8bfe1f99a3
A/50505/2524610033/1775576155.csv,af954cc641cb3e49dae5c457b95362b7ed18c7d223beb2c8795b27fe084743d4
A/50505/2524610041/1775576155.csv,be3d89d7f2b010dd1ed2f833b4cf2f9dec3c83cbed965057eaaefc7ff38293dd
A/50505/2524610049/1775576155.csv,af7743c1db204275e4120b19fd4fae3fc63aafd2ebfcb5e1359a2c18816722db
A/50505/2524610074/1775576155.csv,549878694ab359c66012b0c3b8341de91b916c50380cc75305f992e3ad764db1
A/50505/2524610082/1775576155.csv,b9298924249702ac1390ae29716c23345ab0b38f0727bd952c84e2e52c31f020
A/50505/2546610759/1775576155.csv,e3dfd3753677d065582be792f23bff391c12684afe85688a85ebfdc6d0d7ce4d
A/50505/2548610286/1775576155.csv,8e195ae3ce016a99bd3f0c923f819acf9f79bfe69b75c65ddfb03469cd240dff
A/50601/2521610325/1775576173.csv,56d12b196622ec7cb3a5991ddbece8a323d2a97d6c033d215b89966754e3d0ef
A/50601/2521610325/combined_output.csv,c1ef4fd34390e0296c8799dcf4936dfb083f3c315eaf3b7e2088c5972bbe93ae
A/50601/2523610003/1775576173.csv,8f958bdbce5865a2f960aaf3014619924fe3d7cc287876fe9ba0213d0b83983d
A/50601/2523610041/1775576173.csv,bc50dcbfd4290baff999253bee87129f65d4829d59e3f9ed349eda7626add652
A/50601/2523610075/1775576173.csv,92fa58d017fa044b5f7f0bbd726221c15c5c2040880118208ed36bd158bd5308
A/50601/2523610126/1775576173.csv,1242ba187c09a542b28c41514c3f57053d1a7918df17ae777675595bc26ae353
A/50601/2523610134/1775576173.csv,a12e53eb5335f7c2e585e26d616594c69072ee6a24842aee8c19e25cf69b33cb
A/50601/2523610160/1775576173.csv,72c542f705f274f5c314395809345559ec37e01cc980923b7a93dc854227bd64
A/50601/2523610432/1775576173.csv,014289a39173a6fdd260e0f639c91831e72ccb53f268aef6159c5c955b6cb736
A/50601/2524610033/1775576173.csv,9b9701d61934c056d0c71b5c9d479e44cad8371fc6a8e695d6976ecbd81da600
A/50601/2524610041/1775576173.csv,2c32fc865319d4af97acfcff866b5c76ee52d497308ed7b38faee7d92844803e
A/50601/2524610049/1775576174.csv,9fd54c6ee163d3b91efc68c01a2fe14d24ba69f37f17f123c6a131762831b644
A/50601/2524610074/1775576173.csv,0ac97c711501ec8eef26c2f9e18ceb1820e1941150c0e708295658b22d2cab62
A/50601/2524610082/1775576173.csv,332338c1c826618214ce130dc3c33fb25a2ab173e2e3ae23611addb23cfad32c
A/50601/2546610759/1775576173.csv,89cedf233b976f53e46ac0c2ab9a3646ab88d1f7cfcb2003ee9c85f46b3d8a9a
A/50601/2548610286/1775576173.csv,d141c0e203793c5d0c8aa7c465114879cdac337fa04fe90fdf3084ce55035b4c
A/50602/2521610325/1775576191.csv,4adf8bee45a32d6ce41181e3fdaf33c70ff74785e051e771c7ca39ced6d11279
A/50602/2523610003/1775576191.csv,009c8f38671a26f58ab028b8bd43f7233ab7503aa56a4239c1e61202534042d3
A/50602/2523610041/1775576191.csv,83ad77a39fa6ed41bf8ec962b8a908d1b096a15ec5db5b1bd422c0e071883f71
A/50602/2523610075/1775576191.csv,19748b9d5e71a7131d8d15fa6bf01f4e6e245374de20a6dad04d7574591b82af
A/50602/2523610126/1775576191.csv,d7e7fe5907d385c15dee5ab2cdf8c1bd05654803ad9318319f6f8c3ad028481a
A/50602/2523610134/1775576191.csv,983e571e65db881ed0463901d048dedfe56321b620cf8f66b2a8a3cb8114378a
A/50602/2523610160/1775576191.csv,c3774ee7b5545fabba46f03ebc2451700e90227731df6d952ef245545a286dc1
A/50602/2523610432/1775576191.csv,6e29b7dc9790fa9ed50cb5d6ab2528409944834c2a6cd9602c8c463ff4817018
A/50602/2524610033/1775576191.csv,3557082498997de5356af57436e021a20d1e92792668dd7f8942f66e14ed71db
A/50602/2524610041/1775576191.csv,a231a3e7e2018483d28f9d54a0b12e5841135676a126446ccb64e93a725ccb06
A/50602/2524610049/1775576192.csv,c3b8cc610e6b63d594d7c8d888db74cc38f09a42e0337d5c186ed32f942ced79
A/50602/2524610074/1775576191.csv,1d0fe890e521caf8c5c92c355652ec46c17a9f506d9da84714f2fc0aaac43827
A/50602/2524610082/1775576191.csv,facb8e27dc6560e3b5cb0c2a956398d255a9e2e885ad510841b7af1ec5d9ca7a
A/50602/2546610759/1775576191.csv,f511bfd0d68e6f61f3120ff530e81020c7e3cdc6239cf7941d9c510804f26387
A/50602/2548610286/1775576191.csv,e0590831edd4b51900c131c394280944fd0596d82aaf3db9c52ea7e6e9cb05d5
A/50603/2521610325/1775576209.csv,5a1b30edaedfc057a5e69b60a11346b9256e41a6e73584ad9399940029a1aaae
A/50603/2523610003/1775576209.csv,22fd5e7e6a09687b0ff47305b978f3fd1dccdaae0f5be63adf65c57634741673
A/50603/2523610041/1775576209.csv,bb2977b9fe9516344e8dfad41a6e57c4b54e7998f7b7aee4d9b1305f84e7dacb
A/50603/2523610075/1775576209.csv,a8e72658fd49b72ba1a3ee93e0b08eea369ab06166b24e59645b074ccdfb7d26
A/50603/2523610126/1775576209.csv,f649f8e8cf219d94354973694968646d64a0ec18095be45c9c12d2a4789cbb3e
A/50603/2523610134/1775576209.csv,083623628bc9411f612a547654cc2d3993eefd451c71264ffff7557083002ad6
A/50603/2523610432/1775576209.csv,c5168f1764565c5bbd20ec9a85ceaf1ee2769b67eb7d0755b277e4bb720995ab
A/50603/2524610033/1775576209.csv,8b9a0336bcfbd098d6e772e7a9315f65aeb7e1bb64164ae4d2ae94e2cbbb861c
A/50603/2524610041/1775576209.csv,349a56bbf495ff55a22391259acc2611366b108e1e721decfd7f73ffd74c878a
A/50603/2524610049/1775576210.csv,8c2b8cab94ac596b8513a0cedbeaa8ed1eff79a2283ff173347fb9352e7b9da1
A/50603/2524610074/1775576209.csv,f53918c56f8d9d49ee855c31e6644bacdb1d25874f6c9c906e159a45f4c54578
A/50603/2524610082/1775576209.csv,c964304492532f5ba1112769729609c12d35271ede47ae80aee3ec95a06e5f09
A/50603/2546610759/1775576209.csv,e0989f75eb193e132e840f5b637159ed00e0c998d0b0015387f1b174d5f7ca16
A/50603/2548610286/1775576209.csv,af8deca1647e406857efb2a7859b26caa5d5cb1431c25086d96ef14f0a7e4245
A/50604/2521610325/1775576227.csv,58e222a52df21f272acabf2fa1c9e6095c650c1f9cea7e329ea2b13f0b023091
A/50604/2523610003/1775576227.csv,326f538bced3dc80863a630b43a167a20ec88c60e9c0c342ac2f05226a9d6ee7
A/50604/2523610041/1775576227.csv,72d825b45e85af46e8ffd9a25e13cff57ef3a0fc1e041bf40d0e574a721ddf42
A/50604/2523610075/1775576227.csv,3fa29b3b9cbf47bb8344a70446c109921fddedf7c70ba0598cca458fbf69476f
A/50604/2523610126/1775576227.csv,6bf85de7527d47262b870e73510422d243beacf367f25d577c0b8b6cfc28c979
A/50604/2523610134/1775576227.csv,32870d0693aba49fa75711ebbe7b3a53f43c790a73d294a9bd74e2c48022f7d7
A/50604/2523610432/1775576227.csv,f974a66d6c0e748cedfe2ad22ccbf19b240cf9693219e5d335caf67639c830bc
A/50604/2524610033/1775576227.csv,2e810a54705f294455df5878df0d490f8ef1aea2841a41b0944aaeee8d879160
A/50604/2524610041/1775576227.csv,ba1b31ef2d2324711aff14da1d805087bd3b2735b503f9a6c56d4940c2371c8d
A/50604/2524610049/1775576228.csv,f3e376623db6f5f62b825b779d06f408bd9c3640146df624474f9d86a4525bee
A/50604/2524610074/1775576227.csv,599799119a730487a57cd29094186555db7577ce0ccc9085209a96a270a6c914
A/50604/2524610082/1775576227.csv,4c563c2d2e66e58af9422f24be457ee8837c4e05f9df7f98a9b7f90f8c5cd519
A/50604/2546610759/1775576227.csv,0bd54775e0b7f4b33a9b4b6621532b26ed9a70657a3c9d22d72ba7a7edc70258
A/50604/2548610286/1775576227.csv,6d6c33f912cf4bb0f5b0e502f5f080c0cdd6d79aacec20ae6a450666c70b5c1f
A/50605/2521610325/1775576245.csv,818baa7f5d2b62984047e1f0eeae22cca1746f1aa95b97513120fb5b802c544f
A/50605/2523610003/1775576245.csv,0cf8757e01e8f3db35df6186a5615e2c4397df4af752dcf254dc0bc12b435277
A/50605/2523610041/1775576245.csv,284ef73a94bfed96f281a4e3ad275daeeb10f0db850aa9695c1d26e9718428f9
A/50605/2523610075/1775576245.csv,a38ad3fe6f3960269a72462b60f200edb5efc18d986cac8b0f0e27d95fbf0a6e
A/50605/2523610126/1775576245.csv,e1265fee07fdb74b6ae7fa0508a99b505a49d69fbbb1f94bafbef6af21837b29
A/50605/2523610134/1775576245.csv,844d8aa0c25758453ecf2c7f77923e0fce7d9a69eb820c45cb6c15fba2dd1594
A/50605/2523610432/1775576245.csv,fba15eb8ae65105fe9dd24891accfa12a94f3cdcc03666930f38243dfbc68457
A/50605/2524610033/1775576245.csv,582ec49ac4d0ab9ccaa24e9461addf4ab6d55ad7e84188c32b09b20e80eebb87
A/50605/2524610041/1775576245.csv,bf06b958aa19f3908d137ede85e8d93b6ff78888f7c09455faa97cb4ede76673
A/50605/2524610049/1775576246.csv,0b96cf7a777b16fe418ab1d4c40e2f80801ab031667cc982acf2889d90d9fc1d
A/50605/2524610074/1775576245.csv,7a1488a84a657cc2d74bb047d16a5674355714a44a71502f25959b51fe60c583
A/50605/2524610082/1775576245.csv,601ac6f837e21601978cd6d825f609025de189eb5028d5429b0b1a780047500c
A/50605/2546610759/1775576245.csv,00abf582ea6c98dc3715a54dd2e5ef096b840f43e17955fc96cd0408eca66e38
A/50605/2548610286/1775576245.csv,53dc10d8dc9b5a9868cba4fbb3f86bab9784c43b067c2732abc055a5bd1763f8
A/60001/2521610325/1775577309.csv,02762d5976622e8f067c5fe78fcd1edbd0d87fb9c3622dd7c4f5de8ef6ee5b68
A/60001/2523610003/1775577309.csv,9b1a56de89d51e12027570422340e52c257510412f7cedab0b33b2f5e0ef0427
A/60001/2523610041/1775577309.csv,be2bbc9dfa68cc51e309fcb2a965b2e337ccbe18b0e83556de6c55255c16bb93
A/60001/2523610075/1775577309.csv,bd44eedf233f4ba913aba5d3ac18f5efde6cd154a38bcda7056f9eaf8ffacc17
A/60001/2523610126/1775577308.csv,6cfd28cf481394b23a83ac8a9ad3a2f706c2ca0cf5b2a1f69fa384cf4d5876aa
A/60001/2523610134/1775577310.csv,0f394561c4fdf7d1027c54984e300d55ca45bf2d8ac3366aaea47cfca29c5c8e
A/60001/2523610160/1775577308.csv,623b01d904ad9ad4f6ecceda862d3489db8378256c77f0f9f66bcfe96b088528
A/60001/2523610432/1775577308.csv,7c0f1a4f1782298ed17e3ee1c1e7c2306c3d95195009a57e6755846f9ef88d8e
A/60001/2524610033/1775577309.csv,9ef8e859e7c7453fe42fc21b4005987a0d3202afd613531ca41f55b7a284a6ff
A/60001/2524610041/1775577309.csv,7df732cc32d06cb07161901d8a48312d503e8e8b8dbe5ee4ae3fc24b62626009
A/60001/2524610049/1775577309.csv,201a4817c1c0710beb620bda248890e72527456ddfc21c0e5ba888d09c6f5003
A/60001/2524610074/1775577309.csv,13c6a27cdb646b8511282c438700a7c520c4a882e94d7801179e4aad1c05a0d3
A/60001/2524610082/1775577309.csv,8478ca9075dea0718d64312f92bf1d816f4ac1f22f7e68edd4dbf09647253297
A/60001/2546610759/1775577308.csv,8a700366ec1ec865e9c1a953d9af0e3e31101317c9e9d83ad0f285b14bdae32f
A/60001/2548610286/1775577309.csv,ba793e0cc467ea363f9f863b380475f4074641d19a4ecf4744a4d6509b1673bb
A/60002/2521610325/1775577327.csv,400e0228ce496101e4827c4e4d16413435906ca1e3626e6f75ed604a81b923ca
A/60002/2523610003/1775577327.csv,2a7b0f0e1d269bd5401d3168237d389418effb5beaab61d2a501db32af0cf5fc
A/60002/2523610041/1775577327.csv,14e84fce4dc1184429191b585fb9606b5c5e55077a1b80d415696fdee59a5b61
A/60002/2523610075/1775577327.csv,47f87062f191a85add19689af3ffb8a01109bd6ea4195deb7139dd2ac92115a8
A/60002/2523610126/1775577326.csv,b590874d04b62bcccf85a5170863c80c6f19ff0992fda231b3676b266bc008b9
A/60002/2523610134/1775577328.csv,a7974fab7440f56a82f9ea7217867efb01c8103875bb56ddb13141de632cf331
A/60002/2523610160/1775577326.csv,f66dc1d2c98c35b8ec7aaf9d865c293bea77dbcc05269d6f4ce46ed853c4caea
A/60002/2523610432/1775577326.csv,28d6bc6c3566c8ac12f919c62e13d17653f87f44eaeb9202ae1b5370153f46b4
A/60002/2524610033/1775577327.csv,cef5b79f2ce7f70b05868b368dc160ff7ad6b0aa0361a3dfbd1e220b6e94bb29
A/60002/2524610041/1775577327.csv,9c2e12b4e4a866d5534fa176b0b6335178d17db743ad1f53be0c6824cd4a7628
A/60002/2524610049/1775577327.csv,10cd710f33ccd2255c6884fd22e91155ff4d98631dc4901ac9c1c70996e5504c
A/60002/2524610074/1775577327.csv,3f1d7dad59fd3116418475c97647592e1b01eb8f0df141e0500a9b735f56dee8
A/60002/2524610082/1775577327.csv,850dfe6fb0eb187169ffeb1673c5dc9be00b26e49bd815d916f0fcfd844cbff5
A/60002/2546610759/1775577326.csv,3942f672e4d05f9a0984cdf2c02d4b105f24fbc39903df7568cf15aa9bb20897
A/60002/2548610286/1775577327.csv,b6201878cbed9a67b890a997e80fdb70ed3b4e130a24a85d5c6b010a039c7c5d
A/60003/2521610325/1775577345.csv,5257768ec3014883a13e5e78fd0c576f93cf510e9aea522d50f5b59c44cd4349
A/60003/2523610003/1775577345.csv,7a58dc734ffeefe1b349eaff426b985a262065f2ce16d45f3e075be84bc00c0e
A/60003/2523610041/1775577345.csv,d0ac668cc1af88b0800f2d57feaf2d4cb1afc95a8f99c18f8552533e767d0427
A/60003/2523610075/1775577345.csv,71effcbe3cbe0ad8eeb187e4ba7fd11287c15a267c2fce4a927a748606a820e8
A/60003/2523610126/1775577345.csv,93de188f23e8066f8924c1a6693c1029c897fb8a8282c33ee1baf64f6c6cf48c
A/60003/2523610134/1775577346.csv,90756586faed69324eb2af62424389c3709c4750f1253a6d4f047a09fca3ddfd
A/60003/2523610160/1775577344.csv,d8ce51a831ace326b22ac0b9454800bc7e5730cb0ad887e0036ade149ee0d64a
A/60003/2523610432/1775577344.csv,022b55a151583bb52d6801451e984fc45ef6ff3d3693d013c3cff413c4391711
A/60003/2524610033/1775577345.csv,33e0015198eb516c929797723379ef3ff26d22fae0ac291ada59ce15e481bf95
A/60003/2524610041/1775577345.csv,28b55154a04dfaf68e9ae3dc598140b68dd1f3dd96153ca375e4c28096d16977
A/60003/2524610049/1775577345.csv,eb2112958d034b4c3dc76c3205b0b612ee1b88f426cf20006c44dd21420881a9
A/60003/2524610074/1775577345.csv,45047695ce40fe1af175a598be1c53be2f8754d1cf2823c14aa9930bea5374cd
A/60003/2524610082/1775577345.csv,d74fe2ccbf399fe1d7e0f0b191da72d38eb39783d84d57741dd1ded0cca2073a
A/60003/2546610759/1775577344.csv,ddc231cec2f5d65a3e85db7311c115d828cb81528023df11f656a3efa118d0e9
A/60003/2548610286/1775577345.csv,afaafa3604a45afee435c63711cc3e581ace21d2096d7c2f0cb63e8263b8626f
A/60004/2521610325/1775577363.csv,50d7b924c693812e2e6a3d1cd87da151d9d2f853530d31fc1a4828d7256c78bf
A/60004/2523610003/1775577363.csv,ce4d3ad60c74dab452fbaef9f7d094e0e4854adc8ec55bcf668da1d53fa86407
A/60004/2523610041/1775577364.csv,ad50385ec85be8eceb8e2c7e53934a545362ecd5e9400c11ea83b1b5c07af70e
A/60004/2523610075/1775577363.csv,64ec68ac17953c955d906ba897ee695c45f1095138723ea5bced0470fcdb4edc
A/60004/2523610126/1775577363.csv,7f684d62c4422eb206387e4886c82e893c5a04b50ac895702c5836edb94f7681
A/60004/2523610134/1775577364.csv,6c1ff7b8cd9d4eae5b83a5aa3f1704c8dd32e3dfbd8a700211ad07e0f61f6fd0
A/60004/2523610432/1775577362.csv,b14aa8c1d678584a4d0bc3432509c3e427b7fa8f77f90addea38ee3d73170d46
A/60004/2524610033/1775577363.csv,7d8bd9c26dc3edb7119f6b6d4f96b65f80f43f4fcfde88b008653de28ed6246a
A/60004/2524610041/1775577363.csv,27b43feced1a3dc8398ad61905c4e9478abbeeaf25cac6b3f9ffdb146fa23235
A/60004/2524610049/1775577363.csv,d11f60b6a5b62bc1482c57d793b9b33dd6fcb67436ec9de302b84975df2bcedd
A/60004/2524610074/1775577363.csv,4006c4421c29385f5827e86f272bcf2692135802959ad1507ea190b9b05169a7
A/60004/2524610082/1775577363.csv,df42e34c71cbcd51f5a295f4bebe88c494b389a3c9fc78d4b493d6295c552e9e
A/60004/2546610759/1775577362.csv,dde3e67d501ffde437673339d97fc29da86e749b40dbef6d1444457d7a33d765
A/60004/2548610286/1775577363.csv,2cbb1a0ca6f2a27c3170adef1f4cd43092eb57d535b76e44a8693fc5ef82d159
A/60005/2521610325/1775577381.csv,52bc83a2a4b29dbceb345210a7036e948a42f5e27d2f34b3e02dfd2e2cf546d3
A/60005/2523610003/1775577381.csv,6645c7795e87278d79d1900c3c24064c70decde101b965ef95c415ca6449e1ba
A/60005/2523610041/1775577382.csv,8623ad3c32666dde0b8af02bd5c1bf00dc0b6c5681312acf80c38811b7336487
A/60005/2523610075/1775577381.csv,7a117605712d4ac96570b2755fdf1c5c062ec6fbcf404bbba5efceef8af2c4f8
A/60005/2523610126/1775577381.csv,fd1f8ca1199484ef9d1663dac285cd9c88f487cd40d7eb0ad6f42095da6ec470
A/60005/2523610134/1775577382.csv,739fde7cbb3bcc80e3496504caee374bdbe0ed47750822b603ae182e98f434b5
A/60005/2523610432/1775577380.csv,28738de32e9c3162ec6064f7cd08814780a75fbe4b828cefc50b7b75c5387ed0
A/60005/2524610033/1775577381.csv,31afe144284f3a5c04aaa18237cd59432868850b10b1c2ea2e7dcbf1d456c120
A/60005/2524610041/1775577381.csv,34dba7eb709eb3253ef818051bf84f60afc8f47a24bd71c76e3cbef74633f989
A/60005/2524610049/1775577381.csv,156bab550934c070d2533a72500eeca9e2dafd66c725c972b4e89cb093050ae4
A/60005/2524610074/1775577381.csv,b1c8493dae5d68dea3c6053811fd351e9e76f26abcbad0cf10c9c5625d2bc2f9
A/60005/2524610082/1775577381.csv,878452e5976acbdcd4647fdac4f2f885d7977db8013c078aa9a1a9e6616930a7
A/60005/2546610759/1775577380.csv,42dbba185eb2c895424ad4051ca8206397f06216c0b49bd25473a0ceff3ddc70
A/60005/2548610286/1775577381.csv,01f7c6334e3ba66be1c76d2aef4d9b374aeabbebc02821c6b02a49ee599d5758
A/601/2521610325/1775563889.csv,1e7f77faa24150fbb3a8953ed00779f79d8dc5f8477d5e055f3d2d863059ff41
A/601/2521610325/1775563900.csv,e971002894d9a84552edee97aa093759f16fc679442df9788dd06405c05f853a
A/601/2521610325/1775563910.csv,52bd037c67daf36140a3dfa1a6c1fa0736d230fd376ec4075c66fc65b8690b37
A/601/2521610325/1775563920.csv,6031d37748920197b0b0439f0fcb15c53eef3927d1cd4b352cda29c654607854
A/601/2521610325/1775563931.csv,1618a23fc5231317db5ee4a28f924730f6d33414ff7e1a3d1b6aed76e8bae07c
A/601/2521610325/1775563941.csv,4a317b448d7dfeefd4ebe31ad177cc90a72f796ff7a4503aa7a943ed69eedc15
A/601/2523610003/1775563890.csv,1d5b1dcba998718b0a8d053fe03e87bfd35eccb2781257e38e58bd14a8dccf0a
A/601/2523610003/1775563900.csv,a85c806e91fcb844aa2e553a94a2dfb540b611bc1d946bf979c0b70c86ade406
A/601/2523610003/1775563910.csv,dab948f1c348fc68322021e72ac7dece9f6234f277e0158133caedcac56a4ea9
A/601/2523610003/1775563921.csv,1d831dfc7cf6113d6942bda6aad4bcc6127d766a0f79bbfd5bd03b4f572b4a46
A/601/2523610003/1775563931.csv,b3ecc0d736f9b6fc485a07baff75f3c06510a8da0c95adef0157be816ba27cdc
A/601/2523610003/1775563941.csv,53888a8cd846df39c367e2521015bad545f17861d9d496eb90d42a2108694b4f
A/601/2523610041/1775563889.csv,2195aaeec8fa33cb1ddefbdac4f541b8046fb24b095004664fa4cba41e7d578b
A/601/2523610041/1775563900.csv,6d303c90e56c23b36ef44020bbdbec985dd5408dc2d01241808614ec8c7597de
A/601/2523610041/1775563910.csv,4f1dd4f4e26058507e8357d46b0fb2e31e4455cb48e20f23926f3cb2c9188f30
A/601/2523610041/1775563920.csv,5f3aedbc955080fe24acb80a844f65bb11b01d6a4571e4b101d2dc52cdf97130
A/601/2523610041/1775563930.csv,05df700169cd53a7ba9d9e2a97ea37dbf97927c962fadc358bd73203d6337a8d
A/601/2523610041/1775563940.csv,a4fb3628858bd3e94e8af6af62f79e11c2d85a47d1c6eaa4da1cb574362080ff
A/601/2523610126/1775563890.csv,1a15678ac00d695ea50171d9f275f5ec24f0dc1693e74a8f347c1f65e03edf31
A/601/2523610126/1775563900.csv,0486101af4b1e4504e8090784accfe77fde65f16bc983da7212adca71bec7527
A/601/2523610126/1775563910.csv,5711e2d43829a39486d817f3ca3a302b68729d0ada9b055c7b358615294e2836
A/601/2523610126/1775563920.csv,202cecf6d12b856041354280ac789f6c384d23e66d4773e3f5b40a7ffa7444c1
A/601/2523610126/1775563931.csv,db8cb3696ba62f46e32dd5aebb42557adb00b5f7412805e474669ebc98c1428a
A/601/2523610126/1775563941.csv,364c4625b6624ea7942bbf6509deb5a4d5c4e26d275e7e375d0521ed580aca09
A/601/2523610134/1775563890.csv,262f5c843ded78ef306f3065e5ffdb4d42e1828197052686c6a9b486726de8b0
A/601/2523610134/1775563900.csv,a8c8308ec0e249fbcb68549a6239948d55d4fbd160f3db9488b9c019f9d33518
A/601/2523610134/1775563910.csv,20e4f8c4d3638c2bfe0a2bb8c7be00f344e391278afd12c6daf887bbb99db3b0
A/601/2523610134/1775563920.csv,21743624f30911bdb83663fc6764848d43519e1ca097b31ec87e4f08fe85561d
A/601/2523610134/1775563930.csv,cb12a7295232775cb907f195f1dd70ec9a7012ddb3d0a017ac852c21ec3c384c
A/601/2523610134/1775563941.csv,3eeb7d6c3158855a20ae5367fc802718204ffad26254529bc6c8700f8bdf7a99
A/601/2523610160/1775563889.csv,f92ed6e533c5faad60e021f59e1576eb9575ef240c980e2960dc2a56fb1c2a5d
A/601/2523610160/1775563899.csv,829ae2532d08d91f3f271939382a5b09ecfbaea63a3ef136adb14b2099f4290d
A/601/2523610160/1775563910.csv,7d68bd9bfb3c785ce9ff02c50013512a1011d13d2598a0f65a424123d65ae633
A/601/2523610160/1775563919.csv,41ea79eec7fd3aa129ab2fb3b8ce27c3e65d9f50e2fb59449168f2ea26d0aed2
A/601/2523610160/1775563930.csv,1ef81037efdc94ad776d1f5d549e994d3737304671ee6216a31ac869311c0a13
A/601/2523610432/1775563890.csv,c14df4707541b1c50504d83f9a65e198f7fad8839caafbf6e4170684e2964efa
A/601/2523610432/1775563900.csv,d162de7288a2bc6e7df74911e61b8ba204fc7b41ae449930800e6f2737d0ae51
A/601/2523610432/1775563910.csv,685716956ca8b24e84a5c54190c2230cce5f2804f41c0fdaad5f3db73844960d
A/601/2523610432/1775563920.csv,932e4598892561a840dd62177e9df17fcd98715685a07c30e24551c28d367783
A/601/2523610432/1775563930.csv,e73d177967e47abf73d13508f1c600a6a01098f19d23c94bdf6cdd9642f75704
A/601/2523610432/1775563941.csv,3b949ff47ff2c562e425d7ec2b8e7c7b55011465c56da934cfd799c01924c7af
A/601/2524610033/1775563890.csv,3f80decd98e266baa529a94e0352982a63bb2cf6dcc7078873208852365a35cc
A/601/2524610033/1775563900.csv,1edadd6ab3fb5844ac94b7e3721845157a2dcd4be95adbf9358a39ef777f52ac
A/601/2524610033/1775563910.csv,44fdc59178a18d159ce5450063a48f3d2f5d76773b8d24a37d8fc4be0ffc124b
A/601/2524610033/1775563920.csv,8f18815e974b182364f50f66cefa28ae0d6298bc1d493efb3894354053ecd6da
A/601/2524610033/1775563931.csv,d6fc65e49885f8b72ea39e51e6812222c7a6fee7a4f099e3ada1069ceb35059b
A/601/2524610033/1775563941.csv,e2f3e0c57e1b499d4721ecc4d6d27f1c9339c0a800330d52abd308f0ee76db9e
A/601/2524610041/1775563890.csv,9811ec90fc8f0bbd4b3ed664c957aedd738e89a64452f27d49ca054bfd69a149
A/601/2524610041/1775563900.csv,b6af9c29fa7a9921a43adfaa9635893b16cff71d53960ac13b86458b3ee4788f
A/601/2524610041/1775563910.csv,a7b0dd6c9a5149e45999ece6f5c6983a9b33aca198bac57dc4e1f80984c42cb0
A/601/2524610041/1775563920.csv,76d4c40550d2e62e38c8a65fa513737d71e24dbd87110cbbc04bc3741db98928
A/601/2524610041/1775563931.csv,4f665c304fd19cfe38c96fd4b782d8a6d4612038ee367551228992c8b6a8183b
A/601/2524610041/1775563941.csv,d2eb83a5f9f3f4889ed2f14230ead8e19356a7dddec5e039c9f1a3f6bf27365c
A/601/2524610049/1775563890.csv,aeefbf8447f51a81b6a181a03efee640c61327dd44c7598e34023aa3eb421f82
A/601/2524610049/1775563900.csv,548948f2dd1221cfddd55b93fdb184ea4ca6604c8dfc6776c058c0b2e55dcdf3
A/601/2524610049/1775563910.csv,c552617de8ab7b74a83ab92d451a4dcf2ba0a78afd05bfaae25a2062c434fa35
A/601/2524610049/1775563921.csv,762e1de5a1352d78b91b27ba939ec6247cf933211dc6161ea8080aeee8eda69d
A/601/2524610049/1775563931.csv,c67909cb4eba2b7498b249fe2b2a9a6692a10cc5811b02421228e0329b2b4609
A/601/2524610049/1775563941.csv,488a11221dbb29d8fe4c6e0c4545e30ff543def229c96aad68080b1e3a152b87
A/601/2524610074/1775563890.csv,4937f61ccf3fa3a1357dececd383b77308776739fce1ed232b7ff16a993eab4f
A/601/2524610074/1775563900.csv,4ee8c622e3ab89bed997dd6ce39bb7df7f57976a538fa7ca45d9acbc59e4dc67
A/601/2524610074/1775563910.csv,1b28076c03c23b4255df61ede0d559316aade1a6fcfb6549eac11a91b419ee07
A/601/2524610074/1775563920.csv,88e82ec9ca71df617311d151c45e9dda9900c0e1da791af45865f1ed442e2635
A/601/2524610074/1775563930.csv,c179846862452cf0bab64dd4d2fa28c8719396e57021e91dd5e5a148572e344a
A/601/2524610074/1775563941.csv,5a50fd4174cabd3c85e9ca5edfbd483ca57a246e09844988d49b13bdfe4f8827
A/601/2524610082/1775563890.csv,063ef4a94a6ecf160071745ad1e94f13aaf60b1549e9bf8688e54599c83cade3
A/601/2524610082/1775563900.csv,202e5939148bd6a45e127f4be7bcbc249fca1e2838e1f0e275cf4d3aa18ced12
A/601/2524610082/1775563910.csv,99b7a190eed6bc9103cc825e05e26e0d5fc2c5c9b4a1a76af992f92e3f73d897
A/601/2524610082/1775563920.csv,312732b450ad85ef8402939cc68099a9db85155b263d3006e42fad76fe949c14
A/601/2524610082/1775563931.csv,d17d6e0c0d3a0342e35a10643f5c209256e708dcca333e0119b8c05a884aed97
A/601/2524610082/1775563941.csv,32beb9bf589dc6fc519fab0951e25dee0aaf74093e74a6fca8efe0d9f0ad284c
A/601/2546610759/1775563890.csv,31dcc14ffc48e596b98b558c3c1ca771dab342fcd8264c43cdf4c3462ecfd01f
A/601/2546610759/1775563900.csv,cf2a159d777ed1816ad47e420652503864a6875db0c92a1b08ca90e05423b3da
A/601/2546610759/1775563910.csv,32ffe5bc982e6eeb0775aa00174c0e71ac074b09d61de848ecf626bd6e0277f7
A/601/2546610759/1775563921.csv,188509f8df00a41d3d4b27e4b6bc49f74fcb01191775cfb674c77755ca5fee34
A/601/2546610759/1775563931.csv,525f4e1b6cab7547d553aaace2d71fdc7796e914ebdfa76a99785b5a63d2ee0e
A/601/2546610759/1775563942.csv,66e77e2b64831810ea57f92442a7022e6cc2533e2a801cec2929510680cad4d1
A/60101/2521610325/1775576263.csv,6725483f166afedfa67d9ad483d6e5137cce04120b98f33c9e29db3e42eb69e4
A/60101/2523610003/1775576263.csv,1776079b35d12b507597c7e991142eb58c41613f1f182d3bf762fed68ff7c5c7
A/60101/2523610041/1775576263.csv,57e17e29f1db37f23ebb0fabb02cf8ec3d1aac4100354ed38f03d0cd6e45d2a3
A/60101/2523610075/1775576263.csv,92031288fa9ddcde7c6dc0038213673095343a503d50a496377b22cdd90a10f0
A/60101/2523610126/1775576263.csv,733e3df0f256d642191433b3159801f9202d0cef415879e84852bf8bc617b7b5
A/60101/2523610134/1775576263.csv,109730742c327c5e0fb5c652080d7c88a9a5234a9629fa9e328514c579e2c492
A/60101/2523610432/1775576263.csv,44ef6aba96836556af050d9ad2cbc8bbe76b0be09c5e89094dcf35bd4bc3eeff
A/60101/2524610033/1775576263.csv,c615033096440f4a085619de4e851adb574eff67c9bd799881ddbfa5ca0efaec
A/60101/2524610041/1775576263.csv,bb5333ba4cd1552db342b666625dd94484d0682b0543b858b6a8fdc7fe523d16
A/60101/2524610049/1775576264.csv,d2365f72829638b0849c75b44e47521dfbb68de816ba0665c58b67f4e1908293
A/60101/2524610074/1775576263.csv,c6d6bc10ee58eeb0598e3ea26cd2a72bfa93ab042e8fd45412bb6c928214abbe
A/60101/2524610082/1775576263.csv,4957faa92e9138e51d08e0fa00ccd932f6ad8f8b9a080f2c19e4df09a0aab56a
A/60101/2546610759/1775576263.csv,76232e9d1f274d925e60ddfbcaf374d35c665d51a9116b5dd0f5933495424d29
A/60101/2548610286/1775576263.csv,0be155e4c74a20e761fb4b6ffa79b5063388e79224a01fcf5b006bed1fbfb118
A/60102/2521610325/1775576281.csv,1fbd3a661b48ebb360093f7487147685317bfdc787f7855843c5be5ea688d299
A/60102/2523610003/1775576281.csv,5529f4a53a2524a86f219e90e6bee7115a665d43b0eb0a60d7b46a968929e606
A/60102/2523610041/1775576281.csv,85d6e170e2f7c685a20daad1fb619ed7dfd3191c0f3ea525a08503c126d41e69
A/60102/2523610075/1775576281.csv,7280590b28fc9c1aa8dcf1a6987b0de094c430895bc89fb911264b8e49fc436a
A/60102/2523610126/1775576281.csv,db1c770465241dd970b2fb8b9cdb226569a779e66db06829ce3ec91073f04cd5
A/60102/2523610134/1775576281.csv,b510cd9d896ae8915cf8e08f2f193f02bcbf593db8a4500231587e7c2ea4ea62
A/60102/2523610432/1775576281.csv,bc5167e84f5f94505ed1e65a135bfef084bc38ba403ff9e156f04a29ef937c01
A/60102/2524610033/1775576281.csv,e0536ea988363cb4ba2c050598aecc10f845e33dc528a25589320c85db85fbe7
A/60102/2524610041/1775576281.csv,46cb416510e2de3aee83f1b47a2a251685d82632b943588268e8b7802aea3a9b
A/60102/2524610049/1775576282.csv,f1e92e19efca7504243cf0a4e24458c90baeb40bfc36acbd23d2e8ce662179d6
A/60102/2524610074/1775576281.csv,f7cdc2cd35f8f3344eb1579d67b124a72751f5898cb92f3ba181e2638e91a01c
A/60102/2524610082/1775576281.csv,6b67a90d387af2f63346b98d91a3f51033b2fda0af7125af49a55538ef121d49
A/60102/2546610759/1775576281.csv,09ca22b295fe6295f3dc1263e167549fe37fe37db53b578e8a0891396eb13540
A/60102/2548610286/1775576281.csv,81655c4638882836189a86a28abdd5c485e1865dc293fa886bd5c9900f04a970
A/60103/2521610325/1775576299.csv,5bb0fb4779366a9c64e95df51afbb979d2ef353acb52c7bc08502a2edbf6fe99
A/60103/2523610003/1775576299.csv,c0aa153e606b93aadf1b2af957f9fd4bc8a555d63037c239f2cc69f1879231ac
A/60103/2523610041/1775576299.csv,42786f091314efa728abecb515e9ca66dc3aaa1b4c1f1dc60ad0691ae43007ff
A/60103/2523610075/1775576299.csv,57249bba29aa229de89638749558a4d5ace775c6f03ba4ffa8d50d161828b9b1
A/60103/2523610126/1775576299.csv,bc1ea93ba3af1bb9a20d97c49dee5100e819fc47924282352389c1a66a43b7eb
A/60103/2523610134/1775576299.csv,0b24b2dbea396f1199f30ca8dd0d97136f4d83ccdcd9eeb25a0acd0d0ee88051
A/60103/2523610160/1775576301.csv,604d912e05525fd2455c63aba6ec0e27a90a0bb15376219e32b36dd4d0dbdc6a
A/60103/2523610432/1775576299.csv,c67b4cfeb2288f48f6b8a30910d36aa490a6dcd11516719da323544377fc7c1f
A/60103/2524610033/1775576299.csv,569364bdbfcfa8c42347a8e560168bf65153e48b65fb969005e0decb4106cc8d
A/60103/2524610041/1775576299.csv,112a36f8dafdbeea7e4bcd896f7ac06e619fa3f92713bcaae6348906bd06c522
A/60103/2524610049/1775576300.csv,a4cfd850b48799dbe9ab66ec7e74ea65af90968f34bd97392bd5624f5542537b
A/60103/2524610074/1775576299.csv,5157c171334ac74b2fbf8766d1c14f75552589ec32bcb590a379e07fd7807fc8
A/60103/2524610082/1775576299.csv,eecb682f9a4d93ba9a48bce071b6dcd9af8ec9b6e1a9660ee95d65447897deac
A/60103/2546610759/1775576299.csv,b77b10ecc05b6c6b397db673d49312d41c5235f11fb44fa268f1015e6e267310
A/60103/2548610286/1775576299.csv,ec7dea3531669f6c21081349dff0d9d979e50a75f352247ed53d6239057d0fc0
A/60104/2521610325/1775576317.csv,720d4246e98307038ae88a31b7396bcf736055d57fa558f745a6a74e14274733
A/60104/2523610003/1775576317.csv,395bbe4aa4e90b61f5c4da49e7719ad4016701dd5b698002b90f07a7998b7e81
A/60104/2523610041/1775576317.csv,25f09f040c1a17b35e7c0736daea2e78556fe773de9fd11a650ec90019838e4b
A/60104/2523610075/1775576317.csv,587f8b53ae8b9ffdfbd31ebe3f2056cece749c4e0f3592e03e25b1be01720766
A/60104/2523610126/1775576317.csv,1f2e6e643f971881f3e5e834c7a793aa15a0c5ab75a22b1a5b679572468e0949
A/60104/2523610134/1775576317.csv,64c1d66109cdc4c1f4875c3ab4e236de1c48bdad672225b52d17d9f060a26387
A/60104/2523610432/1775576317.csv,3b70ba835f365d4f75df0f6876cb2c1e258353a1a0e198fd85629b6a15a295b9
A/60104/2524610033/1775576317.csv,2e1165ace7fbff30bd6ca69f63d27230a3765e4909313f80ca14332c8344ae0a
A/60104/2524610041/1775576317.csv,300142273b3fff33b20003c0f2e63cf5bad64d367fb6559542241611e23c4447
A/60104/2524610049/1775576318.csv,52251d2b21b2dbb41964375f83087a8167b802cb2283cfed6461a91480c30cf4
A/60104/2524610074/1775576317.csv,ac7ee464b9e26ccf54a161b3ed79f85311563fc2459e48d9ac95333b0a435806
A/60104/2524610082/1775576317.csv,bf63db0bf42a3ffaf8deb1331175dc88658a52328debd05e0509afd4a2b0e231
A/60104/2546610759/1775576317.csv,db329f4cd88415bd15ab6d4b1fe2703d6f66ad38f34575e4131b498bab5c0467
A/60104/2548610286/1775576317.csv,bf40eb1c957379dae82e9b2fa2b1adfa2e6409c8741c2db28ed6aeebdac7043b
A/60105/2521610325/1775576335.csv,e477ebbb27ad73a7c66f01fd7e596b020b24016a866b1b5e2a3fa12e66e37346
A/60105/2523610003/1775576335.csv,79b2067be738e0fb01b67a2dd4c01ae9fd4ed30d693282b335d51011790be85f
A/60105/2523610041/1775576335.csv,63a98469694d8dd68492bafe2b947ddf6e9a214340c0a9140733fef93226ad42
A/60105/2523610075/1775576335.csv,2608acf1b45db75c73c238f1ba59cc21b9003d5992d5a4aadc388247ecff9bd1
A/60105/2523610126/1775576335.csv,f32394eea42964f7f531ec680eaea01f93b0cb7fa299e4469363b20dac8c2cb3
A/60105/2523610134/1775576335.csv,14f66f7b5634cda7fc9d2f1b1c1a2281018acc0ba28c915c15d0b076e74e8d2e
A/60105/2523610160/1775576335.csv,0d7d3c21a73fc722f8a9fbf663eb9120b8bc83a68f9b040e830b0ccee976addd
A/60105/2523610432/1775576335.csv,f1a25bb2ba4607fd7bff41be4306e638469cd4d3dd0bb11388a5075ebd48a6b3
A/60105/2524610033/1775576335.csv,0ae24c5e6cdbf99acbdcbba4b6e98512e61be8b950839cdcdebf689f2a45a5b0
A/60105/2524610041/1775576335.csv,f7f8e143989d59ecee68f4e59f114f4aaa3ef7a8ce482b10543ca689e5b55675
A/60105/2524610049/1775576336.csv,09010b40d03bf4f899195842a22ff0c7f05dbe690f027d367ff7e6be66256da2
A/60105/2524610074/1775576335.csv,0e6aaa048ddcf780d081a954042722b324ea302db028ff8dd7506391135d7c4f
A/60105/2524610082/1775576335.csv,3bdfa5faff2416751820a3ecf7921f8aa4e33c69eb34ed2f415395ec5a93219f
A/60105/2546610759/1775576335.csv,3c8391cac5f1536ba24a77321a21672bc5ad63ed3408f1349422c11dcf1b2823
A/60105/2548610286/1775576335.csv,545ff428f2393c7211141c578887a577d9252e585e65381a1a0b896ebf5fb022
A/60201/2521610325/1775576353.csv,5f5b7e2b2ddebc4dd9b41488963945f8db8b6c3fcf4a3e836e2e78f4b3880b6f
A/60201/2523610003/1775576353.csv,1e51279906ad7560068ba0967984db2db8daaba046136027652550ba3d307f5e
A/60201/2523610041/1775576353.csv,c1c585a6d15a33d13a77d8ddd8e852eb3d7a0091c8ed910df6b9760062c3b54d
A/60201/2523610075/1775576353.csv,aa356c7f61f53aa271cd57141ed4ffe7bf3576642b4e6a02c2928b65ade3813b
A/60201/2523610126/1775576353.csv,e34e7798efe799c718406c1b2407c61e4ae322e279c1a414cf435f7f7ca64b1a
A/60201/2523610134/1775576353.csv,bea29d2e9ddfd5d2234003e526bba912ea508743726c31ac38bea1045a4d3fd7
A/60201/2523610160/1775576353.csv,55625900bafd2a90357453386b2ce4cc15c109edbfa37f5502add39d86f8205e
A/60201/2523610432/1775576353.csv,9b7fb2cfcd1293523702eabf95abd3a20cf0f4c0184877783970689e5f9ef311
A/60201/2524610033/1775576353.csv,e31d7656218aec53f4b555072b77a3b261d80b05a366ab5bcb1b524f66c2e15f
A/60201/2524610041/1775576353.csv,53d00539370dab91cbe54a07701bf1cc215744df700f93cf1a3c292ce19ea924
A/60201/2524610049/1775576354.csv,cd8285e181675925d878c460f0a31f5a13bebafde4da4e2a8b166a9133ebd72e
A/60201/2524610074/1775576353.csv,02929b7d4f349f0fc87d486f48dbfb681f6197a30072639bb5726b5312c9b8ac
A/60201/2524610082/1775576353.csv,0c2f09c9780f12da581323e0b4159319eaf28a8574c56fb59230a9db058fc69c
A/60201/2546610759/1775576353.csv,95a8df2f0e6229f74724a37553a5e201b8f11162ae8e052310628fab6234c629
A/60201/2548610286/1775576353.csv,8ae23528c6e3a5443c5fee4e3cc9ce7adb78db697f9ad489a3601beaf22bf7e8
A/60202/2521610325/1775576371.csv,0537c3e7f9b044dd247d2eb780417b1f9f859e00c19153b00301444f9ba79e62
A/60202/2523610003/1775576371.csv,d06ce4127d650185ce18c132d0bb38ebd18accf740932065190cdce3e15ac91d
A/60202/2523610041/1775576371.csv,166e68761a30e23a5a47050972f5a1f2f825e4e7a5bb8299271c44acf7ec8e3b
A/60202/2523610075/1775576371.csv,f2b38f405b48032d0f8300f03c554db3b0a1038c23e17d374893d4f262bb6c4b
A/60202/2523610126/1775576371.csv,c3dbc6b179b2a1cfb6e52181e1e76ed4e8f2cb50720038ea66d23561f692cf86
A/60202/2523610134/1775576371.csv,9f2b2452bc8150cef92e4f908ea1a99235d0bd0d7ee16f24f26536cecd8da299
A/60202/2523610160/1775576371.csv,8b23e87505f50b31ddbf63372cb7b55c414e92c8133ddfe5a53250fc7562135b
A/60202/2523610432/1775576371.csv,46b292e7f4f7e073f21a59a0544c324da04fde2dc45d7f9f2a3f348a3c6e358f
A/60202/2524610033/1775576371.csv,92879b9dcd6fccc7b6a9ebaae3b0171652545c2cc6666435136a0d03c0709ef8
A/60202/2524610041/1775576371.csv,8bc8ce853227aacd54909373eff2786b9c4d137e5e79574e47472b5b6d604dd7
A/60202/2524610049/1775576372.csv,4c7bb0dcd5bd54dd7be8850911150266e3dd9981a68b9d1575b8072d92f2113f
A/60202/2524610074/1775576371.csv,b4fe5a0a81694eb22ae3eaee961737c7fcfd008c70de41ce349f71f2a5d393d8
A/60202/2524610082/1775576371.csv,8bdef0f646c0014357ee512f659f3b0761f5ad153c2f8c0544e0a3371baae962
A/60202/2546610759/1775576371.csv,ec6e87c3e6bcf1ca8630c53df2a685bd7785a190e236e2a9e2cea3e660aec16e
A/60202/2548610286/1775576371.csv,a7471af0444da1037db091eac08e00913b90646ca54a9606fc45f93acb717591
A/60203/2521610325/1775576389.csv,dc2a0c78cd72833dcf762994dd41487f8d6056a35a20f7ec4b7b63da7cf5ee14
A/60203/2523610003/1775576389.csv,d24ba012319cee57e62f15ed6bfcb6f229284b1580945eee7901a175d67c0cba
A/60203/2523610041/1775576389.csv,6837a7757170fea813e9a62b02eb32edb7feea1b46a1ea81078694039e6921ed
A/60203/2523610075/1775576389.csv,7f074730c4fb0dc78603779ce2a26b0a0836158b39de52c8934ab15897c3357f
A/60203/2523610126/1775576389.csv,3ba11711d6d226e67a59ac592baaa37b4d7075e5422cf9f9fe27b12023f5d898
A/60203/2523610134/1775576389.csv,4b1883fc39f8736bcacb0f8e5cc34d61e0e1871448996583783fb6534080e9f8
A/60203/2523610432/1775576389.csv,0e1b9e73e561ce8a3d9894b437060e1d733d48556ce037d4771a558621a2b454
A/60203/2524610033/1775576389.csv,501e1554e1ac1218f2fad2d1ee025c0769ef134c0a741a6e02527bde5afae1ee
A/60203/2524610041/1775576389.csv,d15fc9d6a0a99cea11a7bafed0c3daf37f0ca174f69a7138708b7cd6b9d66b73
A/60203/2524610049/1775576390.csv,0836761dedd769a385251b6ed9fcc23663a27b5223539761ecd6bc66877d8929
A/60203/2524610074/1775576389.csv,6464dd15e3511f9cfd79d4c0cf75d800924f1e03da96889f4be0b8954a2ac2af
A/60203/2524610082/1775576389.csv,b1f1830723f38518608592588a1947ad873175167b8ca89de6e5ed79bb944391
A/60203/2546610759/1775576389.csv,6b04f348e788f04d6fdfe870c11ead16c0e6b2c621667c6ee2689f4451563929
A/60203/2548610286/1775576389.csv,8862b935cf5a490aa55397093b68ca0793c491564fc122fb72eccc8d1b19ccdb
A/60204/2521610325/1775576407.csv,50f9f8db84b4897e543528e9e7876d4dfba9274e67a51ee77dddb3319e09e09e
A/60204/2523610003/1775576407.csv,a69b25be03f3789acd07634419be1c85f4ae1ed0b92689b65b31179680d84771
A/60204/2523610041/1775576407.csv,6e798fe9b78f81efe61b3ac014104928479183afa9055140232c477fae49e41b
A/60204/2523610075/1775576407.csv,1222e44f60a61ae710f56f09e07be8a4e6dacfeebda290e965adbd8abbbdaef7
A/60204/2523610126/1775576407.csv,8b7a826d9427c37cb7af68da76a3486343ab5f5fd2e28bb2b18f71000f2f822a
A/60204/2523610134/1775576407.csv,c15bfd01bf49da06bfbf4c3e7e7bd6765087a28324152fec07e70ab77960d099
A/60204/2523610432/1775576407.csv,50338afd22a7492c00ae3cd1925c24de8e274a23a15f767df7508e9efaa4e95c
A/60204/2524610033/1775576407.csv,e35008267007165364e6cdf50eca4729d7e2660bd65bfc912a134901342368ef
A/60204/2524610041/1775576407.csv,1bef8e060c5107a9729f1f4deb74c968795d1b0c8e779d681567a1c503a9feb5
A/60204/2524610049/1775576408.csv,27f31ecf86108a58f830852309dd7e4dd8ee129677efc8d5364c1327a6877dbb
A/60204/2524610074/1775576407.csv,7228d027ca9c96eb363315dd0f3ddfbbd40a46f54fbbb15cb39dd2098921932b
A/60204/2524610082/1775576407.csv,cf411a18c0d2a6f9a097533bd0199b85723c408c71fbb53d2808e388929af788
A/60204/2546610759/1775576407.csv,c5388d60134c08e89194793a24eb3329f7af210f1e3b5bcc05e0f6639774ade1
A/60204/2548610286/1775576407.csv,4a0d0d6b4c076298ed77215382e023c1ce69d59c24cc60ba38466cf5eb48b545
A/60205/2521610325/1775576425.csv,2415a216dc3dad7fdc6e81ee3d3a3fb2e44a69cc1c8489527a0f714ef69c769f
A/60205/2523610003/1775576425.csv,574915737c5654f093c5131d180989cd75bcd368d1c7055b1acc0024808a1da2
A/60205/2523610041/1775576425.csv,9ec9f6e3cac4291230b4db5c5e7b18756b56c903e97a967d7892e172391edf82
A/60205/2523610075/1775576425.csv,d9e59305cbbac486849e0962262ac6eb1ab446090a133ba88d7fcadf07d3dfe3
A/60205/2523610126/1775576425.csv,ae5ef77505cb852cfcd18e804a02be83f9cfc36794d367e48d099cf17128580c
A/60205/2523610134/1775576425.csv,9398b58d6118efad2280924867a531b4e7cb9f2112067ee944f0da697bc60f77
A/60205/2523610432/1775576425.csv,95ec0fed340fad80a702335eb5d5a0d8cee360a6482e802f5c2ff69176f0703f
A/60205/2524610033/1775576425.csv,f2b7f21a49f69328791b751625d49fa57a696ecab85e415b1c5cc338f5a7e027
A/60205/2524610041/1775576425.csv,b78363da36821cb50252fed527057f76feae48140dae3fb0a7554f7ffbd23be2
A/60205/2524610049/1775576425.csv,d0a0fc673dfd455cabd82744047c4f5bd477a67dfa1a22992bd83f80b6a99d67
A/60205/2524610074/1775576425.csv,ca2c4dd48fc0851a45ecf1f3032d9dddcd2b55e8f62e4bb534a02b674bb78daa
A/60205/2524610082/1775576425.csv,f226aa0d5b595fadeb2da793133a8d00f57ddeddef52e117c51f8adde5dd8bf7
A/60205/2546610759/1775576425.csv,9a436fbb93353d9d9a31c75dc52be0a85402ca7c5b63c827ce349812d3b87d81
A/60205/2548610286/1775576425.csv,a7067366684ed09ce0d67e19b02508a8a7fe9dd6484af98d3b5140637c462227
A/60301/2521610325/1775576443.csv,ca3cf025d35d72d197da07b26507c73606cdd8371456125fdac949b41042fd66
A/60301/2523610003/1775576443.csv,7d9eae2bfa29ae16ef8b9c4888b21ac19984e333c113d4fa3d48bee34905d14f
A/60301/2523610041/1775576443.csv,1af0e4ed51cae9f55f41438d76cfe170878450c5c0dc4f0f1b8b7848d8c66fba
A/60301/2523610075/1775576443.csv,a6b615d20dee0332936dccfa3d4098b83b5801138662ddf86578f49ecdbc56ce
A/60301/2523610126/1775576443.csv,3420142f6255be7e366c259e5f17e57b255b90077c637370a215e2b4fe568f73
A/60301/2523610134/1775576443.csv,d9fd50d23a48bdfbff60953d5c8ca56d21841513d4f6767242bec5b3cc9f3442
A/60301/2523610432/1775576443.csv,382d78c987b2087d26122ad23bb439a3e1ad3c29d9cb14bb4c459188cfc58352
A/60301/2524610033/1775576443.csv,45c090d6072357e44d92a19d1cce8e89cabf6fe8724ed8e3995bb7ea96c5c513
A/60301/2524610041/1775576443.csv,eb190beadf081ac8ad18b065df03719561df46cfe8ccd71662ab896bad07e322
A/60301/2524610049/1775576443.csv,5aeb4ef0ff1c2d526068a34dc31ff57b30ef1a34ffa1e0117c0c1a417a03ea25
A/60301/2524610074/1775576443.csv,8c06fdfa34ae7a7fcfcc91073882647eb954291b7c04022876b939a98f6739fd
A/60301/2524610082/1775576443.csv,8824ebf0bfca135cdebb61b8c4790521c389d4c3572f5be9f1c69f938478e7c5
A/60301/2546610759/1775576443.csv,3bb3bfd7af798b777cced57a52e4dda84820f43703bb579c92023e1d1efe2b2a
A/60301/2548610286/1775576443.csv,9289e7fafcc2986095d94405199d64f812eadb56de02564dfc32a56921290a5a
A/60302/2521610325/1775576461.csv,35e39c468fe9cee5a755fb011a3dc930c62fc5c8ad701e3b282c2ae7d234d244
A/60302/2523610003/1775576461.csv,bde9370412b0ce2badb8a319814024631adf290be525d62bb9939f755476855a
A/60302/2523610041/1775576461.csv,7e63c57774b31e9a4bcd06b8c76602cc4db72524ddd799469490f25c10194b68
A/60302/2523610075/1775576461.csv,e801e2c9b4055d842c55964ced976390b07473e012cfc6bf8fc4e1b42e6ac83c
A/60302/2523610126/1775576461.csv,6e206530dbc359b45be8de8cfbcdee9cc8056c2f8fea67928f0a0a983bf12b8d
A/60302/2523610134/1775576461.csv,8a10d4be89b2d8544a091fd285fd85460ea47d76c9c14ce29e299e33c6886704
A/60302/2523610432/1775576461.csv,3c8f48d77ffbe712fea6f5b668f14265b5d7b27915ce5f1fb6844741e473507b
A/60302/2524610033/1775576461.csv,9d079c6a62b4896796ea58c4a369db9418145d280bd38606e8b7db9d05fd5c12
A/60302/2524610041/1775576461.csv,344adff2d7010e375e81b1d77de6106b55285de2c072a6920b7c67be848c9ee0
A/60302/2524610049/1775576461.csv,a83c762e786c69834775e81b86bc47edbbe993b074b251f4057546ad1717c668
A/60302/2524610074/1775576461.csv,a7b7d9dd7610a48e868567b8e5e6f7ba947891c8f79a951a30c93f2eda76036b
A/60302/2524610082/1775576461.csv,b499883f4e02ff14b649f3eced2ed5e35447aacae5192e345db5f93a71f7c387
A/60302/2546610759/1775576461.csv,d2da55a71504f2a22ab720b67b70b190176651527ea8326c17784dbd1e826c92
A/60302/2548610286/1775576461.csv,81ed435d332acd45c9ad99dae8872f3856d54cc9c275d39356a01d46a4cf9494
A/60303/2521610325/1775576479.csv,684a4cc8d5430cf38a750256572d188de2c9c9c4bb034b58b530ed81625220db
A/60303/2523610003/1775576479.csv,1d5912b1048cdde6bb2bdc33f0aca249f2bf3f13b3ef9351781f149142c11f8b
A/60303/2523610041/1775576479.csv,e633e528f8f6461a1ebf4dfc9810dcafccbeb8c1438a42af4afb1c31b5823d1d
A/60303/2523610075/1775576479.csv,f8dcc6f6f4fc2b06e31438744e07f46f0027ef8b474f66cc90cdafbada1ac40f
A/60303/2523610126/1775576479.csv,9bcaeb15204177f081680e83c4a4c91b55da935dcc582bec18c5cec01cceb2ae
A/60303/2523610134/1775576479.csv,b678a447f9664fff919b0a5b39dcac2422d32b88f622ccf43eb14b07211e702c
A/60303/2523610432/1775576479.csv,c51d351ec4d540f3a18ece907182efe3331bb6cb797739352d8fc309495b4211
A/60303/2524610033/1775576479.csv,dc07b849a4ba38dfb2f085646a940be62b198a9e74cf0b9ed4ed95421324fba7
A/60303/2524610041/1775576479.csv,1af1afc454e38c1ae4b0956ee1745677f5dcf8a3b29b2f686285c6d27798b000
A/60303/2524610049/1775576479.csv,19cb4fe45e4d6408d78ff8ccced57bf7db19dc0bedab01edafcd0123839a0dfb
A/60303/2524610074/1775576479.csv,7fbc53ffb4203276304ce2c517eadd6018f8ce5330914c296dfcfe32b74fff96
A/60303/2524610082/1775576479.csv,55548f953744e1767fdb94ddeca80ea9bf7c94e02448099c053cd3c6d800aea1
A/60303/2546610759/1775576479.csv,d6438dd4f0d2ce695921f89cafffc0861425f7208c5622d2b965d4ad4ba4fb26
A/60303/2548610286/1775576479.csv,ff00686199af8ba251af7c04b80f85a8c9f1f06d67c54f5dfccba56c76e2a1bf
A/60304/2521610325/1775576497.csv,329229c6d28c7339588b665cd0f8f50019b7f6e7eb6e29fdda936f58d5ea252c
A/60304/2523610003/1775576497.csv,186359cbc2e468e8c5d147cdc07fac3c42f86a7105e818b6ede2643baeea7de1
A/60304/2523610041/1775576497.csv,836ddc249b9c2a37e5bc561b9715e505e93f796800afd313ab8c6cf3cc2729a2
A/60304/2523610075/1775576497.csv,7d449a4cce735d6b0ff7a775904f6e949342796a614e3393fae3b4e2f8d66e1f
A/60304/2523610126/1775576497.csv,086f8c597828ad5b900771fc5a2c8c7872cccf0d37d56b06a48433b51c621042
A/60304/2523610134/1775576497.csv,cce0e532b86946fc13caf971fc42984588c7cbf788ef6e35c87cf174cb700aad
A/60304/2523610160/1775576498.csv,7db6790b3e599f47eb144e502d32b5bfc4add5150bd248ece42ef81398e835e7
A/60304/2523610432/1775576497.csv,37d7f784c8b58e626480097507f8a35292b11cbfa6ace29499c0dd34b7df9f21
A/60304/2524610033/1775576497.csv,fe3fd06360a4e25992a3ea7f6b61aabdfac3232faee312e4fac7f749eaffacb6
A/60304/2524610041/1775576497.csv,9cf31457fd1cb709fd65d97968feabbe12928d30e0fa32ac5b3dcd26d5e77591
A/60304/2524610049/1775576497.csv,bd4fb18467e733af3c91ddab9a2dfc10e1346fc0315ccf677db62d5e21695390
A/60304/2524610074/1775576497.csv,6b4b0708a424245edfeefb150d2a89e86d1f8ef6871f0b97d602aa156125279b
A/60304/2524610082/1775576497.csv,8077ab82704dec11efabd46bbba9a30e094b9edceca2df0e909cf26c40218e35
A/60304/2546610759/1775576497.csv,fc0dbb4d481a966bc94d639d606fd2c90e8bba57ba9c1860faf9c32c1b24e8ac
A/60304/2548610286/1775576497.csv,944d0c6ae2e43f0081184c55618e7f39d0df414b45b00b752bc9a62b808e15e7
A/60305/2521610325/1775576515.csv,b945e807313b0a54320776df0367aa64ebe5d4d997223567b01c9db3ef64f5fc
A/60305/2523610003/1775576515.csv,b650216820761d27a71c6e90b3f6842d47e10422c5b5d9bef3f3d170d86a0456
A/60305/2523610041/1775576516.csv,5bd6dcecb3a20069c33c3fc33055e5151ad8d2be92b921f60ff33ab4bfbce8ad
A/60305/2523610075/1775576515.csv,3b823da1fbfae0d2614717330d4e920a9bbf9857285b20fca22509185dc6a00e
A/60305/2523610126/1775576515.csv,4edf6d779c9f316e328188ad3f7ed66e81bfa10d035b7ae5999325dae4f7f58a
A/60305/2523610134/1775576516.csv,3eb56116916fb198c79cced3607821eb0ae3e4e833c17174c83ab5be932e2802
A/60305/2523610160/1775576513.csv,a09680fc3fb820e7a5eb187fe221da6ac3507f4998c21c32c896b50897e27f2a
A/60305/2523610432/1775576515.csv,abc76105ae4443e14dabc491186f161cfb13298525abe7c963cf4d11cfca118a
A/60305/2524610033/1775576515.csv,4efae1b0ee38acfc357197777143a2e78abd6c5bdabb038043fd38e9c6bb5334
A/60305/2524610041/1775576515.csv,3a5de8b3a520e0ac155ec187cb16bd424bf0532f4510c4f6285c7fd29e9ade91
A/60305/2524610049/1775576516.csv,ba25d398ac918d068caf0c4cf9241023f083418e9b4e88a643cdbba29503622b
A/60305/2524610074/1775576515.csv,c6da4175b6c72a54a317296ee14fdfeb39af5e949392e67c2c251ef0a2d55bdb
A/60305/2524610082/1775576515.csv,df5f5dc0de49443313136562f308cc1df3a084ea48931fb08f58d0b1a27406f6
A/60305/2546610759/1775576515.csv,543e54517e05c790ee83e4fa1bdacbfe105ffef04d94297d3d2d1c0e00168d08
A/60305/2548610286/1775576515.csv,639099c1b40ee9ad204bd28449d030079113cdf9fcf22c22fb7e18be868b4882
A/60401/2521610325/1775576533.csv,2b4cc806ff620e74eba32d71e5d4b7db560ff1e7ab226c6a63572190fc365a60
A/60401/2523610003/1775576533.csv,c98c59a81ce79347b1d7e3213fc525df56013a6b91ac8e849d28dba7dc0ee20d
A/60401/2523610041/1775576534.csv,e6ed99edcfd6b16d4152b255c5100f13405ea2d4435877772ce31b3857fed001
A/60401/2523610075/1775576533.csv,2cd583d996a8c3f4ecedb71fd776f3e26670d71d7ab7ad2dbdcf8b0ae352376c
A/60401/2523610126/1775576533.csv,80c66fa42aaa4924b0f77fa69aed48a6f4c0f2b35744778a26fbd820a8774d06
A/60401/2523610134/1775576534.csv,35b81e16715332594896e30ae5cf15127ef2f53932666eb6be61246627b6ef38
A/60401/2523610160/1775576531.csv,26a91a216c2d93de2b226732bc420138ab134bfb8a6a1dda5664c74396dd1cb6
A/60401/2523610432/1775576533.csv,29b29aff580d6e426641947c12ab08332d5315ffa2013656687f661112dca6c0
A/60401/2524610033/1775576533.csv,113c5f67efe10c539491a27ddc9f80fb916d5c7e6e0ef683ff5cce8f115d4227
A/60401/2524610041/1775576533.csv,a65f3e6f98b4216dd01a4ae53a52971364f324e7582afbf0470ccf2890630b1f
A/60401/2524610049/1775576534.csv,3a71eb82fed200052c5eb810b6903a9f5f21ac127af8c73d2ba02079e661c0e3
A/60401/2524610074/1775576533.csv,bf8c0ff7cc40e991b02163ea6557b56132b0ffde90893959f9f34978f8ac0270
A/60401/2524610082/1775576533.csv,0be576af7a58d14dd4629001693108988180785dbb8555d032a9ab6fa2e123a1
A/60401/2546610759/1775576533.csv,d6e02711beb6b6bd54903a6ec83a7df55eff828970fd6850300779e629b84665
A/60401/2548610286/1775576533.csv,2ca579d1ab52e484a99f3bcf86c9ee3b4803e6f2ad6f42e25d15ff751afbeaac
A/60402/2521610325/1775576551.csv,f30aa43a7662f5bc8aef0090671b52cf0a3f2d9f7a7d03adae2e5972f2cff3b1
A/60402/2523610003/1775576551.csv,051a18b3eae5a6c7955ba3ad552bde57ebe7a1cae64462cfa18cb82f0c2a6fab
A/60402/2523610041/1775576552.csv,3af23d9a42466f259bcd6ae98f8e92b56b687ebcefbbbc9bb8e41ac304decd2d
A/60402/2523610075/1775576551.csv,817e8c748444fbfdd0a0c80fa556f61a4b7945cb4007a6855333f3b9c3c6ad2e
A/60402/2523610126/1775576551.csv,e6e290b93a1aafac3183974c1e87daf87783fb11a83fec8290abef5656a41fa2
A/60402/2523610134/1775576552.csv,4e19e59df2d26b48e6b16d614ac5d0ba9bc91dce6f02374aa3974468bbdcb72d
A/60402/2523610432/1775576551.csv,d513aabdffac6bc0beccbe679d2885034b2a37f33085fade21b3c56e5cc7a515
A/60402/2524610033/1775576551.csv,1d0ca0cec35667b9c1b6242ffa30fc56fcea33d186a80854beeeeb0ec2abca68
A/60402/2524610041/1775576551.csv,3c54ff95c03c07f096fa10457e9c15aca1e18f1fe546f6a5add63b5b6e3e2466
A/60402/2524610049/1775576552.csv,4f83ff2c4c7817eaf20700c2367daf9033c33c096ae1918fd00e350dd55a8e14
A/60402/2524610074/1775576551.csv,d4c71dc887932430dfe66b1297093acb05b484f2df06d27ebadb12f1353a6bcd
A/60402/2524610082/1775576551.csv,270c62b8bd0127dc247c5a60e8ee5ccda8ea741bdf6b31b0b2a18962d98ee57c
A/60402/2546610759/1775576551.csv,166223710edbd85acd34da7c34a930f62ee8c71eaf74de4485b2e3a521e5cb4f
A/60402/2548610286/1775576552.csv,6d49eaa63f1e778d9c6b4c2240db8a7db7dfad4c1015df405ea8337887ac95c6
A/60403/2521610325/1775576569.csv,54d8a74f2d597d5ef803daa10234ce9aef967f6c5e9babcae48cd27cbf0e72a3
A/60403/2523610003/1775576569.csv,28194345bb40f2ce0be26adff9842c2fe7ff9e5f2e936cb54096c4ec5983c011
A/60403/2523610041/1775576570.csv,f03402a73c78ef9c8d355929a19dcfb1ae616bbf9dd02b3b3332933f9b57d8b1
A/60403/2523610075/1775576569.csv,3514f2ed416fcb31c145fd889e6dcbc62d65dce83b883772aee5fa3440b81ebc
A/60403/2523610126/1775576569.csv,1fb49809c03df5f77f33f25e352ea829364bd0c8e1851017a969b58b6fb58dfd
A/60403/2523610134/1775576570.csv,a34b11080824c5dca80ac501db2b896114d339e7c769c0ccb1aab13128bac7fa
A/60403/2523610432/1775576569.csv,637e32b85ce2c5b4c62e4ed010a8bc27865c946ba0b3f5ff2b7ae8f6deafeef5
A/60403/2524610033/1775576569.csv,dbab9467240576a323109b146ac291f81ad6f42a95f1fa0273504eb3d8afe0e3
A/60403/2524610041/1775576569.csv,f4cab607ec698b4e92162e726c82eacee5d4bbb31f16231efbb72ebea11e6f2b
A/60403/2524610049/1775576570.csv,a2dc9aa4973da7df5ecace7d2fc870fcb3d500086d2f134f2cadd66cae480e2e
A/60403/2524610074/1775576569.csv,90aba022e61596f26b684b8bc6af228c6440bc7de9aaad03a07820f877054daa
A/60403/2524610082/1775576569.csv,f6e2f659c2192ff4d43a8abe93c49abaeaea8351788957e8db351c7a9ad02141
A/60403/2546610759/1775576569.csv,6757206682112992bc93cb7fc819fe1d3647c292a833a10794d8588436749c37
A/60403/2548610286/1775576570.csv,2da14309356cc0802d16a75ef700ea8c799735a44deb9b4df262fd1ebacf1079
A/60404/2521610325/1775576587.csv,31f6529b1a15e22f81c9f5b92f2589059358348c53fb8c771a4973a811a3a971
A/60404/2523610003/1775576588.csv,109c0f30c79f0da83ac9525e1d4732dfabf72eb653e84aed7cff3fb8f2e585c0
A/60404/2523610041/1775576588.csv,bdb2a6305bddcda4b04fea4816b618c9f3b67c7a45f8c6ae735e948494117f8c
A/60404/2523610075/1775576587.csv,063cd5982e41d57ee1176654dbac360e3293f5d5d2c518de0ebff751a65d85f6
A/60404/2523610126/1775576587.csv,76679c82e4ad8a048146e0f3ce8130fc699a8afa9943e5cf24af673d54c627e8
A/60404/2523610134/1775576588.csv,22645f147099f78caff5edfeb894867fe98a1965b4db0ee9dbaa6c432e39ce61
A/60404/2523610432/1775576587.csv,457f84c6d9216b1f44241ba4181573f5cffaeb6f14bf38b70b63d64a3a634d14
A/60404/2524610033/1775576587.csv,d99978cf587130cab0165fc2ebde25d78af0e44e2ef8bc117a2dfbafac215499
A/60404/2524610041/1775576587.csv,3ea4b464c85684dc148c1f66a5070378581ffc6ea8239902d9c4a7c23f93382b
A/60404/2524610049/1775576588.csv,8596ead83c2237b0e97699916831b0269061979e793bc02624a3ca57c830296f
A/60404/2524610074/1775576587.csv,a45b843494137f7a3eddbccb3463679b0b180516b2b26a826e078597d8de211d
A/60404/2524610082/1775576587.csv,1796f48d3c8e95ebba4570c1cfbde5d478828ddc908f26cdc7de74aa5b475730
A/60404/2546610759/1775576587.csv,0da4c907be82b3b41286cef8d2ba462a1e040ff4fa7820bae29b86972bac43dd
A/60404/2548610286/1775576588.csv,be80c9640ead47554d61d3c587f9eebf3247c7db1441ee2d0c8bc121a9c556e2
A/60405/2521610325/1775576605.csv,3176463eb26d74df8d6acbd166854a8965ea438614ba62355d8fa52eb9d0e1c1
A/60405/2523610003/1775576606.csv,38c65f53aaffd7ff9951be53fad60b16edf80077a74817445e007a957f52c1d0
A/60405/2523610041/1775576606.csv,9a417f9812a0155f3cd33ded5c4be303cf99a0c9381096b0423e59b8b26bc3eb
A/60405/2523610075/1775576605.csv,49df7170846a101dc347496ce8169bf422662c5cb7c0e1b655f426979b90ba13
A/60405/2523610126/1775576605.csv,6f2099593d55d0bb94b0281173a1c9002082430f64f2ea36a4df7b179d5ab88e
A/60405/2523610134/1775576606.csv,2ade22c3ec8d8359b1cc02a4fa5c8b8a8500cf0a0bc091c8002d6b3886d7e1a4
A/60405/2523610432/1775576605.csv,2fb65b78845deb168f54c7ef1723d580ee89fe97a0e7e8fc3994194ff0c6febc
A/60405/2524610033/1775576605.csv,9bc2efbf88e3cd219fdd29d1e108ca421645b98823af043ea6ed13b26cc79c4e
A/60405/2524610041/1775576605.csv,28125e56c7dd2e817b08a9770130b6940c9c42f0c176a4de0df0c2ef8ea23a2b
A/60405/2524610049/1775576606.csv,39c784809bb5d7b6d307ab9e867bcf524f152582b7ccdfcbe957659762da0f71
A/60405/2524610074/1775576605.csv,0dcd69dc5ec5eacc60f320a05e9bf11d72c9a7637be401ad552860f31be27f12
A/60405/2524610082/1775576605.csv,5d50d7d17b799c05b0cbcaaa29da8f3ff10d895a3e8285dde1a2dce86c9b9e7d
A/60405/2546610759/1775576605.csv,7c0e90f35e4dfb1aeb3dc550e2fe0d6500f249fd240ddfe32fd142d1c09b0c0e
A/60405/2548610286/1775576606.csv,de82e491213509f66f29a8038e4834305c0040a4d457735f8706a60f1c13d6f4
A/60501/2521610325/1775576623.csv,2207dc9de214c2b3e289a4af80f359a51229cff57e5e71b7aef0cde29977710b
A/60501/2523610003/1775576624.csv,328ccee74cbcc2cd2aaa051fc2caafb85d764b23e76d94adf5f985636dcdcddb
A/60501/2523610041/1775576624.csv,977b57f7f3b2d82146667eda0c88502eb551e6c9dd6c89a8584ff35f3c410b38
A/60501/2523610075/1775576623.csv,163ffdbda8ea0921c829ca7c73f603ac181634fd5ed20adc7f8c2e1f104a2156
A/60501/2523610126/1775576624.csv,1852d4b79ab58dd78a33ac6de67c58af987c5bb9e6f54b2e3b2f2b3390bbdada
A/60501/2523610134/1775576624.csv,aa595bfc6b8c662c3d93f35609a06019927fa007c695ac52c58ce237192c7f27
A/60501/2523610160/1775576624.csv,dd491db54aeae3425ca9b57cbb63609207a6f9f2fc631a7f8a76dceb4bef58e3
A/60501/2523610432/1775576623.csv,07fbf42a709d2b9fa0ad8eda8468c148d3cbd1b26f29d1da568fc7b471edad87
A/60501/2524610033/1775576624.csv,39a74cc61919c0808939e4e7e87ed0438df6954437cb58e1ea9c01e2a6a5077e
A/60501/2524610041/1775576624.csv,1f8d2cdb54da4d03dcfa1a28cb8c7971c09fcb8a6732df83f69d3041f1aec1c9
A/60501/2524610049/1775576624.csv,a46623c5e67896bb508338d382695ecc831ffd6263140a198ebbd966e483aad9
A/60501/2524610074/1775576624.csv,38727634711614390e1326e3f9b48a3a47eeb8014e1588e809d1e734da55e1ea
A/60501/2524610082/1775576623.csv,2982dde9c531008b5b8a4c052480792e0c0a734533526283322ca25a4432973f
A/60501/2546610759/1775576623.csv,fa33e3404bb22df5fd13f3bff330a6cd849ed385e61aa9d3975e180835a0c3f0
A/60501/2548610286/1775576624.csv,3cb0c4d5bbe498d922884ded54ed9956b3fe8a6cd509b3949e3bad55d720d49e
A/60502/2521610325/1775576641.csv,30a83e42a3eda32403a50c6cda46ecab5a05b12128397963e87726f5b797ecba
A/60502/2523610003/1775576642.csv,ff6ee551a3fa7a57a7d41bea1172f5f707598392025700da5c3e555b473ce030
A/60502/2523610041/1775576642.csv,40fb8e3ceb1b7d9a2aaefdd1c4225f3ad2bc6ad2de376a10ca9af97e88ddb6f2
A/60502/2523610075/1775576641.csv,3dc3fa44e08dc757c47664ca100c11a730e50e462e396ec98d17944e08293222
A/60502/2523610126/1775576642.csv,c072a0e3dd49dd497eda0f785dca5256c4e89c12f98a9b40f33ad457cbc221b2
A/60502/2523610134/1775576642.csv,0a172f3f9b924a8b3760f679e7d2b54e1225b9f8a18a2781a1b71ebd163a8cd4
A/60502/2523610160/1775576642.csv,46447cbe5bc33c62a38aac5077977818ccd25fae92ae5838b05f2b8c1a3b88a7
A/60502/2523610432/1775576641.csv,7f69b7fd0db50028b9935ae67b169b9991b40104e810f6b27c812f75e3b38f88
A/60502/2524610033/1775576642.csv,b1534622496ca36d17685b560e70ca7438a85b43bf0ce6b91a21ea3522db671c
A/60502/2524610041/1775576642.csv,49b41c91711c05af208df3025bf6e62ad1542048188aaa0a0f627afbc497639f
A/60502/2524610049/1775576642.csv,771d5ffc16e1de7d9238392e8ddcba227d3a56986d26b714df37cad9578e9e6e
A/60502/2524610074/1775576642.csv,0fc209d9784f1774761b28ba5ca28020233d846016012bfe2d37010076919e57
A/60502/2524610082/1775576641.csv,efbdcc73cbe97e1e8c8c4f55a8e8b2df9e175c7115e00532b38bc9031b1f5de6
A/60502/2546610759/1775576641.csv,6a58a0bd6faaf08aae7fba5d8c3bde115628b19c6076476ffe4c5811c08dcfa9
A/60502/2548610286/1775576642.csv,eaae70d1e5b7c5cfdff1425a650c368cf910b30775b0c4a6a837047b01b85a4d
A/60503/2521610325/1775576659.csv,6d2d70749e6b865fe483041b8474d03c0146798aeb0460f1c2da45fc0877ec6f
A/60503/2523610003/1775576660.csv,7b669b0b43bb13876040c9b173709c3e5cb28c0530232ee5be4eb736f9eb32d2
A/60503/2523610041/1775576660.csv,be9b701ac31f383fe1baa867569266d8df242ca1712968db1daab9e376835393
A/60503/2523610075/1775576660.csv,f2b259af48aacc95c2550dda86ce26dcf388b1fae750d7150b9cb228562dca0c
A/60503/2523610126/1775576660.csv,52d64ae447eebed52c83848e58bd86072f6e6df8371f7b4fedf306be0a0b1989
A/60503/2523610134/1775576660.csv,ccb21a0cb45fd32aaafd79a27bad1cf02860d3ec343cd8e40b216a23bb881644
A/60503/2523610160/1775576660.csv,e40449b5181a601b98bb95f9dd16ec5033e5bd1cc998c48f46475179405852f1
A/60503/2523610432/1775576659.csv,5a6bff29d7dd1d4f600ea3eacf840c32c5c898e7630c67635cb275ec72455b8e
A/60503/2524610033/1775576660.csv,f6c72456149e2275b44f3999e032dc61b25da96dc7a4d8607c8d0ff51f44dd44
A/60503/2524610041/1775576660.csv,ee6ca16490eb7335c74ae2480cf147039b1a3cbe157525fca79356dd9cf74e47
A/60503/2524610049/1775576659.csv,5a4ea5b5fbed17e7d943a5bc3c2acd12be982fc66e0715d8c0dbf8d908aeb063
A/60503/2524610074/1775576660.csv,98678cd0b705802870dded9f4a0afd76f9fef13b3348d6a49d9f7b6ec0660f0a
A/60503/2524610082/1775576659.csv,3d5755a708bc7dec1a7c0f9d2d699ace8e6b533e3a65be1068131388e91fc602
A/60503/2546610759/1775576659.csv,087922e51baa542fe4316ac48841c558e6b267f95e0346fd766a01be25481047
A/60503/2548610286/1775576660.csv,a074305602ddb0e83193fcbdb2613a2e2e3e5569e0dd4d9dca36e9b725940b29
A/60504/2521610325/1775576678.csv,d539ffdae9e1c241b5136564fdef85fc0fa3402e72c87182bfbe4f955e3c36e0
A/60504/2523610003/1775576678.csv,629926e860d8e9573bef3bb38112f8ad0eda2f50d531a2fcc7c3a694c55701d0
A/60504/2523610041/1775576678.csv,ff31c1f69d132f82ed356913e3cbd81e8b720bdaed968ae34d918d55c8be63b2
A/60504/2523610075/1775576678.csv,fe13e09cb06f2105ca796af0b3387820a26a4657d0509ff1b950ab532a483b24
A/60504/2523610126/1775576678.csv,fe5da7b18a9cd9628fc02c12bd036f6d5f87ac672ffb4aebb994aeea862fd779
A/60504/2523610134/1775576678.csv,2f8afc6598286e79b71224f3ade8548c3e455c72ba6a69e633d6b77f804ab385
A/60504/2523610160/1775576675.csv,5faa44ecfa251519357edb9a62427df7f7d54517d95a7cdaaaac69fd55bc7f9a
A/60504/2523610432/1775576678.csv,e57d3a107c6681cd7813f08207a6d0fecb108f72375aea446189e828f07c58cf
A/60504/2524610033/1775576678.csv,e917ce307a4e53c183d04d268fa776ce49a3183124f302eb78963b212ed8d14f
A/60504/2524610041/1775576678.csv,1d86fb6828bb0a7d3427002bfaef1906d999a2362cfbb95d1f05afe19a8f3de5
A/60504/2524610049/1775576677.csv,d61dca4109ebead4848c9f22c00ee262de1427620a8661e758e447df82b6aa8a
A/60504/2524610074/1775576678.csv,867b8ed6bd27251c04f2db64e4c408164311366986d84b11e08f8588a7a0d365
A/60504/2524610082/1775576677.csv,a85bfad79db8c930157f927a74f6888adee4db51a0e64dbfaa6ad82e1a6528ec
A/60504/2546610759/1775576678.csv,a62cffd9f9c121aa47bf6cfcaf85319930a46b04d34974008239324b3fe6b503
A/60504/2548610286/1775576678.csv,c579006e6bad77a363ef58c833d07210ebe277bb081f2024731325f63c84eaad
A/60505/2521610325/1775576695.csv,e3eb38d10fb4583a094b705e5b1688fc123027cc65ced67c5b14b53a23f7d014
A/60505/2523610003/1775576696.csv,e4f28cdfa166ccbe316f6e0a96ce95b40e8a8e2c47e9d6a707a23229c5f165b5
A/60505/2523610041/1775576696.csv,fae856d7cdd166a5c5bbb5bfbae5dff51dc0c034c77321683fae394c82553b0d
A/60505/2523610075/1775576696.csv,856127e08c516bd628700a17dc185d832c3c89a5d89c89f9e200524f7b789c49
A/60505/2523610126/1775576696.csv,ef14fb4750ca1def29209587e32f77a4ee9b1fd90b29147b440d33281fcc5a37
A/60505/2523610134/1775576696.csv,ba6f74f9108497439cef49671d8ef3afade485e84ef2225e6eded38df5815952
A/60505/2523610160/1775576693.csv,1c04ca125114e927825e6f9dd87f8cfe03aa736a25389156b26944216c7ba9a9
A/60505/2523610432/1775576696.csv,d66128937b56ee4c6706733a8f25f397d51ed2a995c518ff5b781ee9e3a1873a
A/60505/2524610033/1775576696.csv,d89e8b8e6f741668ad2135a0cc8dac26e77ca15392ca1b3eeab6e1f2b26992b5
A/60505/2524610041/1775576696.csv,23255f1b494123a0412abb3f06bbe4a701b99de1f0bbf944c26b083de7612e6b
A/60505/2524610049/1775576696.csv,18a828870a30eb766bbc5017ea3f9efc60fe0bc2786fcfa10c6973b81dcee285
A/60505/2524610074/1775576696.csv,348d3e5f4929b1e201afc407aa939b96f0df9f9a60ee68c34ca47dde51ac6bc6
A/60505/2524610082/1775576695.csv,9c5e60b7bbd21d77fc9d2e8cdae340e42dbd2def96182afd7092d5b82c734c40
A/60505/2546610759/1775576695.csv,3915d3daa5edb80c980665bb46af7625fd9074405b0c58d87c1fb5422f5fbb08
A/60505/2548610286/1775576696.csv,3d0680670975fa0f862ef0270ee9754e971a6d3d00b60eea72be4d47d80e67ff
A/60601/2521610325/1775576714.csv,29bc27f5bed6d407b2ea79b6b5681a1f32e47b2319c1808906c36b48b09573ee
A/60601/2523610003/1775576714.csv,267463e22687f0a33ba55a16b8eebd2dd253938f24e69d3a69a1b931ec9965db
A/60601/2523610041/1775576714.csv,59d01f988c33833e75088d319a1d833928864ae23bbda14c23609f22fdbfae25
A/60601/2523610075/1775576714.csv,521c2735bc10f266afb40e993fa1328b866d5189593b140a0255d69ef70ecb9e
A/60601/2523610126/1775576714.csv,47cea6269c719e00eb375b84e092a33c864d66267d07783b7ec5b9d0d4419772
A/60601/2523610134/1775576714.csv,028720b5c08d39577f71a59e6daf41f976b716e6f7ca5a9a62edb1112bf11f31
A/60601/2523610432/1775576713.csv,b4e436ecfd14ae40bd37e20310cd132c592e7c750470f0ce3f0ee826140ae97d
A/60601/2524610033/1775576714.csv,7fcfbbfe467fc2e2ddfdfe8e7e13a6bce541b2c3006b997feda17956895eb2a4
A/60601/2524610041/1775576714.csv,6423847710e4de05a5c2278e9e5dbbdbdfa153544d703dd4053bb04a056c31b2
A/60601/2524610049/1775576714.csv,763c6a6fa7172879618788f4db44a55d55ed8ed15ce0e71301de447693a7f340
A/60601/2524610074/1775576714.csv,d0f16cb6100b4a7bc88250af0fbda19f719d3f8e545137d648cfe62bf530795e
A/60601/2524610082/1775576713.csv,680cfaf78c87a3987ed0d235e43766013443784c6bdf4531274af6af174fbc3f
A/60601/2546610759/1775576714.csv,7f96e94a6e0db86b36fa30615db4105c2205a7e61ac2500c6aecd7dbe778f39a
A/60601/2548610286/1775576714.csv,00d2590bccd9d5557a6da6bf9529cbb810091452dab25b8b71f8d464515df123
A/60602/2521610325/1775576732.csv,51e05761460b09f24f527a6e7407735d34dc99df6154bb4d1cedfea07d0a86aa
A/60602/2523610003/1775576732.csv,8f1ecbb67d58ad004a2ea16cd0907934402f01dd50a5a046d1879b1f050d6d2a
A/60602/2523610041/1775576732.csv,c9611fd71a12c8725e4b69ba96bbb3bdb60a60b4cc47d467c06bbb1efddabef6
A/60602/2523610075/1775576732.csv,8f17135ac7847d46912a3da85a12e96977c1b00106d08a40ba47e69b96a517bf
A/60602/2523610126/1775576732.csv,f671d064a7c23f861608fd93b356fa89ab1bd0c5aeeac9fcf68deead14b9c307
A/60602/2523610134/1775576732.csv,acb449999abdd28ac25070cb7460f69010e154cebc3e7d0c5ad45b4eb1c3b56a
A/60602/2523610432/1775576732.csv,85bd8040d504f55277705cc212857c6f7901a3866fc731e7b9b6b0b0655aa33e
A/60602/2524610033/1775576732.csv,00023cca58e154a128d7a1c4488b32e105d7b03c44054ceb79d2a3cd5bf432ec
A/60602/2524610041/1775576732.csv,6bf6ae87eb9ecaa74c0a0900b3fbabcb42e5e74186d656764fd77ca3ed49f72e
A/60602/2524610049/1775576732.csv,e0ffafef8078f62604104b4cd695b1e23651ea1b5604cf31466dc876de9b5698
A/60602/2524610074/1775576732.csv,db5812e015f4bc5a2c498e27a824a0be9adfd562607470e23b1e9ac24c2ebd9b
A/60602/2524610082/1775576731.csv,2715410b1871b94d2936097266ba84519429cc483eee00fc1c0bf0171f10095e
A/60602/2546610759/1775576731.csv,8d6cad3d87fb4d770a27ec33c61be314ff0bd900c90b54f75c99c3e150e5b710
A/60602/2548610286/1775576732.csv,5274f9573e8d87e975dd2bbf6a51ab8e05e2ace33fa5032b46f8deb62bd6824b
A/60603/2521610325/1775576750.csv,2264454938f06f217bc5356bff1265abb59f2d226137ecb373d27a2c997b73a9
A/60603/2523610003/1775576750.csv,1afdf2236458822b46d4dec2d66dee010ac9672b35607134aeea1a56b562bf89
A/60603/2523610041/1775576750.csv,b05c9b9fba7e39ebd1f84f89e56971010948b6276db3e249ee4043fbb7a621b2
A/60603/2523610075/1775576750.csv,c076dca866af7112a381c52e643ab2cf3fe4dfe49121cc957c2deaefa53f9c23
A/60603/2523610126/1775576750.csv,3a2a6eeb04d05371f95a0f6b6560b8918defee052123ef1bf3475f6f80103df4
A/60603/2523610134/1775576750.csv,c11285f7e902ccbf1151dd55735bef064cfc4a4f765f5582afa1280644a05343
A/60603/2523610432/1775576750.csv,79a3b34a183bc6c81b829051143bb4e54916a1a726ec20a06ced988bd2e069d5
A/60603/2524610033/1775576750.csv,68a06398c683c0ff87fc9355ecdfe146dd8a61d63a2a29d096eba46019e95826
A/60603/2524610041/1775576750.csv,f200633d86492d78a754a8b369dda5380352e4e6ca457cc93962bd3366502ed6
A/60603/2524610049/1775576750.csv,bad1d75571d0faeb526bb1f8091d727fae8ec5dbbfde6294919e0576bdd43c85
A/60603/2524610074/1775576750.csv,cac0ef3f5cd87f6670eaa39eef3405233970e093856b1755b75cb0fa5ecc70c9
A/60603/2524610082/1775576750.csv,c8e4e5944c0e97c94ef0bb64bdfb598c2659f250f7f03df5d40f202e129d691a
A/60603/2546610759/1775576750.csv,0f238fe87ab5f77fabef901a9a6fe9dd43c739938a2b185f0e9cf6d83d6ad14a
A/60603/2548610286/1775576750.csv,18f912543f675c4a292d598ecb2402c240e73acc19032c51dbbc3bddf095ad30
A/60604/2521610325/1775576768.csv,eba288cdbd29cb6d4af30c25b861ea9fd0617c27ee654cd3160fb710ad93126d
A/60604/2523610003/1775576768.csv,105d9e31ace43d8cfe4ac23b420e98d8b5ce7d981a1b93faf437e419d4fe5471
A/60604/2523610041/1775576768.csv,a536d60fc94375b36e0762099f590c9573afe218557ef42dbd6997bc443b2582
A/60604/2523610075/1775576768.csv,2ef43abf7963c8834715339977b3d1b5c3c7fe8ffcac2cb0350672bf1427275e
A/60604/2523610126/1775576768.csv,2a1231d2bad996f4bc52912a7c86c263396f84619f8357cbea2a2289e795dba8
A/60604/2523610134/1775576768.csv,7872ad0cce78c19a84f8450b6dec17dc2ef4e457adee098f90bc3577d05c1355
A/60604/2523610160/1775576771.csv,e22530f0db22bac38355d102d7cab160eb40df668663c797627377aa77cc8d94
A/60604/2523610432/1775576768.csv,9e24be44fa45cde8e04a9e5ca1268525edb510e3e1eeefde5d49b50eb23365d2
A/60604/2524610033/1775576768.csv,36feed0de289d5299ea194fd9d501df1944009d672ea98e702bdaec2061622ef
A/60604/2524610041/1775576768.csv,e8ddd21512e7e37ae93dff9b6f9264dde4cfe81707fad732a836dd8cc45eb246
A/60604/2524610049/1775576768.csv,6ee98c6d03a546757ecbe7286af89d06270f4eca88d586aa3013ac90644641a4
A/60604/2524610074/1775576768.csv,333005df76d9aec14e263b4182f33cfabe9966193e1f805ca036aa112753ea44
A/60604/2524610082/1775576768.csv,39248ace4ef20fe0b4e4771407662277bce0b97a731c73062b2d47a02680b2de
A/60604/2546610759/1775576768.csv,b8439381e2811d3404db8bff2f207dd22d3211c67cfae5622d02c029153ea065
A/60604/2548610286/1775576768.csv,c7e4f9cf380360e859476030313dcee5e6c3ce1ce6cd9c2671a9dee552d20dc0
A/60605/2521610325/1775576786.csv,e9f30c9465a5fc3c4bba8795249ef8781f8046f2ee4c784b3be5474f0473abea
A/60605/2523610003/1775576786.csv,7834fe81a1ba99798c29fedb0794e8a77cd9e85569a1d95167cb50e7f484e1a3
A/60605/2523610041/1775576786.csv,8522c83fdbebfc7a4f677c7d7239f4ecf8f3b538925aa9afaf843a71430a0283
A/60605/2523610075/1775576786.csv,f88cc322dd7dc1ba64a84d0814f37dd8dcfd45b027e4d393480a315e22b31e99
A/60605/2523610126/1775576786.csv,e952fd511e212c351023c1141488976cf98a05d5d4739e72964386ec6153a101
A/60605/2523610134/1775576786.csv,b026a033ca00e8b4857d7063ace87c064757b57574204afdb4fc6dbaa8c75107
A/60605/2523610432/1775576786.csv,6344e0fb679b6a0ebd98b3904417f7f069eab706e21426dae09af75ba3092603
A/60605/2524610033/1775576786.csv,c1b48b45f945c7d76ec2244b8cb78ab8366dd591f0c7fde2a64a359d259d32df
A/60605/2524610041/1775576786.csv,1e1f9b114897b7ffd3d60a949e94ffee8ebd655cc692aa8161ba570a6d77be01
A/60605/2524610049/1775576786.csv,68ef64f3fab8a16418aa2e6063f95296b83e469695b755b79a5f0e5160af8089
A/60605/2524610074/1775576786.csv,82d9a75bf3e73a62bd1776e06d67c68648dbddd51a6e2cb4e1277c8acc9a880e
A/60605/2524610082/1775576786.csv,86bb5210ac211b072e84375f172e5c326ad9e97c2e2e12f7d01105bf5f8a5f27
A/60605/2546610759/1775576786.csv,ff39821776e4ce4688af2c380230250e393efd7d493e43799a1681457f0c3c8d
A/60605/2548610286/1775576786.csv,91211166a76e796eeb2794bd4120596516b06ec601cbd850392d94a52dc397fc
B/10001/2523610003/1775585631.csv,1e5bc8311a28100d5e73549484d18d28ba7256077786beb655c0b6c083b0851d
B/10001/2523610075/1775585631.csv,88ec074ec21354b8bb0d70417927e69ff969d4f866a8e189384da7a82601d34d
B/10001/2523610134/1775585631.csv,02272410e8ea108a5a597dc4695859636760fc15b3808bc718f31410806b3073
B/10001/2523610160/1775585633.csv,bdd86f2889fbe1b68b32a81df379eaea085504bd8f5db9331f9df959987e71e6
B/10001/2524610049/1775585631.csv,b37f6da1a8336f6b6049f15f1ea66d12c6f8a2ccc48a381b5c1a3d00cf296325
B/10001/2524610074/1775585631.csv,69caf172e2fd833a1a30b77796cb9a6b840a52a30d59b520df37379de4e65aaa
B/10001/2524610082/1775585632.csv,2ecf4bd6c687fd951eef175e1fd1b7cf3a4eb8f95c5c8f0c4d8dbf7b3968c6c0
B/10001/2546610759/1775585632.csv,6f372a1c9b9dca567b42a03f0052d198881ec3c7ec0124db7788f463c1e40de5
B/10001/2548610286/1775585632.csv,90887c03bb3819ee8c86c2329c583336aadc407999dc7ff8348cd6799cddf6e1
B/10002/2523610003/1775585649.csv,b10bba954f1c959b247dbcf7663684032a04b080bcca2dc388c017c41ff610ce
B/10002/2523610075/1775585649.csv,6a9999092afc12bb448f3bbd9a104f2cb38d09aaffe3483cb0b067f489c4095d
B/10002/2523610134/1775585650.csv,40cf7440f929dbc55cc497d2bd6201ec357b31036993105dfa8074a23ae31dc4
B/10002/2523610160/1775585648.csv,6e51e81d48b7c544d72ff67747dd3072e8172a918d60f13996565f598f18afb7
B/10002/2524610074/1775585649.csv,ca665118307e121508b3dcdb0e1e888c65fa06519feab6eecfbd1b25f736ed59
B/10002/2524610082/1775585649.csv,bf97ba61371a17419f7e1076a463b1dce5cb5ce27dbd147cf7b07a825f450565
B/10002/2546610759/1775585650.csv,30c15d2f18bdd5d32ab03e8f3a081e822cda40c73a366a5eac5be409971f73ab
B/10002/2548610286/1775585650.csv,97c7a320bcd989d24769980d2c19c4b3ccf1a7439859b9f1bfd658861fa5c3dd
B/10003/2523610003/1775585667.csv,45051a31bd83ffff51c810a273886236bddd45a97e70ccb3575bf53cb1cd71a9
B/10003/2523610075/1775585667.csv,1d718213cd6e25d8cc3f49ee044fe9af3746256f9a9c3fa265bb7991150e2002
B/10003/2523610134/1775585668.csv,83f920e4e3b005744f83311de8b8579444b71b7936c1b16839b7c22e3a4e85e3
B/10003/2523610160/1775585665.csv,a99ba7f0dcd772c003197509e6b85f9046eb4b48758186ff5738b51d8659efa1
B/10003/2524610049/1775585667.csv,886ddb7daacb838a3628e80aaa3cacbfc3694e7e59a332a5f68f61c8bb81d727
B/10003/2524610074/1775585667.csv,11ba6c607d8974515452c1f007130c2a1dec40ca00fcf21c820ceb7f69b3a051
B/10003/2524610082/1775585667.csv,78dd0d7fd885c071ab9a09c50773e8a239ec313155274fd7cb2391e3294b2893
B/10003/2546610759/1775585667.csv,c64b0f95b926454e372d5668d04d4630ffb1151061f495964952cece2fca09c5
B/10003/2548610286/1775585668.csv,867b24d8de9d5d73c16b0d01fc12469868c70cb8aac9e9b01e733dfc397cad85
B/10004/2523610003/1775585685.csv,395a6d2121193f7d67b0b35645249f97ccc22bb1ec6467416dd42e2e711d6675
B/10004/2523610075/1775585685.csv,5e3b713fadb96fd7ed0ddbdc09a4dc26dde5de7402cd82b7ead56b7508450c9c
B/10004/2523610134/1775585686.csv,1c18149d469148494e67a770288487fc9598016042e364272c02252e667a34d3
B/10004/2524610041/1775585684.csv,74fc8f0032bc0277a2545ea26e6061af5fbff991c10997faefb48e1741d3eb14
B/10004/2524610049/1775585685.csv,30e27b4441dcdf855f19100c317cfbf0a4026304e21fc457abc102962f53092a
B/10004/2524610074/1775585685.csv,d8cc0520ad68958c9ab64d93888f65da12b1d3d583df6e9f864ad87ba009cb72
B/10004/2524610082/1775585685.csv,d0997b787565bd5bf4c73c1f91158f0c3e70ec0c7238a3d04fc5ed492443659c
B/10004/2546610759/1775585686.csv,d455a2f6bdfd64ac33d1bc6ec7fcf35d58e7b473250116491e99191179f3cf62
B/10004/2548610286/1775585686.csv,b155f6b93b1ffbb65180bc34c081c99b986ce71ab97765f0c4b208af20ec21a7
B/10005/2523610003/1775585703.csv,3c8a1b171418551b9c6e6e8b556421c23e5997a54da5e5d37daacd8c7aa05be7
B/10005/2523610075/1775585703.csv,d8583a0e308fb7ff95fef603f24d1b23438213a7f5d88a21c142926c6e92b2fd
B/10005/2523610134/1775585703.csv,7790f0d5409ac08b1234c33b8741289717a53eb39d0345d33b3db72192142d57
B/10005/2523610160/1775585701.csv,53200d766a1c03be4a05e99b72fc30dda5faf6ea998cfa1fc8093b5dac40b723
B/10005/2524610041/1775585702.csv,429fe62750e4d2ff949a0fb675e2e16cdedb4a27cc39cd0d87a710d34f423b30
B/10005/2524610074/1775585703.csv,1d60aa7d5c46aad0c9fe683e396fe46d465288eab2cf6e75b462551fa66cda2c
B/10005/2524610082/1775585703.csv,31b41eb824bf3f428f4bf172446fe9b88af9b2dd225785fbf60a45894d3d3fb8
B/10005/2546610759/1775585703.csv,f4f18756823c09631228cc30c97ee88fa6417b702237ca09900884d25732ef2c
B/10005/2548610286/1775585704.csv,2b7636a53c2951254b425b8281fe446858929066f7e92ad24fae518eaffc3f6a
B/101/2523610003/1775562025_i.csv,7b38f57217c70ee56bac892faaeb87dcbaccdd2ec8448f6a15cfbba7555687d3
B/101/2523610003/1775562042.csv,5478fd96dc54045e6dfa4f771adadb219108b49e819907628af0d56e85260372
B/101/2523610075/1775562025_i.csv,aa469f9d887b5fef1f8d613d38952cfb9128f82e96b9a8b44425d64318db1b15
B/101/2523610075/1775562035.csv,7a736aff3aca758f99d436f2ba1606ea18c3af42ac142694472bfb7cc66c759e
B/101/2523610075/1775562045.csv,4205d1873640d2a4825338824838f1a00a645daafa867a1ec3bb7b2d05aa1242
B/101/2523610075/1775562056.csv,16262c3b35487c4c57b947c00f25c1870572a1246f20db4c0985b45ec9e9e97f
B/101/2523610075/1775562066.csv,4b5d3d88b2c403cdcec15b8fa2eac01e3eeb0b90dbde99194b023bd1d4fd7498
B/101/2523610075/1775562076.csv,735d7a2ca32a6b68ff3a346afc1967fc003cd42ddbbf19a3567b912095425492
B/101/2523610432/1775562034_i.csv,d132bbd22360e2f7d50b9d848c050ed60417c3df889030e0c0dcc0903a388380
B/101/2523610432/1775562060.csv,07120b2559594b1368684c4134610c28ac717b563070a3f38fcaea5bf8309695
B/101/2524610041/1775562025_i.csv,109c5349bbf8edb1170161f124c9076d7f17531407c2614cdde32d87a1b092fb
B/101/2524610041/1775562035.csv,b5d73ff74310960102803216c412b17df3ab513d1cc2ea6d7e1b9ffaf41b188e
B/101/2524610041/1775562046.csv,570a13be371003829456b9ab7079b4022ebb8407c3283392a5b672314439314b
B/101/2524610041/1775562056.csv,bdb2af211377c4a2ff712fd37d7c355b93ddca59083f559ff343a911506d4c1a
B/101/2524610041/1775562066.csv,2d5e9f7fb2bb0c9fdb1b8441ca717db6b346fc19072448a6086229f383d4362b
B/101/2524610041/1775562077.csv,21736f2f7121219640475d5203fd9f7dc7b63fb30ca2bf95419e6a48e8181eae
B/101/2546610759/1775562026_i.csv,8491f5c99b68318ec95eec022981950de46e3fbebe2cf640021ddd9b1a4bf4ec
B/101/2546610759/1775562041.csv,852d3d0ac7dadd8ad84dbe55396ca91e3bf5fa1894dae6d712d37e9b6b6acb91
B/101/2548610286/1775562025_i.csv,5b2b3091ba26998fc12d65a03ed72a1ee7cd01e3118dd19ea23064f5dfe9d5c9
B/101/2548610286/1775562035.csv,275d3c0b860727cf6bf9f3beb2b845e89c7cd4f3ad4310a9e9abd0b7119569f7
B/101/2548610286/1775562045.csv,2f76a2f98ef0250a9eaab704070f24834595bcb4847afb1b064e65bf4a7eb3dc
B/101/2548610286/1775562056.csv,3a4952afb7458ca835df8bc8df061e63b1a6466d8ae4f16e39f6dfc7733fdcf5
B/101/2548610286/1775562066.csv,ff94f78734ea40d0c6162fd2ac05688cc6dd85e129b1d40f85f2cd75a9a01a72
B/101/2548610286/1775562076.csv,bf9cd097ac88d81ed91d0a148e2cfbea2ac924af75f5a77e03be2dee72a5f8dd
B/10101/2521610325/1775582337_i.csv,7451b25a61263fbfb312ba5c87f0af3312afaf8b3c2db2b9850e7a6af1029808
B/10101/2523610003/1775582337_i.csv,45c5115901b2ea456f2cbba98f6c96f29508eb4366c5ec2442cdcaed3ee52a8a
B/10101/2523610075/1775582337_i.csv,aafefea46da2f63695bef78fb2b18764b48a5f12b8a14b33a0c503b3a6280d4f
B/10101/2523610134/1775582337_i.csv,5139fc8905120720379b652e7fa3887e8065d7a83a1f6e4f32545d2d9ee177e7
B/10101/2524610041/1775582337_i.csv,50ae29e2d1fa8271f1b979066897dae294066eec78029a80b2b42598f662d8e6
B/10101/2524610074/1775582337_i.csv,fc83bd3aabf99f5aef85c7fb34249cfea2aec2ac393b00b0351943aaad04059b
B/10101/2524610082/1775582337_i.csv,3acf1096d0b30a88e3f78ed0b24aa8e78ff1df56b230fc4dbebd3d03e3767eaa
B/10101/2546610759/1775582337_i.csv,3c83d5bdd8d96a5396cd3c08f3ee93a1ef910703cc70764e79030e0369f33f44
B/10101/2548610286/1775582337_i.csv,26da956988812f476dabbf68321fbe5bcda78b254a373074ce9553ce59b082db
B/10102/2521610325/1775582355.csv,d2f341c96d70c57922350adafefa36435cd87d360e02511d788b57ac0a033974
B/10102/2523610003/1775582355.csv,f0db9fd5edc9f4938148c50019952e3e99bc37b3599dc79d47391eddde21b714
B/10102/2523610075/1775582355.csv,32ad28803ecd293f835527a5a2c5cce26582cdf35dd97b7d36a01bf2ebd0b87e
B/10102/2523610134/1775582355.csv,a48964bce435c5158272897e357be298ac1d7508f45f1ddb82968ef438352cf6
B/10102/2523610432/1775582356_i.csv,48c1e615a512407d4b5d2bf4d409907c1261a7bce5eb627cd1b8de284db8f058
B/10102/2524610041/1775582355.csv,9c0faeb23188e10117c5bf47701783da0fbe3090fa467256f963e587aab6afa4
B/10102/2524610049/1775582359.csv,50c574fd8f49b97df50c88a74d223619209f11f774d76cc3a916abf11ff46564
B/10102/2524610074/1775582355.csv,61a3d9b06e0a704ecd7824f873279ef9c4d1a94ef83a3bb9e1ab0d7aba491ef9
B/10102/2524610082/1775582355.csv,90834d7dfa5c1d53cf17f204a9dcd46bf4705a54d9de8dc9f79cf40de558f7af
B/10102/2546610759/1775582355.csv,752e80f3c41c655b67c370c2b339d89bbf510be7f247801585723c262ff60665
B/10102/2548610286/1775582355.csv,8d1b8ce51bc47bd7ce46eb07cc519e61a15ce3eb95d16c6144bbd04d8245cc10
B/10103/2523610003/1775582373.csv,df282585048e6121dee0d28f55b9cf95093489cf1d3ee998ee328c10c9b70273
B/10103/2523610075/1775582373.csv,19f8ff730435caa378476b94cf10f41bcff59660d07811e03632bd0382931d73
B/10103/2523610134/1775582373.csv,efbcfe2c87cf3bf4e9f31cecacd62e0551dcbf1a6d22b6d9f4bf211664a34f08
B/10103/2524610041/1775582373.csv,a767af92acdfdd609b0fe2d8c1218803aad5a26b7baa8282dc4bdf213d94590a
B/10103/2524610049/1775582377.csv,7d3ed61eaa35c731e54c470021e8d2d2105e506b372d62c10c76eea75c9c7be9
B/10103/2524610074/1775582373.csv,aba40f8732b5e03ca9f397f948f6856130bd830cfd9179afca6a4635b0dc2095
B/10103/2524610082/1775582373.csv,8f36ebe719b58a74b1e0f626e317814cfc6477c2136ea0bd6c77f28338df64d6
B/10103/2546610759/1775582373.csv,6447b24c14953c16483beb6893d22778ce56ff284e50b3ec88196c273f1565b1
B/10103/2548610286/1775582373.csv,bc3129b3be63b46efd9caf902e37f293e0c8d35944a3280ed0e3a627d429cad1
B/10104/2521610325/1775582391.csv,0e0daf637327a6e17af42a64ee565b3af44044ca0c15e606e34d28a916b50569
B/10104/2523610003/1775582391.csv,8a8b8849898ac0b6b96a73a88483456b7b5ee4b8df40d1121eae3517d8401e5b
B/10104/2523610075/1775582391.csv,bc3b73a47533c0c5d1a1cfb0bebaf7f73c11512df6bd163a09df01ee78f41192
B/10104/2523610134/1775582391.csv,dbfc14b407c747b0b05d88b7bde6883a3ff05e741d3502e0966a7d646f276de3
B/10104/2523610432/1775582391.csv,4305786ddca53adb02803f706adf9942df81c704bd83f4774f5efeb0beed9ca9
B/10104/2524610041/1775582391.csv,bcee78d959b8c3af1b5af30d628db160debdc5ceafcb52e71d8ca1651c667447
B/10104/2524610049/1775582390.csv,d9b6302254d09118ffdd37d6f4fe8f2293ff357528ef93944808b3ee278c04a2
B/10104/2524610074/1775582391.csv,46abca569a60abe032c8b3b5f52e9f061b40357d5a276a6041c82c139f5e1942
B/10104/2524610082/1775582391.csv,1652f5289c9b4aee7405e5a8a77f20a54ec0cb19f35e108fade8e9b87b295874
B/10104/2546610759/1775582392.csv,dbfcda59d5a74ed7312438de68b419fade41f9f1fa8a5f6c9332326894c4952e
B/10104/2548610286/1775582391.csv,76b1f2384721c20592351e6a62ee56a1f01070497be475b9a53559839ab1677f
B/10105/2521610325/1775582410.csv,6a988cf32fceb943eda35eead7f9954bfc9c45e40f3544fe63b8429b8b3cf3a8
B/10105/2523610003/1775582409.csv,66493cad7cd279993af993c3c9fe02f60d718ff86e617ed991f51991fc2b32cb
B/10105/2523610075/1775582409.csv,8da24de2d7ce0dabf6f9eadd5f455cdcb754a6b5d2356cd21a99c874e42ad7ea
B/10105/2523610134/1775582409.csv,964d9d6b591d4ccd32096eabf0e5ce455d4276a6890aadbdd3968fc0075d1c7b
B/10105/2524610041/1775582409.csv,ea997dac5e02e1ccd794e5415637eb606732db0b00a7ed32682d66c7c210e738
B/10105/2524610074/1775582409.csv,819ab228a19382c4c6398b6ab0ff143bd9f23f4b08c8257c2f30d319afb5b524
B/10105/2524610082/1775582410.csv,b3f85d939b1ff3e4b7cffffdb6dd76670bf667938d547bae22feb2e43fd863df
B/10105/2546610759/1775582409.csv,4900038d55e13c10f075a676881ed9ea19b57ed32634485fa694745b718c435e
B/10105/2548610286/1775582409.csv,244a902949394cd49a7a4a50eff5fbf1f070042a5e7701ff412ae4a163b7c352
B/10201/2523610003/1775582428.csv,966b605b814ab224d96139adec64322d016d8523bf6e9250bb12113c9ff5479c
B/10201/2523610075/1775582427.csv,73103d9edb875337f89e65db7e8919c9e1bd4e3f17b13bb52a31e251d752f3c5
B/10201/2524610041/1775582427.csv,1deb38d210cd709b4b2921daaccc8b2f51e1c14d17ec5378c1c63c251bf6763c
B/10201/2524610074/1775582428.csv,f6d54f35445e44b731c3d74967fb36f411e44f8b2453495ef9a704fb3cd712cd
B/10201/2524610082/1775582427.csv,e9ecdf954098130b7723687ff255b5706df2276df4f7f481f1e2f5e40653558f
B/10201/2546610759/1775582427.csv,2e1fde1fa3d0e786d054dfec7871b8cfa4e6b5027721b2f51a0a1c43640689dd
B/10201/2548610286/1775582428.csv,3b27c89ce48b7677e7692499ece9e482ed4133ca3b29d6bcf19248ddece4fb18
B/10202/2523610003/1775582446.csv,24e5e852c9308d55215e4c2fa7f549acfaae0ec8cdb35d9d1d24040fede377f5
B/10202/2523610075/1775582445.csv,cd98933a072c6fa8e9b0d60a8707592db77ce27b2a42fed729665050e260be16
B/10202/2524610041/1775582445.csv,6a392fc6bbaea5a7971b8abeaef31916611512757829eb787c22a47215d2a391
B/10202/2524610074/1775582446.csv,c06ee019703199bc8404f41c1c53930c3db1a63ea72a7a62682254d0cbbfe093
B/10202/2546610759/1775582445.csv,d7a7bbaddb1646e22e4dc1a2bc8aec16dde0a74d575363bb696580dababc7d28
B/10202/2548610286/1775582446.csv,bdf7aeb25724ee6773baaa92ce35137f7ff1f1b6b8057a980fd36fe71649f887
B/10203/2523610003/1775582464.csv,eb7f1fe6aa83c5539464f09cc99b6b47430fc6fec3983de3a17d6a89d4f8039f
B/10203/2523610075/1775582463.csv,3020d63c37aab9a2d7101bb987c3de761a56d98ff5ba6e2a9434c70c887abc9e
B/10203/2523610134/1775582465.csv,1b7dd09cf7248198333900fc2504fc42f72858374f90e15e56aa21b44cb10255
B/10203/2524610041/1775582463.csv,e8a56dc456c314ed34b5440201ae609890a4eb2be783fae2a88c7cd9aa2cab4d
B/10203/2524610074/1775582464.csv,5e13dd57dc9be0a4d189d2ed1074815e430ddfb1f4dd89264930fd0e0c7b4b3d
B/10203/2546610759/1775582464.csv,4d6b35079f7ef004aa2b5b14e870ecb45ec998a58c8dd3927b1f96d49a0e037a
B/10203/2548610286/1775582464.csv,0abb82b828a65bf83a0f8bb3ee6e9adb81c74575925bd0cd732a13e9e3b1f8a5
B/10204/2523610003/1775582482.csv,5312cea29289c6a4d6e3eed7e16e01db29b475d653dc428dbbd08b038d5cac48
B/10204/2523610075/1775582481.csv,0675bd72ec8de6764a90b2b8034e4eeb337d188b9b912121e9b4d4bf02b142e2
B/10204/2523610160/1775582479.csv,efeebd2bb5199f80e499c7052a612707d38e823a720209830451420f73dde995
B/10204/2524610041/1775582481.csv,0129d7b22c8e9201fb534d428e6b46bf7482e9feb7fa94f0b30c95489e537b94
B/10204/2524610074/1775582482.csv,d488d5b455e379f7d17d039b7c3ef2f8d95f6cee2e6f8d414be2914dcfdb0c9b
B/10204/2524610082/1775582481.csv,5899fe19f03f8a257662b320cc93e925276aa95eb56384a3b73ca759c3ef22c2
B/10204/2546610759/1775582481.csv,a9a2a00b158784a81f3f1d3874b59f7ef52d76c3597369327af84a6f4978cf42
B/10204/2548610286/1775582482.csv,67698e2b618f67efe5a4628e5bb48e3ab11e3e93db2f94b28331190c68d45717
B/10205/2523610003/1775582500.csv,d36b3e12c89f59900fb1c93266dc6837c1513044b280e2f5b443952aac15cf08
B/10205/2523610075/1775582499.csv,024866c8d4d7a34b98990dab3dfcc3751501cc169c33e937947b89b3acabb5b5
B/10205/2523610134/1775582500.csv,dc8515884efbcd30b6ce01f0f387415b2ea0542eb9b23b3811f59b60271407d8
B/10205/2523610160/1775582498.csv,20c6f8f38f7dbff74b8c388e5ce2d68390485c41080689cd7fcbd77fc8bc4517
B/10205/2524610041/1775582499.csv,e3f7173718d5433e65076a369ce76613ec5889fa04003e39b763bf24b5c1dfe3
B/10205/2524610074/1775582499.csv,5823d3fa0826243897262a9ac3576417f66517e8c8411b3bd9af34f094a24a23
B/10205/2546610759/1775582500.csv,798f6c38e371f67b89aecad4f9fc46b4a8e51916a34bd4a78aac38ae19310487
B/10205/2548610286/1775582500.csv,1304a786aefabd75be86dfcb7e47936aea0bd4f62175e29f6a28167282e3d4e6
B/10301/2523610003/1775582518.csv,b1fdcacd1b7b0ea514955c51f8bf3fb67dee6e90deddcade244d99c41cdaedb6
B/10301/2523610075/1775582517.csv,9363414120fab3735b3ce871209ddc65c105d8c00d7046ff904b395ef6c24dee
B/10301/2523610160/1775582516.csv,dc62b395804a9a03d28e3e93ace8317feeb8d63c5ba61a950658a5c5ba12e542
B/10301/2524610041/1775582517.csv,55138f2d29f1d7e49371750e453d86ce07f83301c7d54e35252ef6312974833b
B/10301/2524610074/1775582518.csv,051bd5c42205fde0d87749cf0ad81b3a6ac5b03b973fabcf74e5d1905a3c9198
B/10301/2524610082/1775582517.csv,6340724482df4e43c62d3c5a974fd329cd2e608ae3622f4952670e2baa11681a
B/10301/2548610286/1775582517.csv,b20eb87bcc374f2437da3b0ff255dea3f018bdb069d6ee4e8b8910708d19a296
B/10302/2523610003/1775582536.csv,5f53235f18879bc078c287102f01d46f27f63e0583bee2d8b3a42a9e835440da
B/10302/2523610075/1775582535.csv,acae091c3c0007eb0c34bb58ce4574913c28c351b7fb45e6e6a72daa2f78a87e
B/10302/2523610134/1775582537.csv,eb588b71c9baed7d172ae4043bf59ce4f19fa4834cec6180ec788376f09eb546
B/10302/2523610160/1775582534.csv,869fb07d35343109c181d7fe155e2e0be3f4c12f355a024f6bfb6f2d72741ffd
B/10302/2524610041/1775582535.csv,b5f1063fcf4c6895578604e443492d04ff15abd662eb96f85685fad2b2d658ec
B/10302/2524610074/1775582536.csv,3e0f21d8cf229a165488ed68b9cacab55bd9f2a162642f04beddc5640894c5ae
B/10302/2524610082/1775582535.csv,6877cba38b531a64e460747a28581881f2e9fe4dfa4ee2064ef86add511debb6
B/10302/2546610759/1775582536.csv,4e11d0aacf175ac76e0d0f84eaf8564e16c042cf7ff041d109600a7366469e8c
B/10302/2548610286/1775582536.csv,563d47936718dcc35a7c2073ffecf1ddae2326f6190da08a970247bb99b52d1e
B/10303/2523610003/1775582554.csv,d8973ed80ec92b26163969c85076259ea95135d7019712796aa1976fa73f4869
B/10303/2523610075/1775582553.csv,2b53e8de15c245bf87f0e523177038aa256a5202ceb35220e6314e0fdc999691
B/10303/2523610160/1775582552.csv,bbbb9f4359259bb8a9a6c6d383f81a8200343be37a4b9237183f3a736af742f6
B/10303/2524610041/1775582553.csv,3440a053e691c8b25a162df6f604eb27f2c359fc4fbb6d6ced51058f4caee48e
B/10303/2524610049/1775582553.csv,dff0eda615befbbf8d670d39504fab73a1662bc238b204fadcd95c43e072f3e0
B/10303/2524610074/1775582554.csv,6402d615765abc8b0e394261b5809d1ed3366cb21b8ce2a74e3e98a5e861e906
B/10303/2524610082/1775582553.csv,308ba48320a64a222ef8a9d7c04cb67a0bd87f9292547e63fd9c28b16a204243
B/10303/2548610286/1775582553.csv,ba3e0bde3c347242f076b9bcc07976b248da81e5c5edf86e21604d55f507a193
B/10304/2523610003/1775582572.csv,7ee0abdf831d2ade4f11c73394f19bf5a8fca50096e7c0537c764cbe932e2c5e
B/10304/2523610075/1775582571.csv,1e065fb798cb2e90d7c07299e8b650fad18406bfa27cf79904eca5bf70d5dc0a
B/10304/2524610041/1775582572.csv,e635e8ee86fafafa73c32f08c205c5de8601bc758df47b4ab26b27c4f0edc418
B/10304/2524610074/1775582572.csv,5391ecc735f64834e4d43b6ebb225bb9ee6fd652e5c80ca9b1394539c2349861
B/10304/2546610759/1775582572.csv,05511cd40b5e310577b3e50130e5ff529253a01129a8c4153391dc800c55e9eb
B/10304/2548610286/1775582572.csv,4dcc8ccb091bacaf4effc6ed063bc8dd67a6c8c3f1cbaf5d01deafd6fdd235ca
B/10305/2523610003/1775582590.csv,7f0af625cac1b370a23a6febd813d237b98c71a561e51d58eeead1dda8eb7786
B/10305/2523610075/1775582589.csv,816845f7f6d0a0b7715a7ca778de600d153ebf100f56268f04b27be84ad02abd
B/10305/2524610041/1775582589.csv,9f6055072d9f24bd09eb7eaa477934f261aee526540b81b9f4ab8261be78ecdc
B/10305/2524610074/1775582590.csv,1c0f36e1387ad12de31f413f865d6ea157cca76467bb4ccf7699799c12f5cc64
B/10305/2546610759/1775582590.csv,2d8df5fdac58c81a74ab8d758212614ad7272d9d18b56da3a435dee6c670104d
B/10305/2548610286/1775582590.csv,729db2021ff0b682ca12f1e268197044c1f073e3d7adebd88a75eb0071b5e9c9
B/10401/2521610325/1775582608.csv,703cdf907344890398da95d13a1651066bdefc0053cf446634b86411723303f4
B/10401/2523610003/1775582608.csv,d86d121a34b838e81ce187ca6f7b354cf863e8468b6c4eddbc349f1dd0f1edf1
B/10401/2523610075/1775582607.csv,fd8a3095d03a1aee7cf95952789206df18341126917b1bfc2e86e1d970936ff2
B/10401/2523610134/1775582607.csv,d022245db1857886bf36b950726181200eb6733ae86884ffc5c57153d70f1def
B/10401/2524610041/1775582607.csv,d587046f8848cb71a700edd83d6a418a974f686a2d2e9043d9431b2ad011cd42
B/10401/2524610074/1775582607.csv,cb8c32a40ab26a7f559475953118cc92a50a0a4b27abfba9fc04744c5fda95e6
B/10401/2524610082/1775582607.csv,c4386a2b0c400d74f4d1885792e627f53900eceb3c0d59379f2a499be7b31c3d
B/10401/2546610759/1775582607.csv,0c7d60529af3fc82d569becffa1a13c6b90999a1f5941607f2323958e10eb6c4
B/10401/2548610286/1775582608.csv,add835ac1c6a35bd3f6f354845e29532b1aa7fdf91992978f664598f12de87e6
B/10402/2523610003/1775582625.csv,fa82645379970c51b267d2b1b18360c52413a80b33aaf08c50674b355e93e34b
B/10402/2523610075/1775582625.csv,b9172d3e4ca218c1da4c9d71b337d91e5ffe1c95d1408ce77d3e66cd7e366816
B/10402/2523610134/1775582626.csv,da9f000eca018d8da9f72cbd0cf5364e29906637201f29191fd7842b1c9b8e48
B/10402/2523610160/1775582629.csv,38b54b1a59638c11301088d1f17b920a473e2370789709d8136fec6e35c3fe7e
B/10402/2524610041/1775582625.csv,d471d0287b598bc50709670e3d5fe02df88c745d43996e49874f51b0e5f8d04d
B/10402/2524610074/1775582626.csv,f9108e7d5e25b640cf6697f2e9b2e6645dc50f1491511938e1b6c171f9951a3a
B/10402/2524610082/1775582625.csv,547569c5ae0b70e2c146b0f05ccc352e54924e34b682c3383a220628f794243c
B/10402/2546610759/1775582625.csv,ffdc91a2e3f5bff5be83972e0f33ee9b9e024a6db942b439f3ec3c533946f796
B/10402/2548610286/1775582625.csv,cc89ebe92cc4f44013c22d98b55230acd3c12874fdb174de6b03ceebb89f38d3
B/10403/2523610003/1775582643.csv,a771cbb428c45917c745fbf45f00271ccba6bf3726d6b40f98181e82e008d468
B/10403/2523610075/1775582643.csv,0dafc45b0a91afa98a193aa5debcd290dd5bb6cba8ae1ddd766bbbc835547be8
B/10403/2523610134/1775582643.csv,8fff2380c0df042aa177767eed43836b5d5dc942405a1eaee97a6cc807a5acc1
B/10403/2523610160/1775582647.csv,880618e3574d7f98516b19672297e829bca8d4700274915db3b550f697e02b00
B/10403/2524610041/1775582643.csv,5f1818a8ea14bf10b8a46080e5fae2cb4e58010fc41145e8459af3786da16a06
B/10403/2524610074/1775582644.csv,a931511c838b02fe4c649f7e5f02a878c3d9819c69befedb3f4217760e397c0a
B/10403/2524610082/1775582643.csv,7b5bb56d687aaa70a0ee0c8da71824f4437e58f5101bc7a99ed1a8cb2758fdcb
B/10403/2546610759/1775582643.csv,6ba33a735a2b90356ef047fb64d09e545356f1961cee365912764fa95b5345f4
B/10403/2548610286/1775582643.csv,f8ab19d29e38ba5b87cb5ddf95b6c7a8eb5da5f940162a60055d7124f105c5b1
B/10404/2523610003/1775582662.csv,20681b8686d3ece80f763f88e640dd50801bdd56a45c7b6d81c24910c5e1ee68
B/10404/2523610075/1775582661.csv,e84225e463e6561b45a494f7722179811e0003c9f4c7ab7cd88525f98f96bb8e
B/10404/2523610134/1775582661.csv,93619a0ff7f4eb3e8c75fa33a023c5b6ba79c8c8a0e9b898ddef47a7b990017b
B/10404/2523610160/1775582661.csv,bb6820beaada861ebdf172aec8416a363e168fc848ea045617e30c74d78762da
B/10404/2524610041/1775582661.csv,9d6e509531104933e0884be136cf31a6384dec8823dc2df92faee54f83747b36
B/10404/2524610074/1775582662.csv,e55529dc5fbd90eed3f6484135a23b5f99736d7d2eb7800bd936bc7713f3fb3b
B/10404/2524610082/1775582661.csv,519ecb56cce16d40b7329c68eca7fbee15f1358f4396c6b66f5cc0d10f3e611d
B/10404/2546610759/1775582661.csv,f1cd3f77bfa192f4ff54d7bd1f518fb23a2e7cd3b2aac469f4b8713f9de08e00
B/10404/2548610286/1775582661.csv,5b9b711a154b1903c322f256040f5cdb62082ff158b65ec1f31d8dab4d38c421
B/10405/2523610003/1775582679.csv,2f6d4b2277b3cdfa8342286253569bf40bdf3f905e7e5b776a1ef3d93f631495
B/10405/2523610075/1775582679.csv,55baec352631c5f2a927e2de6ed9c8684edc2cfc6f9f4b61c7c2feacea53efc4
B/10405/2523610134/1775582680.csv,6a689a9a14d6abe8ca7cc3c429cf2130f9fa08112ebbbd0df9833a19f0808b3a
B/10405/2523610160/1775582679.csv,cb500780e169d9cd910fae43a0c38499604c87aab792b7e276afa4cc90caaba3
B/10405/2524610041/1775582679.csv,0aa94881cd78e4acb9d9a2093f5a75f7bd277432f146cdb107388faa73f613cc
B/10405/2524610074/1775582679.csv,acaab9c5c11fa38eb21d2d713f86d081c9f1dbd4cad9187a5e2d23c9d191b59a
B/10405/2524610082/1775582679.csv,6aec9b3eaeceea4ca7ba2edcfebaf3c82ac4dd92ff2264e7efb7ace6cc1d338e
B/10405/2546610759/1775582680.csv,6e8e6a0195ce9d59fc6673fbb3e1fba8b7235c9853dd6b5b7dcc9157cc2c8bc7
B/10405/2548610286/1775582680.csv,6fc0cf4a2e9cba80fe433daa4612f07b7a754344cc59656c3525390bcd2ce7ec
B/10501/2523610003/1775582698.csv,608ff4662d46094e10194e8075a1d83a025e1a2fe50f4e20e9a59caa09df3328
B/10501/2523610075/1775582697.csv,ada90aa12571c71d4ece14d5d3d55c9e8053db7d7841bcc9f2596d928ed124ab
B/10501/2523610134/1775582697.csv,1385258f2d9453dd8e6b78e135a6ed3852e6741d9df4a5cf24c287f573ce34f3
B/10501/2524610041/1775582697.csv,9af9966167833e188048ef8ad955a6712db675e43f88eccd050eae02da3cfceb
B/10501/2524610074/1775582698.csv,d2e9fb9e80f0662bffad4d3940ec9fea35b8e881c804f5571a8b5aa5bc10d544
B/10501/2524610082/1775582697.csv,3fbcc907ecb22aa7426c0cc6636e29b27cc425e133c30decba6b15daf59d5b61
B/10501/2546610759/1775582697.csv,d5d103b7c77a8daf5646b2c85823a8d876456872df6757d52a9aef1d50c23cfe
B/10501/2548610286/1775582699.csv,6562c912d1cfe647af127d73b3a353472503ba334b4ef3b16213bcd424288cad
B/10502/2521610325/1775582716.csv,eac2cf1e14cfcd13884f43d8b777eb3333114a2f44a1008c84a9c7dd2800ffc0
B/10502/2523610003/1775582716.csv,f1ce210216c5301105d7ad21ac9489941baa0fe4d39f5ed2c6ecde60b86aa45a
B/10502/2523610075/1775582715.csv,72925fa6eac9c3b8161025cb1c38f541201cba408c4b2187263e59e7a7b4a887
B/10502/2523610134/1775582716.csv,ec68af3bdf44ca209820a19ba22e6e9b1289d43f5b6a3f2bfff23e494349548d
B/10502/2523610160/1775582712.csv,db01c6685135e7a265013d14f41cb8093cb7d6182dac2d4ed55f1c8b51ba0025
B/10502/2524610041/1775582715.csv,941f1fe9912c63e4d14df4734a947842e0abfb6ae03d4197034ee1dd19618075
B/10502/2524610074/1775582716.csv,fec78164b695d0663757c45e5121e1d1864176214ff802425a341dab5162ea3c
B/10502/2524610082/1775582715.csv,ed821a64edf87f62ffc23a2c12348a7bc4e5367c5a3538e56017fb1db27404cb
B/10502/2546610759/1775582715.csv,2c1d9c6b23d9b14163d768a8b60c50ae03a67c903cb58c2345afa3ad7d11a20d
B/10502/2548610286/1775582716.csv,4f58d461ebbfa407c3cefb1f985a32f41a54bda45381b786a7796ab88aad95ac
B/10503/2523610003/1775582734.csv,7095f6f4e022e725221151bc7b7d10094d10fcd57eca8539838def3cf326c1e7
B/10503/2523610075/1775582733.csv,47b86171be2d6186874b8e48a0d31d131e2dfa56b42453a22bdff25188224e2e
B/10503/2523610134/1775582734.csv,111ba1b6491a9e62bff2c19f698640cd2a447113146f1b9a11fea9efaf3954c0
B/10503/2524610041/1775582734.csv,0311da0f08891d7ecd067e81495b59333df86d968fe97bc0e3769dd60894f982
B/10503/2524610074/1775582734.csv,54192ffd0b24e8ab5a5ba2161504561141374b51c3923c6bc464b7d11f9c9821
B/10503/2546610759/1775582733.csv,6fba4c72deb6fd7589719a8cbf25bda5a3fdf9dc906f5f7b6ebd6fa25e598b2a
B/10503/2548610286/1775582734.csv,b7c6a7909455c523b463ed614610cc1b2c3a66f300bc1a23ed803d2ede1f7173
B/10504/2523610003/1775582752.csv,7f857e83999ea029ac30e3305c3c2f951bace84a3c6e659c7a144802d09a3440
B/10504/2523610075/1775582751.csv,26ba72d88953d0854393e9b201b08d309e188f4ff96cd60f9158098e96a15bfd
B/10504/2524610041/1775582751.csv,8d24c1957a1138f290ee5bb436ecf558931db8cf4b6080ebfac7606f32e22892
B/10504/2524610074/1775582752.csv,8622e215b427bce237726e77798501f2fa3e432879a74a0ca8eaa234b179d235
B/10504/2524610082/1775582751.csv,240ed96fcf6b4dfeac32100b12f59cb5b9788eb80ae33d9e9acd0329b08b058e
B/10504/2546610759/1775582751.csv,2013d64e77b96a7cac8caabe27b838051685f4c881f174643a1b7f53d4911cf8
B/10505/2521610325/1775582769.csv,b5ea028bb045cc167f2c6231ec14411fcc630221ffc448c63dd0b1c27bac981c
B/10505/2523610003/1775582770.csv,4afc4d58777241dc514be203c3c548358db52e5ab0ae190993d1835de209b4ac
B/10505/2523610075/1775582769.csv,0904fc82dc6d136cad0bb7954c164680bd8fc0420bb343d1606ff3bbd2a5f0cb
B/10505/2523610134/1775582770.csv,2681cafc736ddcf8c4e49036bbc6513d096c26eda6bbb45a22f6d1761af44af3
B/10505/2524610041/1775582769.csv,f2eacc697a5a7962515ccbe8c3d5d3622b45b03b84f319de62dcfbc05ed3b142
B/10505/2524610074/1775582770.csv,2bf9814d84e14f953d33031eafb6b0ac4a211967f2425f083dff9c76350a0f08
B/10505/2524610082/1775582769.csv,d5ae7582a3cb457807fc89610d5ac424b4df45742f9ea9a36cf89189dbb9645d
B/10505/2546610759/1775582769.csv,1196c494c3a7bc605feeeeee8fc0740401a55e3cc062e7a1f17c33f6662326f7
B/10505/2548610286/1775582770.csv,038395aac82b780913583fd727378d9c584fae3f1764d00dd69280576f07200d
B/10601/2521610325/1775582786.csv,b208220eb61518c275e95d6edf2eb228fb164f90865f56c009bc763f5e3e1e1d
B/10601/2523610003/1775582786.csv,0f6694a498aabca9ad10b7e5c5cf45ec632b169503ebc209d020595a525dcd7b
B/10601/2523610075/1775582786.csv,9921d8401df71d5438b09f83ad57dc50851a57d2c7bbf62e51dd28b2da9e249f
B/10601/2523610134/1775582787.csv,6a7bc6bbd48fea830ad8b36f5f9270c639e6611bafae01c5e217d04e2aea3b91
B/10601/2523610160/1775582787.csv,fac1fc2c5fcf9864878732c0ba24e37336d7ba9a43609dbef1141da2955c61f6
B/10601/2524610041/1775582786.csv,744392a035eb117355f13da3971e65888077be69a95ce3e6a5cec3cc65f67194
B/10601/2524610074/1775582787.csv,4da3e42ad6931222775c043580fab4065514bff6fe24005dc66cbbdf887efc4c
B/10601/2524610082/1775582786.csv,d8201c0a0fb17e84b3acd862c19b8f0340b3d3d44e41058153102f1af8b6cddb
B/10601/2546610759/1775582786.csv,075d9753938812abea64483bbeb3f73c81c6bf69c32dcb892fa55aaa2c4dba70
B/10601/2548610286/1775582789.csv,320e76daaef01d1c28daceec17a412afa81388de3cff5048f9f22c566654aa19
B/10602/2523610003/1775582804.csv,b905ec9f573b693589bd640f23ecd518b7dbe43b0731259cfc98e633ec6060c8
B/10602/2523610075/1775582804.csv,a5fa9a8fab97b7c2654fde0d8aab66c1ab2b4c35fc8857430aad1923063d71d9
B/10602/2523610134/1775582805.csv,7a3f4e2938cf7828a372565532dd0fa71e72f93a09da32cb24f2376cdc432768
B/10602/2523610160/1775582805.csv,e8d034ba2a14f2926861cfa89ba5983d3e9ad0ded35cfca8611df7c021885070
B/10602/2524610041/1775582804.csv,9e4b3cf4e609189d3f357f9d6b9a312b9c56c8b24a97baaaa91a06eac3bff78e
B/10602/2524610049/1775582805.csv,d061bfbe2b04497e60deabb496b7fe5eb65c6921faa65c577c4d66e326ad2eb6
B/10602/2524610074/1775582805.csv,ce7a97be62e1a65e4a46671a4270f1d32d3d7286635ab437573df9e3ab5e1dbb
B/10602/2524610082/1775582804.csv,8832a79c4fb56283af1d0ccae988c47627790b6af8bfcaa02e86e86f86ab1f62
B/10602/2546610759/1775582804.csv,77fd8855c06e41e886be7479e2ad14f0e480d1ece4ef505cedddbf2fe5270704
B/10602/2548610286/1775582807.csv,5e2985f3300ae6822d368701b191208814333ad7405180128bf3da4e93dc418e
B/10603/2523610003/1775582823.csv,35e912de8d0339af830159daa889d5c4aaa6dec48acca10988b412c79e245404
B/10603/2523610075/1775582822.csv,95c87a4b0e73f0c034a43fedafe7b2936313ac4dd90f84e573d1f7a4c23590c3
B/10603/2523610134/1775582823.csv,37ac0b098081c2cb4f4de506d131c100cc12874af0a8064be515b0d9c9685f0f
B/10603/2524610041/1775582822.csv,ded0a9212935339a21a27b0480630605b357c62a500ceeee499f139cf4e40ac0
B/10603/2524610049/1775582823.csv,7c55eea4b102b2f5649a57b9a8c29ed9a79cd6cc456000ffebf7eb3771073a63
B/10603/2524610074/1775582823.csv,bc771e34eb593502931a49a61b68bcd770ed2b6cc790c4c15a08e59fea5fe54b
B/10603/2524610082/1775582824.csv,24b3a786e724bfcc98876474e1050842529adeeeec7d93ef6ef905b03a2ac83c
B/10603/2546610759/1775582823.csv,2b5c69af78da26b93675575b4fcebc46fd8107636dddfa18ea21cac878a5982e
B/10603/2548610286/1775582824.csv,1e13e491a28548f6497be7186fa744645f80c049f75db2fd13a7ed3d2d1740e4
B/10604/2523610003/1775582841.csv,37e80a0259558b7ccd7836d8e8250d5b02a2c2da595e0ae53f3fd44a02b04f2e
B/10604/2523610075/1775582840.csv,274077529db685bf5fb4d87bf351d72360dd0e7b66ee0e5c34af1a014d1e66d0
B/10604/2523610134/1775582841.csv,ba057b8eb5b96878aca22bda5f4f90d8b8b4d5ec1332bc0def6dae2cc6ac8fc8
B/10604/2524610041/1775582840.csv,2668915075db5f666757ea6648f001ae23385f655ace5b0e294c26d69aeb5a18
B/10604/2524610074/1775582841.csv,ef8cb4ebaf3f7211f27e9858eb441d0eab958d2f5def167b44f4a68d74767d6b
B/10604/2524610082/1775582842.csv,b8706bda40d9b612d0edd7c6011a809454b8ee78266061ae29d6ce943b1881c5
B/10604/2546610759/1775582840.csv,3906527b069e9e69014ba9b197ad3383d188739c6109af425d186adf2c99f6c5
B/10604/2548610286/1775582842.csv,3373da5ac03663b52ba2e85573faeff8bc758899a585ca8043a2439ed15468bf
B/10605/2523610003/1775582859.csv,86c31e3b4ec1a901e2887dc8bf593e8ca8d6400222233d86f1f5bb0d95310924
B/10605/2523610075/1775582858.csv,1b97b9380ab6e9ab766a3ef2a531deb10dca82536b62de7ad1cef85bbcb7ef31
B/10605/2524610041/1775582858.csv,c7d97aff7d12409577f09634357e993cc7eb76a88ef03a9c8e7565c699b047d4
B/10605/2524610074/1775582859.csv,dfa63859543a67bd4d9c5442a502b5ab0306ca3e864fd75f9cecf8316c649f15
B/10605/2524610082/1775582858.csv,1b1247564a1e54fbb7a16304310d66dd9e1190dae0f2c6f6cbf352b7b69d870d
B/10605/2546610759/1775582858.csv,e6dad60f2e97717351c1c67e3bc056f37c83f8d30edb451335115b17183426e5
B/10605/2548610286/1775582860.csv,5809e64a5f2d8ccf80bb41831d4a1e1d8e05ea80b92760bb8f66353e3a918f36
B/20001/2521610325/1775585721.csv,2ed8694177122686ad8b652eb4dd5683c943fdc3170c64a6946334ddbb5fa03c
B/20001/2523610003/1775585721.csv,f3e8b7d305f9114d58c05747dbb425f7194d28f221044e206a5486d6dba99adb
B/20001/2523610075/1775585721.csv,2056117176c39b168c3ff04f66e68aefdc0b2a3cf6b6031419f081d19976c2dd
B/20001/2523610126/1775585721.csv,9348b0d4cafd8fda337781b364e147561b3f06d87d6e822df39e33412b6c0e50
B/20001/2523610134/1775585721.csv,51f8cd196d735a13b771a81c0bc9cc42263293019dd969be985593265b1aac33
B/20001/2523610432/1775585721.csv,fd573a98dc7ac3a896ca13b04c439f3b159fdcc11faeca666e07cc78f0d19e71
B/20001/2524610033/1775585721.csv,d0139856d339585b7561308295d69c9595957400aaeae7662a7558d5dfb99f59
B/20001/2524610041/1775585719.csv,1c7e74eb04b275eacc57df82a7c85a5473357099e91444a7a862d5ea9d881d13
B/20001/2524610049/1775585721.csv,b8ec6baf083682bef756419c29c0e83fd07d4dfe28ae57752f897f0723b7e58f
B/20001/2524610074/1775585721.csv,fca6974f0317b4edbcc0fe65e7da67653f552932528a113a61b43689495fd90e
B/20001/2524610082/1775585721.csv,75e5e285207035f99b9d8c27c40c1a670beaa48f2f9fcb46e1b78d4faa6048ef
B/20001/2546610759/1775585721.csv,5eb0b855630736ad20b1f5f9310bf0b6e39b6b1d889b0de25f52d7bb6c9a4ba7
B/20001/2548610286/1775585721.csv,47054195b69fcc10b23ae539b0602151ae46c32791162355d1c04e3d1f2581de
B/20002/2521610325/1775585739.csv,529e890309adcb156fe369a4914a16299949e61618ca30ebdc8e2db300d564b3
B/20002/2523610003/1775585739.csv,e10e0278ad7ff1ee08e5d826de7a81f20911edaf4a3a66856608cafce1bc30bc
B/20002/2523610075/1775585739.csv,51b2e9f3e812c26c3d5c973dfcdd3798eb0957e6d46abd832c05e507761790b1
B/20002/2523610126/1775585739.csv,423baf2360c41ad22aed4bfcd6d1f219297a9a45378906121dcfe2326504c89b
B/20002/2523610134/1775585739.csv,24cbe8a596a5bfef1e20abf9903cb459ee048f36b5f08b85be8c18338e8159a3
B/20002/2523610432/1775585739.csv,fe127cb1c8e3faa0fe17b57d266b7a359d026f869d6c0a52ba95c116bae5e353
B/20002/2524610033/1775585739.csv,936b70931b1ca019a6894a63fa6daeb25cd5c6e19d860db6c7899f34d78a6cd2
B/20002/2524610041/1775585737.csv,db58be0ba23739201e432c0d064e0dbbf13c189b3942ff20b2a5c1ace196c960
B/20002/2524610049/1775585739.csv,78a7544fbffc55b54bd307f80f035acadc60c6779976b22fdba6c33a2ca49a1d
B/20002/2524610074/1775585740.csv,ec76340e592de72def49f92cd13c95bd1305b05120082d32c5cbd70f60fcebb7
B/20002/2524610082/1775585739.csv,5241b992673dfb5c792673db4c29558352c61c3c6abfa7fcf75328e7ce7adfcf
B/20002/2546610759/1775585739.csv,5b9b1ec840ffb3d5b12bd14ee871056b9d5683d01e24373fd2a14fee5a8a5aed
B/20002/2548610286/1775585739.csv,3109f473e6ad9ec17370c7f5fd43c2d57a2d77f8aa2dbecfbf487ac0b008fbac
B/20003/2521610325/1775585757.csv,4465c1c6bfc035c2dd3ceed76a1e5d747cdb4bb469f2065f4b2c8c67cc497668
B/20003/2523610003/1775585757.csv,92e0f2b6d82f9562f1785d959b13b085b1eef6f946808c7541c49e88a8e9a9f1
B/20003/2523610075/1775585758.csv,a82fdc14227a023dca0d15d23e999e9e132d6dfe05355ef7ec4ddfb1e9e2d12c
B/20003/2523610126/1775585757.csv,972249545115cdd9172066c5ea9cbb438b275312d07a3ddf03d9d2ba8723717d
B/20003/2523610134/1775585758.csv,92ec8f2b1d2a442dc08d28bdff83616fa31a05081d79229ad302b1aaf2813cb0
B/20003/2523610432/1775585758.csv,f8e1986917dbd94261a91664b043f042d3caaa57a89a961d15b5063dc9f2402f
B/20003/2524610033/1775585757.csv,008d5d153022a411aa6cfa3257a581e08990835f6060e10b64dcb88d9ebc860e
B/20003/2524610041/1775585755.csv,8bf44108cc3ed1aa9af0f14ed743da501ed606ab3009690a606584a60846b2d6
B/20003/2524610049/1775585756.csv,fcd581b7c2f30e8c83716a66e2c560261de520b5a0f7d20e9084028af06c3f50
B/20003/2524610074/1775585757.csv,acc6c19c2dc40652cc5b71b52b1f0afbcde22cc7e932dbddf3b76745881e9c94
B/20003/2524610082/1775585757.csv,8bba65dfc04e0a58833bb8c37c2eb3871f5304a50db587d7ead60d4506ffc66c
B/20003/2546610759/1775585757.csv,d487e3240370f3c92087be8d02acdd420d5cb88f5e4d6081766be8cb8d75e9d9
B/20003/2548610286/1775585757.csv,35bcd8b208e9698b383ce8961b947481551c124040fa05afaf00983294891963
B/20004/2521610325/1775585775.csv,b2e4c8843c5ce8cc6bec3b471b6c726d8c4447d2abe985712e3c0f43962f5235
B/20004/2523610003/1775585775.csv,1b7f359c28c9cffd8be866577eda09a7bdffca8afec83f39ae0102a55c3b1fe6
B/20004/2523610075/1775585776.csv,1db94c6a42bded562787eea6d1f7daf44ae5680634bfaa612f8a334b5d155a93
B/20004/2523610126/1775585775.csv,84efd4de689571badc02fff2cd54cd4d21ca171e8404f252f5d3830e169706fc
B/20004/2523610134/1775585776.csv,6c1cceb42d2bf792201e67c13301c6791b7bef6d5525b80df911b5567cc9da08
B/20004/2523610160/1775585779.csv,04b35d49e4bb3fbcf6272c0f735abd31612111da44886078fe70007a0f29fd4e
B/20004/2523610432/1775585775.csv,91f9fa0cc4165a0ebcdb530108b10542cbd249c3116e92a2df1453ab5ca4c3ce
B/20004/2524610033/1775585775.csv,2019238a4dae6e1e22937df57caf6c7bf57a67a78d81f461bd00ef2b996afb0f
B/20004/2524610049/1775585774.csv,1db23f0dd268d9b20fb07240aa40a34bbba0c06df51da0c5ed41eb14d7570620
B/20004/2524610074/1775585775.csv,32899288f0ec8b71a856e54853590366c8206c30a154acdd67cf9a52d9e0a5a7
B/20004/2524610082/1775585775.csv,8ff0351be7aed9eb1ef7997b2d351f232a8335d3330c2eca057c6fff2fdb8a01
B/20004/2546610759/1775585775.csv,5b652a94956558b165ce67bccaa66e36fd4ea6c816ff5b706b1cf0b0379ba2e3
B/20004/2548610286/1775585775.csv,b0fe696ab0559ba0340ccee08b10f5c94b6c9204b3c636f750e2b96061a7ad21
B/20005/2521610325/1775585793.csv,f76af6dc64487e62d289f43fe073391d7471c2c2565ed047eb74410a049d79da
B/20005/2523610003/1775585793.csv,d122a4ef52081e20dfa00bc391e8e790ae09e88ec433cc682a5a7b4181b0b8e3
B/20005/2523610041/1775585796.csv,c9c20d7cb1d89f7d681379cf6e5d25074266d6f413e9d8789b2cefd82986aec7
B/20005/2523610075/1775585793.csv,2477674cfd6f232c176ef33246b13a0483c911131a21139e3d201948422140f1
B/20005/2523610126/1775585793.csv,78b5bae5f573bf65a9d8cf8d3d002946f7647be1b07dc058a9bd081f6a7482c2
B/20005/2523610134/1775585794.csv,4790d73883413ae391b2206599cfc21b91bc38e833b0766fadff431d3b0ae4ec
B/20005/2523610160/1775585797.csv,b9f15ee8ea7188ee9a26098c2b52d8eb12d4cf8774423c83b65485039c1f85cf
B/20005/2523610432/1775585794.csv,f02a55a363491bdc45a80a73929ba978db8b43ba69d69a8d60b9fd7eb2412af0
B/20005/2524610033/1775585793.csv,95f06ba186eb3f3256b21f92bc6dcea05a88cc0d707bc65644704865f43f07d8
B/20005/2524610049/1775585792.csv,69429155e6df0283487386aa68163098c480e6f3170241568ab5ca3ff276b9c6
B/20005/2524610074/1775585793.csv,a75b42cc2a24baa50a61dae40f009cc11ca8aacb5f8c6b6322821796ea9cc548
B/20005/2524610082/1775585793.csv,94e1849619cc520039a13fd4f71a2bc173a5343155057522fd1e071079586a9f
B/20005/2546610759/1775585793.csv,0b4a4f7d0a320153eabf81c9bf04a79c235a9d3a7594b263fbede13352d1199f
B/20005/2548610286/1775585793.csv,9643d1be1e5f23b230c96cb3e86292fd515eced6ffc3b7480af5678f17a551a5
B/20101/2521610325/1775582876.csv,c553bbf7ba9908ca196f7fc01f2fe1aa64234b485b1ce46d4cd66d3af2f9c420
B/20101/2523610003/1775582877.csv,bab555d8e62d1da486713a9dd98caea20f6f0d074cff04e33218c228cb51d8fc
B/20101/2523610075/1775582876.csv,8a1d3b3c385493e26fcad1459f8a35e199767ff2e5c13548e74bb26ff6a1f95b
B/20101/2523610126/1775582876_i.csv,74fa963912437e907b2a8e74d0bc70a35b307e954391255a0bf82fa9df7dc3b6
B/20101/2523610134/1775582876.csv,c0bb26b95eeb9b14d3b0a9adb80177f214f631613143c4f83e8fd812f12ab5d7
B/20101/2523610160/1775582880.csv,1580acde637bee7558084e08c17e618f545580466282b9a2e02023f610cffa73
B/20101/2523610432/1775582876.csv,0e0797040b577e79e4eb10a829ded84e45a47c7c9283ca4b5069cb10ad4c68e2
B/20101/2524610033/1775582878_i.csv,3cc1ffc53f3783075d037f64cbec45f32602c2eec1cd4822cbfa2c9b7f8150ba
B/20101/2524610041/1775582876.csv,4ef6c060f78286c039b4c7d3a0b9c121ab3f41b1b575fcec95ff15bb5f0e9c69
B/20101/2524610074/1775582877.csv,124f2d89a89651ff05fe2861a26aac9f30872b7ec617354e9623b948f2070528
B/20101/2524610082/1775582876.csv,6fe891060704a26665c01376766e7f8b639aa8cc459e2830f0d2f2b95291f308
B/20101/2546610759/1775582876.csv,71102f5a3bf59f132ed5604253f95427ff3bb24c69c9cbf8a94f6259f0e0deff
B/20101/2548610286/1775582877.csv,1830364532cb3508026b8826cb699d208589c387103f58b63330a336df94385d
B/20102/2521610325/1775582894.csv,152a55cc0b3b786a2c5e56c8ef25f07d7110294a27aa0353029e7e5819a4f5e2
B/20102/2523610003/1775582894.csv,b26811bf5c0c9ec35e1639a57494efa37b2e7c02d5baae13f9facd9ddce75408
B/20102/2523610075/1775582894.csv,fc2fada201d66bcab2c3b6b01e580945c52907b4f9c31987cf78d72d23d6c33d
B/20102/2523610126/1775582894.csv,8de52ebd215cc9c2a2c30016b3a7d403d3a543ce4db6558d101388283075d2b7
B/20102/2523610134/1775582894.csv,d0f52dc38dd56febfbe81982ea13182e3b77f0fc7efcad228fe359060a1ec51e
B/20102/2523610160/1775582898.csv,0e838600eb1d13bc4f14808178d1cba284024402042171f84ab4726de74c7200
B/20102/2523610432/1775582895.csv,4ef51b29747812a7022d6980507a6bbbf2fdd229952a5a875f056bafcc3880fa
B/20102/2524610033/1775582896.csv,8a87f04f3af9c17ad46bfe53297a9f8e0382a4629a41839a34b721cdb482f159
B/20102/2524610041/1775582894.csv,3c3cfef27bf1cbdb41fc627c15e7a7d061860459b2cd215c09cd4d8ee4a3b062
B/20102/2524610049/1775582898.csv,4ef9a44b948b5764e0b88628e01a0fcfe3a604d41dc79082e8dbf9a574ab7058
B/20102/2524610074/1775582895.csv,649800d1e7f80497f6a5816e5b0bf81b18457b5ebcf6a21ad0c6bcb764be92d2
B/20102/2524610082/1775582894.csv,0839b1e4973fa5f4bd5ee8bf306bc83e439a3ef1b9d14ae51ef60c6fdb156f9d
B/20102/2546610759/1775582894.csv,8e9352ee28015f5b1151f8f7d6202f58c84e2e22249a901a5136bf165218a3da
B/20102/2548610286/1775582895.csv,4613931dfad08f04d164f8315e0f7f185582b96b7032f3042c760b81f456e904
B/20103/2521610325/1775582912.csv,2112aca9b78a547c4c5fb027f6846d2ca2075dc79fe91098e51096ad2a89d4d2
B/20103/2523610003/1775582912.csv,dc89bc0d2a264d133768a8c14301dd21f2cba2da869572c2c10fe88b4be8571c
B/20103/2523610075/1775582912.csv,cb36a098d4f20b8908059e36d15347f06936e9943992a3641cc77d1260e76fb8
B/20103/2523610126/1775582913.csv,0f07945b2f43cc6d69e678e76a8238c4648878cef8521c6d3b7a6e2cc1fff54e
B/20103/2523610134/1775582912.csv,6702ed24e0046c462209532d95ee483d4fd219f5471a36a5efce934769165454
B/20103/2523610160/1775582910.csv,478cbc9790109ec40964b06b5dff18edfb1908eb967b43e641cde809df2b5e39
B/20103/2523610432/1775582913.csv,6cbd6f2d61ff91637bfa5bf30f288f439fc254c0be9830d2d4c9088e99463aff
B/20103/2524610033/1775582914.csv,ac13b2cbae03381c091d1cf1040684d8951c4b393e4fc5753cb211a8f8566f41
B/20103/2524610041/1775582912.csv,e5f61b1436316faf84db07e42b3956fa4dc1cd4f751c3a043dc16b94c45f9cdf
B/20103/2524610049/1775582915.csv,20ad1f06fccb9a62b15b64593460470573e0afd9e63603a015c81b80707ddfeb
B/20103/2524610074/1775582913.csv,c3d73c3cdbfa8981f6fa103a5e674010e6d2b15cfa477b9c1cbefde8304f03bd
B/20103/2524610082/1775582912.csv,91cd29c202b77e3d3c916c4e84eac1b183918c86c62dc5056469ae0c6d21ae23
B/20103/2546610759/1775582912.csv,c1201eb1b0fe37a88e3e256fc6c3fc623abf1532ecdf3b07c46681fe6b38bf0f
B/20103/2548610286/1775582913.csv,0ac4939cecfa0206ea39e567f90693a721656c78675108f2edc32d471fecb8d7
B/20104/2521610325/1775582930.csv,a1226b38404290abf24708178e5aa9eac5d0495481ca6117ea9a0e9444b48af9
B/20104/2523610003/1775582930.csv,9247ed6ee8be7adb9793e103e1bcd247e62aeef2c72634131260aadd1970d7ce
B/20104/2523610075/1775582930.csv,07f7fb7f5afd7181e9b4adf103baafeb010e271f6bb8eb77c7405a0027d39e34
B/20104/2523610126/1775582931.csv,a0f234a2ba9f61bc6f6fb024eecefb6438ef3c68f48d9bd5511a376f594c7959
B/20104/2523610134/1775582930.csv,a1bcd6d9c5d3929ff00a57739441c28275a8fe6b93c6dbd04f9fd53cf025a5c9
B/20104/2523610160/1775582928.csv,119db624bfefd838a0bce01c02db32982b9a305e7362f036a434d8fbeb60333f
B/20104/2523610432/1775582930.csv,588f7736dd1c79ad2395804d7f0d164c8903b335b9cd4058a14be26ca671e0eb
B/20104/2524610033/1775582931.csv,02f3598fae128b58c6b85dc945e0341607009ee18301eca7d54f57c4ac24aea4
B/20104/2524610041/1775582930.csv,bb9c5e175e1bb4405334f1a4a578d9751b57dafdfe2bcc1be21415b18c5611b4
B/20104/2524610049/1775582929.csv,5dc6adc5ca332c6eae5e3cb2062bd2c66e527ff1bda8813d951e5fc4f09a99e9
B/20104/2524610074/1775582931.csv,7cbb6e05b885faa5caa4ce673c79244e92c405fcd82fe30b4d1c9414269b41bc
B/20104/2524610082/1775582930.csv,0769919b865877aba60a2437a47a1afb76ba84c598dfc4534ff85d544efe1607
B/20104/2546610759/1775582930.csv,56d2927c4b871cf74285c341ee3ab6037e78f363cc96d2496de95deca6c131e9
B/20104/2548610286/1775582931.csv,db6fe982156668a34f045509acd89cc778d94cb9fdd2a58469c4a81257101bbd
B/20105/2521610325/1775582948.csv,fd8fe569d286609833d1828842ef3449ed0b2e135409547abd90bd644624e763
B/20105/2523610003/1775582948.csv,73cadacf7585df26fb974dc09b389d2deedb52b4d7870346f420a83c8d7501f3
B/20105/2523610075/1775582948.csv,7eb4769ae1700b9c3619fc70f721e434b8fb24ee9b0843e342a3686d34b6214b
B/20105/2523610126/1775582949.csv,ed8f63dd7620757a9e19dd3216a84f4d8254a520d8695d270b299c8825aa16fb
B/20105/2523610134/1775582949.csv,cb75023c2f0c33326e5e613119475866662617530e2d709b8e8894e1bc8e19f1
B/20105/2523610160/1775582946.csv,ac899d2b05e7b330ccb6080808cff4e695412a167755ea985a580d81fd1e6aba
B/20105/2523610432/1775582948.csv,da57f3f0725c6b9a5ec5f45b6f756e607e4e906936e5c39e64b1c45597bf43f3
B/20105/2524610033/1775582949.csv,c3d1b282b3447d70e6f527a479f6aaaadf5b830d1a305672a9625e63dad490b9
B/20105/2524610041/1775582948.csv,97c437c07b3e31e408fc56662e31681c2fd3c4f6565335b7d534b08827bc5d3f
B/20105/2524610049/1775582947.csv,958893791cfa8fbaa9d299975850050c20bf0a7d0e75a0c1ba6eed2fc5d0cc97
B/20105/2524610074/1775582949.csv,62ec4511b4e1bf68c8b7f7ddde4f1864aec86482b839cb7717885da05546ae38
B/20105/2524610082/1775582948.csv,24afbb78a452b33e4d250614a93ad4fd73aa2ca796717182866fff7601a5d745
B/20105/2546610759/1775582948.csv,2db00009b47184eefa6631329ac1c207bc2da47e4fb7603126c91220e322ecce
B/20105/2548610286/1775582949.csv,4d8cd0bf902c8657c1d63a87a63103dcae4fb6eae5667ddd2ec893dc5ea4bbff
B/20201/2521610325/1775582966.csv,f09cd7a0061b1b97a703c43f0ce1ae98c62a0df4b17885014aacd6573351139a
B/20201/2523610003/1775582967.csv,17a9ac3fb2365cedfef4b9358c93c93fbf89b1fc91f7868f9ff995c0da15bdba
B/20201/2523610075/1775582966.csv,81a9e287b887235a1d2fe102a7e158779cda21dbf3b7d49029e6928e7e08085f
B/20201/2523610126/1775582966.csv,35b4769cc9fa27647e297ad1d5999c3480f82c5da7c4216723ebb029ec7870fa
B/20201/2523610134/1775582967.csv,1ba3fbb0491a798b5b9693b09a82a2bcb96de8a68189be672edec40a7bd0a7ac
B/20201/2523610432/1775582967.csv,e5b345e86a702319a122c8380dd03f38c6c48c97fd9750a30f637dc2bd95f00d
B/20201/2524610033/1775582968.csv,62e8aaab8671c80eed5ceda80c034861f100fe4e6cc809973f4312015c5370cf
B/20201/2524610041/1775582966.csv,2bcb733225c24bebd885656e1c014ad98ec79c38bff1be0472c0c0b2284ff668
B/20201/2524610074/1775582967.csv,1a5cd2e648e2ca63f5b74a28c440ea15bb2f0415e1cd3fa8a3bd94872de5d81f
B/20201/2524610082/1775582966.csv,632a2fadfd845fb4a9478297672996a5cdb16ac142927fbbb977e9d99c1f1f8b
B/20201/2546610759/1775582966.csv,324c7b3b927ac1b4d6994ce5727be881f3c8a00f1df69a496aba12d97280591d
B/20201/2548610286/1775582967.csv,44a866803195afa850bab3ccbf4b7df45c552125170ea035a652be40678de858
B/20202/2521610325/1775582984.csv,4bdfbc2b9d2cc9a7fecc977adade89069d13a79888eb048398cff66f35066607
B/20202/2523610003/1775582985.csv,06b9ee7d65fb7582e11acc5c9e8251488a1b51a1b4e5b50cf29f7e8db119eadc
B/20202/2523610075/1775582984.csv,c93030d05f8eb73e859701f153c2155dcfeccf654612e6a1d703669baf64fbb2
B/20202/2523610126/1775582984.csv,9cbd151ba6ba6cb68e082bacee628b3e085766c63718f6d3927fa335fab8b1f5
B/20202/2523610134/1775582985.csv,1058b52f95db80fc8481b7fc0237ef9baded11e265980c9189e2df407529c607
B/20202/2523610432/1775582985.csv,687524fcafded48825b52e1988bc3507f955eaceadd0821dfef0643d13f3cfa8
B/20202/2524610033/1775582986.csv,4478917c935508cf4da0ab27e5eb95a24e1f50a682d74aec98623a54c1d03aa2
B/20202/2524610041/1775582984.csv,e54be53e336d26f6424f85a3aa0b38446968d7b4cd6181124446aa0dc41e53e7
B/20202/2524610074/1775582985.csv,38dc8858dbe26767f324ba99e4b09c1d54a695170ddb9c72950527f0dc644931
B/20202/2524610082/1775582984.csv,95a7beca5f1659f3df2f5d8a399c95860e7d9e45aa012c51dcf30cc8234bdf3c
B/20202/2546610759/1775582984.csv,9ef9e2f878ba545da74fdcab89ae6fa85731eb3fa9a903bdbb7a37a0e56b2bd2
B/20202/2548610286/1775582985.csv,3b2f796aaaf45083333e5bd12c019f9a21e7b5a6e8b5eb14ab7e9eb0f3f56ce7
B/20203/2521610325/1775583002.csv,fed4c8ac2a40c8b1263e00b3a503053f0c95888a0114e45c4342c32a1195f81d
B/20203/2523610003/1775583003.csv,5dd8ea2bae56974b69df6b6b1f5b8bf05f9a0d8c1b59ea1e68e67a16e1170f9b
B/20203/2523610075/1775583002.csv,f8258ce06d5d35e08431809253f75f036e94d3e2e6af4a44a1c9981edd0c7f3e
B/20203/2523610126/1775583002.csv,da214e3555ac603b686c797a6c22b01159d2df0fd27df7790cd3545169e71abc
B/20203/2523610134/1775583003.csv,331db01209428e72c9faf28f1b1b7ab59d1e5940b749c1d80e6b968a2e873fe5
B/20203/2523610432/1775583003.csv,f4a42cb9e42f765e1490d84efedc3517a07b1043d177c590da0b3a026a6fba66
B/20203/2524610033/1775583003.csv,4c8fb1a44706d7b3246a32ccd121087fa5e032cc5277d1f2cf9ca478efe20b9a
B/20203/2524610041/1775583002.csv,c49f5d92cfd01f2792396cc7daa3e2185e0810a4aa8fb98fb2ee58dd76f83b39
B/20203/2524610074/1775583003.csv,208d0d2cff48b16f046f387ad28f59d965ef9ff1fd773218b662210f6702c563
B/20203/2524610082/1775583002.csv,0c98f37ffd03977642495cddc1316afed610acf5312bfff50886e857744c4511
B/20203/2546610759/1775583002.csv,f5fe1c2b24212cf44e97e08de9f90fa519043ce850a30fa2d42f18ffbb6718c5
B/20203/2548610286/1775583003.csv,e6fed0884639a904e3af7ff2050cfbde5042171f3af1e325a5151ff414a2b266
B/20204/2521610325/1775583020.csv,b0659e2aaf7d54e34d9c4cf0b6b9b901502172865e83ef2d11503b1f65dbbee5
B/20204/2523610003/1775583021.csv,0cf7f01ca437f86c2cf55ebc0c899db6dfec39af05741144860dbea2bcb84f74
B/20204/2523610075/1775583020.csv,ac48d864b0e846287cf718e7e1e1dc319113b86f702bd5070511c7ee65c9d9a9
B/20204/2523610126/1775583020.csv,4fe75639c1705e86882d791de8e4fc1fa5c6b8ffea888e110bf7d847f69463bc
B/20204/2523610134/1775583021.csv,9df7116265a918ecfd40cab1ad677a16309500ccb991d9e6baafa843152f23aa
B/20204/2523610432/1775583020.csv,4246c9a7631097a5c9e9446d9ed5638ee7d08bfffc227310ae62bd3d86e53f75
B/20204/2524610033/1775583022.csv,ceed5d407444d24750b96dd282099380f6bbc1216ec7b5d6d0135a841c245d51
B/20204/2524610041/1775583020.csv,ec5a421cb7b90830f00e7345200aa9f1a801f84db744adaa00e402c5f18dbe6f
B/20204/2524610074/1775583021.csv,8e8a0446f6ede697a53876abadcee60eb43c90e406c1e0390cc52da61ade91e3
B/20204/2524610082/1775583020.csv,41b0db7145b6e3afae9bbb2411dda372b9f47aee7abb991717b1cc7e20e29968
B/20204/2546610759/1775583020.csv,49c74ed8c0b0e2273aaf17a979fdb4a5e2c9118f33c4b5faee877a4c7dc1b92e
B/20204/2548610286/1775583021.csv,a5725f011ef91ceced61c990be9f3c1b9caeb56afff543cb94da96dce7e67176
B/20205/2521610325/1775583038.csv,33ac5b15e30444c7ea585e18bc4cd0dae5095d3374650f58deaec8618111f944
B/20205/2523610003/1775583039.csv,c18d49ad21f7104c2e56a5b4f0ce5a2c4c6551fba519ef1e77bffc279f813c98
B/20205/2523610075/1775583038.csv,f892fe104ad34248ec0c56dce4563612d144d8ea7166b1b66299e0a87365381e
B/20205/2523610126/1775583038.csv,464cdb4227e24d7c16497400c4fe4063664ce3d97225e028d590e0a5aa8bbe7a
B/20205/2523610134/1775583039.csv,7cc8be6bb7657bdb4faf8070cd76cc9bc168a96e0f6e0933470532f5a78e584f
B/20205/2523610432/1775583039.csv,631ee23a491449cd849140f7742a62a8bd4e27b0f69585aae98f8e66d0f87bb0
B/20205/2524610033/1775583040.csv,35b4450dd217077574499dee4a11a533fe1898f245e049e89d90bd9147dd9ecf
B/20205/2524610041/1775583038.csv,dd0e02dc5a6d2cb380f06f32534490a699e40a2151df149193c615206eb8e2ac
B/20205/2524610074/1775583039.csv,fb8f97e77f438bf5c65f982e4fee40c8708384c7e239a7228d3c265dbf6974cc
B/20205/2524610082/1775583038.csv,7e9757740108339545196b663611fb8c7e87e34d4beeb634355d208adcec3642
B/20205/2546610759/1775583038.csv,1cba29aea1e488561d125c9f7157925408c986f529ae7bb1480af290188510ea
B/20205/2548610286/1775583039.csv,04c78705e83d35241dcdf349889435657d238b0a148f39f293cd117537239458
B/20301/2521610325/1775583057.csv,0dd16b40546661a52483868ca6b742ac68bad848a0cd6404cd4a7f05c21e50ad
B/20301/2523610003/1775583057.csv,45cef9d8b0572c700644638b1b7919c1bb2b4cd82a4cb618abca29522d6151ea
B/20301/2523610075/1775583057.csv,b1d65a2c17732bd94a2d0cfcfe330967184fed359c2428ed3a9bb740342c3dca
B/20301/2523610126/1775583057.csv,228120b4c71eb8e9a86baa15a9029804468c854bb81f83d7d8cb6ecb6bcf0b54
B/20301/2523610134/1775583058.csv,a5bad7c129f47a10c56aef0539a496932a81daab94d0050574c2729cea41952c
B/20301/2523610432/1775583058.csv,62371f9d1b831e2abea5cccd83151327497ca8a78cdee50cd3adf76ccc0bdc6f
B/20301/2524610033/1775583058.csv,01d12f3ce82cac908aabc04f55c5c12eef37fbe8c982d5c555edea0e2db85642
B/20301/2524610041/1775583057.csv,32242bfed4349287414346d9dd4fe708e5ea61340b3dc0abe0a0423c8608ec45
B/20301/2524610074/1775583057.csv,fcdaeb4814af5c612c0a6fc10163ad4bc2918a2a643df2d2407e7deabd10e176
B/20301/2524610082/1775583057.csv,54904d2a66e3ae40d4b5af75b83670f9d7d13eec6f6ecccbe34ad4404e291ccf
B/20301/2546610759/1775583057.csv,c016fb2f4d369fedc5a340fca1ad71cf69e08e2e02becf5965ed47d3a4c234b2
B/20301/2548610286/1775583057.csv,c5975ff1d83bbcaf89b124971de52b7841e26ac73f30f2f0eff86f96b91e2b0d
B/20302/2521610325/1775583075.csv,bb39127af33a015473a2ef6fa2d16b2bf033ca785d87495c7d193bf48f3e1156
B/20302/2523610003/1775583075.csv,2429d2795346597f555c3215e498ae19feda577a5675b4b0ea3c7da335620988
B/20302/2523610075/1775583075.csv,77902c3d1865fffe0ed957660ef3e3425dd629c45fcf13910c8d0c9597f97701
B/20302/2523610126/1775583075.csv,c9be63d6cb266541a7f15849896e2a900533632645a7c350cdf1a50faf60b6ac
B/20302/2523610134/1775583076.csv,8fc8d4d36b8d41c85cd59e6436b4854a4ef321cb86e4dc83b06abcb0f75f2a93
B/20302/2523610432/1775583075.csv,152b9971ce8c719d58c70d52226cb3cbcb26c6d06510a3a65b4d54ac9c52d35f
B/20302/2524610033/1775583076.csv,19939dd64e7a653dc5cf24d7f2765a8935c346580b1270f03fb66f0c6258aea9
B/20302/2524610041/1775583075.csv,44235eb28547de652ff7137d7b91b833327f84e1464756793f4b4cc853563438
B/20302/2524610074/1775583075.csv,61fd55d117ebe80ea5b4d2fb007f585efb17416ba27996f3a7662e04dc9c7d84
B/20302/2524610082/1775583075.csv,3a14e0a03b005a684757dc0e08c359a859559116aa8db14f880eec54941b11c3
B/20302/2546610759/1775583075.csv,c8e4ec55c0f7900e2dceff65fda4a0b3bade73a1f9e04f7fa9831269872b5b3c
B/20302/2548610286/1775583075.csv,d59ce94e5600f225b598c16188dde528ce4affddabb5331118dae1c411af5dc4
B/20303/2521610325/1775583093.csv,8ceaab587800b1e801b50f03474191fdb6e084f96f2e22d7c1d8d7e2f00d2dca
B/20303/2523610003/1775583093.csv,0d05660521a2fe578b9f94a4ab55e414f77a75449e77f959e885be9ed6c48c2b
B/20303/2523610075/1775583094.csv,6aef427810e24149007166e52ac2c7041d3a1768e5f72cc68ce735b0c3c93ace
B/20303/2523610126/1775583093.csv,85bdc4c318eaa653f33ff5c58d795f218b4943ade7586e820bc93477008f75b0
B/20303/2523610134/1775583094.csv,d0249dd2f7c467111109bcd81b8f06fda3b0a47267b7e63de519af07a4e9f9e6
B/20303/2523610160/1775583093.csv,59aaca656c61683199403e0576a3c0fb7da53590970c7c00c600ef7aaa6176e3
B/20303/2523610432/1775583093.csv,a48567fe8cbd239e18900fa840693cebc17cc385edb9d85de046c0e0018b40c7
B/20303/2524610033/1775583094.csv,0c6a8d72a0d33d3833e2f43fae880e11d6c652f3fc85ff253e1155173b79f493
B/20303/2524610041/1775583093.csv,e918c956f12b63284533861219374a2e62969f899ac85eb216a864c9be6df145
B/20303/2524610049/1775583093.csv,891fe1811c25e561261babc1e543e163285d20f9e183d41be42deb844e3e6d05
B/20303/2524610074/1775583093.csv,04cbee65fc9ee260e42688b0d554a500504ce75587d658feee5b4e57fb2f3f38
B/20303/2524610082/1775583093.csv,418d1b056552e6357f64d36ce510c0d3cc115a723e72f5d54f16e89f888bc34a
B/20303/2546610759/1775583093.csv,74f3444653bb7d6f365b98878c6972b837c0f8ad2af658d7e9198ea3ab12db99
B/20303/2548610286/1775583093.csv,b103724f8665dd706f10a277c16091f5a0404fcdd5f5785510d95461e43f905f
B/20304/2521610325/1775583111.csv,be4b4ef02b43998a41565bc88b9aa1757dd6533c2d3ac6a67eeb0b5c8029ee7f
B/20304/2523610003/1775583111.csv,d16d4ea2e885d1415f1979725e58426338b25ba061d2f2479959b9feeeb53158
B/20304/2523610075/1775583112.csv,c2332e16edb5553ebeb9cf8afc7197c15fcccd90bf6c31cf4f9c2c31896416d9
B/20304/2523610126/1775583111.csv,a4c158a2a00cb8951d724a269ae7b72332a9856444c62b496f9b858679c5c06a
B/20304/2523610134/1775583112.csv,fd65c118a4cda0f39c5901cd9b9823f7623cea68d7b81af368bb6dec3d83e0bc
B/20304/2523610160/1775583111.csv,0b06312ac7827bbea047060078fc5baaf03d4055773f8513cb07ae425a6078b8
B/20304/2523610432/1775583112.csv,d6501e9254005b19f226c66c2c1ce92d89c44502238545d37545d610bb575bec
B/20304/2524610033/1775583112.csv,29ca5f60811865b68af9065986295f08276af8f586ec1dd7d175a6433722d50c
B/20304/2524610041/1775583111.csv,201cae23534355fb38fd075ef95de194a349921cc1f77e4fb5c46bb8aca01bee
B/20304/2524610049/1775583111.csv,6688e9f01a7886dc25ab83529c1b3eff7849da66e84cdcd7265c190af0a6c546
B/20304/2524610074/1775583111.csv,2cce1c96b7e5fe0d2cc03f49419dc9123182d0cf759fd8045bb0dc73e76e119e
B/20304/2524610082/1775583111.csv,3f0b9e61cfadfc9fe073adc35b9d2385df014a9a71f98bd6251843ac492fa07a
B/20304/2546610759/1775583111.csv,e754b7858f3bc12aec3180922e44c4f86aa33aee9584e25d01aeb6e7f0215e3c
B/20304/2548610286/1775583111.csv,7dfdf1fb08194a4fcfd1e8f9261cd6a2cc27d3957bd9f4464fa64ed0377593e4
B/20305/2521610325/1775583130.csv,318a5e286553a4c796e34e84e7ab1231b6d2509746b9e9cbfce2b4386f69a563
B/20305/2523610003/1775583129.csv,08a4c603f3f4184fbf059ef5d5db8407dd6e03cf683cdcd695731a00e7d4fab0
B/20305/2523610075/1775583130.csv,e7126db2f97196d060eaa8cd52a63286903ad2f0235fbc05290d82efeeb3d574
B/20305/2523610126/1775583129.csv,91251f9a38848cdb2b07ebe9f098437a8f23dd68497dbf5eb61c75fc0c13c912
B/20305/2523610134/1775583130.csv,00088fce1f4d53ef17c945ba808f8a80b27ea7c18458e599940bc62fee68203d
B/20305/2523610160/1775583127.csv,b2470c99b5dfaa473ad7370343217ca42ed023d7a1800ff467464176e9dfd7b2
B/20305/2523610432/1775583129.csv,32386102f29e78abf52b3810c439dae04fe795b665175f4a6790fa604876059e
B/20305/2524610033/1775583130.csv,a897697643a155722d5e80c7aeccc3cc537e2c776a15bad61b6d826aee508b9a
B/20305/2524610041/1775583129.csv,66b4a33e27ea3ce1ecaf44007602b39d00280584aad39cb38c73a90444f694e6
B/20305/2524610049/1775583127.csv,d1084b2ce2584ef1a37c81f037ca9066cd227668ecd652973c334da6d50fbd74
B/20305/2524610074/1775583130.csv,33c474ebc97c02c0c422cd5d79bab11ed3121027b745f6b24891f40ef01febf3
B/20305/2524610082/1775583129.csv,2e88e841bfb4715ab1cb18a511bb09bb1a68cfea914fa973a586b321ddc4f48a
B/20305/2546610759/1775583130.csv,44a8ca11dedb3342c404059cbe8ef3cfb96119741e945145c413ad32ea6eb4df
B/20305/2548610286/1775583129.csv,7a972eac99130a6ba45e28bff808139de990580f4a9685014d79ce5460da30af
B/20401/2521610325/1775583148.csv,c9f0a2af826fb1ceb44ef522bb8c688650264e6a1518ccc233679073d130c8fc
B/20401/2523610003/1775583147.csv,9d2de297d0972ac678d8273b4faadfa60668241713531ecd9a33accd057c8d06
B/20401/2523610075/1775583148.csv,14be0f298f275eadf74305b1352e2387efb94ab5d25cf7ce85d2d507ef5dabd2
B/20401/2523610126/1775583147.csv,83d5f83938e836bd17a0866c6e5def4babb3b57389876271823d9a7b0faa248c
B/20401/2523610134/1775583148.csv,19b43d5c2e59522486dc7d5913cf67df59d7997a4027e5f49c5ac3bd9c434829
B/20401/2523610160/1775583145.csv,37fa00c9d67f1bf69ec5d5d0da3f4ca492f8c668a8a8260910b88c1cdf1632e1
B/20401/2523610432/1775583148.csv,d835b6d5edd3f1878c5ce87e33c9ff1a555bac982dbbbaaff80b280f7c585bfa
B/20401/2524610033/1775583148.csv,e3378a84ef266be7dc118e60f103f8407954aab36d39ed3075fab7d08dc08c01
B/20401/2524610041/1775583147.csv,e6c9492c683bae3cbbd8199a24ae29d7eb4c280080f6689869c25f6edb2461af
B/20401/2524610049/1775583145.csv,4dcdc9d1ada1dc355843b8544e524816575a0134d254dd219af19c826c297784
B/20401/2524610074/1775583147.csv,9a59ccd05a956d70f456d33125e257a6a79ce5817a47be2ecfebfb9969a5bb89
B/20401/2524610082/1775583147.csv,b29f12e13fb8be9e03f6e01bf75add01a3234c5da2b3b763894de0292541df92
B/20401/2546610759/1775583148.csv,152ce534416f25eb4bed3beb5994feb2ff2d9880594131a2a8187ab193396184
B/20401/2548610286/1775583147.csv,563132c117ed7b4dbb0c15157638576b027f1525feb8019b0765bd6e3590f7cc
B/20402/2521610325/1775583166.csv,d8a0f8a2e4bd237274b5ecada6571003056ff6b667a639d0a79e12d62ebba721
B/20402/2523610003/1775583165.csv,01d431f87197130288a52e2ceaad4c3a598724d5c99781ab1109f38d8037f974
B/20402/2523610075/1775583166.csv,c4d94e19194dcfec650894909b75bb91a25720f24c7534ecb749ae50d2711a18
B/20402/2523610126/1775583165.csv,820b374816fe238ecc33a6c2cf59abd47f105a4c2a73970cf8c6ec0adc0d26b1
B/20402/2523610134/1775583166.csv,57f2b9a95b36f2bbba260b9253e2601f85173e6903fe6c1e3a0436535920d0bc
B/20402/2523610160/1775583162.csv,873422a4e9a5303c6376a11a225f50623a490bfae4070efae079c643fa48b560
B/20402/2523610432/1775583165.csv,18fd31a5832926bce86a806865dbaa1aaca22ad66c60eb136e726c573318745d
B/20402/2524610033/1775583166.csv,1e4938c27e6e9782ed1a6988b9adbbfc5faef2a1f3ae1a0454cdef3e25d09120
B/20402/2524610041/1775583165.csv,8d62299b1b87b83133475b8c216d3a1c9db36c876f8ae2cfcafca39d436da39a
B/20402/2524610049/1775583162.csv,520dc730bfae5bdcfcab52829cb7808b2321f2b8c5d9997aea365338c9c846af
B/20402/2524610074/1775583166.csv,41030b759c3de179c4a4db1ebdefaa7cd9f5c97fc064a9d5fef158dc3c8cd3c4
B/20402/2524610082/1775583165.csv,ceee679333f2de2de807438f5a8868159b59c7ef87c1a9db180c2da8e93ac2b7
B/20402/2546610759/1775583166.csv,75b1bd07592756f26abca4e1c030b6cf286df91cfe4106e22653ad0039620926
B/20402/2548610286/1775583165.csv,e549d327d23abd4fc5329c31862b81d54f5a90674dd7f4817e3f914aedcb7385
B/20403/2521610325/1775583184.csv,bfc19eca4c34e8bc9cff24c98dd0a752bb98cc44a1ef96232ead4f59148b3de9
B/20403/2523610003/1775583183.csv,0423612a15eb9ec949005ec9d5585534dcb5a7dcbb564cceafeb1dc5dfbddb51
B/20403/2523610075/1775583184.csv,91476dfc0a21327e3ebdf0fc368ce817483e3251a846f72205591e6d782a3ea0
B/20403/2523610126/1775583183.csv,2a1efed72ee936caff0a44e3728ccb8e87b7b91af100ac712fb25c460f47e65a
B/20403/2523610134/1775583184.csv,a822ed68388a755ca80368c0dfbc4d654d03dfbb6b87ae0e4d22d29c290c2c2b
B/20403/2523610160/1775583180.csv,df3cf46a548968bb1c008157152295a115d5b2846c7e122094ce52f373c43d7f
B/20403/2523610432/1775583183.csv,783e891885f96bb867b7518f5f2d5987bc6b3509b29c44377856c3990c7af384
B/20403/2524610033/1775583184.csv,bef9d39150594e82e9ab00f66cbc598a8738424f1facd486ca2994f585e00f05
B/20403/2524610041/1775583183.csv,48c1d6eb96f1a1d4579a2f737b2c9f1311de943c88da81e2062c8306614d27a3
B/20403/2524610049/1775583180.csv,c762c891c48657eed4abfe220e4fd4b24ca18ba74d4437d01f87f82769823742
B/20403/2524610074/1775583183.csv,1ca72d2bb055e5ae42d0f0e9aeb912e3f4880b776a7f476eac73cabc0490b794
B/20403/2524610082/1775583183.csv,69a64e0e85dbfa5dbcbf8f79881add29d6813c07dd14fc89c4a53c2a8440f905
B/20403/2546610759/1775583184.csv,f3b37842d691e5bd39b7a58ef4f325bf48678514a9b33304d4936f69238e5fd9
B/20403/2548610286/1775583183.csv,ce44b9982b30e14f9e0f0d6e49612ddc12f5e3e8153e713bb489ff8cad1554e3
B/20404/2521610325/1775583202.csv,2f301beeb04ae453e7f6264aaeeb5e5b47a5c6641ed35b58ccbd923a97e9e6de
B/20404/2523610003/1775583201.csv,1ffd9c06a3947da57eefd24c8b0aa3deec9e45e787b129b15252c8a1f28593d7
B/20404/2523610075/1775583204.csv,21426416d9e2dd53395b9e3ec0e6422116894d0c2d7b24a4f7e1e62b1fc80ea9
B/20404/2523610126/1775583201.csv,ee05931ad7e09acfeb64829dcf4cb8afc23124192625999412ddc2c899135823
B/20404/2523610134/1775583202.csv,93903309967faace74071c79c965e2143329bb49fdd85134a6546fcf57aa435a
B/20404/2523610160/1775583198.csv,6ae0fbc5064e2c8cb236fc86d7a442416de91c1b1d2636cdd20187e302605e66
B/20404/2523610432/1775583201.csv,2f421ea760ce4cb6d77083617893a8e9c22ab327c9a0c64049fd2bf449dd481b
B/20404/2524610033/1775583202.csv,6d7372e0e6789310f28c8d3607aca1277f3bad390f0e74355290780188b729e2
B/20404/2524610041/1775583201.csv,03b196de2640b7920227e2e90ff65f3845d9601a6611e662a3762b803bc5d9b2
B/20404/2524610074/1775583201.csv,ffc01e3054af777842d8aa91086f070c9a2f8989b7e7cade9e1a0ec54e68cfc0
B/20404/2524610082/1775583201.csv,52f8947c384a8911d4314d15b9118ada0e1965455029a060f62f67536426630d
B/20404/2546610759/1775583202.csv,24446bdd49ae87c749cc44ceb79e0c54ce190c66cf7b3348a57361ea99d8cc98
B/20404/2548610286/1775583201.csv,c81b26d670979d6019464674a9921078e5f32fd2d4bf009f179718d4831f7959
B/20405/2521610325/1775583220.csv,5539283e694b78b0719f5a43b5af709a47c9c7e0f13f2e4e18faa577059b2f04
B/20405/2523610003/1775583219.csv,7eb6cd3f06db10cad724225371e945b5486e44be4ae5a504c308142e0b8ec38d
B/20405/2523610075/1775583221.csv,6617cf452841619beee15964f39027dd4af571b457d13987fc40d93f7fd0d675
B/20405/2523610126/1775583219.csv,b975a4411501a4d489d82b24d5a1f9ecdbc763ceef78e6c0236689a936dbd582
B/20405/2523610134/1775583220.csv,cedd3199b0139abe8e529af720fe6b2c24284b9cc19bcac7d58639ff4c2c96f5
B/20405/2523610160/1775583216.csv,fd01acb8d0f2aea4499e1f63de4b2b4ffeb08fdf4cad47c6a8aa93cc4503a838
B/20405/2523610432/1775583220.csv,152947d5a1c6d512c404b77957f50bf69d06ea529b94eff0f2129504d8bf7d19
B/20405/2524610033/1775583220.csv,419b619132737030ac4f84df372663b44783e9bbd55b9573ace73ba879ba9a9a
B/20405/2524610041/1775583219.csv,210e1b915b7f2fd2b9631e7c387a97f247ea9ada52c221026cd6d5a0162835ce
B/20405/2524610074/1775583219.csv,0c37981bce90a5fe6280c664a27bff8f4fb4ff1bbccefc206c5bc173e2bb5543
B/20405/2524610082/1775583219.csv,33473c183f40bef649a8d7f4d29f6835adf3d1c3968dc20b56f27c25e445957d
B/20405/2546610759/1775583220.csv,d9a415d4a381f8bf579eceea9723c1774ede2be722c37e5e4a7b1ff9749c670c
B/20405/2548610286/1775583219.csv,e7c36ec3d68307064b5a803cceb6fe6f9719a17788669d6297de87b1a1be0e0c
B/20501/2521610325/1775583238.csv,c4ba37a308eb671a615c0727218a988d08c66a6d0108ea487c2ebd2433097ce5
B/20501/2523610003/1775583237.csv,0fba7f210824be759b3e933b173ccb51e6f18e449b86a6f48ef64510217d394d
B/20501/2523610126/1775583237.csv,2d3ba583328a7d025a13a89b690ab3bb069a14d67ad7a20e5e45babc0a593e6f
B/20501/2523610134/1775583238.csv,1784867bdc16040b821fe7c1ee6afa626317dd8402d1d5ae61289ebf8b33ca98
B/20501/2523610432/1775583238.csv,ad568cb5111c004cf1eb4b723d25ddcc3172ab8ee23cc6457da92139da8ba95e
B/20501/2524610033/1775583238.csv,a506b4766071e71880a0e0f6fb87cc007ee8113d265187c5a3ac6f682dbcf715
B/20501/2524610041/1775583236.csv,46ebeb0f28a25461d180e4484901bcc6fdf5c52b1ddf144218f7b08cf2ba29f8
B/20501/2524610074/1775583238.csv,f743498f2e61fff723842d26ad092b39621f160833facec5cb6fff2e69ce7a6f
B/20501/2524610082/1775583237.csv,dd1922d837ce527c322c3249e2dce37c0ad47696889341858f741196c75e774d
B/20501/2546610759/1775583238.csv,96cb8b7a85e849a67914406fd2296afb869057ad2efa2cc5e71894170cd02fa0
B/20501/2548610286/1775583238.csv,348b30b349587dc7b0a789e6bc25ce7efb4ce9c9515663f0a83ee412746eeae4
B/20502/2521610325/1775583256.csv,32f514c114a239534229e5daa805f09e4ef700539bcdd301636e42509652a235
B/20502/2523610003/1775583255.csv,416e0ccbbec635b5ce5fa930628c27a45880dc49052aebdac6091edcdd6e64d6
B/20502/2523610075/1775583256.csv,9b4cb3d182e1443375f328c8172c1c31637eec5baf81965235b4d8e713951142
B/20502/2523610126/1775583255.csv,8bb7b060e51a405a261fe1ac56c6cceae07fa53b67bcefc07c50c42bf868db5c
B/20502/2523610134/1775583256.csv,027d84ad5471a67c0c79521a33a3c6b005fd0c69571fe35bd644cdd1a231a786
B/20502/2523610432/1775583256.csv,4b545c3b635afd82f32ed50f500580ea7b4c995eda2a4960a4148926063a7323
B/20502/2524610033/1775583256.csv,93d5e5fe6473422d276b36c30aee8d08debc58d36fc3d4f82db9e3e1b41dfcfa
B/20502/2524610041/1775583254.csv,6272798064fb2e481a6e0485fe6d195ac4aa1852180157ae9c7409b272615f10
B/20502/2524610074/1775583256.csv,96482c26dac7219f657489ff8f1d9ed49d6fd5826a362adbcf2ac90069e9d7c7
B/20502/2524610082/1775583255.csv,be2ec282f9ccc71de6d95060055091cdc56ba7ca1c8860d82d6b4fa04b15b5fb
B/20502/2546610759/1775583256.csv,96068f62facfdc3d20e2a37f2364d3c11f57ab7bed96050cd00d3413ca2406a6
B/20502/2548610286/1775583256.csv,f4cde6b59f65a3b67020ace551cde730d4f73403866c1c4c0b2ed4fa7dc44102
B/20503/2521610325/1775583274.csv,64b610da763a64689ac378687df7006de45fb24aaa6570e6cb82eadb1bbb2192
B/20503/2523610003/1775583273.csv,b7756e1b9a41bd26a192ada8e6447648b792e23d500501bc47736f50d648f7a3
B/20503/2523610075/1775583274.csv,5f83ad7d029c045411972b605a33cd92d9a970b0982f76efe36ac1cb979d0f89
B/20503/2523610126/1775583273.csv,c21aac334bfbaf63d325a245ff412ba54458e2033424390f00e517f51a640210
B/20503/2523610134/1775583274.csv,bccc232c65b397b9a23500febb640731b60e47dd484c2ed578ae36d26b64154e
B/20503/2523610432/1775583274.csv,ee8b6a7a84ef627216c6fa0960a8b20a82eec781490a727596c158e8c2538375
B/20503/2524610033/1775583274.csv,972e8cb942f2a46e062ea7515b844ac4cd895de79fcee521c0103a7ba9103a5e
B/20503/2524610041/1775583272.csv,47e9d9c51d47a95ef0a54228ce0f1c652fdb76f5d0e8341fd5fd71946475788e
B/20503/2524610074/1775583274.csv,3468f05781db8f975a1c63d7ab12412b307a9a97c2a11dbf122e931373032c87
B/20503/2524610082/1775583273.csv,3ff6aa164aba4a0f4c57b5d9a707bc60119be5455ce834bcdaa5806df322be08
B/20503/2546610759/1775583274.csv,d8804b6beda828345cf637c5bb8e4bf984dc2cbe5003f1ce12af5833ca912980
B/20503/2548610286/1775583274.csv,0ba16dfa521860aecc6e69941ac6cb331cc97ce00b721b36b428498c889c839c
B/20504/2521610325/1775583292.csv,abeab5539ade07e5c2a48f025ddd18959831c88d888c7ba7c4750a5048600b71
B/20504/2523610003/1775583291.csv,785135dc113c3620df954d060fc5018bebe73fa1d3baceb19ef1c1025c321b82
B/20504/2523610075/1775583292.csv,c38cdf4d16bd183dd82d38f75ebfd0c83f6d0b2783d3012de3b567bab67e3d38
B/20504/2523610126/1775583291.csv,af53a018b850bc1cb058b4fc99770e76d8c7b8e0dc1c94c73eaab2d0e8b17822
B/20504/2523610134/1775583292.csv,62151b698a911df9e1069a669f77f4d35e5f320faba9b8a001b7c79b90329819
B/20504/2523610432/1775583292.csv,11e9cc3088600f7f6f176acd759453f28ddf198b3feaf0dbf21598c021347aa4
B/20504/2524610033/1775583292.csv,d3bbec7ba7b4ccf9b42235be945f7abe8984f1bdf2cd3ed93a2d328ae69066e2
B/20504/2524610041/1775583290.csv,679adb2f5f49a8f70e11fd1b73dd5c2ace901b41002e3ab6a5a13f11540af729
B/20504/2524610074/1775583292.csv,9b540de1913e6ae53367b923470f549ea9dcb1a634a369d8ae3532c62ef547f5
B/20504/2524610082/1775583291.csv,c4b97e472a494bdc13d912184a6efc975ea7824866ebc11747143e01954bdd4e
B/20504/2546610759/1775583292.csv,4085021ddad0435b575bcc5ade89b3ffb084b36a1648a3296afb5059eea023fc
B/20504/2548610286/1775583292.csv,af32aaaafde3a44550ef6961f3307720ef4cbe878e7bc696aedf263ab2ab9e49
B/20505/2521610325/1775583310.csv,2aadeaa081a0d863a5df45c96e6454ab51ebdeec120a55b87d04a684df2c9231
B/20505/2523610003/1775583309.csv,68d880903fd1fe47afe5f4c0e1a72417c01544df9a38e9c2c1808305d2e62f1e
B/20505/2523610075/1775583311.csv,1a36ea7c5960cf4bdd2ae2651dedce517db7d49756e427fa9eb41df9be29e83c
B/20505/2523610126/1775583309.csv,8e222db1e844f1cd9b7d0a00de891fdd9f38515015588b9652f2689e3c466b6a
B/20505/2523610134/1775583310.csv,13cbdc7cacd8c1f920de12e1f3b2b35a31bcf061a4a2b575598444d706a6cc05
B/20505/2523610432/1775583310.csv,d63f99185d7c3e626f7e8440cf82602f41e02b9326042ec7410eb27145890faf
B/20505/2524610033/1775583310.csv,ef03236b923e85b2f401c19e469dd9f19aee6fb109bf6e4c6f0c0fa757a3173d
B/20505/2524610041/1775583308.csv,ef6617f5ade16a0d6891491a01b759809b8aeb6e845d2ce94005eeb2c6015dea
B/20505/2524610074/1775583310.csv,c6eba441a396b6bfcab31f47fd840d8167d698d464759d9d456070764fa701ae
B/20505/2524610082/1775583309.csv,d74b57da77cb6ee8917cdfd1b16a10bbe21535b5fd6999d132fad7a4471ed9f5
B/20505/2546610759/1775583310.csv,ca84187e8cc2e8b72d6eb4efaa88bf188f6b1dc2e8bc2f408327b279f6d89050
B/20505/2548610286/1775583310.csv,e65930bac2cb9ab19a034a81a22016de6a7c76d0e3dd5e19f9791eda9c2cf504
B/20601/2521610325/1775583328.csv,4b77489767483ab0715a45945bbaf6a8c791e7509e1b54c9b3b25a88149ea823
B/20601/2523610003/1775583327.csv,fcfc30381f7ba77a02b53b10e3721555bdc8ef9eaf8534fb25e81b1246ff4371
B/20601/2523610075/1775583329.csv,6b3f0e2796a7db0dc07330bcf13ff126f6594ca2186c49bb32ecdc848d06ea80
B/20601/2523610126/1775583327.csv,da3967ad377308ff739422c2945eb1bba6bd824ea9926bc3aae1f2239c31e745
B/20601/2523610134/1775583328.csv,038c948b8f5dd57f6bac32e41a61a99193548fe06130a2f0fe92c9e85954e43e
B/20601/2523610160/1775583326.csv,d77d9ffc3cf9a9e3ad08b00ba2f5d7c06b39a39acb090fa31d61c4565ff310ee
B/20601/2523610432/1775583328.csv,e0f560d9705780f20630b2d1580d5b15d85e6b505a35c0def3469af28573227b
B/20601/2524610033/1775583328.csv,8772fa5120fc45414ef625381d64f26c79d2adc20a8c42d1734312a3a4e25ffd
B/20601/2524610041/1775583327.csv,3014745dbfd239b71c56a7e76dfbc1464967a19f872354f92ee0e6064609feb4
B/20601/2524610049/1775583327.csv,27a5685155d4d843b8f79441acbf30c3f8f4d2b3cbb5575d64d5546c055faf79
B/20601/2524610074/1775583328.csv,3b82dacd7918d0c43435b1e187ec9b05d98ffebc752749ea0087cd4e685267d3
B/20601/2524610082/1775583327.csv,f4bf1990d94550c456477ef011cc53923f1ac6b29d600fb085c3e9f1683d41b1
B/20601/2546610759/1775583328.csv,8feb37b36ad199fdda4fafe5265f8c5c7c367090fd0dbf030dac7b8ebfa39900
B/20601/2548610286/1775583328.csv,7fc97c19b4dc3a639743d5abc9ca24ed4fd43a612f5c0434d31b5c7a748d735e
B/20602/2521610325/1775583346.csv,ca6e75e5fb0837f1ffb6ff29d02297fcc9fea89dd7eec11af1e52f6d2060f76e
B/20602/2523610003/1775583345.csv,e0b690aa327dff4571a7185c859570cbc25ac51e54aac239bac8d65fcba189bf
B/20602/2523610126/1775583345.csv,50cfb16332db95c3b8f4d873c5d98ee35145d0a24422baccfbf91a1f6a1b9ddb
B/20602/2523610134/1775583346.csv,94f226874f86b909bf8c984b93df6430bd8c38e942e534f8865076a8a251f5a1
B/20602/2523610160/1775583344.csv,2c58af1af832091d12dd0764e9fe49cd13008eb486deec2e4b0f85e77e609cfe
B/20602/2523610432/1775583345.csv,2f7ed1f51d3de684b216e6f437a8e21c0bbfae2f6297b2751b8362f700b3f137
B/20602/2524610033/1775583346.csv,7d19d1fac2b0ab78d4f62d91f49c70cc8e94b0983021e461af2d42185e784791
B/20602/2524610041/1775583345.csv,58020d6e4af80e4c06672e548aaa4a0dd076c74a9e273758a6ecfa5a05bfbc93
B/20602/2524610049/1775583345.csv,c2bbdc9a3ec3f5bc2a5c9be049578ace995308ea28bbc70b4adc6fdb600b6d4d
B/20602/2524610074/1775583346.csv,c472429832dc9a7cc771802018dc277898b9cb828970869087a2957395c32087
B/20602/2524610082/1775583345.csv,640a4b45f66c254529ddee4293ee4c83d54a3a7d5404a77089575936bd076749
B/20602/2546610759/1775583346.csv,3e077a75cc07ce866c0ce7189791e8a0ea0f00bc8f8ee512a5ae33d93173b8c4
B/20602/2548610286/1775583346.csv,8a26c22a1f760a6e4816bcb4e113a562d71558e1343c4b1faf7245c39e30a5ab
B/20603/2521610325/1775583364.csv,f473020273545d2624383733afc8b8d4bd74b937876d2d706c451419a937ea2a
B/20603/2523610003/1775583363.csv,ff482d8094f5435b38c609217cad9e7e529db60d183b63fdca060e509255ed7a
B/20603/2523610075/1775583364.csv,44e2ec8df6e7914830aa48f0e9efa4cebff424130b38086f1546fc68e84c85d9
B/20603/2523610126/1775583363.csv,49ba1ca2416aadbd4c7d7b38b33a8b728ca8ef17b9498a539f723fdf3e85c140
B/20603/2523610134/1775583364.csv,542105edc0bc0f8c175e5116781584f05fe13cea4dcc188dbddfe1e4b7280439
B/20603/2523610160/1775583362.csv,b36063650e9a1f9d2a025edc7f2a2f3450f709cee875e6fb4f54ec369a565cd4
B/20603/2523610432/1775583364.csv,7dbaac873643c6598e2d22a898f8d6b6737d8a5cdf54edf4116b9cec8ec59033
B/20603/2524610033/1775583364.csv,2b48021c5b6d8134289277ef7f44ed8db9ce18e809e26ddce897b0c615d6a22c
B/20603/2524610041/1775583363.csv,eb95cf7d9fa15adb73be35128be06a3caa354b0e39c62251f6a4b2689be7e69b
B/20603/2524610049/1775583361.csv,b76f1ffc0112ccdba6882a5d64938c7f146a654d6a9ff9479e5f44e2f7ea6cdd
B/20603/2524610074/1775583364.csv,630dc8282901702e341441a42f96ae55dcefba883c75d810b703c8775daded95
B/20603/2524610082/1775583363.csv,e74c0aaefda1a39af28e8cdd02143e42236c12b2b5d4106efd2edcbeff9f5bb0
B/20603/2546610759/1775583364.csv,96675309993e7634e506bd31c87d5371c7d55fceab64a434ea32f3e7508818e9
B/20603/2548610286/1775583364.csv,dd4dc33c376cab05cabe984963dbbbecc1a482f9b1abd08bae4f326bffe910a3
B/20604/2521610325/1775583382.csv,136b64be53268efbec485b50a897df8e4264b4719fdecb1b118781bb6de698fc
B/20604/2523610003/1775583381.csv,a999e2d9ebd574ef69184ee862a816a22bbf8323ece4b6434643f68afa009daa
B/20604/2523610075/1775583383.csv,3ba0e4556985ba34afea1928619c2cf9f1f3a7a4b1d7faa7e5ac281d4da1a535
B/20604/2523610126/1775583381.csv,176062611c0d5e71343aad2ec71072ea792e64bee10391139a93ae3b93823dde
B/20604/2523610134/1775583382.csv,a8583eef4f2b13cbdc9e04238ed045f5d48ec57025cd7880e6a83a3803ad04ce
B/20604/2523610160/1775583380.csv,562ab35d92931f460a521cf8928366c4ba93ce8fc1249d32340b55d439151918
B/20604/2523610432/1775583382.csv,3c3f3e377378422dfdca7af2e59e7a654986258a3ccd04aa67fb537139f035e3
B/20604/2524610033/1775583382.csv,29893f7554fb028ba98df4ad4cc020ed458c159ea69ae85600a287ddac0b1a3d
B/20604/2524610041/1775583381.csv,9b2af42662eb3e8ff968c694df3ba0dfc98b8004e58407f19564eb647a5dc477
B/20604/2524610049/1775583379.csv,c983dce96e57dedf08d0c75ebd9cad8b600d28be2e43e908a27562cbacc9d712
B/20604/2524610074/1775583382.csv,172e18fd7b9fdc47260ff1db5d5aecb5ffb68cd43c075f6b37e3495f8d43f6b1
B/20604/2524610082/1775583381.csv,8776881a3fabcbedf7795b2b169d6756386b8526b79e02effb4d6f8766a7d658
B/20604/2546610759/1775583382.csv,79807ddae22874afd2a5d7c1354f6b85e621a89b50e35464d9bc08a42180f673
B/20604/2548610286/1775583382.csv,b8af756a84aa293b9a943a3e81834ae0642b3a19ed773664b90f94f54d499054
B/20605/2521610325/1775583400.csv,05868f66b674efef373c6e914276c264cfd5b5a20c5b960eeb1bedd82f9ecf69
B/20605/2523610003/1775583399.csv,ee0bb2f31bb668257a7ae21633cef25db3f07f6e6a6861a315cd77555cd141a6
B/20605/2523610075/1775583401.csv,7882fafb6f018031568f1b650a246b65ac756bec8cb6afc9e437b4bc3f86f0d0
B/20605/2523610126/1775583399.csv,6a9b2fb8ca9094270e32b68ab9fc9db51e1b28d89cc55e704a64f4e3bf66f838
B/20605/2523610134/1775583400.csv,72f95d4eb23de8454d66c46a0c3ed02c8738910f68d734d9874a4305e0806481
B/20605/2523610432/1775583400.csv,da0a9de7f12b78659ccd08a2daf5ea9b527e9e30e1e09740fd641b2fc8d22d56
B/20605/2524610033/1775583400.csv,3e9af247f5dcfb04eecbd67379b7c47081c1ddc00cdbbee092a0cb1ef2787195
B/20605/2524610041/1775583399.csv,cd10ebc4347d3b08126786a4176707040bb84a8ab71f61344abf0508a6d87e69
B/20605/2524610074/1775583400.csv,cd2205a86d0fcf12a467b5b039a5c91a8c0ac6d8af952abbf8945a49f136001f
B/20605/2524610082/1775583399.csv,40f5a1cfd9da1a3777a2d05c6daffe7c9c5d5ce4bdc10067aad984d655223776
B/20605/2546610759/1775583400.csv,06b46db5a163e198cc02694be1a8e25949108173edd10e16f9d8871d8f284420
B/20605/2548610286/1775583400.csv,a8aae1514906b796e7facbac3a3b80b1fe5f29ace51749789d543d5960844e2c
B/30001/2521610325/1775585811.csv,4dcf3c69a2c9fc465a9f54beed6c2ff42dfbb24345da08429fe2f1d0e7f52ea0
B/30001/2523610003/1775585811.csv,62bfc2abf78dec9af4ac997085116feab83a1bf065facdf7202a653b5c8c30ff
B/30001/2523610041/1775585814.csv,2e1e0d87a959e5284b0265cddcc5f04e5be4724b7ecd838513e6ff42a9c4ec3a
B/30001/2523610075/1775585811.csv,a493192f7430ddff2a945dace5400b167a058a106d01618e149ef5343ab864d2
B/30001/2523610126/1775585811.csv,3b7b642e7b2f48548c09d5d1312efcc9de6afa3ebf7ff33b294ad6651aa0dfdc
B/30001/2523610134/1775585812.csv,6275b3d23157ed87f01e33f8b7042954733aa69a9f877ef9ba178572d292ddc6
B/30001/2523610160/1775585812.csv,325fe3fc57e6e9790de1cdd1459315b583ba8a679c3aa441c268cd42a3dddfec
B/30001/2523610432/1775585812.csv,cb2297bd9cd1465b2dc643711a2bce55abb5fb17d13285b9ca360f121bf40c1a
B/30001/2524610033/1775585811.csv,1b8c577383bd01531c69539419bbe8f153ad687d39ed1692e31ac28543350a63
B/30001/2524610049/1775585810.csv,594a6e7075f3aea62d4d93bda75f73415856e3dbf56d3bf9b4c256cbff232a46
B/30001/2524610074/1775585812.csv,022720df3f8b735ecd18a32dd2deec00370544e674f71235835680784561b055
B/30001/2524610082/1775585811.csv,1776a0822a096825ed2317e96c7da8271165e73832f38fe063896d169aec4835
B/30001/2546610759/1775585811.csv,45d151871b52a7489c1ebea089611f3896bd4fce17d05e71133993290ae151f8
B/30001/2548610286/1775585811.csv,421c80570b7b313cf3532783a63819d3b5bda14eed7c43a1dddf69c643d94dcf
B/30002/2521610325/1775585829.csv,d4cefc041d9813495bf5b65b8af03ec5d572898c02b2cf75d8214872c3854e14
B/30002/2523610003/1775585829.csv,dadf5e3bb581b3ab5b41209a8b15581dab570b700c270db13e2e19e9183b4a74
B/30002/2523610041/1775585827.csv,cc01f78ae2a89a326c7fae00a028dec031fd6b38f3e9e9ca3fd1e56ac4cf59cf
B/30002/2523610075/1775585829.csv,3d2a2601b14ec724096ffceec81e6c12578281f04338aa1ee9029f99070afefe
B/30002/2523610126/1775585830.csv,66e5a187797972636d6adf5d8cbede060f58a65349c9a8c0f2ecb290b3656d40
B/30002/2523610134/1775585830.csv,f4ac77b46c7bcc030f8ccccac149e528eeb90cca1365e4e8c21fad1815243b77
B/30002/2523610160/1775585830.csv,d1f141358fa36de719275b364f1009c8fde63b89dcad7f49470ce734466e23e7
B/30002/2523610432/1775585830.csv,beafce151a3b76ff440c259c039ed60b38d1d37d2cab83c1d64f87302be09de6
B/30002/2524610033/1775585829.csv,00e0ba49df16c4b2186b736828d81d26bbd4f200c9aa683bb8e9f115ab00c7c8
B/30002/2524610074/1775585830.csv,5c6081f70c397b5b79935152ac90289e21c26aa25ff6ddc6e6a55c5fac6ef7d1
B/30002/2524610082/1775585830.csv,e9debf5536ff1f59023c9ed8bec51f5a0d50987608939d7357c4aeaa76ac0870
B/30002/2546610759/1775585829.csv,59f9a16eea9346b6b82d1374b48507924132cdef66b0f61b85af466bf47acab6
B/30002/2548610286/1775585829.csv,66a653942b910461c4279d02a51481018b9a8997c743b71d28ec1fcfa7d0ced9
B/30003/2521610325/1775585847.csv,1e7f1e53a267912cbda01b74616fbdf4fc1f4ff07527ffc55d8c5bf2b6afe169
B/30003/2523610003/1775585847.csv,5444db9472d998a8fcef098cb7113339545963081a55b1253727dcf768bd9b97
B/30003/2523610041/1775585845.csv,6fd129cf912a0fce993891e72807bcb416e022a63b830a31c6d0249b273a1b07
B/30003/2523610075/1775585847.csv,fd0469f03375737eb4986da474f892a7097356cbddd90d5bc6381787181a5bea
B/30003/2523610126/1775585848.csv,b2f8ab229392d14511ddd3eb6d34c661e94719d2589cd2a3251eb59d2162f962
B/30003/2523610134/1775585848.csv,22f625d4b7d70ea86ca14f4275fad73b787ff4772021502ba156ce36cd6927e7
B/30003/2523610432/1775585848.csv,53ab898b7b23577fc616f429fd9e13523959472fa91af74f0e4049f4acfd933b
B/30003/2524610033/1775585847.csv,54d23c5ba21a6e6125d7fceed5c23ac62a944c7a89886d544b9ed95777fe45be
B/30003/2524610074/1775585848.csv,d14f0c5372a3b266b0a6ec3c70cbb7b8cd2fd40e734fefa3efbde17efcc795c5
B/30003/2524610082/1775585848.csv,1683a880a83b6fbe086f6e3a4191651a86901d6462118b835f446e5258feaed9
B/30003/2546610759/1775585848.csv,43a659f595d8254a46687c7087891edc6a49b1f8dec28f15571a8ac71101a230
B/30003/2548610286/1775585847.csv,bdc94ed80c948562b551f2a6994ee5a8f52f2001192adbd10cde4da2824c0eff
B/30004/2521610325/1775585865.csv,f45bafcd57e7d2b7552f15cb4bd1aaea3835c2d1f794d895b641f621599bd8cc
B/30004/2523610003/1775585865.csv,7bbe07566598504e1a41e37a914276fe2f52529c70e37cc25fa533997b9cae83
B/30004/2523610075/1775585865.csv,2e16718b025f73b6ebb1d8f03ba1d6536bf9c915bd915cad3653e0fc589d7f51
B/30004/2523610126/1775585866.csv,76b30f6f8b053d30f5a342ade7d7606ad370a2f85c168ae4676c111bc664c185
B/30004/2523610134/1775585866.csv,4d4eba6f984d09af5837a9430fa9b32bf09c9808729fe1f1a53ca60f9a171b7b
B/30004/2523610160/1775585863.csv,653d4981b9679639b2b9a3934c5e3898aada364761652c2dca83469c24e775a1
B/30004/2523610432/1775585866.csv,4c3853b693b343ed21a1f3a865d9aafd19e1734da898d61908adb6b51fbc1cff
B/30004/2524610033/1775585865.csv,dae1ed69bedab787c6d1d3d59062acfbe8313784dfe5e76cc940f0bcd56e1c93
B/30004/2524610049/1775585865.csv,603c3a6cf7e941cb3ac6f9b68f69e06bca5634e8ab295f13489060a945f0d258
B/30004/2524610074/1775585866.csv,06be00edb47a7359cec38c752da038a69948a3a708fa64cec4d34839322329cd
B/30004/2524610082/1775585866.csv,a9c809bc3d17a447dee70e6e86eed1206e75a79d6a291a521a30cd4825e6baf1
B/30004/2546610759/1775585865.csv,502f109f2b86f3ce24e994b5711873f7390867b8eca7eb6a7bb6be1bde3c9b43
B/30004/2548610286/1775585865.csv,933eef77b505204d7bbde35dc5ace98ab5946838f0fc315dbbe9bb7162702f9b
B/30005/2521610325/1775585883.csv,227a30bf38ed42aa494b6d5715ab53d2f5cbb77a1860c9385c89dadaec7b0aeb
B/30005/2523610003/1775585883.csv,8862d3530bfffd4f74149a7f62dd090090f6dcda3d1ed4ef390c7c13c6ea9611
B/30005/2523610041/1775585882.csv,cdfa32c047d94a246a0091eb8e1b08d7b1b348bc99720395a00f7652ea1aa22e
B/30005/2523610075/1775585884.csv,c7883709821c8c63ba458b2c5b3f1c35745b51605fc6fe39e81d670f8335c91e
B/30005/2523610126/1775585884.csv,5ffbe7826125a17a402fb61fecda4b9678688f3b3512f4b5a53f72a855293754
B/30005/2523610134/1775585884.csv,cd761b84c7705c7f800d85fe1787d0ceb7d45c0e0fd32f0d3af3481b588707bf
B/30005/2523610160/1775585881.csv,efd0c7ff6cf92fbc6681a9d51b4fbae79bb1e66c3a2c49134efcb3ffca0921e0
B/30005/2523610432/1775585884.csv,c394e3ca2b999ac005a8720e547a46ddb86d96261df4f887bc2c8979d1ad4491
B/30005/2524610033/1775585883.csv,44f965632e1656e80258a152aeb991d02a40d153cba5d9aace1dee4b26c9d681
B/30005/2524610041/1775585883.csv,b22bdbe4fea7858acdc4aa0ab1bc57ee32841bcb6532c6f5aa1980e3fcc99985
B/30005/2524610049/1775585883.csv,bd9a16995d0d1703ded02c050d669bf521d912b4f3278a75544cc2eb4fc7bd33
B/30005/2524610074/1775585884.csv,f0922fe45d9d1e39966d09d56d1dc348526aa5ceeed67de85ba5bb22599fbdf7
B/30005/2524610082/1775585884.csv,2f4b337400d616712f4ccc87c41a6e1ada68cae7e9e0f4445d0c4c1ed7dcc19f
B/30005/2546610759/1775585883.csv,c11631d978cd3c8ad91ac01eb835d90a147a45640865431d750f576e6039a342
B/30005/2548610286/1775585883.csv,02be5d3b889af3fc1fbbb5315973fcc92c67de1fc485a49bb329fe2db12d0830
B/30101/2521610325/1775583418.csv,abfa1d06c42ada184aaf3c40d36e3d682d9ec9bb8010c5af524f9ef600997b08
B/30101/2523610003/1775583417.csv,a2ed7f9ec246205ef824d7040eacd7e734917e40c0858ba1e25555601bbd307d
B/30101/2523610075/1775583418.csv,6ec8fe41679dac3a52e39c9e58153a5b15f71a5f4146e33f812cf7622d8a0ff4
B/30101/2523610126/1775583418.csv,2e1378cc2a026f6a3b3eebd711e309c3ec9ce1957235a9e33283c56b87cd774a
B/30101/2523610134/1775583418.csv,5b20326613babd21cf7047bf8b520c9173d894a09abea463c4c825e34a05e934
B/30101/2523610160/1775583422.csv,e706a977c2802d7d75c220919de01d54951e66832da91a60ef2aa8fe4395f1a6
B/30101/2523610432/1775583418.csv,a5011f5534f6281cf876dbbb172ad6e8f9033b1c0872d5da7bccb49ef750839f
B/30101/2524610033/1775583418.csv,cd2f90ddedfdbdc8963de654700afc3d6f0555e0eee22511f7bcaa9dd250c984
B/30101/2524610041/1775583417.csv,b07887daa4f511537feeb435cdd553f9e08caf0553683f91f3c80ee33431bf71
B/30101/2524610074/1775583418.csv,8caa7c3c3912b07c53742ae00a2e4f1cc40cd6554ab293ac90e60dded52f0f75
B/30101/2524610082/1775583417.csv,c2ddb508aa47abee1c8bc73c500d522b9cf94fc82ab8606a9ef6754e18a6880f
B/30101/2546610759/1775583418.csv,55f94d1312c3efa7251da1e9696e45014464f2b710ca4badec2a392fc534c719
B/30101/2548610286/1775583418.csv,c5f2e1bde1327b409937eb5e9df9fdc234af5a69b01316bec67eb6da624d0e6e
B/30102/2521610325/1775583436.csv,b33facf06ca292857125cf00ee9f385284503808a7d587a2b1110c482e3e7448
B/30102/2523610003/1775583435.csv,518a6fb94eb330773f580c2d5c0bd3852cf2f3fbc06a71ca5f33a7a142a0a24f
B/30102/2523610075/1775583436.csv,bf12fb238087a0c15b905cb647cd7673a336ef17af36437e626ba2e162050876
B/30102/2523610126/1775583436.csv,a3eb49f8a493e8763decd4e96fff3551c8c088dd896ba7881eeb1eabc50ba04f
B/30102/2523610134/1775583436.csv,ab10c72a8ef20a6b6f38d7d496b3e63a0b53a9f46bbd6962a63acc750c78fb30
B/30102/2523610160/1775583440.csv,501243fffd0424bfc006b3b20bf205e9c1389a1caa9a267503ab027dc66d84cf
B/30102/2523610432/1775583436.csv,e7ca819d09391600c9c1233368156f3e165450244bfa9f88ec20970fb25c68df
B/30102/2524610033/1775583436.csv,81d9f08270bc2df441b341efab4bbb9289c673bb39a74caf90902769ae5bf1c7
B/30102/2524610041/1775583435.csv,69196767f75cde9116cbf77ec7ab82a186fd7fc06279b5d38e12eabc2c9bca3f
B/30102/2524610074/1775583436.csv,868a679884f7dff21cf50b511f61657db852a4ade145dc5736c2fece1157b542
B/30102/2524610082/1775583435.csv,edb989df72461c8fed92f3f2416c8629ae5abd27443c7ca279b7d1b138310fe0
B/30102/2546610759/1775583436.csv,7fe4a9ed074031cb87bcdabc27ee08011798a2b670c63d505c9cf8c8afb992a0
B/30102/2548610286/1775583436.csv,6f7fc449763969aaeb478e77bea72c9be6e41ed1e736323c7f4fee0f28ba8640
B/30103/2521610325/1775583454.csv,4eda83e78fbc0b5e10af88c9a7d1d0685b6b762f109f15bdc6906717ed49c492
B/30103/2523610003/1775583453.csv,c7d78b81d930a6f88aa4410c9e4a54a2d0288007ebcdc849e0907f774a24f529
B/30103/2523610075/1775583454.csv,99a4dbbe79ec393358a1472eff912447a4297079c7373170cb00bde9b71bd988
B/30103/2523610126/1775583454.csv,88f00e43dc056600a98fd0a657c80f20b8c6e40ed719f251d7edcdfc04531785
B/30103/2523610134/1775583454.csv,21555c588ecab03a51853b40bed6a206d8b419a5651029c3424ab7b90c9e45d2
B/30103/2523610432/1775583454.csv,3f3d2066ce9f23daba1bd6e785b5eae3cde33676818ca9ee28185830dc4d23ec
B/30103/2524610033/1775583454.csv,8200d47625296a6f454c3f25ef9df115a4bd4574331a6f4fcfa1e876f7fabd61
B/30103/2524610041/1775583453.csv,8dff9e947bc6ee73d88f08b6b9df58f263620f7fd73938d897b113f88849516f
B/30103/2524610049/1775583456.csv,95a1ecda506d656250d7e405e54987616c18435a198523a9a10d04ae01430175
B/30103/2524610074/1775583454.csv,fe845a951b5fbb42d899bca9fe6c75d654bc59e51b03f4cf69e59847019afffe
B/30103/2524610082/1775583453.csv,543bb7498375a0de3251c0054b80acf29dd9728fa97de2031bb8aa08ac089320
B/30103/2546610759/1775583454.csv,dd14d7694d51c1f439e3b5940ff37af02611538edc1f0309bca5e2fead88dfd4
B/30103/2548610286/1775583454.csv,6615b46f67776a9dd6bae676eb13055f471f1c72e837795bf206e75ec40fa19a
B/30104/2521610325/1775583472.csv,c5fd8024d851587e809c6f2d2f13dcd59b2874bfe85bdd78f694d0b4dcb6a05c
B/30104/2523610003/1775583472.csv,0bcf2bcfc3cc1f1fe9f47bd11520225e87fb1ba03d3faf6809f8309b64ce8f01
B/30104/2523610075/1775583472.csv,9d03c1e3a2fa6e325c7d431facacd9367249555bbc8f126e395433ade3a1425b
B/30104/2523610126/1775583472.csv,321840236dce69fbbf7adbb8480032a3cabc960b2216e17ab7f01cd7fdf8f559
B/30104/2523610134/1775583472.csv,313cc752b21172953cfb251bd89769ac874e434fbdae4a8cc543a2717a5f9000
B/30104/2523610160/1775583470.csv,ea04c9a5fe9b3a07e3b64fdd101b7ba987cd73487c770369df38c5be4ea3b893
B/30104/2523610432/1775583472.csv,816df7d13526d5493d937df8dd87b41a13720829f5ad7add77dafcdb4318b603
B/30104/2524610033/1775583472.csv,cad429335991adc595b8c5333548624892f4db7ceef46999fe8146b5f1fa8990
B/30104/2524610041/1775583470.csv,b7dd862785edff28e57673376949c8b1c67637d78c3bdc1d04f69cff84c5ab7e
B/30104/2524610049/1775583474.csv,8d4cfb1bc451c2097e06fec7dcdd0f12d7c8b2596e7b33e6eee35fd5b30b6c5b
B/30104/2524610074/1775583472.csv,f78ae21a763024f101d1b5ece4c6a76e50d467c55015665140d4ae07c319acd3
B/30104/2524610082/1775583472.csv,2b066c9d478c6b535e851df2d564089e25b42f68de09dbb0cbc084ca16d2a1f8
B/30104/2546610759/1775583472.csv,7bb872394b147753578e49a3d243fe6f8775831cf735bf073b8ccabeca827166
B/30104/2548610286/1775583472.csv,63fe1b748337733c6026e32bc035d04c213459f9a3199b5c02a49fba6d2f6f8c
B/30105/2521610325/1775583490.csv,926853e9de49b31686761c4355664fc26fe6a04e10d7c798d64bae7d3048997a
B/30105/2523610003/1775583490.csv,4bad8f68f16e1927418ddaa3dfc636d26029705caad2bf219edf60481a319746
B/30105/2523610041/1775583488.csv,0393299f653c3ab0a29763570cca1edd079029e7be07ecf5799897856c23ecfb
B/30105/2523610075/1775583490.csv,d15b6156dd198d5c16c10d17018156f16e8aad0e1bac7b11b242a99723014dcd
B/30105/2523610126/1775583490.csv,a0b99f5016916759bef96218cbb1d4febe5dd6b302191be94b5a85c21f19da1c
B/30105/2523610134/1775583490.csv,ce4932ddb0d8e8ed1d3e9e30d477268e0c2c5d5985cfa1e04d3093175164af8a
B/30105/2523610160/1775583488.csv,ffe314bd39058c10583a0c89700400f47973c6b6135ed5cc81963b68da3ca6ee
B/30105/2523610432/1775583490.csv,b5c092981e5b0f30b5ff9ec47105bb6801f22bffd8d43d1e2ce650787912cd01
B/30105/2524610033/1775583490.csv,c38bef8524d2b47470794a8c3765eab319d275970651c20fc343735dab685644
B/30105/2524610041/1775583488.csv,9dfdb6c56381a8d27debcb03a7dc0b4ab669744982e1c07e6cebea3f518ad1b8
B/30105/2524610074/1775583490.csv,c1fa96ab2335c89e52b229bc0991068bfc538de6581f67e544a09ba15bf888f7
B/30105/2524610082/1775583490.csv,2f7e2d0b7293b7495f6c69224f3cf5592ae8dff0a6e9149079c49894079e15b6
B/30105/2546610759/1775583490.csv,e36f6728762803ffc858390d08312343a0c22ffbe3d9949f0583af45449777be
B/30105/2548610286/1775583490.csv,731b30aa96334a2805fc6c1a0df3746d50ebacf483d502a59a67664d816bcf9a
B/30201/2521610325/1775583508.csv,8358d58dff6d333b25d93438eef0b436b1080e1b7cb43b283bafb25be4de373d
B/30201/2523610003/1775583508.csv,ffe13ff42a5e2d5853004d4d5747132a18f6b178e78d037b272caef4016ec8c6
B/30201/2523610041/1775583506.csv,3a7cbdc608311e667671f17561e17a0cb57da306f99d92936b2899a5d2e344d4
B/30201/2523610075/1775583508.csv,59d9dcedbca0c140735ac83630c6fd59251ea2a418344d30a5d9562dce8272ba
B/30201/2523610126/1775583508.csv,3eedc3c1203052e91a4da2b99cf36df877897aaad36ead4093d098cbd7f4539d
B/30201/2523610134/1775583507.csv,521ef5bb638b499041116c844272e14c96b7970409a1c13e9c7f7b24828145ef
B/30201/2523610160/1775583506.csv,87a7ba5cad8595dfabe7531c0766c53a979c8e089ed8da1357d48c8d06e9e0d1
B/30201/2523610432/1775583508.csv,81b95e594841ba187b3842543870bc0dfe92fae7864558ea89d5428f591668e7
B/30201/2524610033/1775583508.csv,e2851f15b3fea0b7d61512351a57ed08da88cc760b9fe76ecfb31345cf06a472
B/30201/2524610041/1775583507.csv,6349a55e37cb688fd62f073db2ca798af190a92ed2aa7052746cd860af0c7461
B/30201/2524610049/1775583505.csv,159a20ee17345f7baa6c73a7beac543a8c637c655c5319dbc701d10fe1358293
B/30201/2524610074/1775583508.csv,8cfc389f76be01537049621ccadbf81a3e69eac3fe0b486c62fd2abaf1f185e9
B/30201/2524610082/1775583508.csv,fdebb57ea7a7853a998fe3732073c2e7612da521d65ed80b365bbf3e671e846c
B/30201/2546610759/1775583508.csv,503e9f9e1ab1adeb462739e436231a4c628b07e0efbf4f28b189e5fdbe6999e5
B/30201/2548610286/1775583508.csv,45fbaeef1c20ed5e3b1a9f87556ad07d532972bd4fa38dbf639bf0763ef72449
B/30202/2521610325/1775583526.csv,780a54873287f97dd506bdbbe63367dc163991c733c65aead6efdf57509ef724
B/30202/2523610003/1775583526.csv,3b3b8e081312719823f4210f79de2a0577142fedaa8b3c3dfc91392a5c22d988
B/30202/2523610041/1775583524.csv,423ed6808b9ed0a2b70f92c592e92fda2842cc9517476877542c33db2c2cc246
B/30202/2523610075/1775583526.csv,88cde2cfd6925b730237a299cccf093f75a9d9a2b98365db42d65500a6e95669
B/30202/2523610126/1775583526.csv,aaa73c2e7cde73f2afa29b764fd27dfc2374dd1c1d041badf93057da9f8f7c69
B/30202/2523610134/1775583526.csv,f31fad57e835659a135f296d52cd6e007728087213431ba80582b60c47ee5ea4
B/30202/2523610432/1775583526.csv,bd5da035345a1df7c66e5b68b5d00dfdbc64aeac87404d4ff05a48fa62f517ad
B/30202/2524610033/1775583526.csv,f75d64da93e8c73cd79613932471cce48a1be2267b0eee77c1d5b2cc98de0e1a
B/30202/2524610041/1775583525.csv,9aad4e1b63c19d3ffc28f7b5e71e37230f098768c0cf2d283ccb12a7640de607
B/30202/2524610074/1775583526.csv,fd0937b306b76cd26c0a3e837d918e4a9b915407759c2334508075bedbb54855
B/30202/2524610082/1775583526.csv,4d9e812663cde3623adc877710245277945830e85c89aa6fe1bc76938ced2151
B/30202/2546610759/1775583526.csv,f75ab94ea1ac7cc48b6810d7608b04cdeeb8726e9fec02114b7d44251a9c7af7
B/30202/2548610286/1775583526.csv,cb2239e2af2dd4efb7fe688c4d8b7bb890b973cd830047683413e30d3e11c6ba
B/30203/2521610325/1775583544.csv,008746d9d56e90bc5482ad9c0b5aad028e23e8a9f223de73eb1c995aed2eb4ab
B/30203/2523610003/1775583544.csv,3f597459329e17b73951f9e908b959659a9bd2f26aa5e2310d4f8b5c70c91488
B/30203/2523610075/1775583544.csv,40e624d2d56c0c90d8c95c78e4b3e92a19f3e6c4b2c418c08d779c77310305a7
B/30203/2523610126/1775583544.csv,3ee32ea2f6011edfdd3bd226a4ab76f65bd65118f46f4c57eaf5f59bdfbc79df
B/30203/2523610134/1775583544.csv,07e39231fc6c1c41c22853e9232bda7285f48051a6043e93ed65ca27c6cde991
B/30203/2523610432/1775583544.csv,5be3ac1efcee00d1d98e6165985536fee22b646abff01dd9980c0b64b106de96
B/30203/2524610033/1775583544.csv,c4e9ae0fe1706c703cbc4b251dff8a6a0da8b2d5e22377d4cb31827221064b53
B/30203/2524610041/1775583543.csv,567557b158d11eff19a091f760513c7af00151b57b3010d9d64ab8bd45a14f59
B/30203/2524610074/1775583544.csv,4a6d05218a0646a95144a37e82b7ce6aca3614d0295e8e062ea729f13c94403e
B/30203/2524610082/1775583544.csv,c3c465db3f55490fab56276636a5975d0d6a35d00afa79abd2542570da748a2f
B/30203/2546610759/1775583544.csv,c0f50084a68c00e508fd679cc42208e076e78e9b1e262d8927ed0f55a956a7d4
B/30203/2548610286/1775583544.csv,ffb92166c4e02deaa36c476fcf62a3e9aafb618f0ff4d83bd49524dfa72838ef
B/30204/2521610325/1775583562.csv,d2e9f3c73c69a889c4d4f7deb2cb0e0f21102395a1f6c1c1019c4302939d8970
B/30204/2523610003/1775583562.csv,90aa970d0caac86db11625bc76e56e0da44b415c8b9450a1ee38611ab80e383a
B/30204/2523610075/1775583562.csv,2e111789d535d2521d02eb9d698d2c4c346a4ec5a4b25f411055811b691a82b0
B/30204/2523610126/1775583562.csv,5df90e2196aabd417d61802fed1f5fc15fddb689e59342d8c9ab9b865f3da0a1
B/30204/2523610134/1775583562.csv,f87b3a407b526d610e05a067726f9bf100e8b6947d7b8b0006e2ea4387a1a280
B/30204/2523610432/1775583562.csv,2dcae76ee33b0b4948f32347ddd9b254c4b6d09971649c195b8b662755a80f1e
B/30204/2524610033/1775583562.csv,9e0166b8643a90fc489302bdcf914fa7603342aa5020f3db9dfb5c292d3d4919
B/30204/2524610041/1775583561.csv,e61932315a1b2c2574f86039745e9a995759bf4f6eb34eae6480b5e5ff98d186
B/30204/2524610074/1775583562.csv,12b7c7792fa7bd0f9416072f0e1c43c87d87b638da74da781d1867fbef87eab3
B/30204/2524610082/1775583562.csv,df5300e7081955e4c46615170142a6b51802cc83e2629662446beb7bc77dfc37
B/30204/2546610759/1775583562.csv,56857be04fcb10de88b55dccc180f2b3796fb90c1835b9dc32336e8d4c2d1b84
B/30204/2548610286/1775583562.csv,be3bade82452a63aee6e37f44963085adec103a75b1584d2d150c5746169b215
B/30205/2521610325/1775583580.csv,a8882b66b058c2643ab80271372754912c0241eb4e66ef59cdcbdb51ff112eb2
B/30205/2523610003/1775583580.csv,14371398a31e4dc03b84935e24f7365adc57c495b44c4bc00c5c2fce82ba8961
B/30205/2523610075/1775583580.csv,565553826fd68b1d5f0ebbfd1296ee250bb5a1787f216d1dd868c36a49c0de27
B/30205/2523610126/1775583580.csv,ee51295eaf38c435d593b39f4e4d77432423ba6eacbd35899ff915546e747ac4
B/30205/2523610134/1775583580.csv,c592abed809a50ac8bc9149a6768980825347de60ee4616888f6f97a1de0b104
B/30205/2523610432/1775583580.csv,a48e9c695c369da63b07e598d8217ec8390f7dc2c65d26aa3e368556e93e010b
B/30205/2524610033/1775583580.csv,76a41ced6253980d0a3376a0ea630f18ae2f61dbedb4bafb2b13e2ff64c15fc1
B/30205/2524610041/1775583579.csv,4fcc1448bdb34a10e88799b6272d39a531e04e6fd551c3f40a70519d62d9df86
B/30205/2524610074/1775583580.csv,cd4d32bb22d23bb165732dea95e31070d0d406a621ae66a4d47df041f4ca84e3
B/30205/2524610082/1775583580.csv,76e0e04b84b7a53307e4f413f957aef8527617966e49585519b406ff89650188
B/30205/2546610759/1775583580.csv,d3e0d853ff15f16354aa2f03d7f732e65ba453abab67e495ad7e9e41fba5ae70
B/30205/2548610286/1775583580.csv,89ae330b37f3da3d19f32b475a27bbfdba03f5534726e111fe49cc6cb8fc4993
B/30301/2521610325/1775583598.csv,a6b8b5596e28ed344888c8b6ae6569119c168f191ffee46c87b1f88c862902f8
B/30301/2523610003/1775583598.csv,74867ebdfeee47d316f1ad9ed83f4841957da5e9c4f476fefc478ae9f17945b9
B/30301/2523610075/1775583598.csv,bc5f367883d5f610e59810dd6fa400cdfcdaa59a8aa587b963ed45d46b3809df
B/30301/2523610126/1775583598.csv,da18e5f2b22c1a31aafec94908dc1453014eb27364c659c935e04139fe4ecc1e
B/30301/2523610134/1775583598.csv,2855881422695b98fdee3123a683f72b26d9dd6b22cf934cca854232b8b4a50b
B/30301/2523610432/1775583598.csv,be4d2fae153d16a3246cbd2b6e2e6356aa98a633be6ec5f03e37a0ec980f7d7f
B/30301/2524610033/1775583598.csv,c05aa3d7b9caa36682903583b72e7296169390d4515860d3134e36a6027ddd34
B/30301/2524610041/1775583597.csv,d9f7fb6d0d77c6443deac94d6d6c47a900711b3eb5232a7d8c7903dfb10e3d6c
B/30301/2524610049/1775583597.csv,d021967c79328a023a36eaba44099898d74650155d6ce09507e631ce0ebe16ea
B/30301/2524610074/1775583598.csv,dd9bd50fdc60241894dfabbb167df703226d146107b8d1b2ed6c4c3b3a285b13
B/30301/2524610082/1775583598.csv,44906cbadb2d1d9a2b15b78033e00793b35b99b9efbb198263b480988501e7f2
B/30301/2546610759/1775583598.csv,9992698f1a8d5d0f93c2e0ad04f6463b5c52af1f1325049112ab800190610bdf
B/30301/2548610286/1775583598.csv,4d6bf640ab475d211d40cbb6e18ac04ca11b7f64e60fbc4b54a1346440d4fef2
B/30302/2521610325/1775583616.csv,f0ff35638c695137dcf6a1cd5e95fe0e32fe22e30c696afd97439aca5630d9b8
B/30302/2523610003/1775583616.csv,ca23e4215b93e52f643420326127c21066e8bbcc3ccc7b313c7a1f6be794ee92
B/30302/2523610041/1775583615.csv,eec607718c2a96f0ec4da1a9ab55da571cb3f072cbe9f8f9770fa1fdc5eb67c0
B/30302/2523610075/1775583616.csv,f041ae4a143dc4b6d32a1979400bc73096c2e18311edcc949869c91ee2f6f04e
B/30302/2523610126/1775583616.csv,52144bf168b2101f8d20144f9658a293d029f25c8322ce5d5208deafcf064ca9
B/30302/2523610134/1775583616.csv,411d605cb3eefab19d828aa256ddd211779bc0e2a85cffd4bb5a011e384cbe2b
B/30302/2523610160/1775583614.csv,0e82b7efd6c078a0e20c242ccf375d7cf7e4caecd96c26c9558d6deee953ac07
B/30302/2523610432/1775583616.csv,cf90cbeb1be514912a6bd6fbc555b2e07f85e92ade94b24201053826645b3e65
B/30302/2524610033/1775583616.csv,4b04388f42937b37326525bc855788d22e0f7e5000d0c4d6342491c26dc64f9a
B/30302/2524610041/1775583615.csv,ed7be31d76d5ba2b1f81de06f2e5cbdbe279e393bc10c71516fdcd13122663b1
B/30302/2524610049/1775583613.csv,9f389e5aed86710b9a0a8780599efb5b2b011c554f6324ac454eabe197d8af8d
B/30302/2524610074/1775583616.csv,13242e8c319a1347f0456dc7072546e551fb8f09b0cc58376823cc37ba036822
B/30302/2524610082/1775583616.csv,ffa1109330efe95f52ecbb92a753fc77d6be2293ff01fa10152859247440c8de
B/30302/2546610759/1775583616.csv,844c5e048066dbb63a267a2a3d19138aadac574a9d25e8a96b9867c91631b46c
B/30302/2548610286/1775583616.csv,0170607dc928bf42cd2f6c79ea05d24f04752738dc21da2a162b21fedfa39bb6
B/30303/2521610325/1775583634.csv,3b4f6cbfa0ac3f5446fc578599f27eabc7aafbb5502391ad1f8b9ca9d38989de
B/30303/2523610003/1775583634.csv,7d28549d9cbbccfa50bd99aadc6a565c6a92934fc130953e15897deeae6fe4a6
B/30303/2523610041/1775583633.csv,83780ea8e53a5de12af58bb086e75f3926633354c40f5f27652bb56004e6d7dd
B/30303/2523610075/1775583634.csv,c5e38f872608df36fc6d7b0d01a5575c396a6cc224b6a3826ac863d90ba55e50
B/30303/2523610126/1775583634.csv,82ebf677612553276f15623c07b9d0560c7b1f5e04f53fcfd00a4cf071bfc858
B/30303/2523610134/1775583634.csv,37ab4139ae3f33e62fffa9795a2901f715c38e0c9299c27ef725896311cbbddb
B/30303/2523610160/1775583631.csv,488bb75f56e454b2f94af7fa6677f31d7dc14081508b251794864e0eb353ea3c
B/30303/2523610432/1775583634.csv,2610cbad81d23d130cbc959a58d1934c44d93141ce21727fac2d6735bb27ce64
B/30303/2524610033/1775583634.csv,179e295c2cd5e3a9a1e931d9b9f77e47685ba6ad4124712ac871ccc05e919f24
B/30303/2524610041/1775583633.csv,c73a40f2b1bb79e3d35570306605aada80d1c81fb77a398e0a9ad35f61649da4
B/30303/2524610049/1775583631.csv,7845470364981c5df87fa2ff4962748c556230216ceb0a7787a0ed8ac1cd1a32
B/30303/2524610074/1775583634.csv,7b6f6858af85b603ca5da54643bdfa7c457dfc3e19cecebfbde5a73e918dca15
B/30303/2524610082/1775583634.csv,e748ff76beecadbcc4f176f7ae002be5169cadd247a8a9b1aa6f188801ee26c7
B/30303/2546610759/1775583634.csv,15400bcb7851558ff5e029e16c45280d0b1bf98f4f70b6395d45038baaea0d04
B/30303/2548610286/1775583634.csv,51797e17b65a780085e5bd6919d5a76eeda838f1217cb03e356495ee5b1a00e4
B/30304/2521610325/1775583652.csv,2ba4a05d3d24b9ac8a09b9be8bafced6eb73173c0000f837ec8cc8307342da3f
B/30304/2523610003/1775583652.csv,ef4ad8dca851f5cdbec1d16b1c35a3e99667b8c82a913d3724a127fdaf772043
B/30304/2523610041/1775583651.csv,a390cc3e00b2634215611da7473a9a61bd3ae747a8ad5cf161ac2dd11e7b1bb1
B/30304/2523610075/1775583652.csv,e1cf951f94d0217ca73b3d8f9a5ca957dda538b1ee99753b6d27262600d15685
B/30304/2523610126/1775583652.csv,4afdc81c7bc8ba7e1a9be49c3f2aa760ca573d3a8dddfe4f2f6e0778ae0e967f
B/30304/2523610134/1775583652.csv,312bdc4d2794d44d8ed06488a5161956cce8b7f90a3fed15c648652009ee83e7
B/30304/2523610160/1775583649.csv,f5491317df1ad55e00a0ef296814ce65bf64b93d36cca30612e81b33a1c9fab7
B/30304/2523610432/1775583652.csv,20a95e255764e332a79b2f67a10270555cd8feb1281ac96681174b69431f2bf8
B/30304/2524610033/1775583652.csv,0848f75354f6b70c1e863f0e2abaa7158309f8a83bece8cd5d5bc3fc6d473290
B/30304/2524610041/1775583651.csv,9a4a97a6c41cd6a25f8492dd2fab2968009265656e4f65e6ccd1cf9af2533a9d
B/30304/2524610074/1775583652.csv,cbe2b465504fd5b9d6a9ee6f081ce4710900cdaf024b6f7af9d5b9b2f3d9e968
B/30304/2524610082/1775583652.csv,c9dbf5a54f1c2f430329c58f7c701db6e9e859b717cbbf6af4b887524e85d50f
B/30304/2546610759/1775583652.csv,ae5d525b26daa52200e64e45433f1e3319df125d135f733afe1b09a690c0e15e
B/30304/2548610286/1775583652.csv,e26e8ea775cc92fbaf98d5924aa8e9f98b11f92bae7b896488c5f09d8f159e2a
B/30305/2521610325/1775583670.csv,ae78a644be9a7812261e9e734bfc2a343c929f68d52da0b04034e4ca2340c1f5
B/30305/2523610003/1775583670.csv,6f6510d65366ad4cedd8e308ddd2200493619ae436b487551185e84e1765b393
B/30305/2523610041/1775583669.csv,5bfdcaaf809a0596163b731d28e1b31f8486c73038fb3480a33f954d6ed9c92a
B/30305/2523610075/1775583670.csv,203d6cc3da24a266e91aad20bce4e4044ee0a66645bab90368cf904c81732a98
B/30305/2523610126/1775583670.csv,e59e52f3d50b8cec6c46a77a4f1afdcf63684bcb64de1b374a1b1defd6af3ead
B/30305/2523610134/1775583670.csv,7642636fe56ce1dc62bf595fc544cdf6b80d3a876b76cd5647794598db3e7cf9
B/30305/2523610432/1775583670.csv,b284d0ba86bc407c18c6e808d9d6a1b560fb4a2a79ffb516483c8d3918293a94
B/30305/2524610033/1775583670.csv,37fb9a0dfbdf42abceb8270e5fd9e356f549fb8c64a39d3de2c9dcf8a5276a44
B/30305/2524610041/1775583669.csv,f17ba4527e14d27a0ae3727395af453a3d55abdc3880d8179f5c23d209b4a70c
B/30305/2524610074/1775583670.csv,e88f73956f5e3abe35ce9037c9d6868b2251e16b0237439c15dae728bcc6b312
B/30305/2524610082/1775583670.csv,d0ef773e704fc9d3af9c1b6c869abcfa4e4933e7d846351f6b74e02656a29f68
B/30305/2546610759/1775583670.csv,9098417020849e99ab442dc73e4f34404e004f3762cb0498ba5eddfbb128c737
B/30305/2548610286/1775583670.csv,1a8e0095044eb88a1ed36dca83c445c135b437fcca161d76da2c92cf50642fab
B/30401/2521610325/1775583688.csv,124057083cf49c227a196f7360c6971b9cfee2eb184324bfcdc9b9c99b3273a3
B/30401/2523610003/1775583688.csv,e96a59d0fa999d259ddbf08f1074aa8fd192be5cfc12cdfd53db22406c51d8f5
B/30401/2523610041/1775583685.csv,189003d02ffd8be69e81c322b56602aa624dd5277709a7baa8a8d5108d4495d4
B/30401/2523610075/1775583688.csv,379a4036127bf7a913ad1c35866a1f9fbb69dc7f9e99e7c1e661ea6a9a43aa28
B/30401/2523610126/1775583688.csv,81004ac367c10cc03dd99948b6129dc14144656e137af13b7f58d0e97825ec50
B/30401/2523610134/1775583688.csv,f2d6e2786e75ea6259c14e4498402e0fffcb495820ef44489a53aa5bc9ac7760
B/30401/2523610432/1775583688.csv,300913b8b912fcac3d6a5cef7ed1a0c894b6e4b6f1138983046c7109d870ed7c
B/30401/2524610033/1775583688.csv,d5bf44a6aba79eb6e5f34eeab3d4513288b6d0f3cbf31c0a20c99aa0179d6141
B/30401/2524610041/1775583687.csv,34c9e43d8543a2fed2ef5119018ad5301a6ddf16a67a934eb6df2b11fe5cd6cd
B/30401/2524610074/1775583688.csv,845743edb647ffbf086f957aba93d09f2cdfd8b21d654e5987118b4a892b06da
B/30401/2524610082/1775583688.csv,6194409b4fb681e90a812e9ad75ce079e944c70dd96ce6961f204390fcde8436
B/30401/2546610759/1775583688.csv,cb4f3973b6b878f28050fef3ec36628c688d14686fdb94b0a859c21ba0c055bf
B/30401/2548610286/1775583688.csv,3896b878acc8aaffa943713492aaabf0beb10e82ddd1a7c79f35d7948c81b15e
B/30402/2521610325/1775583706.csv,bac8c0af2cb94b296cc1b4539882f6bf5689bbddf539efcb7812519b3c960df2
B/30402/2523610003/1775583706.csv,f467527466727ac29aa99ab266dae229b6231bc7be0524da67e6abb86db8b737
B/30402/2523610041/1775583703.csv,7454e834a302447f59f7c5cd90a3808d8a286f0431b11e25747d89154bcf03fa
B/30402/2523610075/1775583706.csv,43e9a17971f2e0f491e470059d4cf187df5a7bc9964ebfc89b38d6ba4bf87017
B/30402/2523610126/1775583706.csv,6e5d629dd410273a285ae175aa59fc053e07554c868384d2efb8dd5970d36ff7
B/30402/2523610134/1775583706.csv,9e08aeb1c3e0410070be9651aaeb8e86bde33af9dc72e6c99fb8ddb68029f1ed
B/30402/2523610432/1775583706.csv,3444221fc18927073a09fb76c33313a45319ff5f6546d3465c98e2a65adf30b4
B/30402/2524610033/1775583706.csv,2b4571f26ac2ed7c46eff910481fa18ceb89dac6f50fd84534549c3835b17716
B/30402/2524610041/1775583705.csv,b6053d2cc7162a5c8d1f8808433328e7909625bb16857aae18b032cc7ae8dceb
B/30402/2524610074/1775583706.csv,6f6c38e56d964cf3fcf3dc0232b721f88a8a1ba6774799847046d51adedef5ee
B/30402/2524610082/1775583706.csv,7193193beadad4c6454d001622a5c956b55af9bbd6ca28715d5cffecb7c58f63
B/30402/2546610759/1775583706.csv,c0e4710e5471c2a14fd1564111af6c67f46d91a444062db312e9da39e9a0e24a
B/30402/2548610286/1775583706.csv,fc762272da65fd63d777bf6f1a8ddac33d45af987fd2b74b8a6578b1aa2195f3
B/30403/2521610325/1775583724.csv,78f551d822f619a722af7c09140cac05e4ffde8cf9d547a2d43ad8d5beb5dc97
B/30403/2523610003/1775583724.csv,34d576321ced13340cb319a013f0d032b3ef6603372df892e3973acecb25aef4
B/30403/2523610041/1775583721.csv,301ac0a5571a2425f755eec7c37e9363460e13a3567e020b06d10784a4e476c4
B/30403/2523610075/1775583724.csv,90390be664fce3e787d94c7f384a99b429b59908b8f488024c06bdc0026505d8
B/30403/2523610126/1775583724.csv,e1ec6d2fc714a0f789c0fcdecbe08eb078378ecd415b1e1e42b8e9d41baf402d
B/30403/2523610134/1775583724.csv,6a9d5b9731cb45b65077f7f456f3aca8e8e36cb58c4bf8a509d89495376758a1
B/30403/2523610432/1775583724.csv,7e383e1f154570f6ae5e46d99af01da34ef329a8117b0b89975af5ac67f276cb
B/30403/2524610033/1775583724.csv,67e76be3fcefe05e12798e917c88ab59782162798061bf26141452677f47976a
B/30403/2524610041/1775583723.csv,2a2ed95f84ea0d267040a045e7ab0cd0c946aaded2a58e3929bc479f187bdaf5
B/30403/2524610074/1775583724.csv,9b2abd7159170fb34c54167ef5ab23db5aa1a020912129bf8155443803a11cbb
B/30403/2524610082/1775583724.csv,edc8558eb4ee0d2a950c2cc67e6b1514f03fa065d6d8c03e68161d7724469221
B/30403/2546610759/1775583724.csv,a31e4075b9c137cb640cc6623a8e3904b9a196504e3bf2b097bb541a0ac23667
B/30403/2548610286/1775583724.csv,552720a03f3efe5c06419b4bb07d16e37b9ac458623f9d5a42bb2d4a799acbcf
B/30404/2521610325/1775583742.csv,b994107e44dec4ff71dd826b0a2a7a740d6fdc89b97313871400f3332e6bc0c5
B/30404/2523610003/1775583742.csv,7d34c862e8e9b3e7e6e96ffe948d88001596bcbe7cce9d7b2c37c61d8019de04
B/30404/2523610075/1775583742.csv,e60341c7a38dad5489bf2425fd989b22998ca0d503d22a972bc07d52a7b3c8f7
B/30404/2523610126/1775583742.csv,83c87006b616014dbcd1c72f35608ddba400713cbe05672efe9a604653102222
B/30404/2523610134/1775583742.csv,acfe2fa302f438178742bc165f9064d12292689da5cf4c5bd7a64c9cb00f2215
B/30404/2523610432/1775583742.csv,0c33ab1f5b03c9ec75c4d40a367b10a26ced75415e7cd756e5b387f331f4c32c
B/30404/2524610033/1775583742.csv,8821896cae6b0b69a67b4c5d70a0c0a498c708f691bf8837f9bfe6e4cb324bd5
B/30404/2524610041/1775583741.csv,1b21600af48aae21d4b4b1b925f552ce504068916a46d78b097f44a915e329c1
B/30404/2524610049/1775583745.csv,952f5cb7719777a2e37900d945b1688a98819e46857f6342f2f631880802fcf5
B/30404/2524610074/1775583742.csv,077d40b79bbbca01f8f44e9073851569d9a753772f53816d6991016b59305e5b
B/30404/2524610082/1775583742.csv,fff997192acb1e70325ed38fd2c933677b35bdbd0a0fb14e87b16cef51f285a8
B/30404/2546610759/1775583742.csv,d284e055f19fa3d5f75844d21782fb2b8501fc052dabbb79b9e1d16ada34b7b4
B/30404/2548610286/1775583742.csv,a7bc8425e3ef041d3196034c346037a7b618eef1ae853264c20f718c68cf80bb
B/30405/2521610325/1775583760.csv,b2a103b75046566ba4e646c714c304f4b6f265e97d8e71b786b1d8b09459c894
B/30405/2523610003/1775583760.csv,f22594c9a9e9da2529ca63ae4a1e37b0f0bf77ef2b036d9d2e01eff2facf0f50
B/30405/2523610075/1775583760.csv,77acd5502d0bef2840c155d4adb78869678faeaa6ac04606e96d25380c706db9
B/30405/2523610126/1775583760.csv,d190062612e3f2eb7ab6c674e1c610c9b8e1477aad211f9ec04793994f6806b5
B/30405/2523610134/1775583760.csv,a2fc90c408c8c38e8f06b2a4d44b89fab8833acc26926414502d4298e4f4bb6a
B/30405/2523610160/1775583762.csv,3404e735e44f9c2d5cb2e8e926d5f2e95724d815c94a6a18aea051a6d1ef06d0
B/30405/2523610432/1775583760.csv,4a184d4e4344b36b35600a0a44e777323eec495aa7d3a5a61bca19990373f954
B/30405/2524610033/1775583760.csv,87ac749e5f921b74eb78c1bb3d251f994aa73b5a5a3f46461ae5743a80600795
B/30405/2524610041/1775583759.csv,68b9aad1bfac9a974a7f3a0ea36671ddb336fbc63de5c68eae200f244cf24ee7
B/30405/2524610049/1775583763.csv,bb40bbba1054812569df3092a800967663a5e113f31047b14b507ce8b62cd36f
B/30405/2524610074/1775583760.csv,00f6bff8ce00820a23736fc00edb73a606b76b4a969504d39f8e33bf0518b75e
B/30405/2524610082/1775583760.csv,6d14a92058098c4f77c55e482c714b86700d65399a44ef39656985f35fc6cdd0
B/30405/2546610759/1775583760.csv,8bf158a93681eabe6e989d5f22c92a391605c5473320e0e87ac31acb014aca71
B/30405/2548610286/1775583760.csv,00f82292dda6e03869d538c5175fa76e399e66b78ea4a1706364985543581b11
B/30501/2521610325/1775583778.csv,528b54e9f6d7e1170590902718c4610e606b48a6dac33f9aabf05c0156f58d05
B/30501/2523610003/1775583778.csv,a7c50be6b8dc140f4414e64fb7e840c0b4f4ee303b44fac716be1a0c93e908c6
B/30501/2523610075/1775583778.csv,7175eec25eeeac7e625e6eb42e71ef6c3c47879a7abf1f964f5fd959a778f755
B/30501/2523610126/1775583778.csv,02473af52017326425274bf07062c18a8b376edbe13f3d112d52db97570bdb39
B/30501/2523610134/1775583778.csv,05f05c9f812bd513a767a3a93810d26813f2f6eaa82af3a839db6afcd410e06b
B/30501/2523610160/1775583777.csv,406a08b4a9715fec28931ac174a1c874a841c34b3c3b3d38e6063fc00cf74773
B/30501/2523610432/1775583778.csv,e673b6bda9151370f6ffb6507e8b20f193fee3073d3115823911f93eefeecbb2
B/30501/2524610033/1775583778.csv,5b7d5e323dd29486ab0b87b25940402557d7b7842c14378a07f223dfa287b60e
B/30501/2524610041/1775583777.csv,a36d19f885a4265b2caafbe37f099978f78f0483abd056ff702fc6b74ab0e84b
B/30501/2524610049/1775583777.csv,f50bf3c374a811dd8ccec9b316fc33753cc4766f780511c06fdaffc2dca7fba0
B/30501/2524610074/1775583778.csv,a4ea33f9493c9ce57f2ab6ac0777d3cf854612164c420681892175297a13890b
B/30501/2524610082/1775583778.csv,274a76809318d95f34299e4b8c8827d818c6ccb10352a67df7a53617642e60b6
B/30501/2546610759/1775583778.csv,5d9b9c5427fc6cc8452a9eebd87e4c943f61ca81d3d4aa8e1d4c3626b05db6fb
B/30501/2548610286/1775583778.csv,4f2ccad4202f7aab751435e795c72b750f9b83fd0706b4047205b3d7cfd5813e
B/30502/2521610325/1775583796.csv,e4ffbe987ed393c4f7448a2a842a055723f5e0e03156d5dd906d570bbb9b983d
B/30502/2523610003/1775583796.csv,86b9caf373368fee91e6b002299e0a9a9db80b67693eaf41be040b0d14dffe4b
B/30502/2523610075/1775583796.csv,235727eab6cab621b802484cd4ded3e8840a13acf096ed30826f334cb0f88ad8
B/30502/2523610126/1775583796.csv,97fc294ed0fbdb682a77084535f81c7f3ce2a810bee7a36a85e5f6c2a01f98e0
B/30502/2523610134/1775583796.csv,7dab66908d8fc148dc6bce36642e10f61aa812f7e2190eba56a3ef26c0f32d62
B/30502/2523610160/1775583795.csv,ef9a03ccbcffc5b71ad2c4d0a4d1a83b6d478cab1c1a8f0a74092c3f8c9d23e5
B/30502/2523610432/1775583796.csv,f1d0c7a0c5f794c35a12674752c1a7617694ed1ad718e6f3ab481286f68d1c82
B/30502/2524610033/1775583796.csv,03eb867f7ce31c5be5c497780fded257fc1736a63138da3b8227d6d77b1896fd
B/30502/2524610041/1775583795.csv,ca56ee8d9ff4633637a716f0c7ad495b34b4595e5887366369011103b6a1977a
B/30502/2524610049/1775583795.csv,ddd4e208b0c6afd950c09aa076f511dab5da2ff51f59e77e04439b2152fe1e53
B/30502/2524610074/1775583796.csv,6e240440b5a0adde8b8c29788160896d49dfbfd44f360d639ddf826ae5c63c88
B/30502/2524610082/1775583796.csv,6b9bc401e56b803f1701e17aa4995fd360322b1c7518f8dd253c2e7060abd3ff
B/30502/2546610759/1775583796.csv,77a9f20d958c9a3fa04e6ecb127a99cbf2adfb379a0fcb5b4f3d50d368f35b6b
B/30502/2548610286/1775583796.csv,21e4798a4d4aeda25a4182a3e3a849aed94ace5812035356af381e4c4d4137f3
B/30503/2521610325/1775583814.csv,ea6150aeeb6a8b999842e71f4428578ddf2382535a3cb189857965079e848e38
B/30503/2523610003/1775583814.csv,097cf04d289fef3144b78e9f8900088e3f83049bfacdb51819056b6603b89a89
B/30503/2523610075/1775583814.csv,9a799356e968096a21c9456c860f4a0932ffcc85c9c13df511f9d4f15a0d3899
B/30503/2523610126/1775583814.csv,6ff190fd2c072c0ca575783c9b2ffc778d142d3ab433465a4611d120016505d9
B/30503/2523610134/1775583814.csv,8f9d1561658a9b39f558121f3217e006368a2c1e0bf259a139144a386410fcb4
B/30503/2523610432/1775583814.csv,f5ae6169805457e25b4278facd1d1c6bec1f387dec800c3c6a7a873ee35f6ec6
B/30503/2524610033/1775583814.csv,36b9577edad9722a5ea9b358eedd9e39792b1574ebceafab429be520a48e5164
B/30503/2524610041/1775583813.csv,15610f0c003c48fbced36bbeb1b32ab9ef62388217017f0f787744e834fbe3cd
B/30503/2524610074/1775583814.csv,0f5701f1d88cab74c04f4628538d4eef7a6705304e38756e924efd4b2d1dbc95
B/30503/2524610082/1775583814.csv,a41d350165cbfd1ef3d60019b26b76b5c45f14e27ac100bfe7bd21b2bff33597
B/30503/2546610759/1775583814.csv,3592edb11fa95e3e6ec025cab1abaabf72aff76e58e27fb069320925d0bef245
B/30503/2548610286/1775583814.csv,6db83717de46be77b5818b44f509b93d7e6ad4a159f65faf6e65c7f928373eed
B/30504/2521610325/1775583832.csv,45895711c043bbb6ca6f04f9bd6436efaddc5dce066c29712ac8842314337907
B/30504/2523610003/1775583832.csv,c9ff8f006c8b3ad72d22bfce3be3cc10a72665201472b0e6b071503b225c7f98
B/30504/2523610075/1775583832.csv,66cdd8623f676b547f43dbdc38eb01afcb0c67e2b4a154fab0832d3d0dba3265
B/30504/2523610126/1775583832.csv,3fc9300cfd06bc06ac0605f0ee4e266428c54426664b556073c1923060a44db7
B/30504/2523610134/1775583832.csv,cc70bc24b6d81a366dee6a3f7c924b047ca90d827dcd463f1a3cef8783b910cd
B/30504/2523610160/1775583831.csv,6b4cb0da524cab4b79420da10ffe5a21d7ea427b351742e0063fd570fb953cf4
B/30504/2523610432/1775583832.csv,f447f5624fc5b5974b30b353a0e70580a1cdc26b52653fac70c33bf8faae0a4e
B/30504/2524610033/1775583832.csv,da4db7f956842ee27c9af7439a27be335b69b5ade1e9d087519bf58e9332ec67
B/30504/2524610041/1775583831.csv,61e5b14cbcb8c992721a1d633a1cd1da8359ee1c46c233a69aed155425a15e90
B/30504/2524610074/1775583832.csv,4ba1df780696517e9c463646e9d03560a1ea1d2b3c24cb2af1d7c478f3b68b39
B/30504/2524610082/1775583832.csv,a31d9faca64c636bef639f52f413da0884ce2b7a42bdfe85718552257fae2a8f
B/30504/2546610759/1775583832.csv,d8f16bf0b2cd8b74953b742c89766adbb6ec9fc9c025505635616c707e4b2512
B/30504/2548610286/1775583832.csv,af597c732289d8911dab6c97884e396d75ec7d1d7f95641b9100fe09f7fcb230
B/30505/2521610325/1775583850.csv,21d621ce04e69ad15672c9ce7633ab066a2bd86213a36eef56e2037b650e7765
B/30505/2523610003/1775583850.csv,b4f96cd4fd7e89070ab56fd885a7dd0a5dbadafde41ea58d604b59817f636232
B/30505/2523610041/1775583849.csv,a842fab07504672b50a9d2c1edfa0881514425fa87920cd012ed8c0ce4ac6576
B/30505/2523610075/1775583850.csv,b555aa33df87895ce7d9ce10e24f92f892579f48f18a1f87697260c1387e54e9
B/30505/2523610126/1775583850.csv,29dac801278c69dc5cf46b0f616ce0fc9b6c64eb9e6aeee332973bad83cd0265
B/30505/2523610134/1775583850.csv,ba0caa41524ac7f0b3688c703bb363a88f7349075959b8660c566f3031a58e19
B/30505/2523610160/1775583848.csv,3ce4c43dbef68460fe64693a7ad207e4f1f12063e04e93da4f4cd52b7ce25183
B/30505/2523610432/1775583850.csv,2b3887ddb385ba1e7611f6ae1ed6bb4331121360a579888e3b393bf9a5899db6
B/30505/2524610033/1775583850.csv,c6fb30ca2742e0e80b943db9942f6d8ad8bd64c113247643fe4a02d05d673d79
B/30505/2524610041/1775583850.csv,15518a9ea02ed9b8f3d4b69edd45e8387421756f2ec38b20fc5b4c1455a6b254
B/30505/2524610074/1775583850.csv,d5de66aad3f99ecad4c9d4d3836c146f020de5881bc35b7f0d90d54b03271904
B/30505/2524610082/1775583850.csv,94612860e07a7cb6bb7e95d7832d4eff05a3ff90feab6ecd39803cdfd04b6789
B/30505/2546610759/1775583850.csv,47da983804d8e9ccaa7bf6365a168923d1d14507e6412c59f912277d5c7e6932
B/30505/2548610286/1775583850.csv,2d6c4dd83a705c60d4845427af1e09bf9ebcad181dd7c0fd02e6e6c2f25c4c9c
B/30601/2521610325/1775583868.csv,73638acc682605f25301ee8f7ec6a2db7f29fa5438ca7a9166217b1d8511f70e
B/30601/2523610003/1775583868.csv,f4be6a2e2571e059d2613c3ab74e23e2fd223e9b5d63bc4e6ed4853854c7bed1
B/30601/2523610041/1775583867.csv,1d5163d96dc65fb8d4e4584347a30b4552da472982e71be439bfb20682d06e14
B/30601/2523610075/1775583868.csv,b17b5b4b310251f56930bc2c9070975757023144544d899ce317538170c86f66
B/30601/2523610126/1775583868.csv,9401c0cc616f11f9a790a30dcf8e8d2d7c2f7f5741fcd67c055db57a400142e3
B/30601/2523610134/1775583868.csv,689cb1206a0a9d1a85a5095c30e9bbf7adc1ebbf2727cb61f656e2ef777ed125
B/30601/2523610160/1775583866.csv,568c3343606db2b0c13e5f72b521e174f136365c520d3ec52bd415fe1ddf7904
B/30601/2523610432/1775583868.csv,ea4dcabfd199c8b13917590424b2ddccdce268a778a4161a0ff5f36c1b7657ec
B/30601/2524610033/1775583868.csv,3c5315074614f96da33fe10a60fc7f8d3da7838f5209146515761fa18a3dfba6
B/30601/2524610041/1775583868.csv,84429e37dd0fab96533d39b167045c9ab22b120b0c5d99ab9e32dfa2f838213a
B/30601/2524610074/1775583868.csv,c6626655a4cc83baf5d6497da4811c87d2315fc4a8a80c0b5063a96b69a13624
B/30601/2524610082/1775583868.csv,550f89e6d490f9cb230066e81495d895660f6d36505e2ef6a05bf6d7cd297ad3
B/30601/2546610759/1775583868.csv,58147c9ffbbb2159620e040b450b38b6b8570ff5f409cc554c557053ab80284a
B/30601/2548610286/1775583868.csv,4ca68ec8163c915ac4b4d57befe98238cef277953f8bd1c3a6c1300599ce04f3
B/30602/2521610325/1775583886.csv,e842ad0675f8dbbda76d64d1c8f086315d3b553bf528523d57726f070ea0050a
B/30602/2523610003/1775583886.csv,deed76e9f0c0300f45598ad062fe7cb1e2639f69be79c3b8d3746f290a0bd4b7
B/30602/2523610041/1775583885.csv,959cc78a32a037844aa9615ecb49737e006f528e1bdec934e6c79859e4f29620
B/30602/2523610075/1775583886.csv,5d7682c3502dba5cb99038b41eebc1668c41668424f5ffbcf0ec2adac68e73a2
B/30602/2523610126/1775583886.csv,3f0f6402a377c791ec56057ea419c9215edb0a1032ec74966bbf4c725f77486a
B/30602/2523610134/1775583886.csv,09013982c036edee6ebf9dfbc427165e67a967d9bd4867dc3126ffed87fabf20
B/30602/2523610432/1775583886.csv,a46d3c8a4265dafffee015bc3536394f7e54957db073955fbe640de85a9451b0
B/30602/2524610033/1775583886.csv,b682f1eb49fd00f2a17c5ee41cca2af19910b838249858b2bae40d9e3767f314
B/30602/2524610041/1775583886.csv,d960b742dc8ca22322b5aed5bb950c77697eccbdee2d34546b25a0b158358abb
B/30602/2524610074/1775583886.csv,b27d254ddfcfc256ac4196dd584ccce32ce08a30202d8b25b787d5ddf38a1486
B/30602/2524610082/1775583886.csv,b83abbd18ef47f3c917664c9da054928d2e423e7bfc070421456740e281d6b34
B/30602/2546610759/1775583886.csv,fae8370fbbbd064273b91ccef4800cc5f4c2192d77c96df0eba8d88ff22c4f3b
B/30602/2548610286/1775583886.csv,74cfe1ebabed5f3e054fe3370cf6d104f7127594d1586b4d80d6c6a3b5c1d1ea
B/30603/2521610325/1775583904.csv,360628c6d52699697f0371d5a71d6f9cff1ba6e3fa9a3672138712437339ce3c
B/30603/2523610003/1775583904.csv,0b3ec8952222cb2ae7ae27cc543dac3d8320fcd037ca45560240e16a92bb4d02
B/30603/2523610041/1775583903.csv,20281e8b43d4c6ae7cfd433132dc7f705f15860a6135e60370fa543b361aa899
B/30603/2523610075/1775583904.csv,2521206fc583ee2fabdaebd8519ec10fec533c595e234651cdfcb64468091381
B/30603/2523610126/1775583904.csv,9076d49a15f0b3c60f11e4553bc322a2f6fd4f36e9ea46de36cd46615e795160
B/30603/2523610134/1775583904.csv,3df22cdc31c44fb37e75966e1f03cd57d66e6f54a332eb36cfe930cd3018b230
B/30603/2523610432/1775583904.csv,467edf4a5aceb90c04fd802ce9ecb456d391c64d456948c2f03b873f1d502870
B/30603/2524610033/1775583904.csv,60203eada7b0ace01dd54a9cce42953d5dd99239b8f10caa2e34c6227cdcffca
B/30603/2524610041/1775583904.csv,cd40b6aac1442a4bc58eac997b62384e420a9086916be0212dffe4695dac1188
B/30603/2524610074/1775583904.csv,3db13f0e03802372f6e72128016c72bb4654c6674d745c4bb46e1a46ff5318e6
B/30603/2524610082/1775583904.csv,5be7bad676ee97c04cc16868e95d03939ffd2c9bfef2145ca99e9be7f4d33b33
B/30603/2546610759/1775583904.csv,01cae1a3e8c8f783948140544903b9968afa7d5f9619e303baf1cd8a46e86778
B/30603/2548610286/1775583904.csv,3666a15e0ac8a07460891a3ae061dba4850139738bdacaac049071ec51dd8f8b
B/30604/2521610325/1775583922.csv,d8f556a22680938292665af0359624d029c3fdfff3b1933e3b32366c89e72b7b
B/30604/2523610003/1775583922.csv,6cf875f02d6ac3384bd2ef87ef1b857ae47ae583ddb46521c95e9b66b6663894
B/30604/2523610041/1775583921.csv,846cd6f609d7382177c5960cff9bf6d946b0381c5a6a3ce283fe567f5597830f
B/30604/2523610075/1775583922.csv,91055ae294c4435bfb0f0af574b957f190466d43cde3792b23e0394874a264f8
B/30604/2523610126/1775583922.csv,42b8bdb913ddc01349ebd39bc124daebe893703bbee29c732bb5134deec3352d
B/30604/2523610134/1775583922.csv,de7e0db6fc621fa4eee37d54bb71798a44bdd92fa282a0f5ee8e88b6da55ea58
B/30604/2523610432/1775583922.csv,11cfd6c0a815bee208cf10a59ca9dcef524b5a2efd9da00d9752390c74ea681e
B/30604/2524610033/1775583922.csv,233b519bb4968a1e7d2f3f11403760fe8899728277807cd94c47419b1270a458
B/30604/2524610041/1775583922.csv,ff032f13f23a0a76021d7c8cb9afd7505cf669745aae4bea87c790c7a295506d
B/30604/2524610074/1775583922.csv,d2e7130ea1cd8a0d5212f0c9f7d5295ed57493acd9163fc3ea64dacb406c7f62
B/30604/2524610082/1775583922.csv,a52b3f34aef84c4722971aa6a237a35d7d025014a9d9c40c1b64a69e818e1705
B/30604/2546610759/1775583922.csv,84378c2f4b9607a5ca6ddba658b25cca17ed0cbe13dfb1c5152554f5b7fdfa3d
B/30604/2548610286/1775583922.csv,be9124eaf5741602d98c1eb2a22687e6cea61b01a8819f10a62685105f7c904a
B/30605/2521610325/1775583940.csv,0b8930360fc7d155fe8f700097a53e06d89719d60370753831d09c0cee5fc1ef
B/30605/2523610003/1775583940.csv,3602b745cccc23a5732a48f03dbb56c2d16367d034f15de76f42c10361ccae2a
B/30605/2523610041/1775583937.csv,94c4810b8831c2fa8d3f3c22cf9867ff2b8f1aa84025c80857f220cd659df97b
B/30605/2523610075/1775583940.csv,1d64742110d81caea89919964e19767548686b7282ed0a1432b101f3ad5aa911
B/30605/2523610126/1775583940.csv,1526eb4645c8e2f87caa437fc4d9f0dc43eb67a40d117aa23d3d801f7698c067
B/30605/2523610134/1775583940.csv,b8fbbffd95b1905766fc112a891d4472b828dc781cb1a82b3c61f7c08593b359
B/30605/2523610432/1775583940.csv,b74071876040a8654f66300558f20125e8f17c1282cebd467ec6bee6b7193038
B/30605/2524610033/1775583940.csv,821692a3e5a90098f3a41e246d05f15dc3f6b4c74af46ee2a0709357fc32e367
B/30605/2524610041/1775583940.csv,9034b398465f6fd7956ab4167687c0b9f99f9bd0595b27d71037424407ff7481
B/30605/2524610074/1775583940.csv,41a26fbd68b6c01199bbc5ebf49c6bd359b71b9929bd9fade37bd607e4b3d75d
B/30605/2524610082/1775583940.csv,982936d833f78dfe652f771522df398aea9cff0f25921b11b6ad4271effcbc85
B/30605/2546610759/1775583940.csv,f31d75b57230de93770deca1e347abe88a5198ccbb9f1c8a863da5c9d8b84f1b
B/30605/2548610286/1775583940.csv,45fa637e043b7c322137d28bca852b18edf4ef8d910dcd3205e88330be44901f
B/40001/2521610325/1775585902.csv,92efb8d7e3691e578f32963f366975e7e462cd75dd400dcb559a1e54bcbcceaf
B/40001/2523610003/1775585901.csv,c8f1476b8562b7e8b86a6c7139c3ef047e6665ae5714325da960d9c3e44e6d3d
B/40001/2523610075/1775585902.csv,c96e265b9f7116779c6be1cf43a75f5a25782e73c5f39fdcb3380cf92fe1a6d8
B/40001/2523610126/1775585902.csv,86c934dc7c26ee956ff2c3919f08ec7fde5e26ddf97f480a5b4abf53cee51d48
B/40001/2523610134/1775585902.csv,37ceb02c7c3f8498b56eef8cd62ea0f4c43def1b0bb3d31794c1c0f8086be151
B/40001/2523610160/1775585899.csv,51ef1df334e2901f35e96dd894f6db89cc99eb4bf0aac84a2d14b19dda5dfb55
B/40001/2523610432/1775585902.csv,214f274ce32d57e5d62d33215a043fd08bf3d60875b11ee27ff03436e19b8383
B/40001/2524610033/1775585901.csv,f166a0e21dd82199b372cb0a474cb79b1540f2ba18bac5ebab65632abb9d9f5a
B/40001/2524610041/1775585899.csv,9cb20440c955deccc6c3471ad37467c5770ac6401b09104692deaea5ceb16104
B/40001/2524610049/1775585901.csv,09ac317e222346e22c830b62106d074f0e349fbf461219a69e25ba78b44c9103
B/40001/2524610074/1775585902.csv,c9a8eff33c518f6b91360a5d079d735f49cc291983599ad3130535a17765e5ee
B/40001/2524610082/1775585902.csv,4b4c5aa3f808c6dac84dff0943f2fc840d6c0071f79f999be4f323d17e05eeb2
B/40001/2546610759/1775585902.csv,103a69c5ae49b7ed2f46f021343a4d84a51f8cdf95a629f216c549945f3d88a2
B/40001/2548610286/1775585901.csv,0b036526b1739c69676a840ccbe22bc83341a36699f70622488a548bed8bd292
B/40002/2521610325/1775585919.csv,06ff11d9b85102106e4166c4f7e7af6163e5de100bf7c95acaf4d9d007569475
B/40002/2523610003/1775585919.csv,336b627c3f79ec6c3e01daae276f10f04b4831b0bb9cd7f892fd5aadaaf9fe60
B/40002/2523610075/1775585920.csv,b8fd63874e32c88f1382ec9cd4a42560913733be4081d29832b082a6ed760203
B/40002/2523610134/1775585920.csv,b569f201b97e487fe50f7e5550ac1fb18740e290eaef4c11b994b069424d5b58
B/40002/2523610432/1775585919.csv,e1df6f948ec020385dab30e5710cb47ec36276a70cd0d6aecdd6eb2087bdc515
B/40002/2524610033/1775585919.csv,8321055fb4c3c73bdfc326923157a9efdccc2c809e969bbf8e137a0944a858ac
B/40002/2524610041/1775585917.csv,caba1ba182b74eadc821972dd50caac446b98cb7470e0aec92e80a46459a6e66
B/40002/2524610049/1775585919.csv,3b164753b72844203abaadcef9ec3f8762788aba203c1525f9a3f7a6667ffabc
B/40002/2524610074/1775585920.csv,c9d22edebcc27fc0369a9ba7e0de5f8bef61068bc3976a9fb2c55047b9f9b661
B/40002/2524610082/1775585920.csv,e69b2808e4e8bea7ac40cd0d20923c9e916964ca93037e10e1d23fa7e1ddff7e
B/40002/2546610759/1775585919.csv,7f76937d00fd37d81aedcc80ad332780bad30ae0229084f3a836988257fa1ee1
B/40002/2548610286/1775585919.csv,285a0243628d923368d3cfd1f9a3fbd7ec6686b80b2e22b4645a8a30d863920e
B/40003/2521610325/1775585938.csv,ac684905b1d1d0f1669f87859940a07eab219d52e03c5a5eb0e45c69e304c7b5
B/40003/2523610003/1775585938.csv,8aa74875421108cc1451750d06785b8295d32655893c39cf08aa570d6c0a4879
B/40003/2523610075/1775585938.csv,f40b4d8f4954f35bb63d87fbf6abb06a6c6c76cea7745d3d78fea86fc682f917
B/40003/2523610126/1775585938.csv,9f0f0f13ae40ad7941c5998c613b05f4a1b6eebb7f9d0cc319b8f47e1f6a57a2
B/40003/2523610134/1775585938.csv,7afe61a4b07a861a623f8cd967ce8886cbff4aa941e5d424b19e821c10e6cae7
B/40003/2523610432/1775585938.csv,7b786deb7f71000a8d6938ca8d57a9c32189b54aa683eadd52bac0458efdb5dd
B/40003/2524610033/1775585938.csv,ea4e57550cc2e0efa2a81115c39d9490ccb2c6a973ed292d13aaefbcb96aba57
B/40003/2524610049/1775585937.csv,5e828d16d2df9e8bd84c9ea112c4168f92fdfdf80b9cda2c1a31a1d51055009c
B/40003/2524610074/1775585938.csv,05cf703d3826d80f48048f355dfad16a82cde74f0c244ef87c723a43d2102300
B/40003/2524610082/1775585938.csv,394d400f0683784c6fb8584d92b085b53baa99db657b6e0595b20d225779902c
B/40003/2546610759/1775585938.csv,d7a517a39190a2f6c6b5bf91050afcee2e3e6b0dc5a687f705950daef003e53c
B/40003/2548610286/1775585937.csv,73cf25abc1e2bd87bfc687a9be96ec68d5d10304d8c8511933dcee4ede614a8b
B/40004/2521610325/1775585956.csv,e127beb6e234f856daed6fb89dfa2d7dd32f2fe445f8b6242844733690bdec84
B/40004/2523610003/1775585956.csv,bdee7d76c6fb66f291573bf54206f184e11ccc2de0f6c21db0bcaa4860a9c38c
B/40004/2523610075/1775585956.csv,dcd891e00b867497968b0b76b371cc7bbcf6c2fc58ab6c930279d95a22c82956
B/40004/2523610134/1775585956.csv,fe9a75d663a93c26c1b1c350baec8a74bf74ddffdb61c31bdd6d46e8264010b3
B/40004/2523610160/1775585960.csv,0d46861b547fe83ac724d8c7f9f04df6484dc63621e56c6600661346ee80126b
B/40004/2523610432/1775585956.csv,5330b04ffdb3da4efb8a76e27385cf578331b4a3ff7fe86d9669624809d918d1
B/40004/2524610033/1775585956.csv,e1a52bfa7ad76eee26e5a26bc09a432bddb1caef79851625e7c29524cb326c0a
B/40004/2524610049/1775585953.csv,a883980cc31a4654b822baaa20a3ae78361ec9e2d4f73df8f991ca42cf42de59
B/40004/2524610074/1775585956.csv,860a60f45a3803a50b61356e065bc146f533c9b3e118f4c905f6f9b767ed5d11
B/40004/2524610082/1775585956.csv,072ab4ae217e884b102ce83067e8887c8c02c6c15261cd080a77c5efc1a0b09a
B/40004/2546610759/1775585956.csv,8801689a43e9d5a1f4ccc09f9c082207d705859a408cbc86f17536fee01ad2c6
B/40004/2548610286/1775585955.csv,089eebdb7689c02984f9185673ea64483510179a3571c3bfe7e88772a09507c0
B/40005/2521610325/1775585974.csv,92f9cafb9f2ce2aeb168ab96eb02d9cc38a53207b8301763ae77a3050fc0155b
B/40005/2523610003/1775585974.csv,3c5a889d51b20bdc4614de68e7c57e8c23ab3ba2233399aafa1209e267789a77
B/40005/2523610075/1775585974.csv,7235685f5b7139de8ad9f3f8efadbbf7d2db62c3c652da756a5b13d7beb970de
B/40005/2523610134/1775585974.csv,5efcf79976f5b45735bbec5bb782df310b9474181b076ab3d01ccc8a61fa354a
B/40005/2523610160/1775585978.csv,43dfaa3871aee598392fef007992ee2724420dbfad94c3c87ffdfcdf4433f030
B/40005/2523610432/1775585974.csv,6d31a20542c5be30cc7d9770b1e338dd9d5868855157f36dc89a3f0ee955f89d
B/40005/2524610033/1775585973.csv,85a64200976833476e82cce35e64d213402798faa9a2107cfca1dbb6c3eb0734
B/40005/2524610049/1775585971.csv,90c8e11b2e801de6e5f688f7900e8d179c48fa2abfd5cb48b1fc9ef1a5daa73b
B/40005/2524610074/1775585974.csv,cb36ff1754ea452576083b1e7442bb3fa484abfd0555e2be7c01d88bd59b0d15
B/40005/2524610082/1775585974.csv,c9683bdabf2ca6f3788b0e4fb3cbb14b3ce4163c9be2c90a73fc2fefd9527a58
B/40005/2546610759/1775585974.csv,dbf111d27f12e288dc7d6030985d8f7890b9e02fdfcafb7818d55b57a76a46c1
B/40005/2548610286/1775585973.csv,5bc1b8d3d0efc5b533300bdfce28a4116c77dc72b80416158f3dc871b51b16eb
B/401/2523610075/1775562250.csv,ce16e21b38bfcf3644950d9a7317b0f2e4bdc06fa249b8da8b542202a069024c
B/401/2523610075/1775562260.csv,cded2f06d57b7be614bb7bb12e848a6aa24450132f62b28607dbf32b5b7723aa
B/401/2523610075/1775562271.csv,6edd9569e0061d68cb40de39136af2a7903d2e5c9f0acaf3751173c67b931cc3
B/401/2523610075/1775562281.csv,c0a138743808c4f15eeb376c3bcab55337f8d367934902ab9ca7ceac11524017
B/401/2523610075/1775562291.csv,d7dc61b04f29c5f8bfcb82fe08a3b09fe9a8b0b9b587e3bea827031fffcf7eb8
B/401/2523610075/1775562301.csv,5ef3e239d39409267d32aaa6e366bfdb45bcbc90381a15e9930060440da4e8f6
B/401/2524610041/1775562250.csv,3a72d09441c6b786941804fc218b548590caa51246e9d61109ef14be5be773ef
B/401/2524610041/1775562260.csv,f83f1dd8587df87a1745f4aea161e1100139c86882af93ace01322c06e8c919a
B/401/2524610041/1775562271.csv,d8dc15b1fa96b8385c88b4e11d4d766b14c6944a7459a0d94ba466189df1c4af
B/401/2524610041/1775562281.csv,1ece0d78b551f53601655ae5df479669976284cc0bf321310bb9ea8376974446
B/401/2524610041/1775562291.csv,70267ae566a1604dfc7bcd198e8e77e4ed26752d0f9e538af67503d7054105cd
B/401/2524610041/1775562301.csv,0777d6b150e420af13fd933cc9e3d480425c5f01fca791d02b72a72d01bebde7
B/401/2546610759/1775562251.csv,a04e7f688c77b076a489eb3686edaa6b70a9284ebb9d1a72d1fbc4c205274e1f
B/401/2548610286/1775562250.csv,327f8e527718ac1e87bad5717f75fb20a40818a2557d4d22628805c0f7a129a5
B/401/2548610286/1775562261.csv,2080865f3cb497776f94b3d00a54aff9e08357b83340f35ef02a46a7a79032fe
B/401/2548610286/1775562271.csv,be24bf2ed333ace8733af730ede74129e97c631866e3dc8f34809a62554d4083
B/401/2548610286/1775562281.csv,9a9bd655b71f51cd66a5bc244f0832c184c430df66fdb5cefacf4a9cc9e5deaf
B/401/2548610286/1775562291.csv,5a841c5d01d55c020a3a4dfb1a47b7ca59a5fd96ec6d5459f74252abd079b285
B/401/2548610286/1775562302.csv,f5bf8fcd3c2c5af1c88ae286b23aa4b203860ed5caa90e5973ef8ba518ae6fa5
B/40101/2521610325/1775583958.csv,0d2009a49320e52db2191ef862279780823bf0a2c37b87b5738762df6e25cd13
B/40101/2523610003/1775583958.csv,94b0f85f3dfefe4cb01fddead18b44debb5d017f268f98840fb8feceb4a959d2
B/40101/2523610075/1775583958.csv,6e7f56a944f58af99c460dcbf6da9f1047afc97281432522b7d747c813f77d3e
B/40101/2523610134/1775583958.csv,6af4c3eeed448093f5220c39d8ba468daf85dba407462b04bb5db24ac009b597
B/40101/2523610432/1775583958.csv,6726ba4c5330803020feafd7bb8994697518174b5c14f850a7876894c331e3a4
B/40101/2524610033/1775583958.csv,6ef71e75d08671ab7a9cf679c7fdac52873285b0522732de1faf96e70dfca6f6
B/40101/2524610041/1775583958.csv,a03c34c486db4214541e1d29c00649f6bdd6eb8a2c12be661f4f20902973d7d8
B/40101/2524610074/1775583958.csv,9eac0a8f875ee0a800df0360e387415c8b04e0ab64c2182a5a45263a3ffc1c82
B/40101/2524610082/1775583958.csv,f95749260efdd98821f1bcb29ff0b3020f5de7f52e1d22aba365d10ad3a4c579
B/40101/2546610759/1775583958.csv,c38aa8659df082aadf6c145258dbaf96e672cab43fb1c644bd8db86da9a28ca8
B/40101/2548610286/1775583958.csv,310033e6c8a4355db4c5853fb2f704fc9f71dce0aef3eb9cb5aa70b739c6954d
B/40102/2521610325/1775583976.csv,3e57c5ee8a7bddb2f4105798bc3a4cb2987ff53d9b85e2c23358fa05e4a55ffd
B/40102/2523610003/1775583976.csv,6747cb0bc947517176269f6f333c5f8168c8ebf5b6564fe79cf9e33a921b23e1
B/40102/2523610075/1775583976.csv,2d2893e6c360b4088c2dde92ba7ba3d8a56b69152db785be2edf5010cb2a766c
B/40102/2523610126/1775583976.csv,1716d60917060aeca10286fab089a931090540cfbe8a5ec6981732f6a595b032
B/40102/2523610134/1775583976.csv,1024da61b4eb9f73c360d29b9a770b6f56d7ffb5f332ac02fe783a4ade68cef0
B/40102/2523610432/1775583976.csv,c084c91ec98e9b88112bbe2e885a184133e6645145eed839f2c9c03630435b65
B/40102/2524610033/1775583976.csv,3261eb7cb4547fb917432f722b7002e31020665ef3d7dbaf8283458c2cabe873
B/40102/2524610041/1775583975.csv,10cd6d179df4dbc547b72179abd6bca0577a3547394db1dc83b322c98396a232
B/40102/2524610074/1775583976.csv,00d45f1afb33967cabd2ffe9977cbadf49a556dec4d5000a139b56945b45ee23
B/40102/2524610082/1775583976.csv,dd4c6bcffce300a30334aef9307d183dc69e5ea8921d76a195c9e79b092d8794
B/40102/2546610759/1775583976.csv,1f097875e152b6bb2a676966e548d5dcaccdcf69c591a3fc5269613163cbff1c
B/40102/2548610286/1775583976.csv,695b3071db0fdeba4d77b684692fbd279b8effbcc8da536a481ec617eecea3db
B/40103/2521610325/1775583994.csv,f66864c53c201a46a71658f4893b28389afb5f348485a93bd21ce8109e352752
B/40103/2523610003/1775583994.csv,a6d74a723b1cc898ef926a726294782e8de2ac9a08ec326a3df45154c9f4dc33
B/40103/2523610075/1775583994.csv,65dcd2d7c83dab6d77583b8d121643665ef39f6883bae62629896231c78c8ffa
B/40103/2523610126/1775583994.csv,504fffce841c9452db99c2e0f03b9ce2e0a4e7f2401be022e4f1d27bc29b6f56
B/40103/2523610134/1775583994.csv,6246a068b6802cb58c159e80823eb8249743b1040c0bbcebd0fd1c55dd9cdd2b
B/40103/2523610432/1775583994.csv,177c0a8d9d6db2ae97ea1e0e7904faf728625c56a355319f47ba77725f27fb48
B/40103/2524610033/1775583994.csv,7b530fdcec66957135c537d6f14c6b5fd5d7f5d693a7e5260e0d0fdf1760c56a
B/40103/2524610041/1775583993.csv,b58121de1b9f767326956cba12fde0fea15d1592000f23ea39a6839d1c9e93d4
B/40103/2524610049/1775583997.csv,3d1496e53910c51c38964149fec93fea4980207d4bf5cde44a78f4601023a47b
B/40103/2524610074/1775583994.csv,08ab15566a9daa981fae6ec77e52e75cf55ad0c88f7304da720f4f6d82a153ec
B/40103/2524610082/1775583994.csv,3fa85743a865a612ba8a9f8ac4ec59e280286501c3aacb23fa3ce7683e3ff912
B/40103/2546610759/1775583994.csv,b0cd1cfc34eb6e66843cc2b12f81e0f6ca6f2e1972ca5658cde16a9b1521506d
B/40103/2548610286/1775583994.csv,90453f6738a63027c8d0edeb76f0485161996b42183b22a521a76f82628412ea
B/40104/2521610325/1775584012.csv,816b9ceaf0f8259fafca452f7012d312547a0aa7837eafeb0ba9d52d7844701b
B/40104/2523610003/1775584012.csv,cbc7ad230f0ee7ebbc61e36dcf881450692f8d8250e87d7ec8a8d237b43e30b5
B/40104/2523610075/1775584012.csv,2d0b6cc92271bcb9c8d5ec7b9385cde3d9ed0b83b02b8a7c1fa1438502646db0
B/40104/2523610126/1775584012.csv,1a5d2f5c8e6914765094e9177604f584b2a17fe48a3a43e3afb5040a7f25854b
B/40104/2523610134/1775584012.csv,310a7cbd519fbdcd82a72796bf7e4bbd1caaa6a9e9ff1c1f743e07c58a1c5555
B/40104/2523610432/1775584012.csv,bc87b0c759086d23a3a4d6fde65afd980085c3c897a889e70da30d55e41de645
B/40104/2524610033/1775584012.csv,311313c886c7b78e691015c1df2a7d1f1429db7036bfcec72218ed2c7186dadf
B/40104/2524610041/1775584011.csv,95a9cada1bf77d30265fa3977bf19eb557c6946372b0fb0223872eca887b21a1
B/40104/2524610049/1775584015.csv,cd038cc916983d914c4346dcc7ab2cab2a8f9ba475a04d2bd341eacf5cabd1ee
B/40104/2524610074/1775584012.csv,7728504368efde0b8d880b2e0b50e46d65fdb77334b02e885b84af18fe8b6c02
B/40104/2524610082/1775584012.csv,b7e253c472f97feda47c8b2bc99ffff268dfc435ad55210c30c520162c07fe8d
B/40104/2546610759/1775584012.csv,6cb1464f8b4dbf029e506f77de8cc2054b651d3b3360b1572cb29c5338f11f25
B/40104/2548610286/1775584012.csv,124a58044ea0623f3c44c63720c1eded8e902c7b7e23438a80948ac29b287fa7
B/40105/2521610325/1775584030.csv,b65e6d21d61d6b59a2ceaf8b40430d5ccb0d1995eec72b7d259a0c9579469b1b
B/40105/2523610003/1775584030.csv,0358e02ce02254e8ba4afb12bd49cee9d5156d8978bf6b364b5ecd66ea3c343a
B/40105/2523610075/1775584030.csv,5eb45b9dc7c540068103e59bf458978bf09e7309d9da0f0e2586a0aa8a53e0ee
B/40105/2523610126/1775584030.csv,24410c2ff75f4d0b15cba3934069c6adce7ae0a13e17463db0548ad164abc9f0
B/40105/2523610134/1775584030.csv,ac7594cc80f73bf1e50c3858dbaa4d7febb22a4b40fde61126191bffe713602b
B/40105/2523610160/1775584033.csv,0270be6251b295b33a6a7eef598ccb901cd3151a44a2e056424b87e19b61e6f4
B/40105/2523610432/1775584030.csv,b23c1e30286b9d7791269449b9b589f78285338fabac1d168c276000e76e418b
B/40105/2524610033/1775584030.csv,8627c842b13cce3f9c91af1c22364291e1e3f8dce5685e9249608ec80f8eade2
B/40105/2524610041/1775584029.csv,b937fb080321dfbb6cc06580cbe865f3fb561c5fc297a2cf04eac67304934279
B/40105/2524610049/1775584028.csv,debfa30ef661c2f81637d070170e7b541d722209edb2a5154ce6a1d0c23140ab
B/40105/2524610074/1775584030.csv,7da235f16407d76a0d81cf8114b5fdfb2f1b6c337453070b898cdc9f0e32b51b
B/40105/2524610082/1775584030.csv,b0bdfaeebfeca378b7d036bd01c708cb8add4291fd2232cd754bc77141484c93
B/40105/2546610759/1775584030.csv,a0ffd15130ae8262a50022b964f0cc1e854a1bea16d7459d8bd2e9dfa8b654e6
B/40105/2548610286/1775584030.csv,50c8c7f301406b962343b39eb233633497327d6a70ed62fa0d69542edfd177b7
B/40201/2521610325/1775584048.csv,af8f5422f956d50b8dfaaba2f9c6e33faba8891fca2c68ad54af69ca83b39241
B/40201/2523610003/1775584048.csv,9c6532ce5212ce8a2e934d68ddc311b201a909036e6a057be79738b9043a369f
B/40201/2523610075/1775584048.csv,c1db09e73feb76e04eda8039c0a97d0966c3a2d650b86fcb1f76fbfdf49d91c3
B/40201/2523610126/1775584049.csv,e7c792d97b6e096790441df55ab4602626cb1c11d4e6336a2ec0b5bd085c9013
B/40201/2523610134/1775584048.csv,98b0236177f1dc0d450d587863b97a41d3281c0992dba4daeb6987b82e2f89a3
B/40201/2523610160/1775584051.csv,ce89b7e08eaf17edd2104d1bb8572cecf48c9ae210bcf56eddeecf651edb171d
B/40201/2523610432/1775584048.csv,24b06b517a24159d80586eade8b1900d65310d3fa877ff96345f1e1bcc290eb2
B/40201/2524610033/1775584048.csv,37883905cf2410a1294df601bd7537a254e762dc9a27f9e589ecb99840914aee
B/40201/2524610041/1775584047.csv,b741f624a161ad372b68d59c18db0df0ed70c77d405c377255bd69c69d6fee69
B/40201/2524610049/1775584046.csv,c028a538ab0b83166d8b098e5528b3547021cb690d9f5f54d9e019caf9c2192e
B/40201/2524610074/1775584048.csv,b0ea71e573faa853b0e8a14682538f264391fcd2a1c2278adcbe2f2fbb27f632
B/40201/2524610082/1775584048.csv,8fa1ff8686a498def071228cedf7e33d45b9c0c058de1a796ac1fc85ceb4c87b
B/40201/2546610759/1775584048.csv,8fa2c3c2ea4896b038fd433960c6c72664d15648671343c5828b28c87034f467
B/40201/2548610286/1775584048.csv,0645f3c14fc42b85ede0e69c2f1f73bc9304848cf3c9476aa4bf066b639ff579
B/40202/2523610003/1775584066.csv,8fb0be0ff9c29a321fec6431db42c0e2ea6d5afda8566e8df91d224723ef63cd
B/40202/2523610075/1775584066.csv,f9e6c594d938fda3099b0e4bbbc0880f710d93a3d505ad07d359c8af008581c4
B/40202/2523610134/1775584066.csv,812571ddff1737b7b0ddf893a7491a76743b791d6d7e9c086479dd038c28b5b8
B/40202/2523610432/1775584066.csv,345b0b8706bc43210a31f1ac8dc37249b9643d23276406934028a8581b5acc5f
B/40202/2524610033/1775584066.csv,14a19018c00bcc8f5089d704aa8f2f7a807ea3ba6301daa902d38098f812bfd4
B/40202/2524610041/1775584065.csv,edf4b17e8233215ceba647188390ca65aa798a867f00c781f472f1bb5c8bf12d
B/40202/2524610074/1775584066.csv,a61b6b357cb57116637980543a9f4a1b706ab6c6538d22450c6d496c4c69f0c1
B/40202/2524610082/1775584066.csv,4b188e1db7842c69f4910ddc59dcdd0ededd38f3255863bae3e008c5ff4ffe6c
B/40202/2546610759/1775584066.csv,e1e1bf227f6a01ca8984a3fa70c04d26d69d43bf59232217713a385cef2c6d32
B/40202/2548610286/1775584066.csv,48332a32f2065bb50c249baf4cb07a9cba73c30654489a8c26f7ed16461d0792
B/40203/2521610325/1775584085.csv,6037e980c292a21354bcb581067a7f078a3fa4f01d0d5719e68d80e61d558b62
B/40203/2523610003/1775584084.csv,338eb75cf418edaeaf3ee6ef81bc0afb0b90020620b2276a43012a365b7e4e45
B/40203/2523610075/1775584084.csv,1d9bdae5544c6b05e86bf385382cb94d19b78c65cb60399fc5af18b9666c56e3
B/40203/2523610134/1775584084.csv,508390760401e00084c99da736481e25bf2b75b90e4213f9e894c546447bfe86
B/40203/2523610160/1775584082.csv,430da1af8554b7d262c7e4b4f94fda51c9f87e7c0158f5c0cf99b704ff90bfe7
B/40203/2523610432/1775584084.csv,c0fe8c250d754fc398fbaf88f8f16d3799443a515a164fa117b11180f923d2a9
B/40203/2524610033/1775584084.csv,42be4481fce1383d61b8e7b5f8204a125b108c912e8b27bc604dfaba6a89a578
B/40203/2524610041/1775584083.csv,27df2f6098c50c08a1de457e9f67228e6d7db6ccd055ecd8935ede49e18c96e8
B/40203/2524610049/1775584081.csv,611eafaacbf2ae3b460b45764966c18713d24dcbf3c3c22b58149482ecc0ac82
B/40203/2524610074/1775584084.csv,dddbf2f45884ef5b21eace0c108653c766dec8efe6ff6aa701363b24f5cce4e7
B/40203/2524610082/1775584084.csv,fcddf91704609e14d7f25962805a55361574b8866a564bec1db11125813ac76e
B/40203/2546610759/1775584084.csv,5727b317ce4e439190e5759fe447da17e25a7a35ce90b11ba1a2ff37af895b93
B/40203/2548610286/1775584084.csv,1372afe4eaef7be129be422d635329be39030b5b49f8f65073aa20a402c78066
B/40204/2521610325/1775584102.csv,8d7fa4acdd6a69a823d9acd2efe93be8d69a67559ac6dc9d11e13e9c5b75e833
B/40204/2523610003/1775584102.csv,9834af524f43380f0fdb097e3727d5c2b8ba4f1700ad3e883da2f25a651d1410
B/40204/2523610075/1775584102.csv,cd81bb93bb34f235333baa005722fc8974135ce386fc0c711dcb69ba26befd09
B/40204/2523610126/1775584104.csv,29c884fe6435e0ba4b048038a5b66125d369e04bceff856a2f98cb940235bc3c
B/40204/2523610134/1775584102.csv,3d8b884a5b4d44100059ab3b2332b009c1e7bdd3114fa8505a18139da8bc1968
B/40204/2523610160/1775584101.csv,ca6f4d6b8ef854c7fc24386cea0a852b9f82816dcecd11411423479d2947eaa0
B/40204/2523610432/1775584102.csv,ca7b5f66bdae93d5200e9c0bc15990e2711fa45e1c2c458d6d8f503e4270e30e
B/40204/2524610033/1775584104.csv,07314d62d4999f8d97829acb028fc5ced76a0182ed451de42fc95c07551f5155
B/40204/2524610041/1775584101.csv,ed7bacc8c5f62a7e57a4b86701a8f2f99116eee21787558c3688532891195d39
B/40204/2524610074/1775584102.csv,08f427113cd341e8672be87b51a770bd734aabfba90d375ff6c6ad00b40cd9c3
B/40204/2524610082/1775584102.csv,fb42eb879811798c169e42d2450b842b646d93ead5f9ea63c5810a3bf09c3f84
B/40204/2546610759/1775584102.csv,d6c6bbc63123649be60ea35ce9bd596c5b6243bc2548cabb4573a4d9a85c9099
B/40204/2548610286/1775584102.csv,6ba6790e77ea66c49d7f78f04ae097c37d960b2f762c01a6e28d2f28cb34e375
B/40205/2521610325/1775584121.csv,65ad9d8ee39b49f71f4c25521d03c37dbe668b4e8e47b1dfdb83a6f405b0075b
B/40205/2523610003/1775584120.csv,d870c27a909c32dc5397cd7ecd76a04463aa40fed1121da7dd29054af41a4606
B/40205/2523610075/1775584120.csv,d9d3f58fa071a4818d0601a10f0f8088291baa69c93e9589fa897bb3a40aca78
B/40205/2523610134/1775584120.csv,5e3b97bbe88a8d162688d9c35d75df238fb126b7dd08a15cc5aa8e51290606b2
B/40205/2523610432/1775584120.csv,b3d6e7ccf235b035f19c906ac71c8fc4252eb86bde439d2cb1f562019efbf18c
B/40205/2524610041/1775584119.csv,2fac44fbfeb00d8c2605cd50623fb91bc8cdefc8acf897b8b7daed3ee5c74ab8
B/40205/2524610074/1775584120.csv,c6686889b04378c13293dd1a6e070436f5ca721ecd3584b2dc22d701c9dcac25
B/40205/2524610082/1775584120.csv,42044128c389e7517e739e4d0cad006beaac0cbf3cf924c8e1704f8fe07cdd3a
B/40205/2546610759/1775584120.csv,1d0d4c0c20be7302201cadad7d7c183311b6a5beb8b6a1d81b876194b82dd509
B/40205/2548610286/1775584120.csv,ca9d8cbc9523e3c2aa7ee61c5bc563cee664306b4ab9d4891566315b7d5803a2
B/40301/2521610325/1775584139.csv,bb48f58587e9ef75d8266ad7b146f0643840cbcaf3700c60316ddfe905f2bc87
B/40301/2523610003/1775584138.csv,d2c668a7d0735bf2bb98a5ff4b49bd5f8f7e2c11c795a4d15fdc2a74fd949c8a
B/40301/2523610075/1775584138.csv,45fb1086ac828e42f98d699295fd3784705890835eac59e4a6d74d2dad8e8f28
B/40301/2523610134/1775584138.csv,178c46d00b1e0cb88b60e52e890a0b1fa379f4151a90dda4f95228adb5ca66e6
B/40301/2523610432/1775584138.csv,be51d81b2ca8b5e2ed8f1f5f5d1dc7e2f14056affb9cce86ecde04452851cec4
B/40301/2524610033/1775584138.csv,414f6230dfeb11ca31e488d6d68dcb5902cfa5ee3ea16a8e88268e1834276061
B/40301/2524610041/1775584137.csv,b569386987b288ce160079e9938c89993295a0892c8e99592ae2044dc855ade8
B/40301/2524610074/1775584138.csv,7de7873afc39599a2036558bffa66159fb66e7903157ede76211933c8996d9b8
B/40301/2524610082/1775584138.csv,4b1638cf1eea9d2645f1c70fa481624c5169084dd54366a81431a44859e9ce56
B/40301/2546610759/1775584138.csv,5160910d634eae0cf904109ad7aba07ef104854b06d3c1d92ea77270fb5bc186
B/40301/2548610286/1775584138.csv,f1e13249499f6a7e38e1f08cee77b462a7da96296608c9b962ef0dde2d8a8db2
B/40302/2523610003/1775584156.csv,d26e42be7c3d76856da980722883cb69e11b89d84ad2bcf45a56d412ed7b2e39
B/40302/2523610075/1775584156.csv,442b0924267ab2c153b62a204ebd4f705fe6fd7fcde42eef8099dff20bcc94fc
B/40302/2523610134/1775584156.csv,9de4d859ed99194f80b26ddac9de6712a2fbbe993036984e95c22f9b0ce6a9c5
B/40302/2523610432/1775584156.csv,ff17f074fea1252e4163db7e62b122bb555debd7617703bf8aaf836ca123e36e
B/40302/2524610033/1775584157.csv,7d47425fe7a86cf40ddc0636640f8a62182d792990588b5a9b80a2c0bf480a0f
B/40302/2524610041/1775584155.csv,5b59cd81be24831e83252cf1a6dc031d06c8dc14ff1280073dfea3386336f8bb
B/40302/2524610049/1775584159.csv,59bd95f0d0c94b2a1804d3b0223b7a79493d9a4141ceab4639bf3d01a2d6f2b9
B/40302/2524610074/1775584156.csv,a7317b603c7dbe8229efe1671e750ce1d096d933b44fddcc7610cfdb9191a793
B/40302/2524610082/1775584156.csv,f5a24a9b4911e0a4a16ddc0cb80e30bbed8769cf9c7acb7eb6440a0208d0b98c
B/40302/2546610759/1775584156.csv,10a18382379b12775757ce665ae521159b364cb13aa6e9e2d764899e78a8fac9
B/40302/2548610286/1775584156.csv,4b0d704cb212c0153c374ea7a54ec7ed420a61abac0bdad33a371e0a94ece6de
B/40303/2521610325/1775584175.csv,6a0611bd7c6627c820c0f0583b67666053d1125b424955ab292032a065e9096f
B/40303/2523610003/1775584174.csv,a233848d985eff7751f1d1c54d0b5eff9f7300cfefb9faa2d6ee49854775b24b
B/40303/2523610075/1775584174.csv,e386c7a8a6327de62b1a360bd85b67d9e09321ab97b3ad65f415a67c92e670a2
B/40303/2523610126/1775584174.csv,9016a86982e9c8375263f0e6399a1f7c2d194fc9313f8b1db66954dae3e92c42
B/40303/2523610134/1775584174.csv,264ed9fb71d047f0bbb03acb1efdb20f021583906720438fc083fd839fd4a9a2
B/40303/2523610432/1775584174.csv,b4c404dd57e588c8a91c48a8b107bc49b8be7cf184c77dfc29111019989b86b3
B/40303/2524610033/1775584175.csv,16d0b6ba5c2056b357c5259cde9518e203232a5bddf1b6471a9dbcb12c38aa6f
B/40303/2524610041/1775584173.csv,8a0f9c69bd81af6aeaeff71254861cae12d35d6be67d16558f8228101296e087
B/40303/2524610049/1775584177.csv,8679590e5070c26f9140ff79e7083f7e874afb92e3dde46c6787acc556d07639
B/40303/2524610074/1775584174.csv,5f2a3a5f6c7214e1c1a19ba2c15fd3d03bd4caaa00580ff827a64f12b10726af
B/40303/2524610082/1775584174.csv,1ae4bc209b2c5d87b622c68e4107ff07ca9ada7ef8a8e1d00464b27f35be301f
B/40303/2546610759/1775584174.csv,a38fca8460fe7cf19d4c006efa72ceae621e51c07b42ba341bb9c3251fbd0970
B/40303/2548610286/1775584174.csv,6ce9c66a776c60093c5e914a211077985bc03848d959317985a3d0998ce323b4
B/40304/2521610325/1775584193.csv,44f95bbdeeaecbf6ab6e65f5e220578abf1476179a587ff55ad3a077b4f7700c
B/40304/2523610003/1775584192.csv,b9aae17b670529bb2c596864287599986f74b661348262bd3427d143efbade7f
B/40304/2523610075/1775584192.csv,2ed4adb80d400cb3a7f6d45e1f5a651857408fea694ba468da55c9f2e1fbb847
B/40304/2523610126/1775584192.csv,d6b0725efe6ac1577d75f087ff6cf0a52919c177560b9f71de8d7a40033e5fd1
B/40304/2523610134/1775584192.csv,d4bb4deb5f4e1429a1d811a0f947e1f48dd01fbcacbb6690510eb14e17b0be99
B/40304/2523610432/1775584192.csv,4b58f7d5079d4461d44d28b45b7dac60c9f84b57d8f316943550dc6b1ce9a620
B/40304/2524610033/1775584192.csv,e6181fd4eb81ccabd6bf55f3acbf15b061f409043d7e6c12b41d671cac3a5d6b
B/40304/2524610041/1775584190.csv,d57ab615a684ce1b9cc2803177e8e08ec49c48a2e074f240f7ae62248d400a95
B/40304/2524610074/1775584192.csv,424991c34b5c0d1fce28afa0f2a9856ef6e03bf1d89cefad4517d35fb89222a6
B/40304/2524610082/1775584192.csv,bc15a279c0f8f37d497e51683db67c87707273eacece8cc355aa230409eb20f9
B/40304/2546610759/1775584192.csv,3395a17a5562b6eddca17b6bb6c80ef449a4689673284de0ccc387798f9b6993
B/40304/2548610286/1775584192.csv,b68062f651e660b8a5c83e8443aa56b6244c5af6e8957c14715db24d90fbbe35
B/40305/2521610325/1775584210.csv,7d908c36dd0c43e351ed25418233bbfdb654ec1ffd8858c99eb2ac2099868222
B/40305/2523610003/1775584210.csv,9a318d51a1d653f322ac475ce15eea54b2b1bdee5d4a042a1ae5fe7b3c8e7d99
B/40305/2523610075/1775584210.csv,5c4e13e18f05bedf84ef4263bf9686a7d373e3ddc1af0765ea0cf35de801d5cb
B/40305/2523610134/1775584210.csv,ff8a56c764851bd1d3e6d6100ec7cf341a15d5aeb25cf044f0bd4cb0b882ccef
B/40305/2523610160/1775584209.csv,79162ea099e196a8e9d1d07cab2588ebe508bc3c5cd8860ff6516083538e7cf3
B/40305/2523610432/1775584210.csv,f2f214b8aaa962bf4ae10bc587002cd2f376dac7cb422dbe9758dd42f7341023
B/40305/2524610033/1775584210.csv,2d7091cc18d8b6a5876f3eb71cb3b0c3e73cdb5f5d482cdf43045252ec0ed157
B/40305/2524610041/1775584208.csv,5d1bad03c32baf2c0d1f7135046a3490c312872269033ffdf161c9236d9b8af3
B/40305/2524610049/1775584210.csv,e411b38f36540553d71d167a176b848cdae6cffa0e6de77642c8d7d4d6a7ed5b
B/40305/2524610074/1775584210.csv,4eeada30feea752beb7bd018ca6fd9f6b526dd841ffbeee0e25efc337ff32114
B/40305/2524610082/1775584210.csv,8b727fb8998c9ee8ab122c3936b24744f996fd550ae46e1df1e02c4a58530a69
B/40305/2546610759/1775584210.csv,e761a09d7c1d35c0faa93146ec6e210a355ff61df34a3dfd716b5a7fedecd5cb
B/40305/2548610286/1775584210.csv,618d12a6b2d5ad8879d015a9fb13ecdd81d850b82feec33faadc5bbf9e2da6d5
B/40401/2521610325/1775584229.csv,881e27c4055eedc78d30d340437d8047c533682a3a68f39933cf64241df2faea
B/40401/2523610003/1775584228.csv,e04fed2a624c97dc8a1d5235fef1080bab539d2b2661de8b27e385db74b8a39a
B/40401/2523610075/1775584228.csv,e5e8fbf19082f1f5733a01a55ac965aee49c2ee819bd49eee8e445e8472ba1d0
B/40401/2523610126/1775584228.csv,b104c7d0c174155c325328b2891f6fce0c1b4d258e7b93b941a7e6bb08831b3c
B/40401/2523610134/1775584228.csv,23bc5a50a934c46a80060ef58546d8eeb4fb7dbacd95a945097b4ac19d51f6f3
B/40401/2523610160/1775584227.csv,6988175b77e0dc0b09a040a9b5b62d743de3c3700ecacf824f4220dd9fa9d047
B/40401/2523610432/1775584228.csv,503937482d20b190aa8df1e38f2aad0a25fc7cddb1543a5fa19937390b5efc07
B/40401/2524610033/1775584229.csv,fafbc6a998c35f828389da5348c80e1297d04b4b2af0dc1428ac6162569d7c69
B/40401/2524610041/1775584227.csv,39fbc9bbf121e9d685761b648ae7664916015ae997d8e99bba79c90948b559c2
B/40401/2524610049/1775584228.csv,e95dfcbc2224eb11eb47ca54aae6a76e2cfcd278d64d26d6283fb972164e2023
B/40401/2524610074/1775584228.csv,2cb60ddee95b248380da4e6d5066ede549d5909f5b913c5840675a33561a8135
B/40401/2524610082/1775584228.csv,7c57e885857b1017a89abad08ef19d4ee4f27a6899e610d83582c1ac47e72e82
B/40401/2546610759/1775584228.csv,369942df5b9322536b3be78a31c710641cacdc793d455cc8709e114406275649
B/40401/2548610286/1775584228.csv,0d0ff0b7cf3f252e558016fbd88e16ca4205752004ec29c42cab78b52eb9568e
B/40402/2521610325/1775584246.csv,7aedfbfcf04d452c4dc84d972aa212e3baa1ca1830ddd0f28914fc1b0c235aec
B/40402/2523610003/1775584246.csv,5bb770ac387faa4cfd795409e278b967f38c628bcef6c97fc7d7b434e4a99e4f
B/40402/2523610075/1775584246.csv,620c04046575acc6d0c60dabf6d6f4ae498b1c5a348be8ab6559c12e34c8025d
B/40402/2523610126/1775584247.csv,f550f31bde7e2f48e4b15cd83f59344b374b8655adacd3eb9dbe38cec0b7694b
B/40402/2523610134/1775584246.csv,10e942bd90a5eb0604dd5164c588682452d972d9955e4239a360a8fa14115edd
B/40402/2523610160/1775584245.csv,e46ae66610c888bf78ed2a02222adfe25965bde4a52a6b559bb7d4953595a532
B/40402/2523610432/1775584246.csv,7f2c2f682ba6995195220d492be41a7fb27269c2b14c6d2981e2e5395f56daf3
B/40402/2524610033/1775584246.csv,22f90f18f92efd07aa7e9d7deac0a2663e94b47dcbc4468873459f10cbe29e46
B/40402/2524610041/1775584246.csv,6acba268c38099e38a3db92c0f124edf6363d8e4aa929599aa7b147861300ba3
B/40402/2524610049/1775584246.csv,eb3eca51daab6ad2006c511f635112126ceef8e1e0bcdb67bc1784611e03e1cb
B/40402/2524610074/1775584246.csv,9ce5151a7df9a81f27a82a9022eae8d3b8c2169d676d40f15a7cc0a3d310d7d1
B/40402/2524610082/1775584246.csv,48422ff5cb3aa61abd910820ab2be611909262bc26c5342ee6ab9f5beed6b5d4
B/40402/2546610759/1775584246.csv,e744763f98c01d819001c39023a4613f2cd018f11ffa51d2f9188a0f461edf68
B/40402/2548610286/1775584246.csv,9d3304f7eb2699871dcc30f48da46c19ca55573eeb337baa635fda65cf141758
B/40403/2521610325/1775584265.csv,4c1ab8314daef1c6e5fbfcf6623edce5c311e922106e1fff8340013af6607e04
B/40403/2523610003/1775584264.csv,656f7263735f2b64a997278dfba98fe9836fd16776a2fd64256c8e0c773b494a
B/40403/2523610075/1775584264.csv,d59540e3e1cdfa1d0cf315a0e695ebd096d72c6f046d011f26e7baf7783b73b5
B/40403/2523610126/1775584264.csv,875eceaa0c3a4105701923b4de726d91dd1ee1631610543247aa4350a0b969a0
B/40403/2523610134/1775584264.csv,8b4e6893621122acebb23895f0e78dc9e90bbe8958f2566e60196d3c5e471d7f
B/40403/2523610160/1775584263.csv,7b8cbfe84b5b256a52656887b128c07aa8e75fbe014e81cb3f75755cf0fc4e5f
B/40403/2523610432/1775584264.csv,0e95d19f8c67094c34c83de5af7d24df80782a64ae3d6143c233b03a8f3c5f5e
B/40403/2524610033/1775584264.csv,66582a77bfe82b4cf2f73f2ed651a2b1276fa22a1ac15a94b212ca4ac645270e
B/40403/2524610041/1775584264.csv,99ceded619b0a71bdd5a0f76963a898093fa62620574b9693b98a9e5b7c9823e
B/40403/2524610049/1775584264.csv,5eac29105f9cbf801ea102101c603e421195eb8cfce71467fb6899363c3b7261
B/40403/2524610074/1775584264.csv,d936e2be89e97b7074c7faf132e756d541b5201e1700a8dabff434c4bf7521fa
B/40403/2524610082/1775584264.csv,c14b7a63b4dd52a9671c57c64938a448596a94744fda28fdefa6ed3c18f9f357
B/40403/2546610759/1775584264.csv,07b9ce7902e38e72cbe11d91e96d9714c316826ff8a5048542e5063e4da88b76
B/40403/2548610286/1775584264.csv,78ca47f296ce6dd4ad0e3b4827cf7b7d8fab43c02ca64a7ce8ce6e86dc729174
B/40404/2521610325/1775584283.csv,331f174a6205aebdc4469b4c4f055b1ef132468fc060a71ef266554b91a84faa
B/40404/2523610003/1775584282.csv,4acf8238d798038a8be52335c82366a8927f3d3b6af258ee16fb74b603c623de
B/40404/2523610075/1775584282.csv,debb762bed1c77a7ccf8e66399d4af1d047cc0dfc166eaf329ac4e704f03f7b2
B/40404/2523610126/1775584283.csv,4b947df04753684561158d738d4b3f7a75da96dfb96c6db83c232b91285f433d
B/40404/2523610134/1775584282.csv,3fa7ce0b10e0ea51835d10bee694ddd1b5ed6f175592ae7abb1b51fdaae50e31
B/40404/2523610160/1775584281.csv,a9861174c0005f381285b878ae3dd0fd14d8eacff5c9841d05cf19a5fb9ae633
B/40404/2523610432/1775584282.csv,64bdb1cdfa0b636bfd67607eb7b1dc048ef8d606590a5224c5f9caa49c27edae
B/40404/2524610033/1775584282.csv,ac25224be51db3b28c6711839ba9af7c5ed7a076c0d0b40cf4e8c0df3b616736
B/40404/2524610041/1775584282.csv,4bf6c2b03b5c5c04f3668380ed13990bbe28e107f10d23abbe8ff939248d200c
B/40404/2524610049/1775584282.csv,ec5c9e8c817bc938d3ee18e89bf969ae931a3aa683a9bd717db29018a4bfb1a0
B/40404/2524610074/1775584282.csv,c0d8d055782d075117d9402adad95d5cb187df6ecb740e307c8d93d245be92f4
B/40404/2524610082/1775584282.csv,d649eb561eeb5c8e9f2dcdc2f5a6830f2cb4e805fb401b0130c6e96d9200953e
B/40404/2546610759/1775584282.csv,c3e2bd5d00ba9e87adf850e8a9e7dbc446e66b93e014964b6ef7843a5aa5a281
B/40404/2548610286/1775584282.csv,a155973dc5405867ee1c667e2ef8f6deda0c0c1ac23105d0a1e7671f71228222
B/40405/2521610325/1775584301.csv,1d3ff6975dea904eb46e0eb46cbce2eff9550de4c5442eda583b84f2bb1b91d0
B/40405/2523610003/1775584300.csv,fc0bc069f7021ec7373ba7359b845d237513a3c0bf4d2969d258595d94255b50
B/40405/2523610075/1775584300.csv,4a176cc92526b48b70b6b39ce1b3a7824003971186a392b3b6a0f943279be4ab
B/40405/2523610126/1775584301.csv,dd547bfbaf09f68922662422347ab538a9b648c1dee4c1df6a8765af987a4f4d
B/40405/2523610134/1775584300.csv,4cbde2918025d3b4083c6a5c60556f7b4c0e56f4e1859640ba0b7392909af1e5
B/40405/2523610160/1775584297.csv,99fc9c97574f8d5c66cec2dbe95eda06a21c8503f1530723a71740e47dfa7845
B/40405/2523610432/1775584300.csv,d7dabc1a2e10cafeeb658a99ac77bec3b5734b4b1f078e2c486f23a539824442
B/40405/2524610033/1775584301.csv,8f62b30febac9ccac7d375aeedcf2b69d0b74a85322f2dea9930cb729a816398
B/40405/2524610041/1775584300.csv,f1e9b25164c2ae93b95b1dd51a514d9bd83ff6a846e1327a83e23b4f7a9cf5b2
B/40405/2524610074/1775584300.csv,f5e3c0a930da564002f2bb2efe0e163639ce751dbb77a99b94f86e0e7d0b3ae8
B/40405/2524610082/1775584300.csv,2a50aaa5487ffc430c51c9af19b730b5f84caeb4a175321545141075ff5d1d8d
B/40405/2546610759/1775584300.csv,594f1cf82df01b7a1a451b36c6ee9db857d39fb2100bb2e52123265bebef64ed
B/40405/2548610286/1775584300.csv,70a7db4b532760cab4b3d72a83f85319d467ff9325c0a09e7e88c193297e793f
B/40501/2521610325/1775584319.csv,ee55d77d073c65b53b2c274590dfb1362f1ce26f16f37dfd6ab275d91af71298
B/40501/2523610003/1775584318.csv,f38f3234e16a1105261d6a277c2d72d818bf39d60f47335da4625aff0f521e3e
B/40501/2523610075/1775584318.csv,eefa48fb6b0a02804b51efdd98716a5b0c00e9432b0e769ea4d593466bfbf50a
B/40501/2523610126/1775584319.csv,beccecdf0fd7c92d082e770e5d7f75a93015a6958a7d6f302656955f12f1fb69
B/40501/2523610134/1775584318.csv,ebbe55ad8efb01b8db63b075c0a576925403065be60586fc050843288b82af87
B/40501/2523610160/1775584315.csv,f04c061fb94a9b4bffce1d551c522cc55f822eb553449438c27802cc9c896161
B/40501/2523610432/1775584318.csv,932c917c559626accfe271229b9518d6d009c68ef13a69f5acdc29472ceb2a01
B/40501/2524610033/1775584319.csv,a3b2ae20af50f9df303f9b5e9ae74f7c9202f2a7dc0e59f3c749b1f6f9d49d94
B/40501/2524610041/1775584318.csv,7dae4f384a47379198f40f75d38c2002173fb7f82c7c4abb9761d178bae5b62a
B/40501/2524610074/1775584319.csv,694d4beebd247febefd6a5e6038ae0b1b58dbcf927b0c9136477249185b17b5a
B/40501/2524610082/1775584319.csv,6069ce014d7680a60dbe84f35d61549e92f7a65a1d8f6c666c535bbcba5254e9
B/40501/2546610759/1775584318.csv,6bbe6b0349ed00c0f2d7642b925fc1ed9cd52243dfa3f9dc88faa25739263ee4
B/40501/2548610286/1775584318.csv,d02a5c9771433c98de0045b3dce7b7e9e87aa5ca8aa7735652bd43869e8c36be
B/40502/2521610325/1775584337.csv,a4ec0c4b298cfc946606873b337479da49f20a0b3c72f285d7481a27766ccefb
B/40502/2523610003/1775584336.csv,30764c011ebd9c568b1e61d16e3f36c591d8969cfe7a909a64eff4e2b8cf9608
B/40502/2523610075/1775584336.csv,430399d399e4f0f4599d7c9a034dafdf7f444b0f210ee7dd035c697b42a10e6c
B/40502/2523610126/1775584337.csv,0da78f64d59bd6b6a310bafc081a21b37ab2931f8ecbc957c98655d3be2ad099
B/40502/2523610134/1775584336.csv,b87fed86f613d13861b3a38f5b8fc5893a1a7135843fdeceedf674a7044e6a63
B/40502/2523610432/1775584336.csv,555b9893da8728a97799bf3b0e695d96117fcbd819cd9cdb3b70d78f1f5a3651
B/40502/2524610033/1775584336.csv,c23732ef217faac6908b37dfaa9a0ba38dd4058b7ea642add527eb558c47729a
B/40502/2524610041/1775584336.csv,edd79c5d9e172d55f2ebdd0d13655f8b1359f8b3884d03f86ac19309b51496fc
B/40502/2524610074/1775584336.csv,b93f699cf888d6a583d22f4a46b29092cf194b67b075e7105b9fbefb6d5e06c8
B/40502/2524610082/1775584336.csv,ceac2de0d05734ebd83421d1d01c747e632b25a53940951d8ba2e390606a30a7
B/40502/2546610759/1775584336.csv,595e683472efd3b50d54a3c7945fedc3542ae15002780404198b1dc2242a181a
B/40502/2548610286/1775584336.csv,e0adc7f6982d2f44a9893e95ae79ce673609024b321318b9d627d6aa61859ce7
B/40503/2521610325/1775584354.csv,31b33e35daacae082e4ba4bc983b43662d4194e0e7b7ec74039306d03f77b3d3
B/40503/2523610003/1775584354.csv,c46e2862585f32b162773e8cc3ab538df265634530934939982b93fbd4437955
B/40503/2523610075/1775584354.csv,73905b188e384370896126c2df3820372d8460d36dcb5fd004df6604f1f4e21b
B/40503/2523610126/1775584355.csv,74c84f1a19f162a14091c65887619df44999892e329d6f13a612a1b1528380de
B/40503/2523610134/1775584354.csv,23933d08ed09be48cff6bd3a6b47d8e3dc5a379107e258af23fb03fe09d89219
B/40503/2523610432/1775584354.csv,bbad86c3266d4a005588199d7c87f29812b1b61a39829e7c941e22e6aa1291fb
B/40503/2524610033/1775584354.csv,dc6ce8c005e663d442eca3a1d4aedd6c2ae7e381bf1be0e594144d487fe58a83
B/40503/2524610041/1775584354.csv,eab99e584de7301c65fedb0634937e313903811be8b6348116edbd49e473ee00
B/40503/2524610074/1775584355.csv,7055b1e9f4dd3cdc946d16b75bf19712a4b249a20c5727c816bdd4ea10792886
B/40503/2524610082/1775584354.csv,b9fec2722997c7b96adb2bcb54a27fe667d02593ad02facce6c3d46e435ad0c1
B/40503/2546610759/1775584354.csv,5a0e1a2d50ad9019aac6181325da5e52e1a050d0929c2029862f7a7d297d2b5d
B/40503/2548610286/1775584354.csv,9bb8b78855a1ec212630c2d11eccc52cceb0b43ad9c3baa6a4ae75b3883361b9
B/40504/2521610325/1775584373.csv,ec20b90a5510c4121a885efc60ab4948e83946ca73fa2ffa73201173c80a04b5
B/40504/2523610003/1775584372.csv,58c204ff6824f771f0999569c2fc262f937a0350fe96a0382aca928a2a7defe2
B/40504/2523610075/1775584372.csv,cec3c361a6ba6144058a4e5f67cfd3f2f2cbf8a4d56b2600e5a92e2d4a051e85
B/40504/2523610126/1775584373.csv,e42a08e75146488ddff1382ba9f8cd8b5bfa218da4d4b64bc7fec6e9c180fab1
B/40504/2523610134/1775584372.csv,cbfd81f64426959a6fd70c52bc68ae519085c9a5b1edf640a88f89109f0211eb
B/40504/2523610432/1775584372.csv,22fa46695f155c139027b99b0dde7419153a96a6c765514216c2423ccd986289
B/40504/2524610033/1775584373.csv,45a2229737bb759288a2bc847d8ff49b5261ca768ab4724d499cbaff3869c273
B/40504/2524610041/1775584372.csv,8d03660fd05f70e70fef57bc8d087c8c724904358892c6d9e44f0f8b2acd822a
B/40504/2524610049/1775584373.csv,09647ec89024903f8f8520bc2aa99b0b979784a3f33dda1d0ad453ba4500beba
B/40504/2524610074/1775584373.csv,af50b6b8437e24d296c01dd086f937940284e8f1e961750a0b7b61e720f9cc18
B/40504/2524610082/1775584372.csv,82c7253bedb9e7fc2342e04fb781dd37e274d42911f8d6e7fa65aef2e4b4af4e
B/40504/2546610759/1775584372.csv,b82baa4ddcd63aa1704f0236068f0d220f4e231233b74345fffc651c017cca90
B/40504/2548610286/1775584372.csv,334a7b95988ffb31dff0f300203bdf1fca31e2409ceec17c953543b42d260349
B/40505/2521610325/1775584390.csv,91259af20971b5dc7b8e18400c28066fa652d586113b3c0005d6e952519d52f7
B/40505/2523610003/1775584390.csv,b963a79ed019881a2ac5f9b20f61fe00451c07753cd7c6a252eaa05c7cf1fd0c
B/40505/2523610075/1775584390.csv,466a811737a6825b3afb0080a064ad475a68094e3719070b214761756eeabce4
B/40505/2523610126/1775584390.csv,f4b990347bd7622f430c8de41a7e15d9a78f4484dc999780a579d9b4e72e4924
B/40505/2523610134/1775584390.csv,96c6484288930a30d642a36fff2e21ecebf7664e270a04360b7c5ef3abe1622b
B/40505/2523610432/1775584390.csv,0b2a38ea8348eadd7bf683eeb1257ba0fc17c650c5849758eed3b6e7d782428f
B/40505/2524610033/1775584390.csv,261777f1ef10d2073d2e6764b19bd966e7cda25d69032db9145d6b80c05274a2
B/40505/2524610041/1775584390.csv,0fb5e0b626e3333590161d938645dbe81e93700324dd244dbd8781908ab16a9f
B/40505/2524610049/1775584391.csv,6684f892edc292384b0f5885d417515768d61528ee1511a9e5ee55c532b182cb
B/40505/2524610074/1775584390.csv,cdfd46597080d3c0e908ce7d06d63dcf66cbb83dde85c6ce18e4bb5272c4cde3
B/40505/2524610082/1775584390.csv,1ea89ecc26eb80b8258e7fed934ddaf01208272f366de891ef4390b3ab33f918
B/40505/2546610759/1775584390.csv,18436932f7fb3641ceeacbc3b20be4dca01a1afa0551fc55a4f14200f5299165
B/40505/2548610286/1775584390.csv,83e46afe8fb610b344301d672f044bdc8fbd644d8bd9befdd5385635d2878206
B/40601/2521610325/1775584409.csv,2dd3dfbec381a1f2fb250e669d5a8886372069a3a6dd84d8132b04baac8420d0
B/40601/2523610003/1775584408.csv,53ad20fe5f2b77ff1a18ae17fd1b7b39f0f6c1d520dbbe4a524c06ab6e624b85
B/40601/2523610075/1775584408.csv,ec1401574267d58e3d25d1542f5120ec84a26ffe1d4a0b9c34d5d95d603924d2
B/40601/2523610126/1775584409.csv,e84197888a53c3d9cfe3bf34dc06b25f0a88f0ac025490e1295b6a6bea1ca20c
B/40601/2523610134/1775584408.csv,a7cadbf321770227ec810dfe7efa3d0abaf043669a01c5807bb1cbadd0912550
B/40601/2523610432/1775584408.csv,3befce14c653792ea7f2f9ce309d6f5f1a08ac4d84179aa55e24af1952405e28
B/40601/2524610033/1775584409.csv,9c5eface8cd531a542d4db371bdedad39815d0f47b48d2e9d97b2099bc48bc22
B/40601/2524610041/1775584408.csv,c4bed132ba6cf522cbc51e8dc3404aa1b8c674a41891158e41fa08f72a0673aa
B/40601/2524610074/1775584409.csv,b2658cec7c85c1b05c078b4c10bdfc90a15c467e46878da84fab77ab1851611f
B/40601/2524610082/1775584408.csv,0fced45459fe7df049d8ee330e7c24ab650262da2c94eb48bbe8bc792a797643
B/40601/2546610759/1775584408.csv,a4881d9886b36280239058ea4bf0ed708dc2d7f014a8ff148c33b966178f59eb
B/40601/2548610286/1775584408.csv,7af486bbb7529b55ab81fffb365f64abc62fffb9039cb37b4d06e980161cd7c6
B/40602/2521610325/1775584427.csv,3ad757045f9438df392a4244c95b3f10b628c6a08a1983ce4009dda3d6e33e20
B/40602/2523610003/1775584426.csv,54b89bde03bdd8b36d6109a01978efdd311174888d7c3124d494d8ac56eca00a
B/40602/2523610075/1775584426.csv,6dc803c28ccc0548cf762b0aea2168beef07da9048eb7e5fe3b854a6089070e5
B/40602/2523610126/1775584427.csv,3efcd3cdd8327b30ff310cbf475089b7fdce21d421f2835bd88b4f03287e426d
B/40602/2523610134/1775584426.csv,d252f6f40465e99ff96ab77885d886310f0355eac1c6a6b2117e8e52373f2873
B/40602/2523610160/1775584428.csv,cccfca89c1e27861aa4b0f48ad9ea611af9f9fbb88b3557e4bb5ed608252ddec
B/40602/2523610432/1775584427.csv,ff9f909fd7df726f4864277f4d799899dc6adde8a033c512f2f7fd576da9da9d
B/40602/2524610033/1775584427.csv,6ded1e29a767a7ec67fc69ecbf147fe678c5a7439c867e68af43f57bd60b616c
B/40602/2524610041/1775584426.csv,dd5ed5519531963864011dea8ecfe4358e8556231237b1aea3407b60e66cdfc6
B/40602/2524610074/1775584427.csv,616e0e9c6b7bf6f38357a3fc7e0e3f4913f07ee97286bb2fa8faf07ad0a9f53d
B/40602/2524610082/1775584426.csv,ac8683fcc4f91e753027d8984c3ba6c9e5f0961d1aad05420f6bf63e27ffe14a
B/40602/2546610759/1775584426.csv,72d5b6b3cf9ccfa48ceb7c35a94f1cfc7aa59e064117190b0bb5c43bab421e5d
B/40602/2548610286/1775584426.csv,c3bf348a5a533f04634119cd48925de008df82d44d547dc292bb3639de5ba8f6
B/40603/2521610325/1775584445.csv,c2032083d0eb71e0d7eeef533a781accbb59259814fdbf5ba2440625052c2c10
B/40603/2523610003/1775584444.csv,4aa3303f97d947f3640ff4748606619dda652136a66c664837a26ebc7982f096
B/40603/2523610075/1775584444.csv,33dba671ba6384efa5f651e058a10f18bd0084429b033528c9df02e1dde2438c
B/40603/2523610126/1775584445.csv,51c5607d486e551f2a40a994d5c03a04c026a34c809a489c1df3fede5ff80ea7
B/40603/2523610134/1775584444.csv,486dc1c81f8783519404338c466aabe8f977f3087f44f4ba2a21c50ca7e44eda
B/40603/2523610160/1775584446.csv,d9fb4473406ab43f8ab8aa72ddee195a32a3a0542fe98deed9274b4a439b5c9e
B/40603/2523610432/1775584444.csv,1f53978b5097809105871148f02c7eeae63fa22c902364e18a01977172d8eebf
B/40603/2524610033/1775584444.csv,adab3f4743cc6b6242fb9af793fbce2b7a5ed65ec7ea12cc69a18a3fbc2cc29e
B/40603/2524610041/1775584444.csv,a2c9fa8ce46f7ae30a733ec2fc7609113222b2489caa73a0719424320e4471b0
B/40603/2524610074/1775584445.csv,55b80a0978b507874d47bef965e7258b8c731dcc60d2af2ca70d95f673aa805a
B/40603/2524610082/1775584444.csv,ac4937a398e1e0fa3a4da1fe30c8193c4c5e325ca399e347b69f7393e411e902
B/40603/2546610759/1775584444.csv,a526e37f6c4f36537d0d1e0c675641ecc20cb8ef5681145a5e80590c5ff3330c
B/40603/2548610286/1775584444.csv,c00dbc2ba0a3b8cb0b6ed8fa6f9ef8f06c964a110180adea23e1f8410a873ee4
B/40604/2521610325/1775584463.csv,193be46e68a6375da376d14137684af580c5b159c48a3b591f42102dbf527cd2
B/40604/2523610003/1775584462.csv,01eab7290a0e844c777817c8452441aa12f3367979b628a5d802585eeaf37699
B/40604/2523610075/1775584462.csv,ca699b762feb039db95ab913fb89116be991ac572a6c5c117befe70f8133db6f
B/40604/2523610134/1775584462.csv,2919914ceff22e76bdf97ba8e63a551a1a358eeb6b3fb8219c23795d29dbbd76
B/40604/2523610160/1775584461.csv,5207b1645acc18a2e8324f2605b384fb71bed8b94ec71ca76f81b35ac2836e01
B/40604/2523610432/1775584462.csv,06234db733555f43394883e08854a42ced041ec27c098bdd83c757cdd9434bc2
B/40604/2524610033/1775584463.csv,6c2dd9543dd5407659c601b06e7272aa602b784f61aafef661345b80376ca0d1
B/40604/2524610041/1775584462.csv,79f82752043fe0f607c8f7532893d3289c2cf5b33f1d50a106bcd300820936ee
B/40604/2524610074/1775584462.csv,842f263365f38ba503a80f64c0084200bf1914186248a38df0e9d03de9bdbdd9
B/40604/2524610082/1775584462.csv,fbd8966eb2eef785ddc25496e782c5e63b23610fb837a4f3800e5a3434e3aa9e
B/40604/2546610759/1775584462.csv,417dd10d0f91c2ae580c328c5833b020dd6aa1803c9dae3dc6ee36047b3f99d5
B/40604/2548610286/1775584462.csv,9934831f66965a4fedc83169f832ebc621c3e090c87357afd266308615c6e926
B/40605/2521610325/1775584481.csv,db0fbb24768da014eb5edff0ce55e00bdf110ecc0a6d4b1c47b9243ace4b10b5
B/40605/2523610003/1775584480.csv,397eeb0e705d7775b4b01565145d144c457ec617019455575e00b50e553858b1
B/40605/2523610075/1775584480.csv,90e27aa33db9dd515a1bc00a985f35dad76d21e1974c4acc01c6be2cde8d99bf
B/40605/2523610134/1775584480.csv,26283b22c5a0ef909a711f3819a6a0be8c6f31ee43f3ffc494f008880639d18e
B/40605/2523610160/1775584479.csv,a24cbe8441c608726375161082c66415f0ec2ecb6478e0cccb63d7f4401281ec
B/40605/2523610432/1775584480.csv,aae05d24a2d00c3bb4f92e396ade8668daf496bd45ee57983c1e8b4e6f22c876
B/40605/2524610033/1775584480.csv,ae67fc37f6b7f9b93518228f84fc71241c01a583c806d5dd0d4dc738e91af87d
B/40605/2524610041/1775584480.csv,86722eab41e65751ed76cbb1a4385c2a7fded579d7976c9ce7534ce50a8c3ebb
B/40605/2524610074/1775584481.csv,e3768fbd79f15e21ddaeecb474291e6c9edfa9d0d2801356b1da3c522716ff1c
B/40605/2524610082/1775584480.csv,4134ca76064f430c9752dad5591f446b80f063f9c40f6aee0530305941437010
B/40605/2546610759/1775584480.csv,6f3fec9cde2e1962d01fb44f1c9e696c8642e72e774b750a70ba2520497acbd6
B/40605/2548610286/1775584480.csv,4d7508784e11ba2582baefabfd2f048ecb4cde4f6f87129959540869982b6286
B/50001/2521610325/1775585991.csv,340ad5caba55cbefe2a781a68e188684bf1f12fabcc7def83b2ded95354567a5
B/50001/2523610003/1775585992.csv,ebe7767813af1b8c75afd14ea63cbad0f56c3727c0ae877e10dddcfef6886176
B/50001/2523610041/1775585991.csv,f9788806091365d32ea5d9419da9221f1bb889639fcb2e24b29e122519203c78
B/50001/2523610075/1775585992.csv,062b932ce701376bc5f647973e48cfbd7462d04cc7cca9f6ba85b94b2f5ca0a9
B/50001/2523610126/1775585992.csv,eac1bfcba4b6ff409a2f2a9f8df097d9e58cc8d039532a64874e1270cc690a48
B/50001/2523610134/1775585992.csv,191c7f03f13883e359137b02018c173e7b599600ab96e3cb4123313a86931c3f
B/50001/2523610432/1775585992.csv,2352af1c3715a0a2ca8b085f4c1ecbc7c55bfb8507b438fb9f1431dfee33d234
B/50001/2524610033/1775585992.csv,b344d3622d9a916dd3447f29e5b2121132768d6968f27849801df684ecb20f60
B/50001/2524610049/1775585991.csv,edb6cc4d145fda5f4221f1bdcf1e342f5c118ab6f9f82141188ecd30f0c20e04
B/50001/2524610074/1775585992.csv,c74cb2d2dd4d246812c8d208e148206763068b5d7d72d13ca4298b8e8b05b7aa
B/50001/2524610082/1775585992.csv,0d464dfe8b8839e3762af49c785858acaba8ee79f3526b5ecdad220f141db01b
B/50001/2546610759/1775585992.csv,04f4c596920a49b576740e5ea83e49ab7ab6266bf9a54f51c605941894e276e4
B/50001/2548610286/1775585991.csv,e53cd53442c57e2d255c595bb08c327f398f40a35b73e4f236b9b8c6bc54960e
B/50002/2521610325/1775586009.csv,44a8c11e0ba44e9784741da962c51b822d2180222aaace1db3da1415f073b555
B/50002/2523610003/1775586010.csv,49d77b5d675ae656d3b64e452b9b2f19475be15ad2475b3b1249b9cc8d861ea1
B/50002/2523610041/1775586007.csv,e6d74665c45bc0c3b6b0c0d4d0f700a07a2e93f687849926bcb5f14c86c8ac55
B/50002/2523610075/1775586010.csv,f97031d4480f3647c6d6e0fb97f7c21645cba46b9b1b13f3d7731aa03da0393a
B/50002/2523610126/1775586010.csv,dd8c7764d7e7a5389216cb5635a312dc36523ce5fd6ee199f922eb6685400d7f
B/50002/2523610134/1775586010.csv,01da50c08b5f1e4cd22afe929329263b3a9b02a17110b088e34959e4b2491a55
B/50002/2523610160/1775586008.csv,472cdec34d0adfaf31d0e96c9a460717ce961649510af3af6e2bb796de908dc6
B/50002/2523610432/1775586010.csv,e3c319436e72aa3280a740f882d3d57790e183567f3818d8392d1e8394d702a0
B/50002/2524610033/1775586010.csv,d405a3b66f3914405f9b4d8e833b076b82f6a4764678a3b63ac08aea386bd68d
B/50002/2524610041/1775586009.csv,2e781c746e087883c7fa2ba50337206822230840be8cf46c7856b9d98c596ddb
B/50002/2524610049/1775586009.csv,2dcec6327d3d72ac75cfc6dd160d64673775981b7166d244df9dd29f0c7d3226
B/50002/2524610074/1775586010.csv,7e534ef36956f18bb89595093b106fd7b3c5afcac66081c569dfe46de8a0e210
B/50002/2524610082/1775586010.csv,90d56b4e899ec835957c824cb3afafeea838f6257c308400137e79f42929fbbc
B/50002/2546610759/1775586010.csv,398baa71ae6f60cdc7a12c637bbd41c4e10d6f3accb263cce217d6d4bb700512
B/50002/2548610286/1775586009.csv,c5d41bd63a366e2f1f18d8d8c1de1036199e7953be0f39e01d5d6e2a73e39289
B/50003/2521610325/1775586027.csv,19a7bae4b1a7020c7840b4e3f6789a890ab23781207164be545f31f6059f8db8
B/50003/2523610003/1775586028.csv,bb253d0661473a06dff24637b0483a40f1619ab0aa1a4acaa59a8c9f35b2c9ef
B/50003/2523610041/1775586025.csv,dc5f142a23e2434538e90f3d14f2d5e91487b5976be087a30101bf793f1b4237
B/50003/2523610075/1775586028.csv,0dd5e09c9d84a3232607eb1c3cd336c1e3c6b59b73a483924eaf54da0f4315d2
B/50003/2523610126/1775586028.csv,ec79f094acaa16349a56b6a8408570a850a4c271de940889da969b9d1a2972e6
B/50003/2523610134/1775586028.csv,b0fb145bca1afc6f4491505abc4ee9de343d9f67cc497254475752ddd3e68f36
B/50003/2523610432/1775586028.csv,8bec562f5c02327dbe9f5bb9903ae956abac9e898e684394953fa0fd86d536e0
B/50003/2524610033/1775586028.csv,859bbe209117cb580fb3d24186dc4f05ba942012a0e357f135222624156eee38
B/50003/2524610041/1775586026.csv,1f8edb04c89217cf7dd38b894cc3353e6f83a1fd00790027e5d0ee5688dbc1b7
B/50003/2524610049/1775586027.csv,4dd4b4f32b6c62e68b94859bcfbdf330cb7395c0cbbd0d957e650d9944ce2a00
B/50003/2524610074/1775586028.csv,74e0e23db286bf960f64d1b2825c69207f9e7dc5ae5bb36a1e74159bf3ae7003
B/50003/2524610082/1775586028.csv,a0b2387a13c3074d0292c60b7540d93f10cfeee673d17fd7e75426176730a3fe
B/50003/2546610759/1775586028.csv,ba94649012756befbf43d32e0d63f2d865dbc0683f1d1766987981481a237e22
B/50003/2548610286/1775586027.csv,b4bc73beb58d7c48641cfdedc1ca6fcaa2e98f9f592aafa9c9915d23da04d0a0
B/50004/2521610325/1775586045.csv,167d779de835960369a41a07ec80776e3223de57b145313df534435225922344
B/50004/2523610003/1775586046.csv,b54941d6a9a190f494fc4d09767a4ee548321ed94f80fea75941b62b62d979be
B/50004/2523610075/1775586046.csv,fc2ffc8c5ef75db06a25d7d521fa3ba687fa7d288d62b31f228b9ca4955b13c5
B/50004/2523610126/1775586046.csv,60dfc5798d92537e9198ec1e24722bee3c7da2fd6cf86766e7389f6ffb7f214b
B/50004/2523610134/1775586046.csv,323deba2cc1fa3a24653c467df2302db04f7a509514a6815135f4cae4015dbf9
B/50004/2523610432/1775586046.csv,7bc262b91a8de3dac92176d0e93d3a93d3f5b911da8869688520fcae5b5ebd66
B/50004/2524610033/1775586046.csv,99b9911cb3dc9a4ce53b1fc474a10ae5d4f640dc891ef16a29db0d8b6e4f4a81
B/50004/2524610041/1775586044.csv,d5e1b8cef4ea8062bf667814a6fdeb8df34d00cfa343a82128b99178c7a2dd2e
B/50004/2524610049/1775586044.csv,773d694f6e0f987234566b0da748a4524031fb756a5efda49ba569d62bbff522
B/50004/2524610074/1775586046.csv,cbce3fc0b2b04983e079d09204e40eec55ec01f62746ef6793b46ee8cb087ab7
B/50004/2524610082/1775586046.csv,8720ce363f60aa18167e4b4333e50afd2ee5f5d4a538c8ac3164517ea7f2edc8
B/50004/2546610759/1775586046.csv,9628a7fe0e0c3f8faddaff16c2e53f998ab49308932757f4f030aee7234f5318
B/50004/2548610286/1775586045.csv,ac0bf7707cab14ad9915490b4266f57db5c59f2c1220cdaac757e9ec7788f587
B/50005/2521610325/1775586063.csv,a8b9a27efa456542a5aaf7da2be5a3e548ecf9d791d68ca4fbe8082123554a9b
B/50005/2523610003/1775586064.csv,ba39226c782f61a6f63b26adec007453919f0652faf6a33f8bcbcdef58fd7999
B/50005/2523610075/1775586064.csv,2fd463d2bf9a2a3c98e820f1be63a5e58ef56998649c964e9bbcc6e76511f28e
B/50005/2523610126/1775586064.csv,e16fc8c66232ec368bbd75a98ce9a72d47763b69cebd604f86cf7598a83df0d9
B/50005/2523610134/1775586064.csv,00f74895734c2a4b391ae8857863fe9f547b4ebb08a333f88c77a088d78f4766
B/50005/2523610432/1775586064.csv,a9220c8f081a060f38434fff5e0bf5ad24861bd9a45dcde39c13a00bb1a554bd
B/50005/2524610033/1775586064.csv,285ecec174d8177f43753c4aded6ebb9ff772961029e6f884683fd2252c9ec3e
B/50005/2524610049/1775586062.csv,c76940e585b6a7163d38d448f65816bf32049e8007593127d1c4391405e357af
B/50005/2524610074/1775586064.csv,2f38073b402801f695ad945c308dfb28d7b9dcc1154e6365b6649392162f633f
B/50005/2524610082/1775586064.csv,192efc0d9d4ee93250d148526318721e85dbfbd2e55d3b5a74f9b16e043168fa
B/50005/2546610759/1775586064.csv,cca6bfe3ea793af5f8bba309aee987bf295d73c6efd77ed6d6ac1da15d6e0323
B/50005/2548610286/1775586063.csv,baee577da9b1d4fdb61dbf7e495ad70226bb6a8513a03bfd92c5a52d8aae8187
B/50101/2521610325/1775584499.csv,f628f1fde8622de8b976063eeb4bae9ffa425473118078dea8902dfedef4a6f8
B/50101/2523610003/1775584498.csv,5d936e68377032cc85ce8b154899a6de5d50d779e54cb3c11694406118e5d263
B/50101/2523610075/1775584498.csv,8695dd8f821aa5f151d1f398bec627336a602d99eeadb60addfaa38d47d28b10
B/50101/2523610126/1775584498.csv,cfb7fa0e87e2577773bc920b54a17b7d1d5ffd2b810cb50b40450cf951341325
B/50101/2523610134/1775584498.csv,64e5a13c36838d7927b317fedfd7d7fcb6aa2474f788efc184d647a68339649b
B/50101/2523610432/1775584498.csv,5954698d6066f5292a9a0bd92a36a00315bd39bf74635efd0796b9129f4dd263
B/50101/2524610033/1775584498.csv,e9a60498a07f7589b9029a7ae9ca191930c1a5a75634615d64d4f3035895a013
B/50101/2524610041/1775584497.csv,4a4bd3eeb5fd4b7edaea4c5a6006c66e0fae1b185ce1d8998715e1c030a9df38
B/50101/2524610074/1775584498.csv,373072d5b006bdadbb4ac1d8c75ed1e83d4d8da750b4bcf338b9ba01a96a547c
B/50101/2524610082/1775584498.csv,878a04be461117e3bd74a161f7538d2b641054701018bf4a6132666d628d0a1b
B/50101/2546610759/1775584498.csv,a54801081fef5674641c06fe4a1063864e023a89fe34f4d541a8e12192c6e8a6
B/50101/2548610286/1775584498.csv,e4bd9669ae0e3c28163258c64686f899850adf1b5049d6057031593c63b896a5
B/50102/2521610325/1775584517.csv,5c16e3d5bdb674193739a7e357c741754ea2993535647d0d33ed2685fa56a241
B/50102/2523610003/1775584516.csv,8c82388d9379bf3ed4601e2739e4a03358e2b81c6845d9f28a9b19a1b99c7d8f
B/50102/2523610041/1775584516.csv,568aa21f4c58496e8d27501fc4a042e1d18e4d8da1ff13bbad922a4ffaaa9924
B/50102/2523610075/1775584516.csv,3abba9475fac4c267722d386e1ab6cad7abc04b6dc004d380a2ff4c55228ed00
B/50102/2523610126/1775584517.csv,942e03a0cb95ee173c502e63a165e81ea2104006fbdac57634aba24f6ff09524
B/50102/2523610134/1775584516.csv,05cbfd54510e3b7bbafaed76263e4af16cf0eae1abb4a19c795404fcf801b56d
B/50102/2523610160/1775584516.csv,bdcbb03d3691b37b5c18ad743a8d63e3d6d43d91d76cf475b8afe77215213b0c
B/50102/2523610432/1775584516.csv,206fd0ffc626afa55229c49ec3339296094aa203a6ccd9fc82c1f188ad7b3d55
B/50102/2524610033/1775584516.csv,d230b688159b764dbcf89f41b5d721a9f1886fce728aad8d5d190cb208985c2a
B/50102/2524610041/1775584515.csv,7d8f79e66e3fc5f10275c4f51cba9fc5662a1e2650d6491ca58e4902e129b025
B/50102/2524610049/1775584514.csv,786753f25c92916a9b3581a9f313aa8a661cd045f1ed344a46b71d2362793776
B/50102/2524610074/1775584516.csv,7561c69713e901373f9e065401a6d032d8b4d0bf345c0d0e7e32e97c17af9e5a
B/50102/2524610082/1775584516.csv,7595cb95bf2789b7320e8e40585a6dee93bde45da783a7a097437dc149a941a1
B/50102/2546610759/1775584516.csv,dd280bc39aa62ae222a152c7fb575d5d6e1e2f2076053d120ad0c67fa1693a8a
B/50102/2548610286/1775584516.csv,5e2349223bbaa73453a83daf3626f9e5df4066405204c0d18a079dca8a38de5b
B/50103/2521610325/1775584535.csv,bc9effac9b250d3c251674016532b48038ff21830ab1e7844bddc5e67dfdd9a2
B/50103/2523610003/1775584534.csv,278acd9a09a8777865efc43da1823c379dac2b58bc7f2cca99053cc6796cff3b
B/50103/2523610041/1775584534.csv,6457fecc43f75a8b07150394eeba1733ba018d2ac043cd324b63f92bb9699996
B/50103/2523610075/1775584534.csv,ea70ef3b807a455c3ece45e00da37c6d2db9106b36d305a648e843b557aa1748
B/50103/2523610126/1775584535.csv,2a39a9876a0c59bec286e483136bfeb6c04591abe452523f6c40812b0d237da6
B/50103/2523610134/1775584534.csv,a2978bccb4436c5f298915626bae84b2e426e4acc5c9d09ad2c36b98b6a7e161
B/50103/2523610160/1775584534.csv,6a5c0e48552ac131bc5963f967cc9b5b330ae7a77f5af30be75536450552c3c0
B/50103/2523610432/1775584534.csv,252f5412722afc78c78a5b1a3129bc64900a13fc0ae23c359d7fbb4038c15087
B/50103/2524610033/1775584534.csv,74a708d0caaa232985f56710e229cc7bc5473f537d64e9f8ac68da8338246859
B/50103/2524610041/1775584534.csv,72d1135e0d17f94038d2e1b81f2b5b55bba946cb478aac6f033b9dc9ea1d1db0
B/50103/2524610049/1775584532.csv,03e44a7c2fbee11e0981190d37b961da8c4935a15a02f5957c7ee1925ecd2e4d
B/50103/2524610074/1775584534.csv,4ad8d21f7735245fe55324440d4a04a952c78f59a3d996b2d312fa79942fe9ba
B/50103/2524610082/1775584534.csv,021ab59fbfe4567d942fa3ed2ded9cc105d658aae739094223123ea265876ed9
B/50103/2546610759/1775584534.csv,37aca3fdaca9583d03abf7607da32b41d12e61c0937220bb1a9c312fbec4c83f
B/50103/2548610286/1775584534.csv,eb46f23ec685d9a3ced644ff4f1f0b2cdae64c69e0baf8f2aca147799b0ea48e
B/50104/2521610325/1775584553.csv,840afb698f661dd78c08857ff6edd1c1b146bc29b9ff41371304d63ced5b8cb9
B/50104/2523610003/1775584552.csv,0b3ba672a36a88bd72566b68510a2a88bbd465900d6e89dbf234c84fb6a56bb2
B/50104/2523610041/1775584552.csv,2d359c146dbf5b99c4c53a9aa4c84c0ed96f04a6dee1f161ab84c5b15ad8b06d
B/50104/2523610075/1775584552.csv,1faf3b4da0c4dadd84c23b297d2d22b9c0b8b0a0460554afbbb05c3400d85ead
B/50104/2523610126/1775584553.csv,9f144012c5b126075ce9bc21fa3e00742ec376e25c1c469a3e136bd5d3d1583b
B/50104/2523610134/1775584552.csv,2e6f578d1cbde0c904e055ac16864b8e6727a9e04d3be7d2c8fe1cefd6a01b8a
B/50104/2523610160/1775584552.csv,a0066901c5df7cdf2c0665f23d69bebe8419234d6b9526b1b9204fd85a1ce317
B/50104/2523610432/1775584552.csv,f405bc162d594a94f1ad3d30a1007bd06ccefc1eb94e28460384426f70908577
B/50104/2524610033/1775584552.csv,334d20e12bfaaa0e3da90dcaab5d73a0b666c54be06b83395d8d97695b0214b2
B/50104/2524610041/1775584552.csv,b0d343acdb5d4473f3641fd992400ea5120821195468ef7a4eb2777f7c78b230
B/50104/2524610049/1775584552.csv,52fb217324342cd7811094a89092ff5eced6b713474957467659f6cdcf7d6d41
B/50104/2524610074/1775584552.csv,e3d3027038200136bf26965edc420efa836f681e4c91911c8be1953d5888cc19
B/50104/2524610082/1775584552.csv,54c94015b4c1b448a76f3ae3094e293cc0ce9fd48b139ebb4c1ea40466450696
B/50104/2546610759/1775584552.csv,488aaa7cdb807ed52fbed4c39d9e7cdd2b40b21cfebefa479dde04d9100e8027
B/50104/2548610286/1775584552.csv,b6f8070b4ff723866651950a7d72b5d76bbf6925e51d54bf065be074c3d2f381
B/50105/2521610325/1775584571.csv,77ba7971b3adb09f5a0582550cf5a1ddbf9f6d25c8ad097cfed4ab89c3d7e564
B/50105/2523610003/1775584570.csv,395e5f8ef3c66029a3962bb64e22e5ac1a5e77d9bb34b493094375f3c7c49882
B/50105/2523610041/1775584570.csv,15ae4ec3998df6fcb353e4cdffaac2d74b936a179fec300309f6ce2e7ed3d3f8
B/50105/2523610075/1775584570.csv,d641b2e17b0b0e3917c385871597b7f0c4f0fa872f4ccb8396a8d3c417f3adc2
B/50105/2523610126/1775584571.csv,f3ddb45f7b5fc57e413b87df07d89f74e77ddcfef1f9a0d2243852f66e9f39ef
B/50105/2523610134/1775584570.csv,7852616588990fc281f1917f89c1f3ef5e41b2bab0f9e1935677a16640bb9842
B/50105/2523610160/1775584570.csv,73bc4dbb7f13220049810fedd193b4347b1876f6a634b1c38871c15e5133e564
B/50105/2523610432/1775584570.csv,41eb1642fa882575811097ad19e225ef17b30df1b8c8e13e856e783056998ea3
B/50105/2524610033/1775584570.csv,477206575edd28b55173a17d27a110322f362c491155063b3e01a4b1e3523685
B/50105/2524610041/1775584570.csv,548d4b3c37bda6136ab9b768d751bed2c56cc59ed547ab9c6fba71c6f7739802
B/50105/2524610049/1775584570.csv,3251571b4f5519a20c7d60a9f206e8e0dee74b49ce1edbcb7251b40527405036
B/50105/2524610074/1775584570.csv,a5ec1b6dbe33983da32cd19ec4f4e8f88346411ce2188193a8e2f6fe74b92b73
B/50105/2524610082/1775584570.csv,aba42a001048d7d96450d03a12820c3fc263b71fafdc91f2ff803ad8ea23e041
B/50105/2546610759/1775584570.csv,2deed5e99c005398876e27dfe3f309da92a970d60b6303e6b98c56acf5a3933d
B/50105/2548610286/1775584570.csv,d8be6fdef277969849af8ebbaf7d247b386897f2c67fe71e85fbee0f9663612c
B/50201/2521610325/1775584589.csv,65ccb85193a6dc8268586d1c89fea56037c6a24c6ae483a75d99d029a9d79f28
B/50201/2523610003/1775584588.csv,37f315568fefa3260dabb71fc06f5059d0c13cad4e48a465b1779e8b688ed819
B/50201/2523610041/1775584588.csv,238b69c1fe7e532f1f840e6f917c3eb93765928b184ac17a160c04dec00af841
B/50201/2523610075/1775584588.csv,867748fa3e75aebbf4cab367bc92a5f1440fa5fece366316f00e91e0205a414c
B/50201/2523610126/1775584589.csv,09454e4d1d6957f658c6816025476b732f1a63a4864e4955616b3e1b72cfc57a
B/50201/2523610134/1775584588.csv,3603fe20f45767e3798405e8ba34788d1f41f00b0847addeeb804f2ff67bc358
B/50201/2523610160/1775584587.csv,d84d861196e086c483441667f292c32754e5b9d3c5e86172fc6c0a9f6d9df77c
B/50201/2523610432/1775584588.csv,a6eedc5b5a7867147f4c23a254b4013499b397ebf5ce2da81c4fc511c86d958b
B/50201/2524610033/1775584588.csv,58d5fa5707252881ef93f43033594d5c6ea08901907b140fb3175e455b118c59
B/50201/2524610041/1775584588.csv,b3f89cf63a4fa6550a200b14020cf2741d602861a1754bdb42bad868dd042e2d
B/50201/2524610074/1775584588.csv,9fde086768c713fbcaaf8e2c83049ad96b7aa4bac8a4b467e7c01c12948c09f4
B/50201/2524610082/1775584588.csv,5c3ee92f68ea59d18af094a17bbc2dc07e7bca5db29f7ce5738d712d8ff9f1a9
B/50201/2546610759/1775584588.csv,67269c8f928d4b3e64c5f7ef80088203393d15f96d83b8c8f360451ebf97fa3b
B/50201/2548610286/1775584588.csv,547717d0a4bab48ad773e4252531448d5cc7e723ea4b10c5be9d17f7c64efd15
B/50202/2521610325/1775584607.csv,7e17e23db6b6464008322044df3872bdf14ee8bf4f1c7c82cbdcb34bc0d6c9c9
B/50202/2523610003/1775584606.csv,84ada4d8dba793fbdf0d4a80358c58b585fe7b8a565abd07037b5762458f7403
B/50202/2523610041/1775584605.csv,16644599473ade9383018301812ec8158d016398c931a5c8ecd4fedd7d67be67
B/50202/2523610075/1775584606.csv,3dc238f54a6bc0706c06ca60ee44ce70df5dd9f866f0f30154c84ac57755f5f8
B/50202/2523610126/1775584607.csv,2d7672d853520a01eeb2421cde13aa03373225cb734ae4562a03d4ac947f78d3
B/50202/2523610134/1775584606.csv,ec72cdd21938729bfc816ab0f9a8936472cfca6343a74f999f5b1cf391932af5
B/50202/2523610160/1775584605.csv,74fee02d87564f2f28ef52255ef62aa6db2f8eff4fe10d1d52f2769456370020
B/50202/2523610432/1775584606.csv,c1bfd70c6448fa8ad0118fd625fd58c7ec016aebe7951eef29ea67adbea7aeb7
B/50202/2524610033/1775584606.csv,acb07e3c5cb12f04d1e952114d169b68145a9d8bf4f6d9c0dd989c6b046f2885
B/50202/2524610041/1775584606.csv,bc385fd36310e6330256f966cc73e9a328115c1eec256443cfecb8ac0748244f
B/50202/2524610074/1775584606.csv,506a4e5b3c45f65fdd6609c59dac37a5d1af83d0d9281b14eeb78d7e57823696
B/50202/2524610082/1775584606.csv,e6a8fdc0b2489be437b44be85ac6f77f5f7eeadd177da987101e12f680186be6
B/50202/2546610759/1775584606.csv,e5047bd01552ea24d66f248d1a3451b9e4737a748a61b3cfaddb317ac9899a0a
B/50202/2548610286/1775584606.csv,5e632053f6a3dbc3c1705d29a20b582a0456800864b1869fc02a9f07cb7ae0d9
B/50203/2521610325/1775584625.csv,c5a7220f5674590030801993409ad3fef8379650c96b0a0119719265143b1d11
B/50203/2523610003/1775584624.csv,7b3f9cd96952d1866ecceaa752031cebcd9da8cad3deadedfaef091a3af2e51f
B/50203/2523610041/1775584623.csv,a91a93d02749d4760ed3e55e587001f46023ed09b206c0a88813d2b00fccf48e
B/50203/2523610075/1775584624.csv,b161f6aeeb37bb2a74795df036e1e298ed54b2416e29d2e6f993c3a3bca713b5
B/50203/2523610126/1775584625.csv,9cb829ba99864b6076f078d8dcb00ca7e73ccbe86df0b64dfc36e8d9f783cec4
B/50203/2523610134/1775584624.csv,e43a0cfa045c8cdd3e2ecf07e9c751470c0384a21fc8f6269c1181635c74105e
B/50203/2523610160/1775584621.csv,f2d2561f18b5d5b349b721e7bb10b96f5b77d824a3df06b19775aa9eff3c2308
B/50203/2523610432/1775584624.csv,dc0d253f747feced1da1ce99633c21cef994fecbdb02ecee9a2e069bfe42333d
B/50203/2524610033/1775584624.csv,efb67209768469916ca7213df1b7ee70aa3bf4b32477ff65ac21af08cec65277
B/50203/2524610041/1775584624.csv,9111cd56343eab430a91c94173be6358c372e9afb775f5c384ad8539ad0b0f7d
B/50203/2524610074/1775584624.csv,0ebd54dfd712dd671123e91fe5249a8c5045ea9c982d63bd8aa3241e4574d1a1
B/50203/2524610082/1775584625.csv,d620171adebfc84d46f07d2b3ef0d55a8ddcfaf5d863236693a989bc14c96c6f
B/50203/2546610759/1775584624.csv,0cb26e0d800ffa58927213ad8109041a0564badb78e539a87195a153b2a6595e
B/50203/2548610286/1775584624.csv,7e3e8d9530aa1960624542daa79b6f107e565fc6ec2dcdb804d5d4154cb4b4d5
B/50204/2521610325/1775584643.csv,aff54abd5d9400ba01961d80cbba633f347b2c35c4bf70d050e4600667462ed5
B/50204/2523610003/1775584642.csv,88601b3aa63b2fce66d02b9d02f0e9701dea991de0bfe610591ece55827bcc55
B/50204/2523610041/1775584641.csv,4eb541bb7fb6690b052f00c08a9ad56c38225a345b8f5953e2d58964bc9320ba
B/50204/2523610075/1775584642.csv,50034a3ed9f804531155531b3b5f6fb6027d35e6e429035a7fb867302f07a962
B/50204/2523610126/1775584643.csv,cd7e1dc03ef4efd61ef90b9ac25d089861d48cb36502078f6f1366f6660cdb0f
B/50204/2523610134/1775584642.csv,38f7ac7f298b322a7df271a1e68acbc814d86b7bfd099d19712832f716f98b1e
B/50204/2523610160/1775584639.csv,d49fd28160220ce58050bafcebeefad7c8a62c86c0aff7dde2da53ddf72aa1d8
B/50204/2523610432/1775584642.csv,68c0d5879c46e91a6231f41b1e70167e51a523e071a2647a3db53827ab2c7fcc
B/50204/2524610033/1775584643.csv,a2b19ef57d126fee00cff06182e1d1e604d0f850fa87c02d67a6e15b7b267541
B/50204/2524610041/1775584642.csv,c92a4ef450ddad0b6d6fc3c6b4b62eab1556e9709305ba5a0167c54756bed0a3
B/50204/2524610049/1775584645.csv,b74a6468033bb63df34403225a7eeae92e91909d9dd234e67de5c6c0cc23650c
B/50204/2524610074/1775584642.csv,c3d9b374ab96a6e31a5206ef05aace271257513269b4b1540bcc18a0c86cceb2
B/50204/2524610082/1775584643.csv,acd54021c8f0ebe2ba6f487f03c92da66387d621e7cdffa182204d9ebe08701a
B/50204/2546610759/1775584642.csv,ca2e14590337ab9e3e71bcd96a7d00cc804330146da008092c4c7ec03996cc26
B/50204/2548610286/1775584642.csv,10e9def341b9fb5d9f75d8d0fc377e7c440fc964a9deb19f875adea684dc1f26
B/50205/2521610325/1775584661.csv,debd665e190c4923d13bf887492ef46893be933e24456a46fb1abe6890d35d30
B/50205/2523610003/1775584661.csv,1ec719c1ceb5b0b297dd09919a96c369ae7024d33999c3e0997db24b1cef4998
B/50205/2523610041/1775584657.csv,c937a30cd7951855324ad721d84518f734edc8858616f0ccdb6b1e9347dbd279
B/50205/2523610075/1775584660.csv,e91ee2389c80bd774084756f421a4ffc41104e3fd3c5374cf1e63f967bd13bab
B/50205/2523610126/1775584661.csv,dbc29270ea813a95bb83e439060a913b60374d697a60b3d6eb01ba66938545dd
B/50205/2523610134/1775584661.csv,03ed55fe3a23213308b559cc288f4e126495ec99b64e416e67a66912e63ae1a9
B/50205/2523610160/1775584657.csv,345e3b03eb5ef83a16a60567cbdb8f2b8c9bc1b2abd07f8e5931f9f7f201af99
B/50205/2523610432/1775584661.csv,b390f289894544954a31387c2014690af45cd4bf32ee5c03158e69be77d4fcc8
B/50205/2524610033/1775584661.csv,8158663920b73b9b03db164063ff12d2d0bf688dae985b1dcc38ef728b064d49
B/50205/2524610041/1775584660.csv,31ca9f2e33cd00c915bc1e64c650518cfb7dfc8ce5fb88bbd3510d3895269ab5
B/50205/2524610049/1775584663.csv,0388adce68c4321e484b51ffa16a83c9e12706730c2180a70874ed36bda0f05b
B/50205/2524610074/1775584661.csv,d245d45465a62c7bcb2321897772874ddf286cfbf52bbd9645e500e24b5660c8
B/50205/2524610082/1775584661.csv,fbf52ad677609a13c2af3c35dfd51ebf88bad2670004269027ac2c79ce18095c
B/50205/2546610759/1775584660.csv,82a9ce44b4f40fdd21ddf897838b9a494af7f3c809554ca8158524be6cb5802f
B/50205/2548610286/1775584660.csv,b645cc44b3af9c1dd3964a7f28dded01716e5225acc9dab32b5ac130a53bbf31
B/50301/2521610325/1775584679.csv,5b2157a73f99d063fe3e9d0aaf0c45da358cae51a2b20addfa3f27202a12e003
B/50301/2523610003/1775584679.csv,86d5a6412636c64375568dbf58f6d5d04e58997e6e085b9cbd436095a7b71b1e
B/50301/2523610041/1775584675.csv,3bc164e9bc2c29d042f1eebab52a54d2620838687c0605cd4802ac569ed68ef3
B/50301/2523610075/1775584678.csv,d79b1a5d6037e9bff8ab30add1bec58f0e61e2509e42ccb076d3fe7e65fa9b69
B/50301/2523610126/1775584679.csv,acaf5c2668c781992e50b569c3fdacc102f441a90d3c1069b3122c8bc11245a8
B/50301/2523610134/1775584679.csv,5a3ed00193263c6eaefe3d4e9e1cc07efe08797590838c7dabdb082377a6e8fb
B/50301/2523610160/1775584675.csv,98e71d3d15af1539d9e3b8d5cac0fcebde9c273531319fcf2d7b54445e02588c
B/50301/2523610432/1775584679.csv,03d1ccc794894fadb7dc89d4e1475bc49222e544713e197b93ec2892938c74fc
B/50301/2524610033/1775584679.csv,721bc828a52fb7d05459a6ebe79333b96d41591523129a73c78e632a4da16db8
B/50301/2524610041/1775584678.csv,b57aabd8098e270491bc8d54c639332a2ad450c146f88289d14db97fd90aecdc
B/50301/2524610049/1775584675.csv,ff75de44b0bdcc194ca0dd484f339bc0a53ba65463603fa64f069cebc807f082
B/50301/2524610074/1775584679.csv,417fe8f9c7930dd1d30ecd8f509a5c4247b9c9c158ccdeceadc8d129603e50d1
B/50301/2524610082/1775584679.csv,588bfe4c1bcde70176b83b567cfd2baad0c5611da4c377440088b84ed71c726a
B/50301/2546610759/1775584678.csv,35bf21d390033bb228c62d5b06bef50994d19cfd0efee536fef30d53e4a92158
B/50301/2548610286/1775584678.csv,945ffce21b855c9da4db7d437e5edffe2c29db81811a3573e8a5ef85382ee40b
B/50302/2521610325/1775584697.csv,c79bb8ffac8bdd8c2b56c97416ff0ae6d53f5c3227d9f6566a98978b2c9175f7
B/50302/2523610003/1775584697.csv,f0f962ea1131d48af468ae13d9f83e87c44ef7ab02738a55a3bab16ccc2661c4
B/50302/2523610075/1775584697.csv,8ca4d837d51ee2cbff8fde703a9201b5799a347fd08892fd4cdd665584a53a01
B/50302/2523610126/1775584697.csv,af8615669108c96e8e16dd554298672ffd90adb5f4fb5e6883097834d8b570f3
B/50302/2523610134/1775584697.csv,4cf58b309d8cffd80ad904544bb7e58355c2a0c9be131caeea755415d47ceb4b
B/50302/2523610432/1775584697.csv,89645ea0666b4ec8efdb397f1fbf914303dd8f5047fc36562fef5e54f6986336
B/50302/2524610033/1775584697.csv,558ce0698f6a12828eaa849c0e17757a8022bca3c9748775f92039a6578ae4d6
B/50302/2524610041/1775584696.csv,4d72d3071492a269c1f944fa156c33303d8d9fb1ffe5f84c2598b0dbcc0f86a5
B/50302/2524610049/1775584693.csv,92a13a5b46a22d3349f461c0629625bd29509abb8e5a888ba6f4e76ccc96d353
B/50302/2524610074/1775584697.csv,c21aafb8ff7b56bcfa127ea7b54cd34774f5e4d363b14afa031854505bb90fdf
B/50302/2524610082/1775584697.csv,0a4b948f0a05c41f9572858ac9b2a3f05c5196e288c7a8b660f4249d0ef2f610
B/50302/2546610759/1775584696.csv,15cdf382dc3cfb696ecbb2b12c855e202043ba12494ffdde6272cce588b7364d
B/50302/2548610286/1775584696.csv,10dcd89bf2c898ab6f3618d78fc9aae0d0cee1f225f1c4b3e89bd803a3f3dad8
B/50303/2521610325/1775584715.csv,3152b00929b29a2e3c3e3532b93cdbe5b78392136c9f82c1de73934f08ffb02f
B/50303/2523610003/1775584715.csv,3b6dde6d448ead57ecff77690a94f53dd4c1c31d97b1785c2b67451e9bf3a965
B/50303/2523610075/1775584715.csv,a5a8b6dd75491504a71c322bade4396c5cedbb1405cf767b167745e7c2147895
B/50303/2523610126/1775584715.csv,f2924984647cfc5300254016ef0567486785e8f924820c48e68b5b13641e913d
B/50303/2523610134/1775584715.csv,0d917b66f5d2a5b1aa88358064dc0f263a67829b451d4f03e8091b40dc7c1543
B/50303/2523610432/1775584715.csv,6081bebd584c6ec54057636d48cb657075c83752c7e199def19863c8c73ef38c
B/50303/2524610033/1775584715.csv,09521a1bca06e18385519427a29c066242546d5ada7da0f54029b64fd92def56
B/50303/2524610041/1775584714.csv,75359ce0df19ce2ef406a8bc0e974f7ee10d8887664db675dd1e73ac3b6f33e5
B/50303/2524610074/1775584715.csv,bebfa3e91efa1df0aa9325f88778b73aef892dfe3ca098b725877031dcd8e921
B/50303/2524610082/1775584715.csv,92018c66a54538865f7ec9a272c0b2863763a5aa08ee471d01946281221b8987
B/50303/2546610759/1775584714.csv,cf2cc3288ed30891fbacad6034cd96bc4dc87927d149d89f6dee1614d162fb6d
B/50303/2548610286/1775584714.csv,5f27b0546fb8c7acb186842121574c2190ca442440ffcdf761c87a8e971a38cf
B/50304/2521610325/1775584733.csv,40b579161363116fd407c742874fb793f00568e505769e8508bb5b6a56714486
B/50304/2523610003/1775584733.csv,00fb14797c2158a4f49e72f06b68363ef683a8a6e1c1bfbc875d85f5472b6d5a
B/50304/2523610041/1775584732.csv,27a160994e080c53e4d9b5408066a4dcafb7634518cc163fef9cfa8f74f39b1e
B/50304/2523610075/1775584733.csv,30e56d8e7c99c9f7740ce56523f685211d1787b019c88249bb546693999307c0
B/50304/2523610126/1775584733.csv,f6c8067e26596a49d801d2643d17990983e55f93b981b087da50155549b9b5ad
B/50304/2523610134/1775584733.csv,655d2c3b5780be488180953f034239248375618915d8b1e1b058af27e9bd65a9
B/50304/2523610160/1775584732.csv,69d10ec304c1ed5afdccffd5fb9a841dff3159bc38a841d0b34c472791dc356b
B/50304/2523610432/1775584733.csv,a2366cfc3a72e5dde833c7874849f291a3267d7601d5afd3a16f2c43bb79c018
B/50304/2524610033/1775584733.csv,bc01a56b770efbd81748a09266221886bf355fe55cd7758169ac9670302c4aca
B/50304/2524610041/1775584732.csv,94381862e559489d6dbcee887ce49c91b0e44299e5f3fd26f42576c7df7cd92f
B/50304/2524610049/1775584730.csv,05d8c832808ea6b066d9ca7b221f426824b67fd5a089e63ede9aab739485bbad
B/50304/2524610074/1775584733.csv,6d9e1fe25d4ff07596dcbee5b5b4b2b6f6b72c1271efbda78bb977d47c29c9b2
B/50304/2524610082/1775584733.csv,10f0d1061ef1323fac5177518f69240a97c3f60835ab9232b61686578f82ce37
B/50304/2546610759/1775584732.csv,0fd0c435f921204c0f9e8fc05eaf58b3fb22397cfed993d20cc7025c7f372789
B/50304/2548610286/1775584732.csv,7b77ab4f0824b6c9df24d8fb654c1309bb7627e7febd823dca6c63d078776f9d
B/50305/2521610325/1775584751.csv,ccbbe38107242275242898af14eb38a5f7dd68f3b4a3f26e4433b56453140c15
B/50305/2523610003/1775584751.csv,27c88590b0655dbe7ba4b9c5a2da702ae7de06c02f9a3cb1efddd690ba776b0d
B/50305/2523610041/1775584750.csv,e4402511975ff16d704d57e823d5728f0256260a69485f5245ce7e9c7c914f9e
B/50305/2523610075/1775584751.csv,d2f01a9421b03bde0ab11aff4abc33ea9e847d1e28720bb76adc6238a25e12de
B/50305/2523610126/1775584751.csv,1a3a31dd688f2e2e72e0e52022e395d7008920dc48c5fd87d741bb456bebb459
B/50305/2523610134/1775584751.csv,37859aba0b135dc2288508b72906dd0ac14668541d46363645d108682714817c
B/50305/2523610160/1775584748.csv,5100f2422b325b9c5f68438496c4ac782c4b11402f4c01df1b86c13a39e76004
B/50305/2523610432/1775584751.csv,9df36146c934caafaa82303596ef6c2ab3a300ffa3c342207e2080c9bc64d6ec
B/50305/2524610033/1775584751.csv,f4fdd551251340e45c188396eef64017ff96ff8c3450ac453e7d98e4ae28f304
B/50305/2524610041/1775584750.csv,79041889c2a46eb30e3f781404c60d6ccdf48220172103ad172b98c2ae8f86ec
B/50305/2524610074/1775584751.csv,8c1c2d5f68df3fff7e7dc9f7172abcf73ec052871043cedb9f39c997bc8a478c
B/50305/2524610082/1775584751.csv,8903ef6fc2a5d9667daa4bc2ebbb9f83b68d9831fb2d7b33ee09861b7f2c9734
B/50305/2546610759/1775584750.csv,2315b4ae1bc1afe9b6edf4d9ef2b18f5ef3ea0dca3c304faf094dc195c3db923
B/50305/2548610286/1775584751.csv,82331fd0bc45e36fdd22a9595b0a3d8899fffbc122812d69f8a797fe955cf932
B/50401/2521610325/1775584769.csv,cd79137927415d1b3bfb8396b032e096c89878f6ea790ca31253fb49891469a3
B/50401/2523610003/1775584769.csv,96fcec7383ba067f550cc9a9f5eff7e7c626eda8f9a4588dec906a8b29863c6c
B/50401/2523610041/1775584767.csv,562fe44719d87f5b36fdfa4cfcd4b789861ab190a6157e2d2fc1cf6550790c71
B/50401/2523610075/1775584769.csv,d4a18dd628c494c4f9301c8851ca1cb3c6fdbbb1d4ef154396c43545b9926ed5
B/50401/2523610126/1775584769.csv,360a5791957b88678db5d86eb6a002b3c7a635d1657f5a9dae46c776bb889aff
B/50401/2523610134/1775584769.csv,a6c96fd4581af5fd6160cfd71c52d38fdb4a2918f5f856ede7d25c8a4468d2dc
B/50401/2523610160/1775584766.csv,db1f3f2da429a35257b2b178dd65f987f90d46b5015507caca7a4a18acdf9a8c
B/50401/2523610432/1775584769.csv,a1c819c7c4ffde543101e52e187eeaf9baeb1af416f8b941d40b2f1b5507ea3e
B/50401/2524610033/1775584769.csv,00b8da68d6fd10bb1d19603ce8ad890ffe1eb46ceeb9617d63316b9f2edd3e56
B/50401/2524610041/1775584768.csv,54b33c96bb5b0490e6b517c9993fe30e75570591e5e036731f489802bf138b98
B/50401/2524610074/1775584769.csv,1968266fd8a4babd56104d5a88e70fc7efe7ddb3917134cbd2beb402b3d9da24
B/50401/2524610082/1775584769.csv,c7558c4b99815c73cbbb192a6f07f6dfa203edf0b5805772aa19b7aefcea3ff9
B/50401/2546610759/1775584768.csv,d3becd855a39e8cac2a8094ef696e95fff5029f5d90bca038c1124ba094320c7
B/50401/2548610286/1775584768.csv,7a844e6be0bcd187d28a295ee33aef5b634aa8e2635ff249dd7760916ab26810
B/50402/2521610325/1775584787.csv,121a60b3e46d10e90c919f9f2730496b80ad258137fc6804c8dc10e582933072
B/50402/2523610003/1775584787.csv,9b6859fe022a761f5ada468ae40c917a0f8ca573124044f1c58bd1e58a1f6da2
B/50402/2523610041/1775584785.csv,37ba15b74cf4d088b0e19ba508622d32cab7674bf73744b432422e1427f3b040
B/50402/2523610075/1775584787.csv,30ee25c919538bd15490b080e1ba26bea48d5f01244be505e3ba798e2481a859
B/50402/2523610126/1775584787.csv,aa128f25938b101313c23718abb8f9826644dd80901676f340c8481beb08bb3d
B/50402/2523610134/1775584787.csv,2df40d61fccc5cdf73189bc8b89a2916034f7181e8ffeaf64cbc2aa952793b24
B/50402/2523610432/1775584787.csv,baadcaa2a2718630ec3238f26f6468276a5baea5f7fda3019929dfc7acbf45c8
B/50402/2524610033/1775584787.csv,85f5c371f210d537ba8047e6c7b97b1b222d77d8e68c4e306b60daf97ff2355c
B/50402/2524610041/1775584786.csv,99ab3111f760ce85f60d0e65f5ea157858f0db25f08fe6fbee9bac7dd0052436
B/50402/2524610074/1775584787.csv,f8e6faa98750e5c0aa4d97c936d44a8b4c893fe87dcaece1bfd372d64a9883d1
B/50402/2524610082/1775584787.csv,445f6c615b7b88e026ad52b331104b35602738b2624e0b25f7f68d8f84f75db2
B/50402/2546610759/1775584786.csv,aca5c21aa40d21a37ec31309b61517bbc38af8fd47076591c6644760c00bf306
B/50402/2548610286/1775584786.csv,fbb580e9c2234a1c70eea73f0b9352ae9eb4a52b2c2c9213248bdef36bb69ba9
B/50403/2521610325/1775584805.csv,6b98d4dca0f19d1ddd13aee060a63e9bedd2ded3e523f2780a82ca93a1481379
B/50403/2523610003/1775584805.csv,aeae5767e82bcebbd2fb040b789f09d2f5e3183f94aa89aa56137d38e935a12b
B/50403/2523610041/1775584801.csv,b1fc2d204c947e9505d3bbd018f6679efa1a0093ee5754c42ff268fd4dc8f863
B/50403/2523610075/1775584805.csv,b89b216d80c2c8b0fa09c8cbe38f3c3f3fabc853928b05856ea13646a13acedc
B/50403/2523610126/1775584805.csv,d3fa09a237470ec230a1b4d684fdc66c135bb80a5f3c58ba19454edd70457990
B/50403/2523610134/1775584805.csv,8493a10c0e85b02eeb43f11d4ec46b20671dd1be7aa3436c6a3d8e5a0a4253a8
B/50403/2523610432/1775584805.csv,ae305c284fd08d75217ff4413d2953f985c71adac756cde9aa524db58b36f4c2
B/50403/2524610033/1775584805.csv,24cb252e2cc225b99bfc94d43ed20e48bd85488363a277cdf40cf3314d4ca1a3
B/50403/2524610041/1775584804.csv,18f64b59f23aa5639022ff2ef71379eba41b9c7a445ea62d1cc1effe31afb732
B/50403/2524610074/1775584805.csv,790558c482bd1f14c0aec3ed7a81b01f096c24ff0302751c5e78077bc98aa3f0
B/50403/2524610082/1775584805.csv,b10fb40ec2bf220521f35a7f29dfa218c5f9ac0a3c680644505f06d8e3a4734a
B/50403/2546610759/1775584804.csv,1dc1b088f6ffb89f90d6f0c90501e2db34394c57dcc30a7c1b5b5aab861be5ec
B/50403/2548610286/1775584804.csv,66519057679955fcc50dc49690c24b388eb067b761db125eb6df432a1c38fe83
B/50404/2521610325/1775584823.csv,626619cd25dd32788cfe1f375f7b21d54579234ea4380d7ce7d20c02635f9725
B/50404/2523610003/1775584823.csv,98ad084f5d9b26d53814460c12ae95f1aeed6678753d3689b16307870b223bba
B/50404/2523610041/1775584819.csv,c57e5d9bd2447ce5721414c19b095f8347102b7e07a2c3b0b43d1924fb604c9a
B/50404/2523610075/1775584823.csv,664f7184d337056227da3dc51770ecd028777634c17b02753628dd95c25ad8dd
B/50404/2523610126/1775584823.csv,73bf321d2d3050c359464c732d93747be46a297d42809d89242693a0408edc2a
B/50404/2523610134/1775584823.csv,413c1213157421fccb8a28984aea7e44f9b72e51ddab011c82ddd11ef24d9f9d
B/50404/2523610432/1775584823.csv,2fc5aa545bf5af161de15c6693444b6808cc236df132f79a73dfb133d262e6d1
B/50404/2524610033/1775584823.csv,b238617ccab577657ad594ffbcc9e147763ba0c730837649bbaa5399c97bb16d
B/50404/2524610041/1775584822.csv,67a27e2cacd0d9e6e7a0569184bb85ba0a3bd073f0d90653dab72099941138b2
B/50404/2524610074/1775584823.csv,1c13b1bb8d452ce092d55a55d3e361091f97ce5645aebabd30bf4ea9a9b857fc
B/50404/2524610082/1775584823.csv,72728f60e62fb613d14c5758dc94d88d4d1b418f6cf5669487429ebad08a1b1e
B/50404/2546610759/1775584822.csv,1c19a00b379404bc02c8095f9718f91346b4bc67d371654aad5bdab76228212e
B/50404/2548610286/1775584823.csv,ef8dfc3fa31e7cb01566aa1a842b3742dac7c0d6db73cd8e69d3f8b30c173a44
B/50405/2521610325/1775584841.csv,aa401cf9953a938c7c1723b07f09e80b78931b8132e53a9000762895f7183b1d
B/50405/2523610003/1775584841.csv,ae9524b23fdea8a0888c926f18c84973d7997a30e83ce212abd1f2fc2842423e
B/50405/2523610075/1775584841.csv,a3beb30ae29d40f3306f0ffa74428c516e912f88b072390d2d7656d7ca844b2d
B/50405/2523610126/1775584841.csv,6aca84f4b01a62413b9eeb0ea7b484452de18939f734a485ceecf442f2945132
B/50405/2523610134/1775584841.csv,327cc2c1f561aeedf1ec47e6b12b859b5c1e781a7cd306faca257a261444d42a
B/50405/2523610432/1775584841.csv,b64d7046113f4621e52ceee6eb08ef5d05cd24e955027904012f8fec5c445260
B/50405/2524610033/1775584841.csv,1cc4a37605450850bc419f6ff94863541927200b79e0dcfa3cfeeda4a17980a9
B/50405/2524610041/1775584840.csv,ea7505507317768e7fbcf4a95a54b5f765f7cfd544ba5ae1f6daa4a10be07759
B/50405/2524610049/1775584842.csv,b0fe50929193ceeee144b31c343d78ae8ae47ed2dcbb128960230cefa6bdaa09
B/50405/2524610074/1775584841.csv,9f6cf350bfc2b501f809040344dacad161ff30c1e73eca2d7f511508e03a8bea
B/50405/2524610082/1775584841.csv,9f05ba8a49c092b2d2d1ff383c2fbecf0f1f547615748543c445da694dd8c340
B/50405/2546610759/1775584841.csv,bf97bdef9211bdd590a2d74b56b9d1e7d677a4143c448ef18bce2410378970a2
B/50405/2548610286/1775584841.csv,8658804ab9988c55785a8ad2cef0ca1ff3367e2fae9b150f100bf94726571c61
B/50501/2521610325/1775584859.csv,15f427cc9a0d2fef9a04bd70acc5043e448450375065717b144cc6522aa294e4
B/50501/2523610003/1775584859.csv,fb2d312ff4f8a997f361727bc22d989d7bf42f1d0b443ec80263a3dfdc511faa
B/50501/2523610075/1775584859.csv,f8a8fe7fec41741076083f2f04e89f8594f87bbe570eae47cb440162d94ffb65
B/50501/2523610126/1775584859.csv,5655867c158d5538dfabd7e49442e127797260b17b751194b7b1ad449a722ec4
B/50501/2523610134/1775584859.csv,5b31d5109a15ec57a32b217a4e8fd95e3ed4409a1bc63e09c980166000e7e4c9
B/50501/2523610432/1775584859.csv,ba21935fb96298cfc670f728a046355fce8142f9ee5233b09788205acd96131d
B/50501/2524610033/1775584859.csv,567cb965fad58dce7c8af3578d469e90bd6948d09ebe13a53f1b3076303c25ff
B/50501/2524610041/1775584857.csv,d4b0799254a159c5a67bc9e326421018a26c244a7262f0dcb9b518928c6c60ab
B/50501/2524610049/1775584860.csv,ebc94841f2b9259bb81620fc52edf5f849462ed7c15355827e79027820b4030b
B/50501/2524610074/1775584859.csv,4bef38c89c64d5e4222ab93ecf469fd39386f1760a8b14f7f08958c761ca5510
B/50501/2524610082/1775584859.csv,b07ad0406c012834e07349627a7c068a854dd621686ca3403834c75a142f1da6
B/50501/2546610759/1775584859.csv,82b01c8bffcd905fd16be0c3e78ef7b34b11502e70070ca474c7b1d9a95fc829
B/50501/2548610286/1775584859.csv,8351e44567ee33c36a443d4789d4a8ce1480622a719fb59baf6a14578908ed64
B/50502/2521610325/1775584877.csv,a995b0ec012abf69d9c59c136c04ce310468facb500a58e4a22b832d17865ccc
B/50502/2523610003/1775584877.csv,cbb75c0b41a0e091dcf16b4914d3f75c490ede7bb0089c971915789a1f098340
B/50502/2523610041/1775584880.csv,c7450b067ff78048baa3c1ee5cbca230789d44cea817cf8f200b596c40fa1a36
B/50502/2523610075/1775584877.csv,977830f88b9dbd01a872fab5f50f04a1200b1f88d0572816daf994d16d301f1b
B/50502/2523610126/1775584877.csv,06f9d0b2bc3f241ee501b6ee75ac0c6a33e0799209b7225ddce96584e10f9ff2
B/50502/2523610134/1775584877.csv,1894f29b5155694a08f740e0d7169708256a7606ff88be4d2b4b0d5f009e1776
B/50502/2523610160/1775584880.csv,580d917a50347521b7a5bd7dfe5408297420346d4865599718ae2ed9e4efd37e
B/50502/2523610432/1775584877.csv,9bef9b2a8c00b3702edd42d255eb58ee52c81499b5d9566cf982ced059fe52c9
B/50502/2524610033/1775584877.csv,aacced54e09ad52091cf8b82d985ade259a55870e9636970fceb72ed9b0b2015
B/50502/2524610041/1775584875.csv,fd3c783e4678fc03d662d5b2f2038bb18481f3c36844d109f1c80930ddce820f
B/50502/2524610049/1775584878.csv,1aa8d4388b5b59d30754712bdbddc867cba3315837510c154b56f03f51976ad3
B/50502/2524610074/1775584877.csv,b713de427dc8c52f8f8cbc4c71106ae5da21e6d2031e3598643544067cfcb230
B/50502/2524610082/1775584877.csv,f0ae5fb1bee0c347347bda1912cb41e894f5d32e800c8934db7a30795fcbc993
B/50502/2546610759/1775584877.csv,c9d7b5dc07a530faa9e3afe0e1f9ca4b11f3b9dfb5feb457cebabe5e86df3ec7
B/50502/2548610286/1775584877.csv,f506ff40c3750c39cbe2fb5cf8103d08a8e38f97ba562ee72b5e93a4acbbadd3
B/50503/2521610325/1775584895.csv,201fe0539d84e5df2076c6a69aa9a404c49a6d3a1107419deca222feec330372
B/50503/2523610003/1775584895.csv,e9ac17d9a6829a1d2b0d3486da1471a6c2344b14985087d631b8d7fad755844c
B/50503/2523610041/1775584898.csv,e16ec095afbec3ce1844062732c7686fe68d606282d0be1d3f4777de82d544fb
B/50503/2523610075/1775584895.csv,98fe587c717c2aad4344021681391197effacccc73cf072831ba650be2dacfdd
B/50503/2523610126/1775584895.csv,8f28d0654d571f72d275a33f2c77db89e5da88735c379a1da179a2ee5e274902
B/50503/2523610134/1775584895.csv,088e5a091be3360de80f3bc80154916965c894387dc98e54fe1da30fd4d250b7
B/50503/2523610160/1775584898.csv,0ef2df1c91753b3c21f97c80e75ec7b4f89f3e4930ead68422903974f13a1f77
B/50503/2523610432/1775584895.csv,9d4fc5f50b7fc311e318706f275984d066888d76f8532a9882ae506b04c57e71
B/50503/2524610033/1775584895.csv,701ca955fc871cbd54d29efb0a139e4bc8dc8930ab8ec470d1c023469e93217d
B/50503/2524610041/1775584891.csv,ee9b665ffe777e61f0001cca55cf66be55ad08221b53751cb9fc6df09acbc9d8
B/50503/2524610049/1775584896.csv,d67634e2a648b0b2b8922479c6e68efe1cf457d045141bc318e4fb809aff8239
B/50503/2524610074/1775584895.csv,0a20bb5144b957ac23bd26e4b815387c4def6eaaa51a7d322e73984c6217d2d1
B/50503/2524610082/1775584895.csv,3414c681f0547d25d302bc4e9c8b635028fb1ef93b2c5611c220519d38632c93
B/50503/2546610759/1775584895.csv,3916a31d4fefdf5abbb90fa9099510fc676b7578124661ec64a6ca34f93f78b0
B/50503/2548610286/1775584895.csv,8b1e4f8e72de45192b622d42b5095661656c5b370a27370c00d919d8d23fa870
B/50504/2521610325/1775584913.csv,47cf9dde6fcfb2ec2c4f50b4c2b3b96be3f45313a850ac72964058118e105d14
B/50504/2523610003/1775584913.csv,64e1fb059ab7b9b3974665e34c55a40caa1337a47807ec109595fee8ab9e1998
B/50504/2523610041/1775584912.csv,53eb16ef5ff0789c657936731fe580b7c54e67fbcc90f594323fd3b9b841924c
B/50504/2523610075/1775584913.csv,22e2ba1e192387e84393a3fdbf6a6240573670dd9d45c320dfbf63b939a23f44
B/50504/2523610126/1775584913.csv,2b39c8af2e9664b030a591751e1eb7222074fe8f4ed3f193b746d0fb73b43610
B/50504/2523610134/1775584913.csv,ec235305690c0f3af9bfbdd0801bce00fca3ad8a40045604446658ad9fc2b79c
B/50504/2523610160/1775584909.csv,14cce3c8b8c0e41ebac87effc4e87854cc9712e70ad3c7b067bfb68543949938
B/50504/2523610432/1775584913.csv,dc9f6957198797394f1d3769c97857d7e08d0aa8dbef15c0439c2f63fc11f07f
B/50504/2524610033/1775584913.csv,c06fae60d453936ed96c54e64c275ffa9b6598d1e3268fae3481c4532e5cbded
B/50504/2524610041/1775584909.csv,a897a8c8248c1adf3bc09e871f3cfe9e0b85fcd854a1ddec5572e4e2b215af5d
B/50504/2524610049/1775584914.csv,8e30a312a14595c43ee6517060c7660917edd30804a92a22dc9ca14ad662a798
B/50504/2524610074/1775584913.csv,149d8a1ab0108da15d64b15f28f36838f76a2c61d0911f4bdcd1063a2675b4dc
B/50504/2524610082/1775584913.csv,667d7f06204c41ba15e5c3518fd089860aae520c8eae473448c6d31ed02563d0
B/50504/2546610759/1775584913.csv,a428c51fd8bca110d657f04428faab1ce6aa758cfa1c520f564a4a8d993829f0
B/50504/2548610286/1775584913.csv,748f83c1e027fa10dff83bf29adf4198532e5318dcfcb53c7c9073f748086a14
B/50505/2521610325/1775584931.csv,bc61e2abfc1661dd29b0a9da255222d332d399159c2a971317eb0728a6c52337
B/50505/2523610003/1775584931.csv,a15cbf1f5a201b5734863f5179f11298b366997e2fb6602b4097cadd8b8262b0
B/50505/2523610041/1775584930.csv,896499f2d677d4ef8b0c2dda6166648ed333e2f1594d87db58c96ca23a38429b
B/50505/2523610075/1775584931.csv,434b555ae85d44083d77d290b562dc219a2fd4810619b1f825cb433801756cb1
B/50505/2523610126/1775584931.csv,b3695f67c59c4d38c568ac2e6bade72837d1bd48fb7a00c451997a411e40b16f
B/50505/2523610134/1775584931.csv,58b6d25fd917ce486c6bbb21612ca2a51cfe8d2133d0339d94ee4d9dca7b85c0
B/50505/2523610160/1775584927.csv,af51842091b872b0f18063ce6e03cee79ac454b67b365e00cb6593bfafa006c1
B/50505/2523610432/1775584931.csv,2738c0f948dd74aa8eb8dad8f6d9368ff3a20d3d44489caa34e77ec9295bfd4b
B/50505/2524610033/1775584931.csv,9354cf6c82f9b49b0f128486fffaab11fde7d1fc4d4a4d6eec7c129f5367e9a1
B/50505/2524610049/1775584932.csv,e0381826085fe064f23f17fc87228bc886017a0361fe74eb92fb09ff5b24c82c
B/50505/2524610074/1775584931.csv,a475fd7072c26648c73328f17b820338ad8a4be5646ec8068fbc89a77a0bab4d
B/50505/2524610082/1775584931.csv,ddee80a84f6a90ba713b5d0e726a61d818287635f318d98c6b24d3753023049c
B/50505/2546610759/1775584931.csv,f6e17a1c8d06c31bdb1712baab962e7306798702bb51958cd92632729477c1bb
B/50505/2548610286/1775584931.csv,c98cefc00ac59eec982bec8e988557814496e4ad768c3b95e77bede81ad14fe1
B/50601/2521610325/1775584949.csv,e757594bee65379ff9009107963b4bfe22079424e551e86a3fa7e8b919664dab
B/50601/2521610325/combined_output.csv,15b04c787d4dc3deff149891dc0dea73705d7c75ee9495d8c1b1ff793ece7574
B/50601/2523610003/1775584949.csv,8c09ce48686303b1947c429966ce348e9a09a3db7761b69b6a625da0ff02ee36
B/50601/2523610075/1775584949.csv,5bfcfa1b8effa7018b5aa9c347ad2e624915efdd6dca3a5f3ce903cdb2491ae9
B/50601/2523610126/1775584949.csv,f8b1b76ac8a7cd76705e07c7da37b260dc29486e4207b2c540805b1b5c7be083
B/50601/2523610134/1775584949.csv,900cf4b59bdb00c0439c560e41fe782685f982015ccdf584b2ec341de2711b8b
B/50601/2523610432/1775584949.csv,d8c68c5f404bcf5f2085b90c3e7db091e28d10703624199520484c1d748e2027
B/50601/2524610033/1775584949.csv,d4aaddbec60dc5237d5dc43ba840bdd2b69fb01c70d573ea05f0acdc23fbcd94
B/50601/2524610049/1775584948.csv,edb35160b02e80969ebf94ea3bd398233dfb6c52ff4ca268f26bd21b91c05de9
B/50601/2524610074/1775584949.csv,51cb6e42a8045b8ab26c32a448ea44658ddfacec51c7b49e6a9e10a4c977ae01
B/50601/2524610082/1775584949.csv,dd861dd7c7d01a057b67de59de0b23989f5dc64a979ee6095809698a51d0564f
B/50601/2546610759/1775584949.csv,3217227f1846bb937c7e80528206e7cc9b8161de2a0aac9bd4a8f0d18b2c8a8e
B/50601/2548610286/1775584949.csv,f7c85e3ca3a998581ab6bf20c961644fc9ae177b93a2a2ea9f34f19fa1c71641
B/50602/2521610325/1775584967.csv,7163f43fdf4342311685ceed37767eec8749c8c403e24f2e402d3fe136a70b66
B/50602/2523610003/1775584965.csv,bd63adbb375d067349594874064714f5aa7327e1899ed63f45119d8460f99d27
B/50602/2523610041/1775584965.csv,541f99176884d90094785bbffab9ca484aa3c439ffff9ce4d3365a914e9afc5b
B/50602/2523610075/1775584967.csv,63fb24fa927c28cabfd0f4962fa117dc5a0e9368c8c007eb82da8b67bddc5ab0
B/50602/2523610126/1775584967.csv,9d294ac1c0fdf3bc652fd902dba320fb6abc0603fd908fff0b3415a6b2f39ec8
B/50602/2523610134/1775584967.csv,5420b4560344542dc61a7f92e17063aebbae9db79d5a8c9c653cf4165a39a978
B/50602/2523610160/1775584965.csv,4a4c21337101d8471a0110a4924cea6fc24cc147e1175221d7c4eea1ca0bd80a
B/50602/2523610432/1775584965.csv,ae8d8beff9f994b64f2eecca3176038999c4d3bd0fc343edc2838b9ccc439d58
B/50602/2524610033/1775584965.csv,b4ed3c35970c37493907662a3bef41ab79e70962c1d8e6e67e05470a8c427c47
B/50602/2524610041/1775584965.csv,68a3150cb88f2a8a8c38e378203295841bb192f8231ed937fa72ad2a0443c934
B/50602/2524610049/1775584966.csv,ff477d5027afb5aa2aeaaebd473627dafd89a1fc9019ae20e13dad462e7d6b72
B/50602/2524610074/1775584965.csv,b2b087dc60c0de40c73689bdab990aaa80a84149c33ea2150b7be0776b98caf3
B/50602/2524610082/1775584965.csv,25ff190641714d032a5ec18dc4ebc100276d6e6315a0710213f951f9757e8221
B/50602/2546610759/1775584965.csv,362896a8048e97ba62ce580862274c6347657cc82468cc1faf9e0a9f5573ba9c
B/50602/2548610286/1775584965.csv,abb4a58888f88c56df55697854b1cc73ff169c9b138a1ffc3b799ed474c9e179
B/50603/2521610325/1775584985.csv,729075a4955285a66db20875f1c50a317ddbb553019f438b186165f8a82fbf3e
B/50603/2523610003/1775584983.csv,21df8ae5cf4002c7475058b8beb05dd9d663121c78accd4475e02dcb4d03ab4e
B/50603/2523610041/1775584981.csv,c8210b09e9d9be834295149f5a6866e2817824ad780797abe3ced247f827ac64
B/50603/2523610075/1775584985.csv,036305f55576cb445a03b8fd01e0252b1630c2637135214ddf93e43296e91171
B/50603/2523610126/1775584985.csv,2cfcc3b3b60c49f9b0526cedd26ce4addd2af8e2671c063129a23b5f076cfbf9
B/50603/2523610134/1775584985.csv,88467313475ff2ef14b51c36fce996ea303936a20773b38ec7354c2c310610b8
B/50603/2523610160/1775584981.csv,cd03a42a1900cad67b54b69039d89e79d294d071543113523f6c4e9bbadef49b
B/50603/2523610432/1775584983.csv,697537b57f881abab76b41d6f744db0370e7d5218b6b5d0dd064f2d75e027772
B/50603/2524610033/1775584983.csv,aa2d6a063f17e6e8ffa3e415f55c3928af393cde7739d7fb5eb1ed553790908b
B/50603/2524610041/1775584983.csv,e97c5f3faa4f32a96deb0d2880fe4c1baf3b50420db1b9521eea61e7b6cb54b2
B/50603/2524610074/1775584983.csv,8aa078f45d49e018c26d3fe186f4dd86c21c4eb439de363010966a6f232bee06
B/50603/2524610082/1775584984.csv,de9b544d2ee3ec3370f2b6fe5f0ee5a77a8fa90e65dd1a001b21bd05feec90e9
B/50603/2546610759/1775584983.csv,6fa755bef8f1f266d0c71914bdeb302f1775d4ff528170654875e25ce75c10ff
B/50603/2548610286/1775584983.csv,4ad037599e5d27d6374e153dc131cefc63c76ff36117cbcd0590a031e610320c
B/50604/2521610325/1775585002.csv,ef3671551ba518b5c20ba5900f154facd2155751d99c14a0fc14c70ab34ccaeb
B/50604/2523610003/1775585001.csv,d703ed62d352d8936d536774821d972a39d9786aeb545fbd6570475a32ebfd68
B/50604/2523610041/1775584999.csv,13bea5195d2b05e8ce3640590adf3d7a60b805582cad0f92dd0c7e06f32743a4
B/50604/2523610075/1775585001.csv,362e1f8d0e12b63417c90464047c0254c7e1804f65bc617fd6bf120b6f8aac4a
B/50604/2523610126/1775585002.csv,3e948b559582a82c2b52509bc021b1a5ff8726769009f710fb138123aa4c9efe
B/50604/2523610134/1775585001.csv,628533aaf05c6e03ccb665e34d7e70791c30a1045ed80fec6f947be8ffeef051
B/50604/2523610160/1775584999.csv,842460c643cc03794289ec8be35de81695786515e6e8632a4693f3c7ee0d331b
B/50604/2523610432/1775585001.csv,bd1e0c98d98d0fcec7137565864a717ced51ffcdeba3baa8f2206c83b612a83d
B/50604/2524610033/1775585001.csv,a1d4a4ae0c4a3b162811ee56de582c72ccabebb992e08ee2c47b17b950f6b5b5
B/50604/2524610041/1775584999.csv,a656340d6659e94a8b74992d2829a0f34fba35c476550f511903d184ad9443ed
B/50604/2524610049/1775585000.csv,d18746a7be528045134dc03fcfc2a30a2eda3c1f0aff0e5a28640b61f23a5eea
B/50604/2524610074/1775585001.csv,f4c939e5262b46c3fa9347107b9f3e5ded2b225fd12f2beaf8c5640471c389ed
B/50604/2524610082/1775585002.csv,42ed947e53caf8949ea36116f209d875dd0dce1ea3e63ba42fcc55d0154de9c3
B/50604/2546610759/1775585001.csv,900a5b2990172eb092a0bace5045bf8e6f1f3fb2fe0027496b1564ab59ef2c32
B/50604/2548610286/1775585001.csv,800fde97fa67de6997a15335fd4d4f57f4c6741f8b349283229047336e6be386
B/50605/2521610325/1775585020.csv,530bcc72643a6d297538615badb2bb69e878a276aa65bb0aa8a7b842b7d0a4ae
B/50605/2523610003/1775585019.csv,5eae703036cb65c177d7a0777c2ae7923104d4b52812e71a43c349306c77db9b
B/50605/2523610075/1775585019.csv,3b262378b43fffb6e5882fa7ba233b02f3b850b8727cf746a7a4f2a2e038f452
B/50605/2523610126/1775585020.csv,dc90740e0790d122edb1a9bbed778a97edf3030473824a67210f5201e996fd7d
B/50605/2523610134/1775585019.csv,004e8130f40ce09ca3a2cc18afe1ffb7fcec0909a08621a0febdf3849d9fee49
B/50605/2523610432/1775585019.csv,57c494bc2f532d84129f6d06674560f730302f246c39b1f2bb0b0edbe654c2cf
B/50605/2524610033/1775585019.csv,db2812def9f7454c41d90671e2074b40fed52e28e0bf94afa97fe5b66b57f9ae
B/50605/2524610041/1775585017.csv,f788ec1b20a6e8e3d812ba9c88be0d76f42afbe56032d5ccf05d4572d8306148
B/50605/2524610049/1775585019.csv,7414b74a2205fdb9f5fd27e2f6ecedec968256837b82f3aebc63f3ad6f3a3588
B/50605/2524610074/1775585019.csv,612d15eb9a3bdbdeb7066fc1b210e695395ebc0ace95e0d5c09fa7ffe0b7a4d8
B/50605/2524610082/1775585020.csv,a92ba2aec79eaa11bec66bfa0bcf696b44bd437f22545a3e52f64b374f1d6c50
B/50605/2546610759/1775585019.csv,d2e2469ace55ddf715f496889f4cf73df3fac06522e751724bc3f5bf625378d1
B/50605/2548610286/1775585019.csv,83cbf136b509e49ed3fedb84a585603ba7f6fbbb321818d9e632d291e096162f
B/60001/2523610003/1775586082.csv,0ea7c515687a3348f20310ccf59fdf3075640796b79e51a1a6c6e5fc7aa39036
B/60001/2523610075/1775586082.csv,559014e342a636989f62b82cb16a0406debfac119ea53f01adb5ac0ca725e765
B/60001/2523610134/1775586082.csv,0b1604f270a9b86051f9479794796203bb10deb6b85c4b5c506cb8e7d699146c
B/60001/2523610432/1775586082.csv,0e0d69d6d57256779f548b33a18e7160bd1a28249f131c3c6bb8df7c9bf3e40f
B/60001/2524610049/1775586080.csv,88f9bda75ee5846d84b43e68d2f17537aa686480c8ce52ea8af88a9c9a550d45
B/60001/2524610074/1775586082.csv,d04fd3f7b9cca98bd009edd7179fb99b2c3441715b451a2b4a975dfe37cec555
B/60001/2524610082/1775586082.csv,306bea6f15588375bb97641157a028833157418ece13ea1d6d2e2eb953bf8b53
B/60001/2546610759/1775586082.csv,53062c58a077db4b8be866681ceb57c5c826648333b4540d43c51ebff55c43d6
B/60001/2548610286/1775586083.csv,684e7c7bd3a74708b7fd78be754e69c3213ddd075dca7e453e92ab7c48ab491b
B/60002/2521610325/1775586101.csv,b4ae847ebb38b2234924804c7c08b3299730f444669750da7d5fb45821dc0810
B/60002/2523610003/1775586100.csv,a95451ede1767315b855521a9fe28e8393f3c8181b6d4de123643790ceff641a
B/60002/2523610075/1775586100.csv,8213a7f1939d8a03a68ba1d341a392704944d7ab6bd4849c8f7b293a21d09917
B/60002/2523610134/1775586100.csv,af38e3c7b277eaf7950893e120ea32e1b64dbeeae28d1f86b9dd2652705fe5b6
B/60002/2523610160/1775586098.csv,f48d2f7a47001e00cefdd408f930b0e5368a02f1e057e706d6c23e2c2e4c2cf5
B/60002/2523610432/1775586100.csv,247f0e053871134c63ca1251bef0fc9045ef09db322fda4da497e350bb6a894b
B/60002/2524610033/1775586100.csv,c5102a0c24313abbd197e16dc754cd5d5183279ddd527a7d6ad2ef84604cd676
B/60002/2524610041/1775586099.csv,48488bdf399253eab5d8b809dde32d8978b56a4ce45276c5b5e7b48693ebc109
B/60002/2524610049/1775586098.csv,03b597bfa8b6dc1a87515225106bf742821ac1d853cbceb0debb1e15bb3aa467
B/60002/2524610074/1775586100.csv,b7a9527a2c34805a06567a826144ae6e54786cbdcc255680c9bfd9cb707cdc60
B/60002/2524610082/1775586100.csv,3bbd8051d3a1f7807de88ff51783ca6231455b32eaacc645fce63c14954acbfa
B/60002/2546610759/1775586100.csv,5c8cbe4eb5516f95a7512b8cd2b4a2e4753fd561ff343f62ffc1da8dbc17acf6
B/60002/2548610286/1775586100.csv,90989766112d123e82cc520eb6c9b0a2927e24b96325efbcb41cfc803a3e3b18
B/60003/2521610325/1775586118.csv,dd79bc0cbd0939570767febe505d0a4a75ad359e6d7263937a73f701a1c8ece2
B/60003/2523610003/1775586118.csv,51b794b21df7642c5c4673e9bcad2fe3202c2861963dfa406ad627304c6d30eb
B/60003/2523610075/1775586118.csv,b6d0d965a3a6e95f3259ea19b309da41be1f199043b9504bc101fc1265975591
B/60003/2523610134/1775586118.csv,03f8ba2c019b48ba18786fa2fc56bb1f60a7695c7266a446906fe51131abd307
B/60003/2523610160/1775586116.csv,7b85d7da92ed4a16f2cbac2a40d1b5b5361a72bccc41805a1390aafa39a53270
B/60003/2523610432/1775586118.csv,161b87ed0020a474af9a060ff1f0f0c304bdd7026adaab92644d77fb26ddd011
B/60003/2524610033/1775586118.csv,a595d8a4fb8d4c85b2dd2d93a5c73edb79082bc2e2ced74b822474f23529cfed
B/60003/2524610041/1775586117.csv,3fd9a2ceb7fb82c2866ef6b7c1577d3fe2a982edcf9eecb1479ef4576ce832e8
B/60003/2524610049/1775586117.csv,895613d10a2a801fa49836c1f93533aca46592699e8875c003359af4c81324ba
B/60003/2524610074/1775586118.csv,0a75dd4636b43968d6b65b2edad3ceadccb8adbc4778e748b965de5a7e411fe4
B/60003/2524610082/1775586118.csv,21e124d8b59378c44201f53b1d66fd3502a8b60d6046cef541980077756c03d0
B/60003/2546610759/1775586118.csv,b0563d1c9fdf8abb933fb4785180421c8712bd0dc98c359c1f73b849dd2aec03
B/60003/2548610286/1775586118.csv,d74fa46fc26ee4dbb3e87893659c8334393b96225d012a2d997ceea46ddb4a6f
B/60004/2523610003/1775586136.csv,edceac7125ba57d40c56163f57ce57407d08994f7eb24535dd1eb97a15b8f4de
B/60004/2523610075/1775586136.csv,d479c3434bc9e01487f51e069135a993951c658dec6ee758ea50fd3debca2f77
B/60004/2523610126/1775586136.csv,9ba7d52d478eab4ed33ba1dce493a797f46a2dcdf790a8537c981fd4a4240295
B/60004/2523610134/1775586136.csv,568dfded5511c5db7c7792aa39b7ff35a5e4baff3137c686afd4e07204602dc3
B/60004/2523610160/1775586134.csv,0e97b5452761f877fc10d5bae09238d9368f630a1a22996f311055237f295e58
B/60004/2523610432/1775586136.csv,a858b6c020e42243b9c111c2d4dc8757e4119b0fc8efd62b69defa42722e32ad
B/60004/2524610033/1775586136.csv,a49a2e57d32d71c360497047524f0971a4c0e781405321ea626b119543ee34ea
B/60004/2524610041/1775586135.csv,1b8cf58b1ecfdc94d1ea75610e5116e36b6fa4472c87ea4fa29d1d022356566d
B/60004/2524610049/1775586135.csv,511bbe02ae7f22ecbe6bab0d3a9216adeabe4246501d7ac2bd12891323785994
B/60004/2524610074/1775586136.csv,99cf03e4365114f2d3cb0ed1ead9e843cf21df01fa9f6bfa84533a3c0f72c876
B/60004/2524610082/1775586136.csv,45212f729ba2bde859d7b165526203736be26e8e4d75dcd33a800160bfb77cb0
B/60004/2546610759/1775586136.csv,d0667a260cdef685062d48026be77cf7f68ef78fe65e7853e895dc64a7b915e5
B/60004/2548610286/1775586137.csv,cbaad4c42664357e8b850179bd40af27778d8453cc1af5f702129765b32deb94
B/60005/2523610003/1775586154.csv,35a5a7cf9dab8318fbce6f4ed1060e99b4f5c94b3b1bb0f938ab2eb0a98a0f82
B/60005/2523610075/1775586154.csv,220f9d61ec206c08dc09ea8b54c787d9b97aec9591f18355258f593bd9f8e4b8
B/60005/2523610126/1775586154.csv,4731d79438d1e10aa7fdee206a8db7811b3c038fad8fbf3bf92fbb2649d1ae51
B/60005/2523610134/1775586154.csv,0f4431c11e8f1d4339c6a617c45d9049d395ad43804b3ea4bd5a87bb91a1d640
B/60005/2523610160/1775586152.csv,0cb6cf09b08f47014f017d039799b7f983208236f553ba3b0c0ed88ec350f352
B/60005/2523610432/1775586154.csv,8879f51596b0a75f120b5707309ebb47e4fec4f0b4a070a4520a2a62d7dea5d9
B/60005/2524610033/1775586154.csv,ddf07d8ffc968c2874fb64f99f4d77cc395c13628ee38313cd8a3e05fd96af53
B/60005/2524610041/1775586153.csv,61467de58089dd7b920043e4b9941187bc9a970baa585292a43c70821393d813
B/60005/2524610049/1775586153.csv,291943f1f198f1c78d8890fa8046189b420983bbbb868b4a855f4afd1efca574
B/60005/2524610074/1775586154.csv,25269172a76e3b7651e352d9e8cf3ee69c1b2ddeab6929353af0fbc087698961
B/60005/2524610082/1775586154.csv,0ee23f4838b6c4195e1d7c5a9c5bb30c950fc2ad57829cd87eb4a003fcccd7a0
B/60005/2546610759/1775586154.csv,15408d12ca3c5359d798e1b32d95be154091d9f5d7c9cc23620550a61b7789ab
B/60005/2548610286/1775586155.csv,a39584d3a449957d69ce3470288b4aa262ff7f08c58036b282d8897f6e530784
B/60101/2521610325/1775585038.csv,3808612c425cae247622553bff4edd5834a40f7194cb5a57ba2167a65daa1d98
B/60101/2523610003/1775585037.csv,3013c794d5779d94fccab1ad0180a572b0975081e2c4897bc2440fe070ecd15b
B/60101/2523610075/1775585037.csv,c4aaae92d95a62e74a716641c836aa8915d765ed3eb74eee4e79368cc567f4e8
B/60101/2523610126/1775585038.csv,26c787bdd20360e62b3b7df72f3db955c83789d638c75d6a41ab099aa6da5fab
B/60101/2523610134/1775585037.csv,e7de6e55b9a82c8482c55148e68765c8fbd0a0ee1536f0b49f1783d551770312
B/60101/2523610160/1775585042.csv,2b005279b2cc2630885d46174794e91e5055c212dc7cd9aa655c4fc9c9d12a1e
B/60101/2523610432/1775585037.csv,fb9a29ac66443161d1325fbb91f37513d2d7ec8b0b0b7c00ee0059eb4337d4fe
B/60101/2524610033/1775585037.csv,c950d97e828e4457f435eaf9a40ef892eb745e891f49238dec5fc4499276e994
B/60101/2524610049/1775585037.csv,a553e2b95c64f39d45b82b81ce5a015c8ba622b71192153f8fc7519d41b2cd56
B/60101/2524610074/1775585038.csv,0b00cf080c3c54671e2df523c86f864363503cd8cb3cb2a5e68c33dbc4c3392b
B/60101/2524610082/1775585038.csv,e62d05a06b95160fa66139dd6bb8d70935610b08a09ec8f3df8d632181c31095
B/60101/2546610759/1775585037.csv,69896a75cfa48fcbab57a6e25aa94582a30375d253a8e2814c800192fc5fdec8
B/60101/2548610286/1775585038.csv,1c0188da7c4dc8b9831cb1266c0ad9644ca572116c9e686172d74e86d4d8bee9
B/60102/2521610325/1775585056.csv,438f553fe5c87040cfb54e7aeb0892c0f1702be1b30f159d026a9b1ab0d3b717
B/60102/2523610003/1775585055.csv,51767ca4d8afa4d18384b94d52a156330d659a2c645bef04048baad18c51750e
B/60102/2523610075/1775585055.csv,7ba3e0dcdddf5172f9aeb6e0034492594d7dc05306e1bb9ee975653f154acdf9
B/60102/2523610126/1775585056.csv,1dc35fece0b53f70d6fe11b6c55d732cfd9dc763bb2301d281def4407d9d3589
B/60102/2523610134/1775585055.csv,5bc50d8168067947e2d0df9559576d9046ad01bd4f7d2d54fc8d23a8aa63b2b0
B/60102/2523610160/1775585060.csv,c6b1a8bbf41d4129fce274654c881c6dadb57d3255f381363d3a3de89968f093
B/60102/2523610432/1775585055.csv,e57f8c8ebeff49fd6892177a603a8e4912c0a4c4a8bb57f132faecc8facc1c89
B/60102/2524610033/1775585055.csv,41e545e2cbbb366f23d459ff7b58d49b8a2b98c8b35b4aeb05a85b27e7a68893
B/60102/2524610049/1775585055.csv,fc367fe3836e43beb3ef75de5694b2bb2e3cf0250732e3b31358c6e6f26b6a83
B/60102/2524610074/1775585055.csv,cfb51c66627b225f8d64adcf54bb361d02b318521344b00217edae0647d63daf
B/60102/2524610082/1775585056.csv,fc9b8cdac2c7c0cc5d5205e0d516ed15d5702489f251323387332cbb32cc4295
B/60102/2546610759/1775585055.csv,e9650009f89ca9db29768e493d4a703b7247b284c5f523e5573bc6d42cad9ff2
B/60102/2548610286/1775585055.csv,0fa13469dab557fa84ee7ed76b1262dadf39878305526d97d16f375188eee270
B/60103/2521610325/1775585074.csv,d4ae9fad5c76833ee88ee3ad2f8bd235a93ff7d75c651263dd677d1eb31d5cc5
B/60103/2523610003/1775585073.csv,4a04830283ad59ca8f41a2d91f76b8d13c9c59b08a4d86aecc5e8e1004c52a5e
B/60103/2523610075/1775585073.csv,dba516fc95b5b32d4b209b3e35bd43fd89c0dca384575242f793220b9a4c38b3
B/60103/2523610126/1775585074.csv,a5ad03801f67fa413c8607586b817f0a66e2933b6fb19867350495b8fc3bb0dd
B/60103/2523610134/1775585073.csv,7798921f69fc1e1c8ded6b9a7c79a6ba9f4bada10562d4c27a42e50ce89f3a77
B/60103/2523610160/1775585072.csv,111300ba188fb2c7e7f536c37484004e44d6d95b0a733841f161f19786a13fc5
B/60103/2523610432/1775585074.csv,f4febfabcac2322a1cbd36ffd74478abf0969be67102f9c22968aa7c0085ff91
B/60103/2524610033/1775585074.csv,323e9c209a360b80463f8896d559e8f51801ba2ad575024ad72572e586afb4f3
B/60103/2524610049/1775585071.csv,993ba3303886fa53415fcbf45a0148d93b4739615d3bebf97a33a9f7cc2ea7b5
B/60103/2524610074/1775585073.csv,fe8eb633c15a760f96668d93eb18da8f8d36d4bd4d9a2ea6a2971b32f9175efc
B/60103/2524610082/1775585074.csv,78b139d6ec74b2775faa1033a9d94cb8f7ee63312a29de20a211e4858b5b1944
B/60103/2546610759/1775585073.csv,bd4cc8102f1a4a1497cb2425d7849020d450767e4b0b9bfa34d427dd0c0ba72a
B/60103/2548610286/1775585073.csv,db235333e659da1948db847f9fc95ed543f20cffaa370f709dd05f98a097f0d0
B/60104/2521610325/1775585092.csv,e5e23ac0756db5bda18e20cac2907bcdbfbe2a583ea8f41c21eb1056309d314b
B/60104/2523610003/1775585091.csv,1629680caaa62bcf8ff098e1206eebc484598ef78967e825638272a3551f0d75
B/60104/2523610075/1775585091.csv,1abcc64aeecaefe3c4e687e050205e06fe8bf501546f4a177a3f6b654244a247
B/60104/2523610126/1775585092.csv,8780057b4856330d5225be0769a54e374f588137a3dea4115d7e265f123ad3b2
B/60104/2523610134/1775585091.csv,9084e87fa0910c90e2a21b418240cef315eafaddb8b83ebd7f020f8aa3206333
B/60104/2523610160/1775585090.csv,4b67751fb37426df92ffebca263fcab85de0124b03f2547303439e229a537f20
B/60104/2523610432/1775585092.csv,33125ebf1619d2760eec643afbd749ab226198fb221d0677e24e09baf743d31e
B/60104/2524610033/1775585092.csv,b579bf0597a5e222f40e9c79e3eb8b1044afc12970caa7dda2fa5bbb38c3b2e8
B/60104/2524610049/1775585089.csv,fcb2265f6a81c26c3c71201e2acd012facd895219f172825c47614adc35860b9
B/60104/2524610074/1775585091.csv,5e5d6206aa117dbd1381ed9e8be22256a03fd834f8519697cbf07150b81782d5
B/60104/2524610082/1775585092.csv,5c80178ef88f192f50591339bfc0cb4c467acb1699701034920b974eb3806db5
B/60104/2546610759/1775585091.csv,2a97705ddd53af59dafcd88c4c4c714a60f0e8fe03f9944c2d37bebfb71ff213
B/60104/2548610286/1775585091.csv,a3c2523e8f9c8779f4da51e980138d8a4be37e8946fb355b321c952a74542858
B/60105/2521610325/1775585110.csv,cd320253939e2250f2fef83b35fb1ac667a26a3bc511479f2194869e4fb601c9
B/60105/2523610003/1775585109.csv,269000cf31cd579a8aa98b50f884f1f4cc60ed2b042356c3cfb760653d0f0888
B/60105/2523610075/1775585110.csv,f34f45eb772a7b7307db1359d5e0cb57bcc30bedb7f6d79d8827c26fb8b9ec4c
B/60105/2523610126/1775585110.csv,a89fa18004098c28b63124ca34f3635d45898d112c499ed787c79dae73a07e6d
B/60105/2523610134/1775585109.csv,2cdee4fb5c69935685880e8cbadd0df084aaa69cdab0ff83d080dec89541fb85
B/60105/2523610160/1775585108.csv,6af5d0719cb6810ec313496bac5b15b2b89212cabc23acd8c92e2799a058d0f9
B/60105/2523610432/1775585110.csv,39decb2ae238a8d07af4ec0bc30fa73e9883c077169b36ecc753bed811a068b6
B/60105/2524610033/1775585110.csv,e20d53fc300f5fd3663730a8bafd43a3620d565f21f032d62f0f209e02b1928f
B/60105/2524610049/1775585109.csv,c5239f5108e09b63d25661dad30466e3e9439ecdecee1d61d8ce506481774ec7
B/60105/2524610074/1775585109.csv,97bc369cf20f9f126dc09b562dda3aae28fefef60d80e3d6b97ba1edb6314e81
B/60105/2524610082/1775585110.csv,dd2dd2cac904220cfd7f424dd63bcabba5d9e2d482ff150b0d2ff4c7adf17005
B/60105/2546610759/1775585109.csv,ab1bc1c91085a0df2c4b0e33a8c754e2be9473cfd44dc2202691a426f865ce6f
B/60105/2548610286/1775585109.csv,0fd5e331d377c11f165b1942e5bb147fc48d34d3e88b6b913cabb6c5dd3e14cb
B/60201/2521610325/1775585128.csv,9feb2de8d2b4dc9a8f6333617d596e411562e08058d3277743a0a9a87d4deccb
B/60201/2523610003/1775585127.csv,0b1e089c1f1c4b0c107903912dd952d62e3d64d9a11f8d118268c3d94d3a6707
B/60201/2523610075/1775585128.csv,0c560bcb31b03f46a9eda7dc4b2ae8d23aaae818dec738885ebe50396753bf7a
B/60201/2523610134/1775585127.csv,7c5c99f0e2f0a22832c40e29ad183a4dcf75716e0660a6eacadb5c9131fc39f7
B/60201/2523610432/1775585128.csv,25e443b5252e01f00ec5bf75c5ce7abf18405f253295c383c14f051957938662
B/60201/2524610033/1775585128.csv,af28830442fb1a3153bd4480b81a193505de3e686e02b683c525cbfb31c5ec72
B/60201/2524610041/1775585127.csv,ccae6d1c4d1dbc8944cf84822c443ddd459bfe95c18bbe0397a4e01582766291
B/60201/2524610049/1775585127.csv,02b8a52bb5e94c31d50f3198633b91f728f4afd6df147d23166789b1b22f822f
B/60201/2524610074/1775585127.csv,376355f102ee07910df8c610c53e32ca2e1eafb9658abafdc7c62c6ec7cd93df
B/60201/2524610082/1775585128.csv,840e95f8be7c8be2264bcec189a7a33e0ff87d1847685f5a7e9dd43f402b40ca
B/60201/2546610759/1775585127.csv,cb006d09b75b1eb40afd71de1cdb59a82f6defac7e97fa34b37897a986b70194
B/60201/2548610286/1775585129.csv,092f1fa01464491af13a6bb4b8be0226fdf95634a98f1f8189303dcf727e07b2
B/60202/2521610325/1775585146.csv,044bc5ce6a23946b7ef04c09074c1c1172fe9e13b5103f8b97ed066ebc07590c
B/60202/2523610003/1775585146.csv,d1884dd2cbe5350042ef0de28c4a7ca85f358b727ddf63642af9ed8f9219d481
B/60202/2523610075/1775585146.csv,d4fad8d022893938cabadbcd1b1f3dd7e850776ad41680a59040f1ce47413ca7
B/60202/2523610134/1775585145.csv,4cf241565e9ea890946694e4fedb7a5c8eba2f7b7d3a507ab7f481f9beb96a96
B/60202/2523610160/1775585146.csv,07dcb6418f1a2c1b3916f1135daf2f8507fcba589ebbf68604d4d6c0ba9add02
B/60202/2523610432/1775585146.csv,a0a479486637a593e82e2fe0bff2952ae7d3ad2cf57cc7bfebbf7efae03a8847
B/60202/2524610041/1775585145.csv,e40a0ddc955df69f6a39c26586ad63b39362042b98427bb5e8fe014e0abdbd2c
B/60202/2524610049/1775585147.csv,d79bb0effc74a10880cb84e8c2ab3a41a1a0d95074b6478e0ddf9154df4a0413
B/60202/2524610074/1775585145.csv,367147b2f396c70335ab39c36a6d24a79e3ec9708c5e780c1d948ea825f8b2fd
B/60202/2524610082/1775585146.csv,089255c23655b9d54358a34dc8a874e56978589445946a8e58afb78510d9eeea
B/60202/2546610759/1775585145.csv,4e1c99bffce1ca03cd718dce6c5365052076c883dce04393f087490ceab7c856
B/60202/2548610286/1775585147.csv,71aa25935aa880fafab5465796304d1e3847297a63bef7821d6e3f27598b6cb4
B/60203/2521610325/1775585166.csv,026f73796d09ccf69418df07d53cdf7735513070d2ecdf0e38a07f86a56c60ba
B/60203/2523610003/1775585163.csv,c98826b70e3aa183a34d2af656aadadd7a08886b6ed8b6bea8c24629be9f8fc3
B/60203/2523610075/1775585164.csv,a9ee96e1a73e7c794246811eaf694d4161415c506ec356a2d37ef2ddd7afae01
B/60203/2523610134/1775585164.csv,ac55b3fc8ec0e81d5fc61caf42adff0400711d8455ba5576d15b52ccc637c4cf
B/60203/2523610160/1775585164.csv,cc3128e4829d9b9682991867942247b91a6745559113a7704bf53916356e4b88
B/60203/2523610432/1775585164.csv,445791f9d024526d2fbf4b15be9c38f1c4b9cce4df93c2bcb6cbdc2d6a6d78c1
B/60203/2524610033/1775585164.csv,08d199ce863fd443cc0cf1f0978a89b8227b817307f3a2c8244157388c36a5ee
B/60203/2524610041/1775585164.csv,ab7f2bfa38874ae6ee800349ce770487f2bf9ed635d82ded83b9550e793e3024
B/60203/2524610049/1775585165.csv,fafd915f741c1828b29473102cde70bade4f555bd8a3d0d7f2c83c20fa541856
B/60203/2524610074/1775585163.csv,79d4e3a2abeb00eb4945349f668e351a657de4851a1a3ddfc6575096fe5f3f9c
B/60203/2524610082/1775585164.csv,8fd70aea378a93f239d9f4f2fec912c5c0fb37fe2a2e398260b60ba205e53c01
B/60203/2546610759/1775585163.csv,9c244efe05c6e428a89bdc0b2a1bc764ce1083d11304c9dfb8c57d0be5b8a5fd
B/60203/2548610286/1775585165.csv,3467eb79ea99fe0d3f82b8c664c932ef590227c9fa38f64891129b94665d52f9
B/60204/2521610325/1775585184.csv,66be4cb671f639abe10a68f4bfc9c22d02ca2d9ac1573999c301fb06d382919f
B/60204/2523610003/1775585182.csv,916626060dc35818699dd6b5d91e856d0240cce6e8190df88999f71ff662b156
B/60204/2523610075/1775585182.csv,266cd275eea7be1339406e7891371e59c18e4a47366b92de8d21ebcfd63d1de0
B/60204/2523610126/1775585183.csv,9ade7d94d4863f8832ac566ec53313a35f504cdd692da1ac9bb588ba6f16e097
B/60204/2523610134/1775585182.csv,889af8133115a8f6e6a21f531b1b18000fa61ed5a4cd5a2a25d0cfe048f6b683
B/60204/2523610160/1775585182.csv,05d0114ad926dd456df93ad845f0283f1cab77434d99c05bd16222933a7592d8
B/60204/2523610432/1775585182.csv,7541491935ca9a25cc860605397a91bb43f161b53e2bbc38847edb01c212c6a8
B/60204/2524610041/1775585182.csv,879fa4c3e2ef5886c8a4a1bc99561b7ce0c029a94725b2cad4cbe79d5c4e3f8a
B/60204/2524610049/1775585181.csv,dbe5128167f3f538c82eb15775ba539f6f7f4c00190a5547b73682542cfccc5e
B/60204/2524610074/1775585182.csv,ffc1c1fb2e27adaf44322d34f90d095dc6755d89df4706c268853ba3b03edf02
B/60204/2524610082/1775585182.csv,29bec87f323923019c25b37aa19e982865baf276aa0b352b304484fb38b62080
B/60204/2546610759/1775585181.csv,80ffdddfde093fea6c675151290016e5a3f5e1ae611ee3a4aa1da3e5f1ec72a8
B/60204/2548610286/1775585182.csv,e9aa2b2347505519ad8956ccbb2e4f93e99a7ef9af98823722cc40e323a21fdc
B/60205/2521610325/1775585200.csv,7024233da0b3039efc7006bf6573b02d04c1d0bb1f5c0902496726bfc5d9f9a9
B/60205/2523610003/1775585200.csv,bcced24e9f669931ec4ba8eb24406e10e902b61e9b21f5968ee125bb9d3fba2e
B/60205/2523610075/1775585200.csv,56a138f86e249b486ceca026f3cbec56c4242510003e326f4acde143220b9be3
B/60205/2523610134/1775585200.csv,c23f5cde65358341efb844f9d533678ccf400fa120777f850123a04e388f7764
B/60205/2523610160/1775585199.csv,b0925dd65150c22d127d6b074ea5d9b916a4bc0a189d4a7c1f63235daf63802b
B/60205/2523610432/1775585200.csv,0a1a7a36b1bb46e29e03fe93b02c54f3919f51344e20cb3914f01c5956cba4bf
B/60205/2524610041/1775585200.csv,4a39830138be090130b27e1f5c6ccc94df7a231b9c18bf6a3990e295424d1705
B/60205/2524610049/1775585199.csv,547b9978cae78ee91ed8b2279988e6ad783001bb93c05b5a5432010f9c027e95
B/60205/2524610074/1775585200.csv,e4197ce823f789a9b40b95cf1bf87609790fa4576e4effd74b702e83b2d2d346
B/60205/2524610082/1775585200.csv,f7434d31c59df1db4a7af6fda80b8c9e01041099d96c06d7ec0e70a5a1757dd0
B/60205/2546610759/1775585200.csv,8e6d2f1147388c42baea044ed7301a11428d96ed073825395ce87a8edd407d27
B/60205/2548610286/1775585199.csv,e4a313a54abb43e58c311c16061c8b4cfbe6f9521423f0ee2c67afac4ba2bc27
B/60301/2521610325/1775585218.csv,6944b39378686b40e2a30497c571ef192cd178aa000674a5d4355a5accd0673b
B/60301/2523610003/1775585218.csv,aee0823107a848502a3e77c27044954079fb97c4b53091a6a8cedfd3e902a9e1
B/60301/2523610075/1775585218.csv,99706f95aeb137faed46b8d0652105ce7cdb379ebf17eb89c0e9503629280842
B/60301/2523610126/1775585219.csv,bde30886d41cd2400f7ca563e711d8b3f82fb1e605d5e163fc1f7b6b87377d00
B/60301/2523610134/1775585218.csv,00961adc89c5b1c83616ed1305f299a19ac412fa93255d4047ade7cec5a2cc89
B/60301/2523610432/1775585218.csv,2e38ac3d101451a32de36f107a3731a6c7e90bef1a38b8f702546c2375b2316b
B/60301/2524610033/1775585219.csv,a38356ccd71b1ccf092cb406b4daf5c7d4ca269d320a0f6631086fb14a8789fc
B/60301/2524610041/1775585218.csv,20d15a04a7a6d9aeb22c46dcf7fa8772f67937cdd04e210696c9536b80e9ddb4
B/60301/2524610049/1775585217.csv,f60047958a166c5395cb23fbdab42c7c78b64d069f0bcc528cb20e0f967c6328
B/60301/2524610074/1775585218.csv,d19f1b33588ebd7a26fe6a2b1e6bfc0f86cd5bf14503fef6317c0182e87504f7
B/60301/2524610082/1775585218.csv,739962d472d0ce81c97db275e2c03afd7af0cb0b323f77a3d758cd3c36f82369
B/60301/2546610759/1775585218.csv,b29c5112bf9413bb0d867fb4031234f66b3870f47dd0578355c15c5505a0151a
B/60301/2548610286/1775585218.csv,16f669db1770078e61c231872b090a95122f7bcea14525c81af292e756c9ca40
B/60302/2521610325/1775585236.csv,9050ff38c9959a046923fa21fddd0d7a730a492f81b50c482700349d3b24af58
B/60302/2523610003/1775585236.csv,1f77d672d19027d22c1999e47fafa7baf2be1d68e3851d89746de052d2217e8b
B/60302/2523610075/1775585236.csv,af5ee32490fc0485a2464044ffef591dec5363368c6957f5264515fad4ef64e9
B/60302/2523610134/1775585236.csv,36a8e3401a17ff4b9aea74307bd617ae134000444dd66e18cedc7fa0ed923cb1
B/60302/2523610432/1775585236.csv,c3d5f3b360088d3f6408dcc04359099acccf43f2276b9bf3f34e64ae42c297c2
B/60302/2524610041/1775585234.csv,b3c44b79f5d6acc80760d9f1f5e9ba41068d2ddd5652c8266ffde78ae8a79f01
B/60302/2524610049/1775585235.csv,2cf3bb04f64683f86f7ec09b6dc5bcb7384d2bbc72bf4ded8fefe3774273a8ae
B/60302/2524610074/1775585236.csv,9b89d0bbdbec19950fbb7f2f0c5c176dc2717b81d0dd616c2762fb06022c293f
B/60302/2524610082/1775585236.csv,f1357d0816c0980aab79c4c5a52df25af49438bc83c14fa9352617a81bb0a029
B/60302/2546610759/1775585236.csv,d32991cfe29415915ccf772348d56dd06b4d526aca97869a6c8ad8fd102a88dc
B/60302/2548610286/1775585236.csv,f7bac207586ca9a75b1c72789f1cda4c43b22df9509036df8f1eb893aa8084b7
B/60303/2521610325/1775585255.csv,bff212016d1ff29f678a7a3c086ab5afd34a8e91927b6f2399b263c4b87ebed4
B/60303/2523610003/1775585254.csv,ba9ecdea7fb49fac7371e719b9cfdf13360a6ecd20c431cd64283b4cb54238ff
B/60303/2523610075/1775585254.csv,2aba73d0977e07a7fc430fcbe4472df2f3243be8776a0b3b295009184c4952b4
B/60303/2523610126/1775585255.csv,f6bcb7193ee9dcd8b24ee2b664817a7248aac415141c084c792539ba17461cf0
B/60303/2523610134/1775585254.csv,1fdef846e1b7830f1471e7b70371980f7dac139fb8c9a64509f666db88d2742a
B/60303/2523610432/1775585254.csv,9cd919f898b3e93e14c546c588cd816e17667deaa39dd876f967767cf1d83f7d
B/60303/2524610033/1775585256.csv,d19fe1545a981bb9f771ac3a277bb591daa6c2102266fe72a0f5d7ce485ff07b
B/60303/2524610049/1775585252.csv,300317265480f6a8086783434e4ccea3f476c4ab8496bc581c5fe7b9a0fbaddc
B/60303/2524610074/1775585254.csv,eecec3a7378b9e835bbbf63f66ddd335f9902af5aaa830c222082f247b817c13
B/60303/2524610082/1775585254.csv,caef8e61d3693197d8c99c238f707942bf8806bb9e400de34f0254ba1318608a
B/60303/2546610759/1775585254.csv,5b8ea8f05f048a8343ae8de3fdb3db6f39d70b3844e400f8ab47c181b43f67d3
B/60303/2548610286/1775585254.csv,3afca61cc4e68b3fcb2270e1998e3b3f57e808601819351afc3fc986d80660a7
B/60304/2521610325/1775585274.csv,b28e1358e5908a756e7341a6427eaf3017f4f2e3b8722a449ef37d91e27fd38c
B/60304/2523610003/1775585272.csv,ae8670297318000c1ed231de5445ddb36e5da7be5f9d889332bcdf1d543f5024
B/60304/2523610075/1775585272.csv,3051462694e21a425787bf8b9b9348b7ada3195af064839fb90c960fe7e2350a
B/60304/2523610126/1775585273.csv,0d02d8baa5a4b688d70dc6188e3f3558eb0ffd6e15f29b6eaaaf830ed6f179b6
B/60304/2523610134/1775585272.csv,190321826b7d2d0bb5d9721615f31fffef6e2969f87ad4b444218980bb36c7ac
B/60304/2523610432/1775585272.csv,1b7323bb9e8431dd84a14ecf5b1cca10a441cab317b9997820756516e3468b4f
B/60304/2524610033/1775585273.csv,d5bfda5f1f84980429eef58f6f895f38c04ba2de98dc7b653620a45a422f2d52
B/60304/2524610049/1775585270.csv,9aa10709ea853cfbead9fb9423db3715789d310b355c05796b41fb09334103bc
B/60304/2524610074/1775585272.csv,c2a0bc2091ea5280e754fec17c991db3c6ff164a7893980d6ec243e018a2e891
B/60304/2524610082/1775585272.csv,d81406f096e43144bfd3b1a988a5f48e617ccd9f0be8dc8dfc952e164142ec2b
B/60304/2546610759/1775585272.csv,98785f536346a65f348553b0546ff7dad8cb587df3cc532ecc5effe913002120
B/60304/2548610286/1775585272.csv,b213f87b512bb5a666dd91bb6b61317b720f0c3fa908b91f9df944879adc6deb
B/60305/2523610003/1775585290.csv,2aa18e5ac349cfe0d72881a9a7b0320c1d9f084b2cedfb7aac7a6295dc19b5e5
B/60305/2523610075/1775585290.csv,156a49b8a57548d9d091e5900eb7b0d164f3da713a066d028260992ee91423db
B/60305/2523610126/1775585291.csv,c466dad5f164cc062a2368d20f96d17e0f680b2c7d07f72a0513790eb565383b
B/60305/2523610134/1775585290.csv,9cbde3ec1edd2e47c07f2c4a916673eb4d6e7a147d4ec1e57255a2ef36799cf3
B/60305/2523610432/1775585290.csv,0bdb96b60b1912894f98fc64e446d0e57cac3b20e01e6e4c2a75a395ff9a1948
B/60305/2524610074/1775585290.csv,07426b244ebab633c7a8fed8eb06560ef95102ea2f7ddd39865fc0b1609bc214
B/60305/2524610082/1775585290.csv,3bf3d38e21054cf2a8bd0967bf671b3d680d0f6f8a49bea08c25c4d882475840
B/60305/2546610759/1775585290.csv,a35353119dbf82a61888e1411b4f1eabb5b61c798eaa698ae13f4170b7a2d1cb
B/60305/2548610286/1775585290.csv,7cebb2ba4f1131c4356869c465e6b81279ace89c13ccc798ad8bf5315fcbf762
B/60401/2521610325/1775585308.csv,5425816cc0a26fd10fab0aa58755c5cb8cc81f08021d3dbf5d26dc55c6f5d6d6
B/60401/2523610003/1775585308.csv,524fe1b24bc68cb1c3d3f8fc2f089c7860ab579005d62cc7992c876970ff4ba4
B/60401/2523610075/1775585308.csv,35a0f0d6c422e9c4f798af0413ddd48308669ea8174a139d45ad047d78aae913
B/60401/2523610126/1775585309.csv,1b27a598de6e09d4bfa3107f340b94ab47bd6f38c28ad5372705d64d6c06ed42
B/60401/2523610134/1775585308.csv,9bd1c48f1c1db00fe5842180479e087bb31b2a8617d16af04238d92e4e10318c
B/60401/2523610160/1775585307.csv,6de84ac49afe4a2b266372446adb6848d7716069620035cfaa62e980889cf276
B/60401/2523610432/1775585308.csv,b2c5c637fb5cba527ac3873d47aaed4b58b9293d1bde685ff26c0eb9ce480e5e
B/60401/2524610033/1775585308.csv,817a07b494c31b890cb50035d7c83090c63e349ab51028185bc3b0df54e7c8cd
B/60401/2524610074/1775585308.csv,682789f19ec4dc05d03afa4161cebfee122822e493ddb3ea64661d226bb473fb
B/60401/2524610082/1775585308.csv,7923bb47c7a4194386c87700a8e295ec1ceaa5feacfc2c805f56bbc4d83490d6
B/60401/2546610759/1775585308.csv,6f5f7dfbf4931df19a3a2a21730f60b1ee61dd502b65e4d63353d533ce546d30
B/60401/2548610286/1775585308.csv,3d60771c18886d3a977b957c2f93adadb8cb5b90f38f0398c0d17b5f16263d66
B/60402/2521610325/1775585326.csv,443a86488ce32445b4187c22fd835cee8a6815e8c4b9f5d93e19543d2584c7f2
B/60402/2523610003/1775585326.csv,eb15817144530413b51d80a5ea5779eb29a754571f4654124db3b328c6eeadcf
B/60402/2523610075/1775585326.csv,31e7ff0c07e1ddebda7b055911b4fd5922a83e87a9f30ad088d044a92da71106
B/60402/2523610126/1775585327.csv,d0f2bdc4d298cb8ad38f5b6530ad39381685f6dcb7c83ffb2febaec2f54a4bcb
B/60402/2523610134/1775585326.csv,416843fc97fc1076d3a7dd404a2c97f40151ac6c24110ec6288a629406b7b2a1
B/60402/2523610160/1775585325.csv,7fe0545153fc63cde12aa1f94bc638662b5beddc39dc43bb5be9f39673e0e2a3
B/60402/2523610432/1775585326.csv,e244ab87f2b0e45e7211c2497ecd2ef0a0a97702535f857822189f903100b6e6
B/60402/2524610033/1775585327.csv,f31d9427ef9d547a595a8b94230cd18abbc47b1b0e2bf6880d5def5f1d9c315b
B/60402/2524610074/1775585326.csv,137ef614cc0278e721f6311a60f91a5231b7cbd346db4df81b1fce7ee2918151
B/60402/2524610082/1775585326.csv,3ce1de00e8de0c8c8810ae6e17d5c435050521e4d102cfbafb19ea9abf7ac24f
B/60402/2546610759/1775585326.csv,b0343bf2c4db2a302865cc2faea0dfc79c093303a5c5c0e525111c52eaa004cf
B/60402/2548610286/1775585326.csv,922d53f42f2ee7ca4ecae52b9a11508ce85d1d77cdbebf265d01fc2fc8fd4782
B/60403/2521610325/1775585344.csv,9c0a3c57837cc45242b4d85a60fe2bb836e7511c060d4d9338b1fbeeb9b40448
B/60403/2523610003/1775585344.csv,dd50e2393280797d1afbb491d65e5acfa4d8e5495ad2c2569c1c2ee3a4a2efe1
B/60403/2523610075/1775585344.csv,8dd9ed0ddc52559d5d4ea49501e665c68d05d85ea984a0be27ce724d70016b92
B/60403/2523610126/1775585345.csv,0777dba490a9af21663a6451a20bb44d99c7aea8e2bb9d571b166469f1554627
B/60403/2523610134/1775585344.csv,782d278dfab38ea2f83283a9f89d3c6bfcbc2b1e00e1bf19ddae20fd38956d48
B/60403/2523610160/1775585343.csv,cab6939b71c2afa122bb65f5e1b9c5a105056c5367cd143fabab052b39ab5e10
B/60403/2523610432/1775585344.csv,7ec5698b0201314b5fe43a8474aa7ff1d4672204e72fe39c3802d1bca36e1dc9
B/60403/2524610033/1775585344.csv,6a010119274efa4a3df87c961fae4c1d81ed4ba7246a864af739fb3c63e37838
B/60403/2524610074/1775585344.csv,55d9c8381630cd85ea69556e908917a567912a29026d08fe736768a35032f759
B/60403/2524610082/1775585344.csv,ea16edd2143bb65680b17a7da1af99922a7bc046760fc8987e6684cc0c7cd21f
B/60403/2546610759/1775585344.csv,439980ce7eb6a4592fcdbd58636c86075bc0df3cba6274ab97cf759d0fac90ca
B/60403/2548610286/1775585344.csv,40c3fa6be49dd04ab662db430242b1889c7586dfacfdc109e58b14bfa22486a8
B/60404/2521610325/1775585362.csv,b04a101a39ee44791e0146f20f7db3e9843f26d7241592a51abfdb34b9a4dc51
B/60404/2523610003/1775585362.csv,e5496cb6c36b861ee3977ebbd3032473b53034cddb3b2e422552c6ce64a933f1
B/60404/2523610075/1775585362.csv,ce6673d49b4602a33d163e671cdba3a17d3e466215d48ed7c18e636f454bdced
B/60404/2523610126/1775585363.csv,533543f5007a273d02b8c992105a023c1b241fee1a1980724f571bd78f38d75c
B/60404/2523610134/1775585362.csv,8124e02075cc425f18af61170cbc6e6ed5575828aa83e89c36f16dae5dc504c1
B/60404/2523610432/1775585362.csv,72e21fc702e1476c22064aa4be565662bbacad958aae7c98ab9d96d8218b4240
B/60404/2524610033/1775585362.csv,ec0e72876beb98611467d174d4dd13d8444a2b43434b8d2fd269c3fe0db99088
B/60404/2524610074/1775585362.csv,b194e3550b56d9f1c32542cf72e225c6e5a7fa295f069d800d53851dd29c88ed
B/60404/2524610082/1775585362.csv,fc687508c6c9d46569c77d547d5abbfe1b5c98d04f5d9c11c9456b60de7afe9c
B/60404/2546610759/1775585362.csv,6af70ca6b02350d3594c4f0cb0f89c5bf1ed261dc39e509714481ac5911079e1
B/60404/2548610286/1775585362.csv,5e70de793653075c5eab0b2d84d3bb669e94622f33fbb6c2a6e4b3364a0a5844
B/60405/2521610325/1775585380.csv,e0c178002bcecdfb89905e8ede42c617d477a5933719d8c42aca597c7acb79e7
B/60405/2523610003/1775585380.csv,94981aa5b07128a663646170479946dc6a59c3c42b1adb695fbcb16b35a74500
B/60405/2523610075/1775585380.csv,9169e0e031da2b9af827084b41163ee21bf6a01d4e344ca6c8d3627741439aff
B/60405/2523610126/1775585380.csv,86cd15bc2357e2a33e3bcaf3c258a85637c2117913deb032174f8448fbda9913
B/60405/2523610134/1775585380.csv,c873ccef7124af4e978620895d847e92ec1a8f99357ddf357595b3c9d442b72b
B/60405/2523610432/1775585380.csv,5af69ed5d2d3f9118e4cbdff0814ff2569d49fe70f19122bdb005420a7d3792a
B/60405/2524610033/1775585380.csv,330be6df2f035bf5485ab11b530915946d0e1521d340a8ebbfee81d6edc000f9
B/60405/2524610074/1775585380.csv,db3a2a8780932e2be8f4ae000a64e90c3f93a39cbdf83ba27c08b64049156c9e
B/60405/2524610082/1775585380.csv,3b6906c582c022781cb4538ec37ca3afaf0f46e4b490f9d58ef6d64ac28f8b75
B/60405/2546610759/1775585380.csv,4111f90b4892ffe8dc81439177ea78a8ac9cdc6726fb3e79fa8cf797d4448425
B/60405/2548610286/1775585380.csv,e8a50848ba3947a08e037c0ec6ededb18252a45c0dfb22f7aa98d57ed3688599
B/60501/2521610325/1775585398.csv,141fb2bf446f4b2559e36a73c5a33f646af5f4f034e834ae7b7500cf999ef8b9
B/60501/2523610003/1775585398.csv,ed2ff0f5b0dc40d25eb20bd4cffab3c957f603399ed46b98042ed5b57da83bc4
B/60501/2523610075/1775585398.csv,65bdf4c7486243a364913b2ceac32fb0e1d4ffd57b0087e303315df65aa41692
B/60501/2523610126/1775585398.csv,c020e12fff41da2316612d3b6038a75fffe63f4d1bc5f64736ca5f02d72f1bd1
B/60501/2523610134/1775585398.csv,4fadbad5f673c932930fd5bff39dbbf189f4cd6c07b6ed68bb8b4c966b2f89a4
B/60501/2523610432/1775585398.csv,9692f9719f1829ffe335476a1f094de892e378dfdd6f0e25f9d1e5a803d2f872
B/60501/2524610033/1775585398.csv,eb541ddbda3d7816c4fc3de637c8306c5feb547b8ac2c67f9c13903634a88da6
B/60501/2524610074/1775585398.csv,b6670f1481eb0adddb94c6dbe2a30066f48d5d9815c94b339753588e389584f9
B/60501/2524610082/1775585398.csv,daafdb69f0c8d0e9b3b18f68a794659532ab1f5b3d4554bff9bf1bc6757bdd04
B/60501/2546610759/1775585398.csv,031768f951440259cb00768d57bc60289da9cac847a08ca49fb73d5d8136caff
B/60501/2548610286/1775585399.csv,60c2f79e8c4301b0c050b2b72c769964592708215004a199cd0c8ebdb190083a
B/60502/2521610325/1775585416.csv,4a7004ed212179843b8a3667ee33741b1325ae470c286be77d82d005a6cfd366
B/60502/2523610003/1775585416.csv,6c17187b663d054437c52be00955fd6170571d9e87c488812d6499f9ebcd1df6
B/60502/2523610075/1775585416.csv,c08fef90049bcd0d221e9e0ebb829f7cad309e98c8c228dcc620001528dd805d
B/60502/2523610126/1775585416.csv,0d654e317e5271a3b51911264e1c37d78e7c48d7f677b15e5325465336ab0acf
B/60502/2523610134/1775585416.csv,4812c41566f649ee2111d8ca7c62a7af58b84673f7bfc9451f4700dfe3cfff2e
B/60502/2523610432/1775585416.csv,5c55add89adaae7c77ee2d148e8f5d0c303f5dbe0e76dba734d4a204efa82829
B/60502/2524610033/1775585417.csv,d7eced1c58bf974705c81c91b103967635a71ff87418810680518139b6d92b76
B/60502/2524610041/1775585421.csv,89fa9ca7c587b384942c30c3ed35a57c1e91bbca65b5700dd296f96f856a8809
B/60502/2524610074/1775585416.csv,30269c45918da74c5427a7de7590a151e9471ca3152190ea6b573ce3084b16cd
B/60502/2524610082/1775585416.csv,e72ebd740290131d3eb3b2c9c645d8d08c28ab3edd154b764adc8ec148a79d21
B/60502/2546610759/1775585416.csv,f0ebd1532ccb171095ab38383260857ffbf279d5bcffa70eb76f1b8fd5780037
B/60502/2548610286/1775585416.csv,4dfdaeaac72399998875490686be2c9923177e959d19280ec2f530869c4fad5e
B/60503/2521610325/1775585435.csv,02008bdb09e36b66ddf14be3200068b71e10632723e101d20b561da928664585
B/60503/2523610003/1775585434.csv,6a119b46b98a4df44dd9ecfbf516a9bcaf9d5a115ca0fa7b8cb8cd8f03fa8fb9
B/60503/2523610075/1775585434.csv,4106fc7f2475b9a993d0c63261994436b53c0ff279e44f1e13809ab446b4c48d
B/60503/2523610126/1775585434.csv,52ff28893565641720bd2f15cbfebd60a5c7bd36eb9948ff4da9360c2d34e0a7
B/60503/2523610134/1775585434.csv,363f71e5ede5c945f540ff780b20450fc502c8e8080ef252c112ce08f6ad1308
B/60503/2523610432/1775585434.csv,d1c1a10d1f83229a499b187ed1ad8e47c973a14bf3081e168770bd72e3ba6dab
B/60503/2524610041/1775585439.csv,247590cb87aa061ac976e411f2868711b2ab27fabfb47e078d2d870dd809559f
B/60503/2524610074/1775585434.csv,47f700bf0047bd9fee090c48fb0f17e2175818918295a0d79220fa16fe644389
B/60503/2524610082/1775585434.csv,5359a69e8233fbf09dbd3365b46ba37ff8a6ad4859627c0554f87dade1043784
B/60503/2546610759/1775585435.csv,cb9c6be7909758fbd54d9b023df0fed6e627d08f5093a92b2be3c77698fb3a82
B/60503/2548610286/1775585435.csv,9e461a8c35371477a6fc920052aca0fc7073a9f9c198aafce355e8fe5fcd78c8
B/60504/2521610325/1775585452.csv,f463d405400612561a96a1c0ffab342e5a58b339979cb827b652f22936764b5d
B/60504/2523610003/1775585452.csv,bc4c0afee49770b8a92b3df13fa63b693be2a1f07ddc0574629376f92b664ed8
B/60504/2523610075/1775585452.csv,a9044f72321be489113e88ee6761a1c161adf4d23a676fe3bdd5539f32a4a7e3
B/60504/2523610134/1775585452.csv,1f9b38906181cb628b26b01ac0f90182dcd4bf64c2327d2ed13d9d49365628f1
B/60504/2523610160/1775585450.csv,cc98040a0852aa0f26be94e9a02d6e4012fbb09b7e617bb01d2164ca0c7bfbca
B/60504/2523610432/1775585452.csv,3ade8aa7696d89878b5f836f90313b950a1dce139c46559f9ab1d9258d3b2ac5
B/60504/2524610033/1775585453.csv,ac82d6ded972b63e544e2267f5c7e92f9b200f473d760e27207f47535cddaf07
B/60504/2524610049/1775585452.csv,e155348a2de6894a3ef66607054513ffb97d21b2bcd29c7c1e1f9520ab1b91e4
B/60504/2524610074/1775585452.csv,7f93ad8c5ca43efc16d634134edc1823652ab1aaa6a54a8aba452b8779a53f8e
B/60504/2524610082/1775585452.csv,760d80f223d133d21c29ecaf6903ebdb3a528ed065505c92766daf0626ee79d7
B/60504/2546610759/1775585452.csv,0a94c175dafe4723e6368e7505135b3e89d1a5f6a65f07c830497ce58ed596b6
B/60504/2548610286/1775585452.csv,07877d2ec9871a6665bfb38e8f3ed92c26197dc200164e0105c7cc9c3f765a14
B/60505/2521610325/1775585470.csv,5af8ff6ed2aeff0824ae192f69c9c5a3e8ba12a4160ecde057dbcda26da9650d
B/60505/2523610003/1775585470.csv,041f55a631d5166baa7af2880626e54dc8d3d8584deffac78c5396e27c476484
B/60505/2523610075/1775585470.csv,25311b6aee2b70a3136a8e4d8d55ed537d93541905e71355725e2066b5d1e11e
B/60505/2523610126/1775585470.csv,c4541f211f5a9c9f8bdd41cc55b58ed496b2ac00226e4c673fa57d649c6f414e
B/60505/2523610134/1775585470.csv,c7dbf7af6cc005fd3856b867b8987b9f9eb33fea053242baa58b6b9e8be1069a
B/60505/2523610160/1775585468.csv,4774734dd4873df1f07a74fdcef9fb1516f95d77b9655ee5dd5f2e82e532aa26
B/60505/2523610432/1775585470.csv,568d0b6b36aa0f69fe125d88f85cc4ae1ed8b3dd1386196bdd989ed9d60a3b08
B/60505/2524610033/1775585470.csv,580dc7f631f3682e30a16205577dc6ffb69638b9a7cc6abf30c4836c46ec63ac
B/60505/2524610041/1775585468.csv,5a2568250620d8f447e1a0f9b6a01923df9b5cb08901ee6909b6313eac385d49
B/60505/2524610049/1775585470.csv,c39d774f85a4cca1c1f25457c29bab48157ed2ebce87426c627d9bd950437efe
B/60505/2524610074/1775585470.csv,fd85c71f8e2b24b641bb44a88abfa034971fca6971e9bee1b2425d48bddc256e
B/60505/2524610082/1775585470.csv,1728b0d8e580632a38cc57772986e94444621817d1497d25fa3bb8953a08bd5c
B/60505/2546610759/1775585470.csv,b78111664e95e460ae2a8871f9d5b7acab3dd0973087109bfb9cf9bc3603195e
B/60505/2548610286/1775585471.csv,6e136b7c36198334b891df10c361a4dc38c51856c489fd02a87868e1dd267877
B/60601/2521610325/1775585488.csv,4d6f5847423dddeba69645a17a1f6cbf5cdd5d0dc1b79f069565b459e54bd830
B/60601/2523610003/1775585488.csv,083741a73a1488daeac282f669bc3fb16cc9021167da236151b61e96eaed7dc2
B/60601/2523610075/1775585488.csv,cad736b74925228d132366cccfe1a9fd98dd6adec3dbee898950b70872815ef6
B/60601/2523610134/1775585488.csv,01cc9455b1ed2fea201b96bc70f6967d18d2bef2db8c2c24924934155560a138
B/60601/2523610160/1775585486.csv,83b8661988ed31b7c7b49efd300a76d2b6980c01e1beb81a862a2b979c808673
B/60601/2523610432/1775585488.csv,06c8e8b22ec4171108fdbd65750f6e2a27ee1f4e49e2ffab7bc882549df74a4f
B/60601/2524610033/1775585489.csv,6ddf1501efd458e417b37bd25dfb52b33aa2dc878943369e24b4841b26da7260
B/60601/2524610041/1775585487.csv,e17cdb7bc87586f102cc4164a78d03bd44dcb5776391168e23592c16a1d81fdb
B/60601/2524610049/1775585488.csv,b005c8a280fb21794eb04b57fe979ba548fd2ee702c837aea20f849373cd27f5
B/60601/2524610074/1775585488.csv,625c1d3d660e77bf7a941640ce9b7af868c2475a3b2afe89ae51c032563e6a73
B/60601/2524610082/1775585488.csv,c746814832d6725ab78c0e02273c3b299dc84109c722843d9b1a415475cf6c44
B/60601/2546610759/1775585488.csv,3ef102354d770218006239feded4f0b7fc0fa4d21fe26b98198dc0d44e56c46d
B/60601/2548610286/1775585488.csv,377f52d36e8e5c81f43035b1326a60629146485156bd071756a793400ba2ad24
B/60602/2521610325/1775585506.csv,de24ffd05f2565e0c22c847552ff822fb7ed33140b1769a00acdc63d303ab40b
B/60602/2523610003/1775585506.csv,2bd65ca782fc79476c15f4c585e3b42376afda89a755e116656e1f3904f844e4
B/60602/2523610075/1775585506.csv,ce0131a4ff1c1a90ba624c2aeb29bb96f92263507f51d4d0f6afe4d07267798c
B/60602/2523610134/1775585506.csv,39e26aed842281c2be491082e6214bf36c070c2f954ce5907134c9884ece24ad
B/60602/2523610160/1775585505.csv,4791243fda500fec1c3bc8eff6b851f7fdb943ab3919e62799264a7f99a3c217
B/60602/2523610432/1775585506.csv,ad2067576e6f21ef5d379a02e74dc6d92399bcadc347d4a36c25fca5ff1005a7
B/60602/2524610033/1775585507.csv,82150e705ce449d2731e933d20ff35d6dabece8a3c2b2297ffd7103bc89056e9
B/60602/2524610041/1775585505.csv,89d1f7d7548a35d73b0771f182a816f8ad86cc5c859c1f4686d57bbeb91ae8e2
B/60602/2524610049/1775585506.csv,30f25d7da6d9840727ad4ad4b5c2fe81c2aa000f09bea40b35a6e548c88c5617
B/60602/2524610074/1775585506.csv,478454cd0641ebf29bd9e75f07b44603a57939e1a382c7c0992e2b59cf5abea8
B/60602/2524610082/1775585506.csv,36b20d59b24f57c21eafa5128cab81fe3c972724e405f485ef7a332f033cc3b9
B/60602/2546610759/1775585506.csv,6a84974c011e001fe791c9d59a419eb2a6f5c44276c9d4dd2c9723fa8b76269a
B/60602/2548610286/1775585506.csv,fb3534bb3201e564622b9cd8a28a8ca40620dc7ea401a184eecc995f47379adc
B/60603/2521610325/1775585524.csv,59eb796051c0aa1404c3f6396081858eae3f4e4ed6ac5141460bd875d0338f86
B/60603/2523610003/1775585524.csv,ad6cf30ba72c5bb42eda3e2cfa604de5d9c8c7c5e357e14fd197b68902483706
B/60603/2523610075/1775585524.csv,f057cdb91a7f17b8adbc9d0c855771a9e8480d843229f7cba0f70de61e768a40
B/60603/2523610126/1775585524.csv,3bba76392baec2c0a70d5a6701e53be16c3363f0089a5c6e22bd2f047b1a9fe2
B/60603/2523610134/1775585524.csv,bc04d4b07a8e14adc46ce62859a1b7869fd2b395fc2bfcfd79cc922918554f8c
B/60603/2523610432/1775585524.csv,110bd0dc7562f71e7033f4ef5d112256c4727a777e7dd203b28c9bafde758a2c
B/60603/2524610033/1775585525.csv,e5768796bcbe464975c883494a571b53272225d90b9fd27d35e3e1863c0947aa
B/60603/2524610041/1775585523.csv,a7b985dccc99d96469abe362957de2942d28f73e914694a51323336c804cfdaf
B/60603/2524610049/1775585524.csv,856690f3f20c2a2f3f3964c018b3572b0cd6d8f1e72eebc64aa0a41d43217f59
B/60603/2524610074/1775585524.csv,dfb143b3b25843b04d4b827e99de4732b9f68868b69981e6ffc7eee154f2a189
B/60603/2524610082/1775585524.csv,5513333a7e1a0c120e84302695a55b65322ea0670d388f84c9a56e29d42e2f8e
B/60603/2546610759/1775585524.csv,b739d0249f909e03ef0521bbd9a67e4751bdfb63843ef6e18a95fd2b0af43d78
B/60603/2548610286/1775585524.csv,a5beae488f0533342932982c9d7674eb0ee38ca8229a36ee820cab940612002a
B/60604/2521610325/1775585542.csv,fde392c4f222551db3bd1d578aa59f86dd93d09cde3abdecf2e44abba35d6947
B/60604/2523610003/1775585542.csv,3914ac910ee3271fea813a943ed080ee73fed681c723f5f12511bd8735df8c8f
B/60604/2523610075/1775585542.csv,ee28ee2135d09d0198fb146950fb122cfdf184b1266cfdc027eb014dd31c5fc1
B/60604/2523610134/1775585542.csv,f2d33bed907addcaccdb50951b4e61253b86505a2dbf4b5c97952764d7ec0aa8
B/60604/2523610432/1775585542.csv,1a307c13fc083c278cef938f7b97d5f058790948004a5bae23a05cfd1b08c0c9
B/60604/2524610033/1775585543.csv,156038b1134550b74e5d8f6e003b8e3fe73bcf4037a80e78132164347d39b586
B/60604/2524610041/1775585541.csv,45bb9051911e0325beeb4ccefa57f66f9baafb2a317482f0ba94f4e64f9d8beb
B/60604/2524610049/1775585542.csv,21331ab0281107e1e1120c49e3b091a48680a3c3fab31eaf4cf42ec9d0a465e0
B/60604/2524610074/1775585542.csv,80e58271c8dab785d3127e0a6ead3fc3f03f14384058eb5061d90e8f7319e028
B/60604/2524610082/1775585542.csv,31ca1822520929eeda89131262657b154f19abb7384688c46017e9be5e8801b6
B/60604/2546610759/1775585542.csv,a65809586d90981ed79ed85cbe0578ff959661efbe412c67d8560e066ba52307
B/60604/2548610286/1775585542.csv,31aabfb50c5509f5c592ecbf8e89ae5d5bdb81e084c189dd7f1265c6b4b17d90
B/60605/2521610325/1775585560.csv,94922b51d6bc6cf50a37a1cdedb5418d5fb47f2518194de7ee32f8e447a1a899
B/60605/2523610003/1775585560.csv,20608aad33c0947d45e8eb552fb82b5009ef1f4573aeadd96717d229ae4c4bd5
B/60605/2523610075/1775585560.csv,de9649dfde9c9748fe1dc085b828d5e96641bb25f5abf31eaebd9397daa5f51d
B/60605/2523610126/1775585560.csv,f14d7f49bf3e0439c7e73c9396dd6cbf82102f16649784d946ebc3310bd6742f
B/60605/2523610134/1775585560.csv,cc8555d860cfa6ddc2a1ef3b71f9ff51f022fa596138673e3b46829fda248c04
B/60605/2523610432/1775585560.csv,539fa50f7b71c7e5578bea7c8cb0f9b63161cc86160b828c53373bf4fcd63bba
B/60605/2524610033/1775585560.csv,7ad6e422e50af69754b9decdaf4a482b5bc147c813a1ec03903241dce94c365b
B/60605/2524610049/1775585560.csv,4b7c4ff67809f21a34e257abc104f7f816d7c7acf81b29269bce3d7e16f696f7
B/60605/2524610074/1775585560.csv,11b9ab8c15d24dfff155919e9a403ba6600c9addf51a74df652d2c755223be48
B/60605/2524610082/1775585560.csv,018ac22666d39f5ecd7845fe48b69f61ce68600ed59738b45f035aa221c6cb73
B/60605/2546610759/1775585560.csv,9914dba81f722c00ab27c374e018c9a593b000cf108ae27615125851386f2e9d
B/60605/2548610286/1775585561.csv,96b4f403f6317e073f06b7608e97faf73b032504cb923c3058348a13817b60c8
C/10001/2521610325/1775577905_i.csv,51da51d6937bb8720aea41dbc4edf0be0bde6740b46eddddfec4b76cb7d82863
C/10001/2523610003/1775577905_i.csv,c038b8fa421392854ef8784d07e17b9592477a5eb5e77837be9948717647f0ca
C/10001/2523610075/1775577905_i.csv,e4949d182177c0843a395a0a19771a6b89897148b94bde50a93627e6a0da0da3
C/10001/2523610126/1775577905_i.csv,14a153f3d9309b5d13267dc07385bd74f69b272ec22c2b062c7c7fca4d466f33
C/10001/2523610134/1775577905_i.csv,a573f293be5aed5e37ad5b19523aba0420197e19534c1147746346f5bd83d6ec
C/10001/2523610160/1775577903_i.csv,fe6f2b628b1a3901c2a1ab3837b82d193953c6b663bd04be3681280894956f06
C/10001/2523610432/1775577906_i.csv,a0d394bf2ba7cdddfd7f2d6b685124c706cb946c5cb9a7b0c654c1538620cc3b
C/10001/2524610033/1775577905_i.csv,8129a9bcf6a919a2c35f8b0dddc97692cb542ee3bda681f60433e18222d0ce3b
C/10001/2524610041/1775577905_i.csv,ab6ff8b1d5a2c1a7ce7cb7ef40f8ac7aa4aebdc0b892b860395883c975383609
C/10001/2524610074/1775577905_i.csv,e47322b43e066f574e757959a30cd1e433f1251d63389977c28dbe00eff0545d
C/10001/2524610082/1775577905_i.csv,7f0c423ab5be821454b1d8544f42f2987711e936ce1db333ab2a701f25ef1777
C/10001/2546610759/1775577905_i.csv,456f65e41af17667d2dc7918a58e2022c8c63f50e69567d084f6730b4faa6f4b
C/10001/2548610286/1775577905_i.csv,052274dec10b978c87416144973360ea9c8f937074a9b7b4ea18b8ebdcaefb8b
C/10002/2521610325/1775577923.csv,1d3581e6b07f89088497ee10bc18afe7715d65b4fc199db6c6d08d4135bbb731
C/10002/2523610003/1775577923.csv,6f417adcc32f4a59e2ebd5578c39fbc66df77f8229c4fe2944c9ba59dcb0a7a5
C/10002/2523610075/1775577923.csv,372a817c9909deeb7e0e4afc494de4bb844de7cdb576fc419569cb8df160771d
C/10002/2523610126/1775577923.csv,7b134540bcd2153737c807bc4798ff8cd32ad6fb391e48abdcb24a99add8a5cf
C/10002/2523610134/1775577923.csv,1ed218df387aff1e4b611156d4a82de8931b50da486a6fb8f64c5f077e3dbd01
C/10002/2523610432/1775577924.csv,fb42a4dae592e0f9dd566c92903d26d386f6938fd2f18ee9ec6caec453627a11
C/10002/2524610033/1775577923.csv,8873fc6cbd4bac4acd3d030dbef2ba24a1513083db4044a6f8069db49a129b02
C/10002/2524610041/1775577923.csv,8de34a264e51e75062c0f46eda97e611b5f4ca3a51ebea46acb1f447e39e05df
C/10002/2524610074/1775577923.csv,3030c4d61dd338c075e100f1638bc6302ac01c0a9d7906d91549e529f1277dc9
C/10002/2524610082/1775577923.csv,d6f488b7781e9659d8d0a5b3d21e48d726b59ef6a458fc6c1b2b17ffa1927b9a
C/10002/2546610759/1775577923.csv,7cec0fe20ce12824ae6b63fe546f0c64b6d56dc704c4733bc24e81f8437df807
C/10002/2548610286/1775577923.csv,279745f7ad71508d16a181bf736aff6024145f2ca4ae5d6861b3c019edc45b14
C/10003/2521610325/1775577941.csv,d0092197230764efc06d92e01ce2c97fef8bcf153568bb3385665480b14fc406
C/10003/2523610003/1775577941.csv,1cfd1188c1afc013f085969215d86ad623d08cb365aadc8cf4ef484505736608
C/10003/2523610041/1775577941.csv,fd6cf476901c27415e0fcdb61df4a58400720b5fb4b66dee4f813ef7d1a051e4
C/10003/2523610075/1775577941.csv,497941f8aebf6547d5d5cd01b81cfd9a986db0b908da27c12a7eae1f6f89e85d
C/10003/2523610126/1775577941.csv,e2dacd5f20dd3dfd5c5d940df679ef435db460dccab868fec362248ede8b57ac
C/10003/2523610134/1775577941.csv,0eb782237a8b38dd6a9337fe431bc1bcc0e81af0d7e8ec80e55a32e0fdab049b
C/10003/2523610432/1775577942.csv,837f85a0bb8e776319c4c28ac09c65600121702cfde9cce0eb823521cfcedb27
C/10003/2524610033/1775577941.csv,749904b279efb85d5df877d88cb0bd7b9718698bd4d15f597e21fc3427061d38
C/10003/2524610041/1775577941.csv,3adc26ac6f8ef82c53679e754ac3d4dfad27ba7a0b5b881228356016ab279133
C/10003/2524610074/1775577941.csv,df68aa9f983abdd113fa2ae1e40ad6c355480b0f48bb26b455b74dad3ec732d1
C/10003/2524610082/1775577941.csv,2e2c36adb18868d4e7fdeb308636a9c5c67952996ee339d6d6aa4cf28c14d54c
C/10003/2546610759/1775577941.csv,af27f23809825696222a32e85be9ff356915dd0189ca265360f8c5ca31de23bb
C/10003/2548610286/1775577941.csv,947d1199c78a9faa70f9f9e8803459622cb38e082a20da869ea06ee86a45f717
C/10004/2521610325/1775577959.csv,4048d1469c1a382614e3c9514aea4b7889afae4deece532df8404225183875d6
C/10004/2523610003/1775577959.csv,b3405a0c46dfdaa4966eeb4bcca491e1615f6456ed1be663b646a63c2bcab85c
C/10004/2523610075/1775577959.csv,35b595153386467dd5c454adcaa298317f619d569782775e0d341305134df56e
C/10004/2523610126/1775577959.csv,8cb55bfeda8b14c07bf6e05bdddc4b46d030c427c9f96bec20523a0d30bf6d2e
C/10004/2523610134/1775577959.csv,a6724fd1ba652b47b5aedb597c60c3a1af4e1a32728ada4433cf6b949d750725
C/10004/2523610432/1775577959.csv,f5a1915be181d9d929c89c1c04f3608c5bcf6d1437a4d18d289e7e7b23d8f792
C/10004/2524610033/1775577959.csv,1777338a4660efee85b7ef8bfce0fa0c10338d9ab66a2413e2e3dcc709853c6b
C/10004/2524610041/1775577959.csv,7811e4e1cb7b149ac3fe2c75e8e860018233807f6cdd8531dd11b80f2d5b34ef
C/10004/2524610049/1775577960.csv,3d0fb042bb6afb970cc9266821f3fa006cda9f0e333807f1062649626f810090
C/10004/2524610074/1775577959.csv,43c27ccb48e07ee68889e688d59de539727a3e45302960b502459fe80c58bd97
C/10004/2524610082/1775577959.csv,ed502d923a191d1d8f9979eac9a1bdf3e2d1f7212399bb92c68c7ae822469899
C/10004/2546610759/1775577959.csv,26fb16d32a546abed9d4300fb5c1a9ed8c2db176779d2efb20c10912583c8407
C/10004/2548610286/1775577959.csv,64b378b3aafd7cd689beecc9a5b350fddff24aa16211dd6f004e486b93167daf
C/10005/2521610325/1775577977.csv,cff52057be67824ff3448d946d3873ae3abb0a04fa18f35aa86d663e08f36d33
C/10005/2523610003/1775577977.csv,e9cd942821fe4ec9b353d5ca780a20f8689838140c6b46c35c15b554b7c0d597
C/10005/2523610075/1775577977.csv,2841f62b4411dc90ab7cd86c9d4ccb1476f19dca669e0de9b3e6ca0f3454438a
C/10005/2523610126/1775577977.csv,0e15deb438b924fbf95326b7b0924a409122c00cf055b043eb59eef25fbd8494
C/10005/2523610134/1775577977.csv,5c37ac0046fffd75cb08f0e9d650bb83ccf907daa318675934590a3cf0d4e0aa
C/10005/2523610432/1775577977.csv,d6b7ac9e2b4e5318ae55d5c734a69564bd385041a02ecf2c8b9eb46c29e565e5
C/10005/2524610033/1775577977.csv,d6088cd5b10aedca6df0298803a2277b9a0f9f3800807bbfa4446b63ed90b8b4
C/10005/2524610041/1775577977.csv,42a7a81dfa035b5ef02ef7b030fd6ad1f6f91dbe73913c8bb27ac30b975cc0b4
C/10005/2524610049/1775577978.csv,11545daead659e8f8402892beb8e453561f4e72275dc3215243d3b8de547f4ff
C/10005/2524610074/1775577977.csv,582bc6d325aae086071fca6fd15a21a22e40b77b7065603fdf4a7f4a0bc218af
C/10005/2524610082/1775577977.csv,dc4e26ab27292a71750c4374ffd0897788f9bf635f59816b89eb4fa6a86dd15a
C/10005/2546610759/1775577977.csv,6c9e04a39b13297373e3ed7869eb98f81144316279b961851576eaf0e5eca01d
C/10005/2548610286/1775577977.csv,b79196b4e51dbb29ef79fd98869acec0302eb9ad0d75c8361aa816fb633aae6b
C/101/2521610325/1775560704_i.csv,76c9974a28f573129c73d7f7f0f736b9997d6284659e21367b802d0259734d73
C/101/2521610325/1775560714.csv,dce272fed6b02ac6bfee50e54d9c0f6da8f5650eedbd156fff833fc3a1e1ad9a
C/101/2521610325/1775560724.csv,c95fa9eae3402d30940588c32586c2f1867bbf2779c5ca5a7f6b01bc1ef48cde
C/101/2521610325/1775560734.csv,a66f274df9cccc3098b007c5bea0d5fbc7ff9101af925749adfd17c89ac4a969
C/101/2521610325/1775560744.csv,c17c3b34f3baac9184605fe95bbb2944d4214df6f9b2e874a90be507db0dfc87
C/101/2521610325/1775560754.csv,9adf174da09659d0c64912c54d3c653d7d4ef35281e83f790391e76b2d406a4f
C/101/2523610003/1775560704_i.csv,cab91fbc40658fe399ef20ed5a3a8ea772400d0ab30155967d6e9e9bf98b5845
C/101/2523610003/1775560714.csv,e34b6e8514eb4fbde36b917eb1b02b187b30c879cc2dfe267830ce3fddba90c1
C/101/2523610003/1775560725.csv,4aef0b9333d1f87ddaca61f8cc20b1aa15cb283534405b109446da06a35f01aa
C/101/2523610003/1775560735.csv,aeaa5b7686c47f4435a5e2be3d729a18c5b9e57a5ca0e7757e0112f1abf18d77
C/101/2523610003/1775560745.csv,66224422eb62849fd49acdbce5ef1d7e050722c0d635f711bbdc22e87d2c1aff
C/101/2523610003/1775560755.csv,d2df5a557cf840e5089d116ba230a12918f7b844e5e1939ffd59acc2895c5abb
C/101/2523610041/1775560704_i.csv,8af51dd98d00ea0bae8955137b33ba172433381aae1dd5141f01fcd3a63e3ec1
C/101/2523610041/1775560714.csv,a7b298a483d71b2d0979abc46ec71844a257003d55989b6cc7f2386ba92297b2
C/101/2523610041/1775560724.csv,3dad8fccfffd58fc0d28cc45121ed61bce0fbf55c9bffa30bbbdbc5c329bb9e9
C/101/2523610041/1775560734.csv,4b09587db2f85a49d8d56184f45c2372a68d0b48b136890bba32e50e4b9edca8
C/101/2523610041/1775560744.csv,a6ab8b57e77abe800d31f6f4d778afa8edc0ccfe4a35192085a7c1145e47c115
C/101/2523610041/1775560755.csv,bb9052e6e8dc5c8f160fce138f7a1be9c3268f9c074282c33b0994ea843900d3
C/101/2523610075/1775560704_i.csv,686bcfd67b06cf30cc8e99ace0e31dcfb52fab89cb9b9e1cfa784b079b9ea833
C/101/2523610126/1775560704_i.csv,d59a426db6dd8922d8fbe01a4b85c930e16f57fd0d7cc502b8954667847f1873
C/101/2523610126/1775560714.csv,792093aedbd846928c9275f0e81e7a03fd735e742bc75d593eeabf28b3cda07f
C/101/2523610126/1775560724.csv,1de653245735cc8564c9d39e4433dcf0746ce6849fe5fa40ea918063faa0524d
C/101/2523610126/1775560734.csv,42b45d20466c5155bfc4b40be31cfc3ab8edf6cf86784bc0556cefa082e35d6e
C/101/2523610126/1775560744.csv,520fadcec379dcd5a7b909ee98536e33e67cd23a58c20efa654fa0849f406879
C/101/2523610126/1775560755.csv,bc718b2439f20951eeddedf161cba4549f9df63b1a23c2b06a099b7ba9fed92f
C/101/2523610134/1775560704_i.csv,d7a898fc685c11711e05a22ab312b68dffc35c3bf32903f148ebb29fbc58239e
C/101/2523610134/1775560714.csv,76d4e132f290a86eb9a997ac2e89ae4ee4a54681139f20e22a9c3eedebcdd917
C/101/2523610134/1775560724.csv,3e4410c0158fcdf8635ab4bd8e31e9dafeb362402728343c225af586880a78cf
C/101/2523610134/1775560734.csv,7aa3601ea06fec41a9a6a7dd415d2ad58be8c30eef57e3d9919adb11de68b380
C/101/2523610134/1775560744.csv,be2617ceebe588748c58eea9d92a06cab1a5475477f5ec9138fc27d51ac02f1d
C/101/2523610134/1775560754.csv,b587102d7d6ea4838f6a54f4161ceb613e0e05b6a617f1012cf731f46ec04b85
C/101/2523610432/1775560704_i.csv,da507ba6b493b64b9b7191f8fd87f1ddbd348dd0a2615360f6303c831c812226
C/101/2523610432/1775560714.csv,3e7f842c49c1ea4252d30efef503e022aa1a91490a874e69d84d0d9381be399f
C/101/2523610432/1775560724.csv,936c7eb24a03804811f2a4e74993195071d1467b6f8cf46d042b84cd6e22cd05
C/101/2523610432/1775560734.csv,c34434427f1506523797e38fd31934df722df9adf73451338f1b601a5f7ae52b
C/101/2523610432/1775560744.csv,4d407c1a0e4ca59614855faef2037761fcf3cfbcb7f5d2a010ce201f5fdafa78
C/101/2523610432/1775560755.csv,3d7ab6df4ab50c34834537bd72a65368002cd76d1ed5a6ce840d3e7a2e3983bf
C/101/2524610033/1775560704_i.csv,c0fd5e004ae1e3355608566d93be8cb53f573896260a06b82fb56be7987ef8ed
C/101/2524610033/1775560714.csv,65107b438981219dc75e77fc323d8b2c52ed71f74bccda26fe74a8917d585c3c
C/101/2524610033/1775560724.csv,1ed835961d7393c59088b38676860d5a2730512001d293e824c5a2f9e9247c2a
C/101/2524610033/1775560734.csv,e04f3fa70bb1ae1502d1b9abfb1d0b93453a261f1722749ba83f6201c2c2f913
C/101/2524610033/1775560744.csv,c725e5762e0f4d491561405f13b08a6436a760135be664556174c21ab435fc83
C/101/2524610033/1775560754.csv,b732b2e9ae210b9c9c0020310d4f46d8adffa3de25097e6254b819fadd184457
C/101/2524610041/1775560704_i.csv,3b4c8263a405be267ebb1680083ef920a53ce7857b0aae24b14734d5101ee949
C/101/2524610041/1775560714.csv,64250d18c8a08c8211f5319767b508c26b483ec8b85ddf13ecc0228e7b6a7ab3
C/101/2524610041/1775560724.csv,46e6d79d08dae34ef778246e5e25ece3353b3e35413d7ed1fab8326838cc71c8
C/101/2524610041/1775560734.csv,7643de9ae98f9b929e4a66a06eed29d4786fd4a5e21ed83527155644a5dca1ab
C/101/2524610041/1775560744.csv,cd6e6cac0d789e8d78d29009d2ba26f80047c1ce21a53a5f42e0cfa4a86ba1f8
C/101/2524610041/1775560754.csv,5f5a6fdf3d7c577df1220605350cfe77b13052f3488938080a233bbbea02973a
C/101/2524610074/1775560704_i.csv,23ff61907b71e4799b3c4ba738d188c5392726e4488654c374e665bb725bbbe6
C/101/2524610074/1775560714.csv,d27327f6431e5f93389215f2f7822673fadea75b92b3128f6ee1ca0d2600cf01
C/101/2524610074/1775560724.csv,6c7f5f475b5d3702c7daee002f8b76220e3726ef003eda42faa11affd37d3e6c
C/101/2524610074/1775560734.csv,84cf87008d610898455454595481bde6c389926f03bf75b2f5130c06cda461ad
C/101/2524610074/1775560745.csv,ea24b95dcb5037f25e39b910ed6b732d6deaca17bc9bf129967a040aee083879
C/101/2524610074/1775560755.csv,ca87dfa8ca23a27905c5a3fce87edd4bf5fe41516d54198e6f1546970986c52c
C/101/2524610082/1775560704_i.csv,2cf4413589a22431c51eff5b4190fce8e54f8bf95d07c4d68a4bf0a19e93b7f7
C/101/2524610082/1775560714.csv,2562df43879dbc41614e82b9955c8f277b0836ec0c8b22b9bf4f6fe2fb35af58
C/101/2524610082/1775560724.csv,ec113c56cd89444472517a80cae4839acdcc080f371b9770316f22cd10b9fa37
C/101/2524610082/1775560735.csv,5b81ee10d755a2ad6ed0d58bac3103ca504bb61eff159a1dc8d6be7e4d4ee2c4
C/101/2524610082/1775560745.csv,2c4d035c9d5bf122b399ae595d2d320e6b1aac70f83133d3e913069ed6baee1e
C/101/2524610082/1775560755.csv,54aa1bfea27072ac2c20520e9fe9c585d99df1b684852f52166e562582a4d66d
C/101/2546610759/1775560704_i.csv,54036ee1311a2e94325841beffe1bf118658564ab0597418c2aaa480a493a317
C/101/2546610759/1775560714.csv,a6a3ba5fb1cf172a459fdfe07683b6f42a83b6d5f7819d2e1021a26f3d763ab1
C/101/2546610759/1775560724.csv,b18af543fabc6ba30f37eb2bb67b629133cd13dde47699d26775cca8d6c02f66
C/101/2546610759/1775560734.csv,6dd42251777da7dfb8c4e990414bb68971bb1f77998f26a8fa57bd3b4a106236
C/101/2546610759/1775560744.csv,5f66093e0048ae27cd9c1f4974c9bb76e181f8b4e1475cc9b1657c2c13bc978b
C/101/2546610759/1775560755.csv,ae6228302fdc650e7137275f327f6da59335edffba3f8d27fcd686dcd676c487
C/101/2548610286/1775560704_i.csv,6df8cb306c5c40a0c046d38bec26cc7c3da527fda4212294f29036bde5eb8d97
C/10101/2521610325/1775578586.csv,47ff4cce08910f6df5ab691104ce1b1b9ddb47223b4ef72ab127af92f7d9ea17
C/10101/2523610003/1775578586.csv,36ceac361012acb850d4618f0a9f707ee15091b63f6d1a43a68b17d6eae602e2
C/10101/2523610041/1775578586.csv,af2198ade79a5929e66adf175183928e653d6f7282a3e60d392116d6fe0776d3
C/10101/2523610075/1775578586.csv,2f3ce06cd2e310821c1ff55a5e1fcd18fe9878075a9602ee66ba1382d26ac561
C/10101/2523610126/1775578586.csv,b6f7418adf00a3b248a7b02b00f3b3e18bc3b15f964b0b80f7929afbfd55c002
C/10101/2523610134/1775578586.csv,ae10e59ef32e91fdbeef8029b2cae0c67c03e3542734401e12f286778ee82e10
C/10101/2523610160/1775578587.csv,33001519a8630d26692c7d490b6eda2219e56819a0a150b75fcde1d8adfa63fc
C/10101/2523610432/1775578585.csv,c6f0de0aa7741f91077353bdf3d2afaab953b2c34d8dc54b774dad5bb5a0f93c
C/10101/2524610033/1775578586.csv,fb72de29b6ac36aa81daab2daf05d7235c43c605cffa5d9b0c91f1cfac55728d
C/10101/2524610041/1775578586.csv,a9edecd83231444e4c8059d8020cc75b44e40f18567f555e64f2779deca4cee6
C/10101/2524610049/1775578586.csv,0733b86b5ddf35a1c6983b05987dacced0b68f887b2bf81ffe698f5de52335b8
C/10101/2524610074/1775578586.csv,b1dffb941e36c9cb19ebe895713ea3666cfafb6b7f04ad512c922019c5c7712c
C/10101/2524610082/1775578586.csv,6779f8e0361092cfbe79bc69ce23134e16660f801591832fce81e91c55d315c2
C/10101/2546610759/1775578586.csv,16f936e068043611fee2e8dd78628e16f3d55ca7abef8f2b41d479e44212b737
C/10101/2548610286/1775578586.csv,60a7cde8eb4f35c4d2c243d5f2ffcbf95aaf82a1a248108bbfd7f7d39ab2be98
C/10102/2521610325/1775578604.csv,85f749ca4bce6e1c08d947cfcfd90c3b6142233af1c64e7f92c2096423ee93e2
C/10102/2523610003/1775578604.csv,09477968e938b13cc12f33cdbe74d83ccd5a7071acdda68116769eb39c6dc845
C/10102/2523610041/1775578607.csv,d9a1de041ec601160f4b53acc64111f06584ea8c1ff2f99101063a89a366d2ad
C/10102/2523610075/1775578604.csv,a027fea056292d331c6275cdf869c302054a3beb1071df31ec24b27888c5a904
C/10102/2523610126/1775578604.csv,6b5f94840898e4f7dbbd8d5532ddac8e107d691574fad230d7f71ad52e9a867c
C/10102/2523610134/1775578604.csv,95f630956906a8c5df6ec12d1420239418ca2ad5a6bbb4e12b4203abc13352c3
C/10102/2523610160/1775578605.csv,0606031fbfa1caf79bfe8070283d183d2f660525fe2738f132a9844980941d6b
C/10102/2523610432/1775578603.csv,abaaa184ed386050688535ac580cd852664602addf7cc02e3c727fa2f2bcd39e
C/10102/2524610033/1775578604.csv,a5ec96610357eded9b2e504965d0e1642d5a3e3bc04bc42bec47415c3955db7c
C/10102/2524610041/1775578604.csv,d5956c70b43304d113a3d517517a37f767f3dd6da1b1e5685ead3772d4506958
C/10102/2524610049/1775578604.csv,70d521e351d8ef86606886950538b3f655ed27a2d7a0a908fcb3bead72b933c2
C/10102/2524610074/1775578604.csv,6814e951d92a717b2fba3e801930ef711ea3e521ff8b9934bd57151e6b9be6bc
C/10102/2524610082/1775578604.csv,caeb103e86c485ada38c45bad4f199f1a0e7be84a4e035859fc72e10f04b0c69
C/10102/2546610759/1775578604.csv,c06658b8944cba722eea19c9e5f8e0aabbc6abf53ae03c7276aee5712372af21
C/10102/2548610286/1775578604.csv,d4a7e828314a1f92ac359972c7816c9e04ae600324231175ba5516def1fa22ab
C/10103/2521610325/1775578622.csv,6f15cf8821ca02233dcf75cbb394bf537117fd4d1d24554bf6d0eade993ca460
C/10103/2523610003/1775578622.csv,0efc8cca63a328f6e4bb76f4bc8821d197d7cee710a76f5d97036f2ba0212985
C/10103/2523610041/1775578625.csv,d9c339f1f7ffab3b2a7e6124e30d7ac3470a390ac7d87720ba0e77c0d3f635b7
C/10103/2523610075/1775578622.csv,ee8aecdc63d117ae058a81bda147cbb8fa96628dbae27e4cb584f92d4881c19b
C/10103/2523610126/1775578622.csv,4574aae517baae9655fb0c1433a2cfef73d0d7ed0f7eec1533b9b7b695c22493
C/10103/2523610134/1775578622.csv,2e5dcdbd79811747fb1b230ab58563afa0844f82be4e87d962580cc02e605a56
C/10103/2523610160/1775578623.csv,ca26b658024d80d358b7b1a3ae30352662b267ef011b6dce65934ca6a4bfaf5e
C/10103/2523610432/1775578621.csv,b17687b233bdabeba8600993e88327616a0f4ae0e0a88215de15317ca3ffdd40
C/10103/2524610033/1775578622.csv,917013f1aa4043a4261e4197c583fcd24e384c57028d5e5658fd76e1377efd18
C/10103/2524610041/1775578622.csv,c0a61ba27dc06e2ba560c788d6027c9f90675b6e09b4361e55643f0763f08ebc
C/10103/2524610049/1775578623.csv,5d06cdd54f6334a6e91e6bff4740dc5f245cd95cc9a5be2fe3c2caab1225e168
C/10103/2524610074/1775578622.csv,80a23dc3eb0b07c42fcf0e0fd06d973261eb4bae7ea4559daa139eaeaea25446
C/10103/2524610082/1775578622.csv,44467941194916517888f4a16cee0bb91411b1df535941f9534b5d1ba793ec26
C/10103/2546610759/1775578622.csv,0257c18b51671a88eff96cb06ce4bff1f0d679b8740ac2912c2e1c83f760f755
C/10103/2548610286/1775578622.csv,798efb5b7ea54f53a9147c3673d7b5c2aa67fb730342bf3b014ccec12f834e6a
C/10104/2521610325/1775578640.csv,7031aae8ec01c40abbac499705c7ea525439907eac0fab91ebef2cec62fc9553
C/10104/2523610003/1775578640.csv,f1fec8887e41d19234cf5509003713ff79708e17912b32eca45ed0d8b80953d7
C/10104/2523610075/1775578640.csv,2ea034a1da23b1b0f5013eea3a94f95444093ee7226fe66c98d661a2753d8fe6
C/10104/2523610126/1775578640.csv,2f9248f27ab351b5f3c60ba5c0e2a6fb16c487bb2b8962b87dd5712087dc9ae4
C/10104/2523610134/1775578640.csv,04fbaf39e823517b4ef260db2d7cdd3b9fae09096ad18281ba2f691078d1734b
C/10104/2523610160/1775578641.csv,184d3a289d6b7e311b1cd13a4f111c317e5d4630d2c23acb095ad657cc88e2b2
C/10104/2523610432/1775578640.csv,3add1abcb977c76b4d12f04a71c5140cc3c70bcfd4172cea74b85a665510787f
C/10104/2524610033/1775578640.csv,e2122df64e8e86583b46ed2119c147ac90aa7a8ba398064c1a9eeb3626a0c2d6
C/10104/2524610041/1775578640.csv,0cab5dae6a842ca60ded8e5abda12bac36c6270b5bd9c39a2f8ed02eb9e41a4f
C/10104/2524610049/1775578641.csv,cf38b63ca34a4acd0cb122abb452ef4e7a370ab1ab6938e6041ef986aa2b5855
C/10104/2524610074/1775578640.csv,008ab7eb3fa8db48156f41f93a53edae80f9c45db8596a2bc34feb41a76e785b
C/10104/2524610082/1775578640.csv,e61856e98c8516733b54e132d408519b78ff4b417b9d7d4fd43bfd23d140d6a6
C/10104/2546610759/1775578640.csv,74c757e9d9560dc811127cc91b40e7b6cb2b740429be43bdc147ac42cbb0c98d
C/10104/2548610286/1775578640.csv,f023490ffcd15f2b3a2bd93e5afa8f06d32a31b01c478e5fef19954f9836d4c3
C/10105/2521610325/1775578658.csv,98492d2bffed240d1fa0607e9713877bba03be639c38ef34c1c0495b6f1df777
C/10105/2523610003/1775578658.csv,5b6188cafec9e1386deaf0e3ae30ff97a5c2799d2a1f693f3188fbe92cc14915
C/10105/2523610075/1775578658.csv,8efba1d066db8b416d0b280c9f8fe3f9dc6565b059b7db45707a187ce725c29e
C/10105/2523610126/1775578658.csv,ee96b2a5aaecf3a9382b305a4fb9d0e7ea1458385640776524ef4bf5607038db
C/10105/2523610134/1775578658.csv,356dd9eb6e3e16bea3d596c8ce5c748fcb8eca7c5698a5bd12a30f6519c25a44
C/10105/2523610160/1775578656.csv,ac263678ffd497f9473c18d764d90b7732b2342ee88bac61e5ab48c9d3807163
C/10105/2523610432/1775578658.csv,67a720cd36bc135d2c95fad96a8d71b59e42d6a6294b5da703b5518aff354b85
C/10105/2524610033/1775578658.csv,8da44a01df340f827c3967e9bebbce23480a2012055c04a56bb4f2e24f4b79c5
C/10105/2524610041/1775578658.csv,0dd87434a17d5a0e737ae72f50b4b03d891cdd002c856c0befd5f4eb133c94f7
C/10105/2524610049/1775578659.csv,41a19da38a5deeceb3b64f638cc288f5ad50427d1435e47bcc25b12c462ef2c2
C/10105/2524610074/1775578658.csv,ffa0809d38ec4cb52089a88632c1e0143e7469f063a822d527b7a671f25fdfa8
C/10105/2524610082/1775578658.csv,e2687b5c9f07c4d52eee77af49e6e462f07356a5c08d4c9ab5b1927958f830bf
C/10105/2546610759/1775578658.csv,00c1dd2c33c44bc2ae2d4ba2048d6788db5d5d46beef4b59e0e8f27434893059
C/10105/2548610286/1775578658.csv,a9e0361714bb8bf6079d7e1bf796a720493f0ee524914a14827618a1840e3e51
C/10201/2521610325/1775578676.csv,ea050ebb5431b1fab11dfd48a12b6c5132dc1c4546f35b3ef0e19f8aac353743
C/10201/2523610003/1775578676.csv,fafd2a2a557ab45ec61d469df7f25595dc3795398c09d31e302068f110da4a9c
C/10201/2523610075/1775578676.csv,443f28f62d781fee6d71ee8025a2ce823b3d4c09ca1dfe8e98e686f32608063b
C/10201/2523610126/1775578676.csv,adb5f1599ef8fa1365154bc1fe7f6905ebc78c1d437034e426058e53099a3d24
C/10201/2523610134/1775578676.csv,c6f4d576bade8ce6d190658f6c8f2c60860ca4618ce7bd2ec91a3ea72b46851c
C/10201/2523610160/1775578674.csv,6d5a8bd1a6d87b48033ad8a707ad7f48c0be84fb22cad1af2e94b15bb2138da1
C/10201/2523610432/1775578676.csv,b019c7242b8098a3a02c2dcaf8bbb94fce3b52b3f3b31d5d0fb33dbbfa368fb2
C/10201/2524610033/1775578676.csv,f148680f5049578efaa289b84ca6e83bf44e649a6004bb511fd38f05a804078b
C/10201/2524610041/1775578676.csv,ec45805187d953ec4b8be3663d68db1e4f62567e36a5969751c4a4d43fee99c1
C/10201/2524610049/1775578677.csv,c348ad07ceb119fca6973dd7735c7a0241a365ac639a593539ce6c47a7e4294f
C/10201/2524610074/1775578676.csv,69a30c1f5876872c5f82adae2abcce9cd0006921c3b6b5126061b71fb7eb843f
C/10201/2524610082/1775578676.csv,c57927ad644bad73aaa5979890d15517c5770f523b43bcc4c560e8928925660d
C/10201/2546610759/1775578676.csv,58596d5b8cc9f5996b5707a95f2abdb99517f863d271026a08a2cf0244545270
C/10201/2548610286/1775578676.csv,458c0460d8b4b21f60dbed5957034af07b3db2560e4138585e06dca4c611d7c3
C/10202/2521610325/1775578694.csv,b15007de43c2cf86599a27c0cb5c4fd411b44b1aa4fc5599deb57127ddc1b267
C/10202/2523610003/1775578694.csv,de84d0994e7734707e93642e96d39947b7e9041e46abc291042046a7a0843e92
C/10202/2523610075/1775578694.csv,7e24bb88af24404df255e798736b599c1f41215a633a1026430cc5a8dda6ff8e
C/10202/2523610126/1775578694.csv,afe6753839fb57a52300eea1d105ac8076eeb8d6aa353f4926478ea99183cf35
C/10202/2523610134/1775578694.csv,744bb7e64912fbb196db5b911a6302eddfdd0bf009fbd534bad65e52fc49f9e2
C/10202/2523610160/1775578692.csv,e06f54b48ec52ada21de277f259a91b8492a07c65b5ccf11eeeb9a219db5dddc
C/10202/2523610432/1775578694.csv,9f2ca661bd17553d69db722369e298530d9d1f9836c1b8fa22dd29b26a1b2696
C/10202/2524610033/1775578694.csv,1c2a2635ae4c0e35af3851c25fc147c79457d6f5d4e271bd3c1a1def5d5714d6
C/10202/2524610041/1775578694.csv,e41da3631e850453a700b2c56e46d4722a60bd758a8b9ede1797ad4de2b31820
C/10202/2524610049/1775578696.csv,d77d0980d6381a344413556a4db8a7f7498bb91f7849b9595194b13f6f976fe6
C/10202/2524610074/1775578694.csv,dd913118f8c0d00d8778f5c7c7d3112a48713573a1a211f7a84b9ff17b024937
C/10202/2524610082/1775578694.csv,221228d1506531403309ba0e9331742c75e9749d3e354995a0b72a77c3b3af98
C/10202/2546610759/1775578694.csv,d2753ce692765da157a0d75a36da8c2c0262f12f97273c60826a0babb6341db7
C/10202/2548610286/1775578694.csv,196550da7a133db80bc89f04a68dd3bb3d69a2736dad0893e43846cb5b9f02c2
C/10203/2521610325/1775578712.csv,cd8c1e3023aff73bff1ca5d9fa7b6c419ed96d7a4bd6840e957b19c93c54d769
C/10203/2523610003/1775578712.csv,82927e2a75559632c851ddabe3c052643b5687ba11246d1de2bcd2bc7a75467c
C/10203/2523610075/1775578712.csv,524ed1df572468ed05b774f39ef42bb682a50b8efb2d0ece323011da996b11c7
C/10203/2523610126/1775578712.csv,07aa2229ad4f69afaa35361b365139ac7f85742958aecd10e612e27e6a3e7646
C/10203/2523610134/1775578712.csv,ea4f4e8ab2f1590112e7ecf09427f55d2c53d804ac13128f1f046333a96e4203
C/10203/2523610160/1775578710.csv,ff1cbd0ec1f84858f73f2b60553fad26b7f6bb02f48559612edf30721020e149
C/10203/2523610432/1775578712.csv,025c15de91a074b1bb67fef26656c6465f669859045fae061ebd82ac016ac873
C/10203/2524610033/1775578712.csv,71554babf8ddfe93fbbe046d54cfa3251dd8c44bfa9c54a2af541a07cc67de93
C/10203/2524610041/1775578712.csv,379bf400569c781779d64f6d2050f6bd13b1325b7c22bf2a7954a5e4131e6400
C/10203/2524610049/1775578714.csv,d19eebb2c9650f9e61feffeb65d9c66146d749d355728083ff3013440224c295
C/10203/2524610074/1775578712.csv,78d54d913b85f125ea11e98e54aa36f9135b77a430a6045a9dbd6c633455b36f
C/10203/2524610082/1775578712.csv,9b309a8281d49c90b44afe351db8bd6042749a527b9e0d038a8a01cb97ab6da7
C/10203/2546610759/1775578712.csv,590c5696d5c31ead58236101fdd9161b921114190a2bbb669ff2eb4678c12cae
C/10203/2548610286/1775578712.csv,6fa41217e2fba51b3bb42327e69622aa9d85dde4272cb6da141436b5b596afab
C/10204/2521610325/1775578730.csv,107c86f2342ad7cb4c849c7d30d8670aac232532e80f89927eebcb651117fd0d
C/10204/2523610003/1775578730.csv,fd0dc4aed90a3c2ff63fbc27e74d393aa028629137ad95130adae16a56ab707c
C/10204/2523610041/1775578731.csv,875e23e21d2fadea4ebc72ef6686fcc6dcc26e550f5dde5f5e310dd0549ab5e2
C/10204/2523610075/1775578730.csv,1c0605f5eb0efdc6908045b33a6d04db596f07eae4c19473bc8cde306c495873
C/10204/2523610126/1775578730.csv,0e1dd24a37bc9b4783d9abc330dea0e070d532258dab9b1b39894a9e398d90ab
C/10204/2523610134/1775578730.csv,d0a49c70ef2f4e00968099c9d1559f59ec873f2a585af2d64dc0b90c1376aed0
C/10204/2523610160/1775578730.csv,d52188b83ae475cf8547d440ed3668182375440ee62650413859c2b467babf12
C/10204/2523610432/1775578730.csv,b7b7b4578028df7dd9533e4aeb318b3166bf1ed4e711dec192f3bcae8b1f5fc0
C/10204/2524610033/1775578730.csv,5e037cc6ae2c6ed2cf4a0bc3184864111f15be97499c4e4641b012478cf2384a
C/10204/2524610041/1775578730.csv,38f5602c692bfc7d61ea110b60286a72a056f4e4a44254bfae620893f1512186
C/10204/2524610049/1775578730.csv,21fc10ba0cbed60eb0cb0d08ed944f0d9290d75cb27fb514c93348e91baa993a
C/10204/2524610074/1775578730.csv,8ff31dcbc1eb8a7f3f3fd2564bf20d288afa367d3103f72fbc7fcb8488f727f8
C/10204/2524610082/1775578730.csv,7b613619400915b14dfa15f1ee6fc29126ca283def9d21b004eb929102591710
C/10204/2546610759/1775578730.csv,aa9bb0a53faf846706fd0ddccce03feb98eab54c79511c53e394226a1cc1e9df
C/10204/2548610286/1775578730.csv,fe57db5a4a8a582734edbe7306deb9cd7d3fd1ae4c52e0e2fc65936cbdbf27c5
C/10205/2521610325/1775578748.csv,2c5f6f0f07958775e8b2e85526458255781ee2ce4b5d19c127506f3f2a13ca22
C/10205/2523610003/1775578748.csv,7b5908c5920e2cdc2a29a6a5f797af8ea24593da0db87e0adbb0165fbfb301c7
C/10205/2523610041/1775578749.csv,ef4eb255c510b8c9dcc4f8847d473e8616630db6005d96856e8d8abaacef3f8d
C/10205/2523610075/1775578748.csv,409d9b1b489d41abcfd26abf42a8b55eb244b5ce68daebf5087ddc18549263af
C/10205/2523610126/1775578748.csv,9cf6e5b4d50f3b1d066b482b163d6867779f39915f61ab7945c56ddfb01be58d
C/10205/2523610134/1775578748.csv,d425030055b7a576ad4bffc4b8a2b641f853213dc642d182ac06823b836177fb
C/10205/2523610160/1775578748.csv,a321b141cd7be39aad398efdc5d7327904735d3a8cc9df3b15451d311d35a487
C/10205/2523610432/1775578748.csv,7a7e42512be9d02971bd21ed0dd4f2ced29e8be2c2197770a71a7b88737935f6
C/10205/2524610033/1775578749.csv,83ba6b01818a3d79ac149c83287ea36528b564fa30a2b18862a39f17e7086b72
C/10205/2524610041/1775578748.csv,10484a47b386f1f9132c23c823b673b34cbb7d156e9c07db394bf7ca3c6a54e3
C/10205/2524610049/1775578748.csv,0cdc81f30fc4db7e34f82c03e42ecc703cdedf81458f1452164641f7c68404d5
C/10205/2524610074/1775578748.csv,b92ee7c4a2f06af5eceac3ca2c97de63459ad7f3f2df7e15b628980f3301daed
C/10205/2524610082/1775578748.csv,a5995ecdada7eb2b4a5d0e1f899d71dd89030ad55fe915eb42ae2aec625a5e0d
C/10205/2546610759/1775578748.csv,3e7fa7b3737955024d926e4ac79983ae79731a232c851027f726d106bbd3bdcd
C/10205/2548610286/1775578748.csv,64fc758c725a60f68996f3580a11fd11976e17058d982afdbeefd371d57d6aa7
C/10301/2521610325/1775578766.csv,d1d972d4597ce0f82f393c05a91574ebd3a0f0385739f3c36b40018034a8543a
C/10301/2523610003/1775578766.csv,57a0915957a49da1a7496eb1f532538492b293c12d912d478387fae4df4a7b6d
C/10301/2523610041/1775578767.csv,71cbf505477b0978419f66260617e0cb8ce77d6dd25613835668d8470fa47036
C/10301/2523610075/1775578766.csv,b4fb92cd27ffb4cea53762c0dec1b5f2e04aea4b17db63581e03670e77e6eb28
C/10301/2523610126/1775578766.csv,e00334ac2e6ed7e019edae46147f6d4f73844037175e3e443f9f6ffe5ca19ec0
C/10301/2523610134/1775578766.csv,434c685fd170dace45f6e523a05858a2a5e54ec44dcd78ab4361cc2a0495064a
C/10301/2523610160/1775578766.csv,57d4bc76d9a3de9a00148f13301a845a7399f11b37a1b2baf437acb13a85a749
C/10301/2523610432/1775578766.csv,6e03d0269bc134aa96a80488a5dbd839b0052bb9910336b54660af2df4b54b9c
C/10301/2524610033/1775578767.csv,4e821f1bcdecb20dd3eeae1b96d889709203afbece9c5bd4848bc45ab3d7f960
C/10301/2524610041/1775578766.csv,617623c68af6c32f3aac3e3bb9bb79b9eddc9dfc1f975a28c52398deb3c0ea9d
C/10301/2524610049/1775578766.csv,c6d56658ed92b3deb84a07120ef6e45f1c1a24f01462e4b11a368d4d80da5809
C/10301/2524610074/1775578766.csv,06bc01e1bf66922e9f78ea3407b6ec95d2fcaacc366a5d9691ef819632181aea
C/10301/2524610082/1775578766.csv,1dd419c793314e642b99839441c4f65f047d2fc013307ec821be7be37cf6d9cc
C/10301/2546610759/1775578766.csv,199d983e1460f66667ee84d5f44f791044ecb89f3601bc0d678c65e18dc4ef98
C/10301/2548610286/1775578766.csv,6aa63a77cc170a8683699c8d45777fa075aeb9fd057d27094bcc20c77b589d6b
C/10302/2521610325/1775578784.csv,272ab6057d837f9376b25f804d02932815c64f0c8daa6446cd31947a889dc174
C/10302/2523610003/1775578784.csv,58d0baeb2b6ff999e3ec4902e70c1ac103177521f0dc4f6b6bdda9bd74d2d6c2
C/10302/2523610041/1775578787.csv,67543059ffc377ba94aa784308748d433dfc8897ae053b4bfcd242cd40cf8222
C/10302/2523610075/1775578784.csv,f4f5807f4ead35e5f5011d6de304bba1f2564ec519c2bcb21282d59b6a39c10e
C/10302/2523610126/1775578784.csv,943ed3b0ac562c87eba3d7f34f88b33b85d151d9cdcc1c57586455e0be125ec2
C/10302/2523610134/1775578784.csv,751ccfffb8b409aac3da8620f58c71006a56dda38c9487447e02790d3a4ef20a
C/10302/2523610160/1775578784.csv,16b1bba6b8cc5de3255018e3584f601261508818806aef413d7fff03e7a8b571
C/10302/2523610432/1775578784.csv,0b9912a96592024a5179bf65eb5a7f48ac3a0d5c7e967296c236a6c79c4b6a95
C/10302/2524610033/1775578785.csv,adee947c15201f3d26731afdb5cfb96247f5a08eafbd52826539d9749c86fe8e
C/10302/2524610041/1775578784.csv,d92a7cd35af7ba0431ad9d937be297821d21c96c16e22167fc47c9bd5855c590
C/10302/2524610049/1775578785.csv,7152b93dbf8a8cce94c7ec786bfab2f5621bedd69078489551e661dc5a3ffda8
C/10302/2524610074/1775578784.csv,1116b3a847083cf4ab154cb39a1d704544813586dfed66b5ef96791a584bd83b
C/10302/2524610082/1775578784.csv,0168e8e4db151fe397fda56778f827034021dac48c935ad2e35b98cf7609ceec
C/10302/2546610759/1775578784.csv,3cdfdc6f1618e1359012e5658f295edc936d97c410bc063b145836ffba9c64f4
C/10302/2548610286/1775578784.csv,f0ddb08358809401d990daa8c4abe3a11fde88d900daec5c3974002b98928438
C/10303/2521610325/1775578802.csv,c0a163dadfc783f1168c56bc6f4f2438a201e9de54ae68bc2ebfc1d3b4efcc9f
C/10303/2523610003/1775578802.csv,dad1bbacbf862894b15168d3d19604fd1d62f78d9fda24be3b14d0255fa39404
C/10303/2523610041/1775578807.csv,9b6a2f32b72519e47b68c69318e2352903649a5fac31e52b796d7aa851531b64
C/10303/2523610075/1775578802.csv,591a822e875ff54fd0f2051a805cde41196b6fa8e1c9cacd80a9117826ae26d0
C/10303/2523610126/1775578802.csv,1247e36875bbeca3eed646d494b53fbd4e47fcb909b68a382c73ca4a5b1164a6
C/10303/2523610134/1775578802.csv,0c0934018200d826b2da06a06a8c0d38ec82e9d1ff431cd24648d1e59a54681e
C/10303/2523610160/1775578802.csv,db4d3aed04b02924e0c99cde4585693f96db9ab0f939e46d06a679ae42b79aa9
C/10303/2523610432/1775578802.csv,095945be6c1099dbacc22a37bcec33f650a93e075465a17749c9dc1aa5a33145
C/10303/2524610033/1775578803.csv,8008b181a4fa7cc7547a769c82ada6c2f8fbfb92f4a6ab39fe4b8fd90d557770
C/10303/2524610041/1775578802.csv,bb7c19bf08785ae182fc69a56c1c0588e0876a1250876422bf6c8967b2236cc6
C/10303/2524610049/1775578803.csv,63a300cb7f719eb822f508976bec2cecc6033e8739a447bfb8db0bb956789dbf
C/10303/2524610074/1775578802.csv,e20d61ad348ebfc55b1add5784056d0f8ef234456906c749ce6c05438ccaa0dd
C/10303/2524610082/1775578802.csv,ba63982e106f9997f26a91d318611ceb70f9e3555609658719b6578e932b072d
C/10303/2546610759/1775578802.csv,66a84fe2fe1916716add193af45832f6bb10c3faec6069b2389f4974450eb87f
C/10303/2548610286/1775578802.csv,6bd8069d930e5b91a9da5eae9e79068bccaadc4357bb3b8008bfcb372b7f99c7
C/10304/2521610325/1775578820.csv,a8bcf16e8a49a4ca5eed5b3aab9fe6117e1826c58762387492fbcc902219f8d1
C/10304/2523610003/1775578820.csv,f1c08e51ebf7bfe605cb50e5d27314496315df3df87439ff2488022159423663
C/10304/2523610041/1775578825.csv,67c2d256fe83b899c3c0ca0a2c456df61700912a39710f870d798dd43baf2e93
C/10304/2523610075/1775578820.csv,1af219b00aa0160c699391709ff4636c30945a1c140a0f965500f6f881fb9293
C/10304/2523610126/1775578820.csv,fd40882991192e195f2277c16518635b90ba346e2faa3d09cb6365185bd5c72c
C/10304/2523610134/1775578820.csv,f2f1a19fda9de24c1ef4a879108e3504d01c26136730d98e2216fba91daa3f8e
C/10304/2523610432/1775578820.csv,08e0c4b75394153a3889059a32d0b2f27f686e52036a7e79f2ec76fa506b25b7
C/10304/2524610033/1775578821.csv,db193c28c8340c152afbdb74494d90c17f3b52ab9952d2daf734033bd5d252c6
C/10304/2524610041/1775578820.csv,93e70bb4e3c1aeee2cae4967d1bfec77cb74ad00fea8307305d38aada5bb2059
C/10304/2524610049/1775578822.csv,5a7c6e335853ac1d1b36038f78d1c5d590657c8ce2a9c82447d3a5bc688c7a9d
C/10304/2524610074/1775578820.csv,b15bffb086b01b54cda536ebd39a8c0b72a42f7792cc8d2b63888e1cb042464b
C/10304/2524610082/1775578820.csv,ae477d84ff0a157619eae2b1a17f265d5bc9092048daa9e7da9a929814d29e01
C/10304/2546610759/1775578820.csv,0eeae6626a1b2b4ec16a0d7eb9e5f43d131620da1cb9ef72a5ca4af1d6cc2742
C/10304/2548610286/1775578820.csv,3bcc804ae190c88bdc171c59f58615d0a5ac610df6974db7e844eb0c1d5f0826
C/10305/2521610325/1775578838.csv,0db9831a358d263906f238eca59e5ccccd6e8640c2c080275619728e6e1d1466
C/10305/2523610003/1775578838.csv,22adfb329c3afee810b37d79d850e02f00c10bc98e84abf6a5ef3ea263a495ac
C/10305/2523610075/1775578838.csv,78c447d4bb3a5fd8f13cb16de36fd58edb1c53de9f8b599ced4f81aa031c91a4
C/10305/2523610126/1775578838.csv,f6bdf2b48f27648c727d9f1ab223641c3190737a60dd8e453443dd3be4a824d9
C/10305/2523610134/1775578838.csv,d12268b7ab9790bcd8510b7fa6a03b9fe527c9b75cab52ba26edd552bbab9676
C/10305/2523610432/1775578838.csv,ec6878e6e39d0eafc01e84c4cd348637b3698fff2f38e126a1fa93371a9c6a36
C/10305/2524610033/1775578839.csv,714886297c8409872e99b2b867ef7231d2c2b88085f6466663eb48f186e7ffe5
C/10305/2524610041/1775578838.csv,c03bd47b18bc8e519d38109ce6e73bf431ce04c5629bb7ba8b580c5031ff6b61
C/10305/2524610049/1775578840.csv,521ed707c07ed42bafdc8081082d97aa7ba2750776e780ab4bffbfa66c5482bf
C/10305/2524610074/1775578838.csv,418f7897d66d9dc5ecff54781d9d71a7b53cdf2c57eb19dfc073b217b025e755
C/10305/2524610082/1775578838.csv,991f571293aa2c0335029c046571b90fb7cb5217e42ec0c6b6cd0144058199ee
C/10305/2546610759/1775578838.csv,7f49672b1587213e04d49f4d9a5cfb4ead568b0b5e4099263d0d4f509add444e
C/10305/2548610286/1775578838.csv,f1430c5eb89e1c254d446adfadc2652d284e2f6ebed6568a1d0661bfa9226052
C/10401/2521610325/1775578856.csv,70b731b45a202f3c1a7be53eb390bf0d8d919f74fb814617539f912cd1ae2355
C/10401/2523610003/1775578856.csv,ecca39d8e8f72dfac6eb1fbd73af3ba3eee692b850edc8107337daee208000e3
C/10401/2523610075/1775578856.csv,c022cf1cb8be660f5312a6dc3f93ea3b27d78f6e060df05c4b778f92397fbd95
C/10401/2523610126/1775578856.csv,4b4b973bb74b0ec67b06a7f1d9911562181ae256f28e9e170127a6804d0642df
C/10401/2523610134/1775578856.csv,bdbb64e96feec56ebfa6bd8335bd9c864da30bf80428a48ee7883303ff5d5bce
C/10401/2523610432/1775578856.csv,fa2ae381c4e56b680049e389a67b39fd77652ca1ddb167ee3bf9417dbed0fb64
C/10401/2524610033/1775578857.csv,dc52422e45889795c686fa1599be12f6e1a9e5b0fc08ee2edd2294ff07c9b3d1
C/10401/2524610041/1775578857.csv,7bf9b340f9f66a840b40e0cb798acf37522e6713dd47ea595df77990d1773ef3
C/10401/2524610049/1775578858.csv,0c68902c3f401e9d6354ad6c1b351fa146a896905f5842e6931e3d2f3082694b
C/10401/2524610074/1775578856.csv,29db9d295735542c36773bcdc9aa6c68a41722f978bf1e0602f7701a8388fb6c
C/10401/2524610082/1775578856.csv,276dd7ab6c8fc243d97561cc0dcead9811762beedc2779aed40569791c95e200
C/10401/2546610759/1775578856.csv,b45c1426bc8424b35b24720909d9ace0298173bf93863c9ae490c8052c67ece2
C/10401/2548610286/1775578856.csv,310f255ce5d96ba578f731b023e4e16983525e930aa37738acfe1ae41e0c2b1d
C/10402/2521610325/1775578874.csv,67428b73f305a661b7d59c1e2967a3de04b152fabcd1e18b2ab4d1bee2ea88a5
C/10402/2523610003/1775578874.csv,4326d6aff602f16c03426958b3507aae771d3ea3ed116eacbb9a4253ea833128
C/10402/2523610075/1775578874.csv,71b6d41e78dfd2443aa2e023b0203a7b0c88509db6172c394b969aa0c5d7bc98
C/10402/2523610126/1775578874.csv,90bf1c78b0aaf68d111217715da3a2cf6bdc085afdf2aa2d6b99b8865cd7b824
C/10402/2523610134/1775578874.csv,b80263c82ceee708a012b55ef9dde75d6c62ab4b6dacc8de0c194f037f700973
C/10402/2523610432/1775578874.csv,ecaa71d822b55d8f1be84bb6597ec71607a2550c591ff0262e2c44b79237efd8
C/10402/2524610033/1775578875.csv,78a2ecc26d3d0dbed76dc6549d1ab5a865257e63baefc61e9e06ced57279ba9c
C/10402/2524610041/1775578875.csv,34b8a7bbccb786976c42c8d92ed920cd2afc661f32a0637cc711b29429654bbc
C/10402/2524610049/1775578876.csv,be881de066f78128cf51736c2fcf2bd48fe45f2c37225fed75133ed15548884a
C/10402/2524610074/1775578874.csv,db98de308b0e69042be7a46be0169b614b94ec19e24d1a9d8888fdd9f20aa36c
C/10402/2524610082/1775578874.csv,b72c773d952888e9c0b135e6b40469a0b9632b7dff7eb54d16092b76a37d111f
C/10402/2546610759/1775578874.csv,e0bf675e1c8cc3ea1157577572fc12e88171d9ca510626eecce06e8b1c96f888
C/10402/2548610286/1775578874.csv,c372d880ce3db7183e3f2b1d5827c2a9742f57997568ac2ac14681854aaff4c0
C/10403/2521610325/1775578892.csv,343f05974992e150a0dce282283bdba046e13e5d85b6ff0c419e49ced880e262
C/10403/2523610003/1775578892.csv,73362a77a2da5efb06bafefe210c82f867531df34c1c29b4e2fa3e469b3dff4e
C/10403/2523610075/1775578892.csv,381beeb08a16e9e218dd973063101a6f2faa403da95a389d2ddbf342c8b9eaee
C/10403/2523610126/1775578892.csv,d64f20a5f920588464538f367119a462bde70613f1d8fc9aa9a7b2501008d95d
C/10403/2523610134/1775578892.csv,0f9a1682624b5c2958e76f6cf31b28a5e7b319b6eea5e9c0b8029775e1d93364
C/10403/2523610432/1775578892.csv,ab50bc92b77ace62670f4e5b66f9a12b2b33273c288bcdf1540359a69606b04b
C/10403/2524610033/1775578893.csv,2de1b942d900804d4c2e19ae1702fbd9de476d970c281adc483ba42020e09a1f
C/10403/2524610041/1775578891.csv,2d9d5bf9b47e58c13546adb4328a26e0925ad3c40b14861887c58910f28e7aec
C/10403/2524610049/1775578895.csv,c34c57930968a02c2868df82a75e47ae6ec84bb97a5f7cd651f7d89c52deddba
C/10403/2524610074/1775578892.csv,29c4c7279fccdcd65676d3292de82c6d1b2e14828283e690b6bdce43da7222d4
C/10403/2524610082/1775578892.csv,4d28104d6833172a004d2c7a02d70019b3ad0a0f06f018d657ea54e19b848772
C/10403/2546610759/1775578892.csv,02b6b4d3482b78c795d320147937a7cae844e87a4a7df7df5e2fada981baf5bd
C/10403/2548610286/1775578892.csv,f518cb8893f5a6bf9d2b7795393c1d5fb032a27f9c44e180995a27ef8983fc17
C/10404/2521610325/1775578911.csv,b42c2319526b3e83d533ee9075d49c7bc91613706c4af3da47a2dfb48633218b
C/10404/2523610003/1775578911.csv,3e96459d2978b6cf01efafed3fddffb8903f623d299e67cc0903413aeb3640bc
C/10404/2523610041/1775578912.csv,4a0be88b5213cc8b410c0a9e0cea52fab41cab5c516ebc7681408cf0e8e8282d
C/10404/2523610075/1775578911.csv,819295ccb8ec6e14e6abaaa9418b5d15d5ece1f2e320e3935f5829e81f583d6a
C/10404/2523610126/1775578911.csv,58b1cf657bb70a871380b76638422d384b7b852296b8a7d071889acba90d6fac
C/10404/2523610134/1775578911.csv,705812ec5ca781e3129e9452bb08115ca8148b8bbfe247c2078dbb068337d729
C/10404/2523610432/1775578911.csv,89f305bb307a1fb4289a14bfa72eedea3573b4b81cdf57e6f572b76cc611b36b
C/10404/2524610033/1775578911.csv,0cc55ced85c8d72c0acefed936d4fc4ed9683fa69ae83592ebb0088068a3b1a2
C/10404/2524610041/1775578910.csv,6843c5dfe2b547208673aa90c2e7da3cf7761cb514e9ec33434d55e8196bea4e
C/10404/2524610049/1775578913.csv,05983d2537fa7dd9a1015e334da389432c57132cd03210bcf64ef2d84cfb2718
C/10404/2524610074/1775578911.csv,ce405d9c4d4213158468fba44cd05b98903dd5425483746cd6b2237d305fd25a
C/10404/2524610082/1775578911.csv,e5b3301d10d81099dee9cd9805c533d6bf03332d458f7ebbe2d34db833922338
C/10404/2546610759/1775578911.csv,251966b4767dce25631d597d064419cb2df491399454f5e986e253be4112cf73
C/10404/2548610286/1775578911.csv,c9ae64daee9891bbab4ebecdf95ec9bf96790a6c0969e3cffe8823a5f8e22bee
C/10405/2521610325/1775578929.csv,842e41e3ffe1d1ba76fcddb3fa2231a75f21260318b964a7237011ac9cc65e3a
C/10405/2523610003/1775578929.csv,d46e2e992456579c9ef954c5b6a873079d4884257ce5da54cca4c659e4126243
C/10405/2523610041/1775578930.csv,4d06daf472aa4524aa1ed161cea8b5cb46cd2b9ff1cb9cc61a9a1f624be84684
C/10405/2523610075/1775578929.csv,f8ea068f3e9b032ea67a598cdf1088471e2df71bcc9a73085b08bfb0f6ae7d06
C/10405/2523610126/1775578929.csv,4c9a5e403baf4a94620624b2424c66aa5b5a823cac960546df9e99babc250741
C/10405/2523610134/1775578929.csv,d819374576eafdd484a1266164798e127d885779152d380f62e784c13b2bd3a7
C/10405/2523610160/1775578929.csv,9fa4219e30fdf8f5b94c0d0d67efac49ac4eb004cc59df3e8b6b3997875225a2
C/10405/2523610432/1775578929.csv,f9653d517bc2dac56c7ca175b8c1431265c594fc3307d32c2b650613b3dc1ed8
C/10405/2524610033/1775578929.csv,7a2c025826a8d0a1b851504b7b1d975f545b51fcc2d513e34a5d5253d022b441
C/10405/2524610041/1775578928.csv,ddd44927549cad5e05e90d8ee94f82ac590b455b2525d64e267adf112ca2a92a
C/10405/2524610049/1775578929.csv,75b490bd686dcca9481b65347c041f3ff52865144b0e28906eee4fc91cbb9191
C/10405/2524610074/1775578929.csv,b2ce35a5e65ae61f2c2bece3894c9eea79cf7c67d03175e74ba97006d6a6aaec
C/10405/2524610082/1775578929.csv,9b5565c7b112751ce2fdbf23e18b6868a367decb5d6a1987ca3f32a6796ee61b
C/10405/2546610759/1775578929.csv,0f0f2d0c1f0b534d6fe6bebe11e8d339d56f51f969ad12f34072146b30c4421c
C/10405/2548610286/1775578929.csv,0fb60bc0c0dca22557694f6f52c682fe3b01592d1f40a2c6aabc782b3e10261e
C/10501/2521610325/1775578946.csv,be3040ef5089f1cd938e01b33675069d67ba9a8d64ab7b38e49c9d3f4ac4c034
C/10501/2523610003/1775578946.csv,3d8a9c9dcd6a1f84e506a13e78fa78dbc288cd4120a36ab76bd195231db94f74
C/10501/2523610041/1775578948.csv,da2b0a8da2b6e8d9aff5eb2c6267f6be5aa68ca0ad0ced1412cd7d24f15953d0
C/10501/2523610075/1775578947.csv,b860e03e30bc5068948a47fbaefa96bdf96879ca146929276f533484f0c21b04
C/10501/2523610126/1775578946.csv,2c53523e6698acafc245615077ce6338c901f8f9184f345189bce54a8118078d
C/10501/2523610134/1775578947.csv,91e71e85f271f095b2eca4b617f7c7eac00f3aac3c47aef20f22d22d5e9f08b4
C/10501/2523610160/1775578947.csv,a62bf80d5bf56187787a74d1c2b9b2cb34815f049bb7566ed8271294c7fefff9
C/10501/2523610432/1775578946.csv,01a9c8f01a97d3b6d6fb4dcee88659e078f31d4963c90f39ee1153f78515c0ab
C/10501/2524610033/1775578947.csv,13fa116d5493d97b40923753bb190736c9b34a9cfdca73c8fdc2e0f9fa6408df
C/10501/2524610041/1775578946.csv,b95150609c90495c8bcf6093b351804f9ddc599006e97f091614ee3107f9d96d
C/10501/2524610049/1775578947.csv,9737a5bf1468b80f43dd5f7817c9a0ea76e1b0a5a28c655c84473fbdd2d594e0
C/10501/2524610074/1775578946.csv,77ef3cd098ffc7f582085e075ca0ebe8aeb9da00383a1d54e1e421fbdd9ac93b
C/10501/2524610082/1775578946.csv,651c329c40661518666025e34925824eae630b6a8dcb94552853de7b99938059
C/10501/2546610759/1775578946.csv,0aa3f79a707f65871092d7cedee8e831c2c4558e3178ed28c3c608e0eed45c66
C/10501/2548610286/1775578945.csv,1abfdf072ca85b1f1f7b12fefbbb905c2db65dda280f70ea03f6e83cf841bf0b
C/10502/2521610325/1775578964.csv,5c1c62a31c0f43835178690f3c8464aa40d83c597697ed5539d8717d2e8a8b66
C/10502/2523610003/1775578964.csv,5f2ec853c943768b783fce0e5fb29f3158ba98e3db4d458c0068a9acab12971e
C/10502/2523610041/1775578966.csv,16aab79c123c4e5adac4ce6b4c7f08a119817a0dc4813d6605205a76b23a7d1b
C/10502/2523610075/1775578965.csv,d112a1f6ddc28e8d33a7816146ee236e90444b404e2d7a1be1ddfe2e3bb12df2
C/10502/2523610126/1775578964.csv,7efd1d796faae777d8c44a31205f60b2a55eaf5cea25918c49b451ca95c15395
C/10502/2523610134/1775578965.csv,80ae8ad9090de4c44d8fc0bc6195c2c99179803075bbf0f2ce05fb68d6a1a0c5
C/10502/2523610160/1775578965.csv,2810e3f489c5119923bcda4ec345647f89db93727871b7ec6aeb9a7c7a09087b
C/10502/2523610432/1775578964.csv,36f1f76bbe75b03eb5054ce00aadac058aaccfd5a0bc8102e916fdbc75d2ebd4
C/10502/2524610033/1775578965.csv,b12f8a5359b24e2e60b048b6ce7590668c263c7e287a63c50dfa17b77b93187e
C/10502/2524610041/1775578964.csv,ba27dca9931a73602d7042fae442b55be0e524e1f14103e179f31599f7bf5608
C/10502/2524610049/1775578969.csv,8efdb33ed8c2e54c367396d29e6d7c62dca302ce0c5cb91cfeb819bff3704d83
C/10502/2524610074/1775578964.csv,3083e9c005cef982eb2f0bdd20fe3ca4e47a2a823f3c9285d129f7fae64a83cd
C/10502/2524610082/1775578964.csv,add09f189695fe9e6281d53f98ca98e20f0fd59a4914c59a33391ae2435f7982
C/10502/2546610759/1775578963.csv,3c1ed744aa4cd9fd25defdef97c7f2d41c698b9eb1a7725d7cf06a64adb9c845
C/10502/2548610286/1775578963.csv,600bbe9ac8555a8e99a1949a5010df0cc840e017fc97ce767f4e90c3f2c87062
C/10503/2521610325/1775578982.csv,67cbfdbf7df7148ab0ac70d2d7add73292d47b5f60cc9369c0419bd1ba09e6ed
C/10503/2523610003/1775578982.csv,2ea1c93906042d5b1fb496d2fcfd491e812bdacffbcbaf146f711d99668e1865
C/10503/2523610041/1775578984.csv,4b6575c2b36d1ca9045ed883944b0d6ee713784163bb35b8aa1a56b2da4fe6f7
C/10503/2523610075/1775578983.csv,91fd172375a56928ad4276e6a3db9b15e5405b5ab86adb798d81041db9f2f95f
C/10503/2523610126/1775578982.csv,feb28efaac07a69ba8eba11d5b4a2c5350340607d15680e1b90bf72e09e335b3
C/10503/2523610134/1775578983.csv,ff8afb0b99a6ac4b07ded7f0d584cd5f005ca5265a52dfd8eb0d566711345fca
C/10503/2523610160/1775578983.csv,86fb3de33e655078d16dc632d902a58d6d6dae8fc02493594452799f4dc5d3b5
C/10503/2523610432/1775578982.csv,d1ffa6bbbb2c35d7efccb3256d394d7a01d8ca8c882f0345523a21fbcd2e6d65
C/10503/2524610033/1775578983.csv,e226f9a65745e6de903d03d72c41c03a4d43aa46b15e16992eafa7f863cfaba8
C/10503/2524610041/1775578982.csv,3a1519de72b1129e50a198d3eaf5c52961f7b075f93ce1ac5937500cb8ceb3fc
C/10503/2524610049/1775578987.csv,c95a64993dfa23d8b4fa3a24c69bebdb34a9d684dcf59875e65cc6ddd20d4976
C/10503/2524610074/1775578982.csv,8162ce3d85ba7950603852ecbb4afddecba0a7dbbe28f455ab4ae70ca97020cd
C/10503/2524610082/1775578982.csv,29f0a2d126e5b876a812309ee18a5c558643cc0421fcf4ac4df6ef118504f76c
C/10503/2546610759/1775578982.csv,f6ad7e3792b290a41cb78d24d8be4dc633d9c5c71a6141a2892794ed759d887a
C/10503/2548610286/1775578982.csv,90c802d56bb1d7a7494ecde9dacbc78553df430cec5ab28cd8fda38979c079fb
C/10504/2521610325/1775579000.csv,20d744262483c9fc27e6eafd30839bd8544519752219835a441733e6bc0e30e3
C/10504/2523610003/1775579000.csv,4b48d49ede94ee14130874a8dbeee340eeff6451de9e4415c21d38d4e5dd0038
C/10504/2523610041/1775579002.csv,417c388555474b8024faffbaa4532b128ec60adc374a3d98fca809f0b791b3b1
C/10504/2523610075/1775579001.csv,2cd6ae8baf3e79d43a2f8fe4c12fd266d4b0d0aef94de7dc5dac2a846987d0b3
C/10504/2523610126/1775579000.csv,830f23d2ca5445ce32a0f3d0bac4cc7ce2c4873e2f7bb1d4cb4eac9d7fbbc836
C/10504/2523610134/1775579001.csv,54c8a09183f23d20b4b200f337a7eb54359c208a1f4a02721d19f1fb006a214f
C/10504/2523610160/1775579001.csv,7a6e3d4287c60e15b73b73696618c5624aaa1a88fb27fccf65a2e8841d2844f3
C/10504/2523610432/1775579000.csv,75fe634c0f48916d17dae0b563ca417547408935639eaa71594e21e513e8a836
C/10504/2524610033/1775579001.csv,fcd558637109a54f6e9f98fd58dcd38288ff3d02272d0140dcb03e78bb6c2e08
C/10504/2524610041/1775579000.csv,17730e4214e5badee180d1ad37114376786659101fabdc19176b516b20668b82
C/10504/2524610049/1775579005.csv,f4f71c7dabedc140c64d4c9061e7fa4b541ff4c699264107564084f3acacdd0e
C/10504/2524610074/1775579000.csv,069acca84faf77c9e6a6a77d7ee349ce8969dbe6619426a10f08e4318bf16ca3
C/10504/2524610082/1775579000.csv,2079e30ffb0dfef23ce581382507ca8365e1cf256c89f83a6e07eb3ae3c76261
C/10504/2546610759/1775579000.csv,656320aff5ccab3e1bfc10fb58c38c25250033a1a2f1e33463b4f4516cf17093
C/10504/2548610286/1775579000.csv,0ce23e48fe3826ee498a853ae32cb35e58e90c642e2e9da0baed19e3a3ed17f6
C/10505/2521610325/1775579018.csv,a4bd5adb5412e12462dcd0b6bb843bed1deb681c814b7d54abdd320d3ef05f53
C/10505/2523610003/1775579018.csv,129c785ffeaa329974d7689deacfded600b7cd63d4bd8d5f5cb5297f9443c27f
C/10505/2523610041/1775579020.csv,6a08dacb37235b9814c891351a28bae25604b7a6701daf567f18e62a65be5357
C/10505/2523610075/1775579019.csv,11d5798af649812cf53f3dbc167da793375abead820859116c373f3a7cf4bdc3
C/10505/2523610126/1775579018.csv,adc2a8ffb8768a007a448243be86085da8cd47c953d3c0e557a107f23dccd181
C/10505/2523610134/1775579019.csv,1f672cdb1b1920387fed60983ed5b2344a532c3ed52249dffd6ebe338e06a381
C/10505/2523610160/1775579017.csv,af08227cace90878bcb6e4de4595102e84cef7cf4bd468d925f234c77d94f9a9
C/10505/2523610432/1775579018.csv,0d605f06f9a6912864bf0d80ca0a0651e505458ef67ec4ba7746cc64b0ff5fe9
C/10505/2524610033/1775579019.csv,dd9b5123dd334969e5338a1bd48a8367cbdf6e18db3b4e9121a4705cc38b136f
C/10505/2524610041/1775579018.csv,42b80c763202dff5864bf04e2fade998be817e293a7690f4a248956dccf3f731
C/10505/2524610074/1775579018.csv,c9df8cde6c70da035e4555326383610df6d92860c79405b371e4ba925cc48075
C/10505/2524610082/1775579018.csv,59f4736823f1b2ef9b207225d9f27c9e601a4958309c9630e04fdc2c283e3918
C/10505/2546610759/1775579018.csv,380f752682fdcc6b3ae6437083499fedb995a9fff3312a47388631ebb11104b2
C/10505/2548610286/1775579018.csv,31b17b3f100f4160d69d9c0b8cd679c801e522b291e133e9e5febe4e8d7ec81f
C/10601/2521610325/1775579036.csv,29748133ef063642f03e2f1099536c00c8327126d6b98857a9ecec28c14c319d
C/10601/2523610003/1775579036.csv,46ba348b04ccf8c3ceb0dea9b609e165af334952fa0e1a89b508aa2604d0f7da
C/10601/2523610041/1775579039.csv,faef8c1124f3b758a5e437ae8f43631425d5e00f3e4fd8d53c11b1abe7a0b4db
C/10601/2523610075/1775579037.csv,81a5c25f8e391748d7cea9362bdc4bfc4ebac6ca4d530c4633930014019f43ce
C/10601/2523610126/1775579036.csv,1eb0155d769d2cc94f4c6933184f35a93767b93cc2f841e76189e5c4711ff239
C/10601/2523610134/1775579037.csv,18c82ef480be1626b679cc559d8d19f1f63801f68cf8169817b517883cb90c98
C/10601/2523610160/1775579035.csv,c0c7cad131999f405d3bced7f158c8a011ad1d09b4ab67e6067d15b0e132ca3c
C/10601/2523610432/1775579036.csv,8ead47434e9d059531e854fcd7f08cb9044ed33c75ac34c4eb34c2311da0d9e5
C/10601/2524610033/1775579037.csv,8bba48f1c5e30dde14563692574fdf34e3f6da0ba244f0a92d05551ad7c9c37d
C/10601/2524610041/1775579036.csv,7b0b71ba9d5a89c01dbb06bbcb73ce68cdecd93d0cbf12420e32d896c7e499f6
C/10601/2524610074/1775579036.csv,e0be1e173eab55f5841c9bf91821397b0c003c246d87095774601630d00a1c19
C/10601/2524610082/1775579036.csv,890d8de35b78c1b4415b7bc92fc987f7466ad4a7d51fee186d755ae63f4f3918
C/10601/2546610759/1775579036.csv,c79ee50605339304a0542a619120756ca5f6f018a8218335bad53ee6c4c1cf6c
C/10601/2548610286/1775579036.csv,ea8b36dc1157c69f909f2cedd38857cf1f59a3de1a3a3a7fcb2c25d9b8bf2bf7
C/10602/2521610325/1775579054.csv,b23d3e7f7d2b2f33c61fadf729f13f221cfb591a4c0b2fc5c5579d21ff00b513
C/10602/2523610003/1775579054.csv,f1a0043d43f6b9cc13765c3997b8db1f66ac941d6d2eaa9f04fd310a963326c9
C/10602/2523610041/1775579057.csv,76bfe1e33649a72903c913eee4d1c14033c830bf407d93cc0ad3dcf0d0c73865
C/10602/2523610075/1775579055.csv,eb20aaabd81df33a023dd03c630f675fba93a208adfb532e1f5f394fd73bd654
C/10602/2523610126/1775579054.csv,d160fd7c701a61e90638d15ba322514fbee406107a03bbddac9c4e626ead13ae
C/10602/2523610134/1775579055.csv,554c0b9c7a7549c3cf7adba59145b75fa4d30621e76311d0daff095dbc0a0de3
C/10602/2523610432/1775579054.csv,73097749dfca497ef035566dcb9a7f17ed5ec69a486159e8d373e4e88cbbbb68
C/10602/2524610033/1775579055.csv,3bde718b376ada9a657021db4ea10ba7c007c412f9ed074bf5343b1e7bb71886
C/10602/2524610041/1775579054.csv,6f5861a968487b75204b559c9ebe4021ad68117bb5e86293f7016c41875a5c30
C/10602/2524610074/1775579054.csv,767de54f73c8fbc8f51ff907e1c14fe1bbf7c8072349b81a13879f7faba55f6d
C/10602/2524610082/1775579054.csv,c6d0d03c101d1aa94956429214dcfad8f5bd5dddd2c4c8c3b1779c7674c96632
C/10602/2546610759/1775579054.csv,2dae258eec773259d57d7afdca3e4573c1c20f5243f83230f08c25ba164b3800
C/10602/2548610286/1775579054.csv,1d21b9475313a3919a5a697e5dba5bf98c37e04233bdcaa8e508e8d905645d37
C/10603/2521610325/1775579072.csv,3b9507b68d59d3e1f7ee31c5139c168802e4cea3c67cafd7ea768d2271c152c8
C/10603/2523610003/1775579072.csv,764f888c04e91b709ae07a05649ebfbcc30559b843ac5ffbe820d54947cdfe7e
C/10603/2523610075/1775579073.csv,6c9f44e259316c34117348b0073f5fe91f2bcaa172f45ee46e0f868f202c8c32
C/10603/2523610126/1775579072.csv,88c569a43ffdaf05a5acf22e45afe86efba8ce964357249ebbd0236d056c392c
C/10603/2523610134/1775579073.csv,3ea149a4cf25a1be8c1b932885124451172e28cd4852315a6e9ace9a128764fc
C/10603/2523610432/1775579072.csv,744e709ff66a01b4031e92db7f99387872db5024bc1136ccc5eb2c912bb3024e
C/10603/2524610033/1775579073.csv,2e4f1e3a9906ac589ae017a64637adceeaaa3a18c604cca7ffed3113818d53df
C/10603/2524610041/1775579072.csv,8ca3549336bf251f9e4e07f342e84b6754f2324773f797fd9bb0c314ac455e07
C/10603/2524610074/1775579072.csv,241256d8f87206cdda070134eafd4431a261dd24237a30db8785c0dd008d4c9f
C/10603/2524610082/1775579072.csv,8f595f6cb14a46cefbbb88595e1e9c591469d910e1b0b66de52e7120c1d5df51
C/10603/2546610759/1775579072.csv,3235bd6835d239ea0b21bee196a9da02926d30359a11788137a0d1754879ae09
C/10603/2548610286/1775579072.csv,31b6b5032e1461a05875cef225cd4b3f6753772a22aaf76c6d049d5c4b1ebe21
C/10604/2521610325/1775579090.csv,cee31ceda3d540690306bd7851ab0890f7ebb73910941f8349123d8d635f19a4
C/10604/2523610003/1775579090.csv,e1a095b69abb1dad631f20e6c6a827b1bbf5043806e6be3b0400ec026a78edb1
C/10604/2523610075/1775579091.csv,defa2844c99cd858f8a013b916a9fb09f4467e2f50cdda5dae5c4bc16178d580
C/10604/2523610126/1775579090.csv,cba319833f4c4728eb928c0ce5a133c8a8cd449b986e5c8b3d14ad8cdb59ed29
C/10604/2523610134/1775579090.csv,b5e708e80115b618bd56c783c3d66327decc1e375ee97d5ed4676f238ab154e1
C/10604/2523610432/1775579090.csv,5dccc1ea646ba545bd0b22e073af1cb3c4fd2cadbbfc51370da41e82227d1c6e
C/10604/2524610033/1775579091.csv,4c5dd563bd099786c20d2f54e1ecec2362c80d3002d8e9512e306a1c0f97bb2c
C/10604/2524610041/1775579090.csv,0119fa089889eeb84b4c772ed131f8a88a71ad4140a48aadce32ca74df0d4745
C/10604/2524610074/1775579090.csv,89ebe4d7b9b650c409419ae5cfabb816b04b051b3ed0e752b38dc8bebf13e747
C/10604/2524610082/1775579090.csv,3013bb1ef2362e085d325f669e5f5dd11c3dc965f857733d2e04b472a4ac78b4
C/10604/2546610759/1775579090.csv,0bf4a29b17fbbdc0893125b3d900d4badb1cf016d0c66c4702f0220418ff7c8b
C/10604/2548610286/1775579090.csv,6a3bc09193c2007e742824529fb2bc61137464539a02b2bc02c0d8c529cc48e3
C/10605/2521610325/1775579108.csv,d8abf63fc8fb6cdffc8054a27e4ad474f0c909869aa6b65bd64a80ccb50cbfd7
C/10605/2523610003/1775579108.csv,a5a2f1cdb0c5ea16564b00ca6cd23530d75e074400e1c21b94e26239274345b8
C/10605/2523610075/1775579109.csv,d5d3b9c8c41c0d15e2bbeafcfad49cd08bb37f5cd22caca1ba7b0099e52c5396
C/10605/2523610126/1775579108.csv,3055ebd60c91085b5262eac69b2413e4166c16e990ee77ad7217de598dc2d740
C/10605/2523610134/1775579108.csv,741de16c98606685c2d93b657ebdf6ff98ea9ab3528085e088798283c4a9033d
C/10605/2523610432/1775579108.csv,70cd8dfd0c530be42c1b30e37a0beeff4151616cee4ff1efe036ca5bc23e0eb1
C/10605/2524610033/1775579109.csv,49597f51f5197f0ba64703af1e58bba6b23585886d74aaa39bdbdc36f611dcce
C/10605/2524610041/1775579108.csv,c2abae0d6f9e5b5676b5071bd41b38b48d33fc13665f08061de75120fb6e7a91
C/10605/2524610074/1775579108.csv,0996cb8703c7f4e8a6423a66eb9d67b5aee23c3f4fe7d20979af44994e018dde
C/10605/2524610082/1775579108.csv,19a68a7bdb5a6c6485281c3e2547eaa671a648ce2c316742a2e2a2672879332b
C/10605/2546610759/1775579108.csv,8a3951c7fefa9efa9dca236f4a2c342bcea75b64c8bfa8043f1632eda542c1ef
C/10605/2548610286/1775579108.csv,2fa52b65850c7d81dcc17c5a5c0ff55efa1802ff25770a58feeac74f434b56be
C/20001/2521610325/1775577996.csv,a39a4926e27dba7d0b89720dff5c35a947b97b4be5f2abda518a5ba2f3e6cfe6
C/20001/2523610126/1775577996.csv,bdf1d1280582f8f5d02290b764b7569b5c12630766a4b7084f79d53ab4151639
C/20001/2523610134/1775577996.csv,927b33b8c068aea00975825645261f6ea716a51af8648a937bb06eeef46e44d8
C/20001/2523610432/1775577995.csv,94db2fc66af3b1b1bf87cc643426d050218a8be9d14d83498a3bca4ca39d4899
C/20001/2524610033/1775577996.csv,c8c34cece3f54e08fea6e82446447cebcd56d9afcf0f3c5f43fe596e65597ab4
C/20001/2524610041/1775577996.csv,9b14430d17417ef9c2107bde304c953cb34b828acc0946045e7b00c2425fde89
C/20001/2524610074/1775577996.csv,eeeaaea65eff900f6d75611726f29ea1d408dbbb1bb4bd4048033fd01fb24e7f
C/20001/2524610082/1775577996.csv,c58187c4de1cdeb6b5d027bca7a70f4fb23414af645d83a7e2336506cae1c79d
C/20001/2548610286/1775577996.csv,ce1accd1509e8f7b0537a42b9da340fe7f806a5fa656905fd5d925148de24256
C/20002/2521610325/1775578014.csv,8409d374e2c1f76fe182ce021d6d476a4f7352ee61ef2ecaf042c8609d8a4029
C/20002/2523610126/1775578014.csv,0d4649db778be1a9af3bce5cb485265359bf915918929f063757edc7558f0aa2
C/20002/2523610134/1775578014.csv,5085e48080ab63803a9c5c257c215dc61c249494f059803fece72fc7376aaaf8
C/20002/2523610432/1775578013.csv,7157d55b2d7fa0b7bcbb886033f10dcd0d7351914405a92d47e33d0d4f3c1ce6
C/20002/2524610033/1775578014.csv,aefde3a98c7f44ed0b4a43c70191732be6f7c9983b3e2afad6c9d3f1107b4f4d
C/20002/2524610041/1775578014.csv,9a0c2088f93ddf256a4f0e0995f95db8f6d81ec46dc6ac260ca9d427adb2dcce
C/20002/2524610074/1775578014.csv,4502d3e04245106b8d845a9576a78351cbdc2d6d2ffc2b4639c9aadedefaf379
C/20002/2524610082/1775578014.csv,5d1ee20c3dc4524927db1a855e940f94a9910ecb4edcf2bb3335e3edd25449cf
C/20002/2548610286/1775578014.csv,118a2f785319424d58527dc7936d07159301aa57a7cc77086e6aca041352e3b0
C/20003/2521610325/1775578032.csv,c941c05b903dfaba9262b4fd241c76f9e05a6bf80987819869d9631631bd4440
C/20003/2523610041/1775578029.csv,079efc948fb918367d1306a11825c44e3e0e4694ffe9b271e9cb7df20e2db38b
C/20003/2523610126/1775578032.csv,e1b9ce7b5b4b698583f4006f9df05657ea5fd595993214a5a3170c88101d3ccd
C/20003/2523610134/1775578032.csv,a86f46e6b940b6d38fb33f4f20ceeb35686ecbe051a074bebdedca3fc6dbe403
C/20003/2523610432/1775578031.csv,3aacbcb0a968084b557129dc1c14f567a39cfedc02492a1465e72c9886245e43
C/20003/2524610033/1775578032.csv,87b63332bc8094521513ad13b0ad91988d6f7fee36c9c8786803088efaf8df90
C/20003/2524610041/1775578032.csv,d267840ab60e0883eb387cc22674b7c960943a1df3b047cf79aee98b3dfbe164
C/20003/2524610074/1775578032.csv,20f973466e596e25ca214a889168fd25a018298faf6589bf48d7ab721c280411
C/20003/2524610082/1775578032.csv,a9d095c026e21f315f7aa03f4dec8ffde8931c2b754cbb73c113519785c5f432
C/20003/2548610286/1775578032.csv,b1d28e2380daaf7b6be3e2c93376a4a01489e5e77f50f74b66f1ffbb9ba0de9b
C/20004/2521610325/1775578050.csv,609f87c33c72fea25ff8eaa9d99b07f93436336c52c97c6e975d34783437499a
C/20004/2523610041/1775578047.csv,f1cf9ddc1c4109a349c084a426f9a38d45d50d0ec9404ccfa213bfa12799d9c5
C/20004/2523610126/1775578050.csv,d5339a6ab0aa76a04e4def3472fa6df3083e7a8ff5d867736bfc0553d2aa401c
C/20004/2523610134/1775578050.csv,3ea8e49e4046733b021fe6100fa5cde38212ccf875a7ada70b3e7b28f275d391
C/20004/2523610432/1775578049.csv,873459cd7db1565ad9fe6ba516800dd551f3afaf3cc4848361815b4a6f688f3d
C/20004/2524610033/1775578050.csv,62bf2ccbbb03cac667eea6c1e3945f12989e158aac8e9f785cee5591ca07aa08
C/20004/2524610041/1775578050.csv,649b746ad27ff7e0186602536d98a1045d1c07207aa61059e1c7744e1c65eef3
C/20004/2524610074/1775578050.csv,ae4329648d34eabc4d95f3c8cdf05bcbf517b6dd69109bc0876ab3415715a716
C/20004/2524610082/1775578050.csv,45ab8268d582a19f58b50869311042d0fe612ada97c2e4036efd24c80b89ccb7
C/20005/2521610325/1775578068.csv,2fca86e6ccb5a24819c6e5e92ee38f4c85bf11e5f385d4b584d5faf07e4443c2
C/20005/2523610126/1775578068.csv,28fdfb231584ce8fe202f62b50817e39c8e4a5b61db10cc2dc015d7a0650e9dc
C/20005/2523610134/1775578068.csv,be5c7086d2367f0b628a5f54aaaf0fdf4f49be506775d9bd16e31cbad2253c20
C/20005/2523610432/1775578067.csv,1014da623be53d33afb2ff9e4c32d4a237f487f860b239a3590321ce59eb3b04
C/20005/2524610033/1775578068.csv,00275d9b5f447c40a8466fa1e5ae49dec528caf7171df6649bbc8e1298a6a643
C/20005/2524610041/1775578068.csv,4099afc252174a676336091802c2e037bd1d998561559aad5a909de979c58738
C/20005/2524610074/1775578068.csv,5204602893bf3dadd5d259730bc59694961a17bfa2842026a6d82bf0f127d64a
C/20005/2524610082/1775578068.csv,083e91585aea6598dfde655ef57a7b23fe5d2b951be810000bbc399a77de9866
C/20005/2548610286/1775578068.csv,e5138fe3d48305d89b4a8b17b53f58a304227c455ef54d396f8cf6bf90000a62
C/20104/2521610325/1775579182.csv,1293acf96b038542388395d2350d56dca68190000a7f8b4991e024d0c2cda6ce
C/30001/2521610325/1775578086.csv,037e140e954f18ae2211d7c10c8bc0833caf5cb7a0800851082dc1a7da22397a
C/30001/2523610003/1775578086.csv,8e6b71490f21f13a1cfef9960e37d0336fdb04539ec96220b5b740f1fd608b8c
C/30001/2523610075/1775578086.csv,36794ad4af8d952ebcd29bb9141e3b76dd77fbee57a56b8aec3840005e56a41c
C/30001/2523610126/1775578085.csv,598f40769336d5285cea85b3d2e2876c753e941381ebfaa969a09ddf8d7e5b85
C/30001/2523610134/1775578086.csv,4974ceddd41bf8dba3bc3bc5e7f164cb8fce3e7e58a84920ed7814c23bdea2db
C/30001/2523610432/1775578085.csv,bd4f21721df67a4a6d4d8618cdfd8e16ad542a61307786ca2901faaaa786e1ef
C/30001/2524610033/1775578086.csv,33463944d635bb88ad902710992149c20e3e85f780c8ea414cc4dcebd331d669
C/30001/2524610041/1775578086.csv,66d3080ff1c35c16dcbb03ba38fd26b0a6e91251505cad37ff1ae61ad3bb7a97
C/30001/2524610074/1775578086.csv,50324a5ccdbfc898db41e64c638d9de50bc5ff1040438e279497d064420d7ff7
C/30001/2524610082/1775578086.csv,95c770a01ba240787d3120bf8366f6a04182c7db72ef98dc3b8855b4efc5cf53
C/30001/2546610759/1775578086.csv,46403d3809c8ce8bbc1da354b774b18ba9c100cf48cbc2074596b70db885b718
C/30001/2548610286/1775578086.csv,d00d70a454649af3e8bc52a4d73e8e635af05ba9bdbe55fbc0bed804547387a0
C/30002/2521610325/1775578104.csv,9900ad5752963b4741d2ae70500978621196dd4b1f7ea6285b5c2c251c5771f8
C/30002/2523610003/1775578104.csv,52ffa8f9aecd5f8a2048aa655b6677dc452238cbfb405b580f9a7458598e3939
C/30002/2523610041/1775578102.csv,3cdb52b48ebc00477f63344ac65540726d0425ac97b47385d23c7aeffbf4a4f3
C/30002/2523610075/1775578104.csv,b1cc01885d5fcce910e2736f2a556804c90c5bd992d180f742565793486e2059
C/30002/2523610126/1775578104.csv,551b1b67c3bb333673635befa9124aea50f070793ce6f6797c87a0d74c8d3aab
C/30002/2523610134/1775578104.csv,eabf7e6d7ab7c801b480b780398d5ced0e6d8d545c211fbfa2d1d69d36765da5
C/30002/2523610432/1775578103.csv,f7fda44b27fe1888e01b517f0995ff0a51efaf997b95bcd4219852ba87db874c
C/30002/2524610033/1775578104.csv,f43e8d0e39acb8f873d880ff238b6981cc7402be4337065ce313f5757a4a4cec
C/30002/2524610041/1775578104.csv,465f58a9df4204e61532cf8945ca141ea12ac47b8ac381d47d203dc25f40e0a7
C/30002/2524610049/1775578101.csv,3ea5e68b592e2f1470eebe03fc7298226fffc382c5274723bfb5992e26c416ea
C/30002/2524610074/1775578104.csv,dfdc0c105ecdbd7e0b294101a57310c89393532349d023cc92d4d4e3a9026df2
C/30002/2524610082/1775578104.csv,b6a709248a1fd59bb8e381015006c83767e05c6ddf276c574075b91b0640d86c
C/30002/2546610759/1775578104.csv,0db8efb63e771ba85e922f32167da49f4186f0f11f248d6399f38924450dcc9e
C/30002/2548610286/1775578104.csv,7755e518a1fbd0ebe0828d73fc685de678c515062ee718495e9f96559af5317c
C/30003/2521610325/1775578122.csv,4e3468c02b13bff6168d1696ad3dff8698f0b4a60b1132b56f219b31fcbd31b8
C/30003/2523610003/1775578122.csv,52547caf994407fe8cc10158ab5a3eecc03265542b9079982b2d6c4eac43790c
C/30003/2523610041/1775578124.csv,2c1185071886b9e6fea5c63214891c5d806299114e4123f5df6cdebb55c1c5d0
C/30003/2523610075/1775578122.csv,2b1c13d2ded5c65aeae648ddbee6dc7886e976d34ff8bad86d4d2f858071e8e8
C/30003/2523610126/1775578122.csv,33e90e17483c7e24bb7431d8d7130aa70c3e7bd9f38c1955e7bd0a098216a818
C/30003/2523610134/1775578122.csv,bbf7d97df2d94306a06453ac91c8c71c0d32ca5aa48d271ea0886b99570ef2f7
C/30003/2523610432/1775578121.csv,0f9564c8a1f1a8051545d1fbdc8d2cc6a3e9733ec80c33bc1f5c5cb4c7cdded1
C/30003/2524610033/1775578122.csv,aa22492b34e9fea87bcbb42dfce6ee26fa688b1b8858376378ca1df5a2e957f4
C/30003/2524610041/1775578122.csv,6c2766ec70c58506ddc0aad0aca86928485575157c88d7bbe66fcbb653357a40
C/30003/2524610049/1775578122.csv,f471ad17855ac1935f0111c71b314bba42dd7a66a464038de3a6d9ab24779d38
C/30003/2524610074/1775578122.csv,daf4e5277a37ff20e591d265ce155d92d3df907a992584f7055d2bae0ba0b3da
C/30003/2524610082/1775578122.csv,fa70529e0e9b43336a3ed2e45da98fdc97b0ea40c52418fe947834275c254548
C/30003/2546610759/1775578122.csv,9b19ab55e9e0fee42ec1cbc0d14be41602846552dbb9ed95e6c1dd9afa3cf4c4
C/30003/2548610286/1775578122.csv,5bd1fafa907e22ead31be8ac8788d0734117e83b027b739dfc7b5814e3390716
C/30004/2521610325/1775578140.csv,24b6fb0f86ba6e3251c7163d11a0e15aaab831f7cadee4566b75ab4e8926f013
C/30004/2523610003/1775578140.csv,9ae3219d3685dd389ebe116fb3fb95e5ea788013d38bbece7d91382d2925116b
C/30004/2523610041/1775578142.csv,ffa9f9f1e073e74238079f1209d85a58ea38a0ccdca081e48b5e2ba587559a9e
C/30004/2523610075/1775578140.csv,50fe5687b58720f19d03404ab0d6b03699690d7fe22b60642df49362ba3b4f5c
C/30004/2523610126/1775578140.csv,7fef6acb7317021775578a744d433af21b8c897f5dcd31041992da2816250410
C/30004/2523610134/1775578140.csv,b82cde6174649486161b4f6047486dde0e69a0b5393a49e18d7cc331816f4900
C/30004/2523610160/1775578140.csv,82ee433628dafb6fd7b1e56e7dc2edc5ed744633df46f86de9464d01cd8b26fa
C/30004/2523610432/1775578139.csv,ad81490b71333700aafcf332a48c5cbfc0ddd1ae502bb0a4ca71effe88e72a04
C/30004/2524610033/1775578140.csv,8e8da4bd40a008cde738810938f4e82c4e757bcbbbe7849a51d988218992f470
C/30004/2524610041/1775578140.csv,37c2199b31db6a584949a9f0aa6c59c9d1c2c797b184e1cc82a02868090e57a2
C/30004/2524610049/1775578140.csv,9573e4489abf1f541e23fd25599da49ccc96622977cbdcc29d0225d95455ec7e
C/30004/2524610074/1775578140.csv,cb042ec73f69cdbd2d86405388fec791f7cd2c48ecb2fee4c157920a92327d73
C/30004/2524610082/1775578140.csv,cf89eb91962fbe99916c4dc954b07d5e9fb7f34cb3e0e07cd9c8da6068757467
C/30004/2546610759/1775578140.csv,9986c0a936f5f4bbe7a2b549081e09ace7875ba49745b93ef9e687b694082fb8
C/30004/2548610286/1775578140.csv,e20ecb38fb2aada4795074b41fa15617dae3345eb5cd19e43ab5927b35fb9163
C/30005/2521610325/1775578158.csv,053e8617beef3e5802ef29ac6b94ed8c12ae774dbdf0b23eb63af5398740ebd3
C/30005/2523610003/1775578158.csv,8ccdf6e0334bab5c82e713a2e0553e6e3c2e39285c15ddf1ceaece20c22f7784
C/30005/2523610075/1775578158.csv,d71bdd083c6710a7b15f9531c79fbaf903825d7e3183e0c6c26e137e784fe876
C/30005/2523610126/1775578158.csv,698fa046760a6e23341223545cb19c6139e26548ec991b5289d5cf7e2f268609
C/30005/2523610134/1775578158.csv,5cb067a81a92bd46711d6eea5ee9f338b623e3df808d237c7f5f01983936e0a9
C/30005/2523610160/1775578158.csv,85ae8826b992b3eb864f49caa1c84af6bd57ab42487b436692c0f27b79bb4c56
C/30005/2523610432/1775578157.csv,365c18db1833f4a4459c4e1e51d3c09f7984db1577afe53b57145aab29876865
C/30005/2524610033/1775578158.csv,6cec506fbfe9ddd752d84cee1b0bb3f0085d9e3e4f0ce8da98f85482ba15791a
C/30005/2524610041/1775578158.csv,b10c24d018375903827601da10317b0ee7801c0690c2e43e152d5d2d954b2284
C/30005/2524610074/1775578158.csv,e760a99663e6534c550d88e4d0fd85c7a20986f6453db7305a91b04f7b61ce66
C/30005/2524610082/1775578158.csv,0ae4443cea765c8c860fc63176005af2e731585c16497ae474f30f4b2723d510
C/30005/2546610759/1775578158.csv,62b591998dd3a281e771f78aa2f09b91b44cdd4e275f8fe44fe2df7b30298f89
C/30005/2548610286/1775578158.csv,599f4bec0eaa73677869eac4f48c860188c219d02e9585544caa8a56f09a9bc4
C/30101/2521610325/1775579668.csv,da4305a26e41320835ec84f30236cfc5e8feb1f4addf6d1f5a56801444759c65
C/30101/2523610003/1775579668.csv,f301ca650954b7f9969bf789934864256c99c269b9a6329b7387996bd80ca960
C/30101/2523610075/1775579668.csv,93397007e73e93fb42627c9fe24398350dcc9cf23a60d0360a786132ef5fe809
C/30101/2523610126/1775579668.csv,356de29293f54ddea030e61ea0864e4fad2f90e8b178cf5ae375658270c63ba3
C/30101/2523610134/1775579668.csv,683f7849b9707267afbc6393454ff49768d9dc2b3bd13aae48af7ec4d7cfd106
C/30101/2523610432/1775579668.csv,45cf5fd5a1a05644f43bf3e99c40fdc926f430cc9abef6c80faa0532b53577ce
C/30101/2524610033/1775579668.csv,48068453b7de635cdbf5e3982f608763586f34577a099f09dc490ae1042d8794
C/30101/2524610041/1775579668.csv,da61844c738549e65d9c5e6e1a655d02b17b75e1bf7ce01278e9695041484718
C/30101/2524610049/1775579668.csv,06ab863cf980ce470e1a1e0a9eedb3a9edc93c164535c90cf113184fae1b8b11
C/30101/2524610074/1775579668.csv,e93cb4376397059bee903e94f6c5591fe414d14f83149c1fb222006c5a561a3a
C/30101/2524610082/1775579668.csv,0c8c844c29bbf9f907ba4696c69f3c592170312c39c3ceb126f702af552e4728
C/30101/2546610759/1775579668.csv,a94f9e86c11618018286a9674ef5fc29525e1167bd75b0621bb30fbba4f38c9c
C/30101/2548610286/1775579668.csv,89dcd3bf2781b786051aa1d11233a66fc40f188c9f5e357b4c7f654674ef43e0
C/30102/2521610325/1775579686.csv,054d145d65ef035848d095bda27c04b4329dfc7997158309e41404c742580902
C/30102/2523610003/1775579686.csv,f9693f328a19e34db436cb04b9d4d01f742893643b36a483d3eea0674aa83757
C/30102/2523610075/1775579686.csv,8903fc3c724da46d98ccab9c0d6d3416cecdab0e970e7dad10372841233c38b8
C/30102/2523610126/1775579686.csv,b1169349233349d8fec54da4a684682df88526765db8fa0ecc19318d9f9700f9
C/30102/2523610134/1775579686.csv,b688d779202cfab3273ea994cc7309203d2307677477fbc5b3a9c0a4de0e56c4
C/30102/2523610432/1775579686.csv,fadd0a28c34139a9f7bace309df2d124c7450fda9cb971bc561b08581480b384
C/30102/2524610033/1775579686.csv,37235dae0bfca47759e3d2991ae5de3fd6aac9cc871e8bf45ad84d4785f9bfd5
C/30102/2524610041/1775579686.csv,54d913dc28a02bb2c634ef5937709b21888101e53da961875655bb32979a29ae
C/30102/2524610049/1775579686.csv,6614446b983c5b07d349c39db7a4e0b7fb404c8de07029de71485d56626c5678
C/30102/2524610074/1775579686.csv,640213cd9e9a66c9dcea79794b7b0b9c94458aaebb677e036e850bbf05557d3f
C/30102/2524610082/1775579686.csv,9ddb55b7859608c6cb60decc9910bad53ab8a48d1239c87767b72894528b1733
C/30102/2546610759/1775579686.csv,03ce166f01aab03e8add837ffc9d53ac809696b1b50d06ee555191b7f65abcf9
C/30102/2548610286/1775579686.csv,e082d7aca69acb3e782448f6e63fc3b7c50d2a0ba046fb70bdf12f054dc63ae3
C/30103/2521610325/1775579704.csv,a9da0896c42d6916a3b23c97b10edd25e438a7ed5ff2d6c1ad2813d04a734cef
C/30103/2523610003/1775579704.csv,d1f9d207815e710b85a1f1b3f74e4bb0e44ab9b774416af1fb786f270227826b
C/30103/2523610075/1775579704.csv,d83b64eb9f7f3663e16dec9cd1780a00240840b40fa48489bd10cd23149188a5
C/30103/2523610126/1775579704.csv,a3ca9937bda31964eaa75c476b5af2ad31784f42c10079a62775385ca68aa78f
C/30103/2523610134/1775579704.csv,6e96cf13ab59493506017a3f36d12d57e3b17995f3350a52bed2a7a2362e7beb
C/30103/2523610432/1775579704.csv,9c0644ad22acc757bca433c07e74a41201af91747d3983ff4f8ff27e7f221696
C/30103/2524610033/1775579704.csv,8c5c7f4cbb1bf247ff08efb63ad8c154e04a40fc7492f101b33b3049292701b6
C/30103/2524610041/1775579704.csv,8a9ce0771c8dca292f474cc3e618880ddec26e616f526ab6bbd373446862b467
C/30103/2524610049/1775579705.csv,2b3b4114da66929fedb9db8bd9acff2965f61c733649216678eea19597b39506
C/30103/2524610074/1775579704.csv,48119c70ebe3eea83e2cff7eff27b4ced17d414fca77c878e5b2034b0beb7602
C/30103/2524610082/1775579704.csv,9a6fe3a0255ae63c42d71f33512c8ffd9f076f128942777d82db79a87d696590
C/30103/2546610759/1775579704.csv,bec08670f0f8f41496e3ac98a3182b195e510cea2497bf793fcf1c096ac5b293
C/30103/2548610286/1775579704.csv,17aa19fae1106a9fa903b00cf120d1527e0d55be5f31893914d2a4c12ffbc685
C/30104/2521610325/1775579722.csv,12c19718fd0409c0fa24314effb876f8213c4893e768e85955cc20bb76805bd3
C/30104/2523610003/1775579722.csv,763ce81fa21e3644d3f7f6b01ba8e30bea6a7c8047e407be5541358b1a929659
C/30104/2523610075/1775579722.csv,12f6c882e8948e73bebc8873d73ac7ec1c6632f3af9d9618317babe6fa6fa233
C/30104/2523610126/1775579722.csv,e363302c1e4ce164fa7462d9ca7669e0bfd9d840e4e1201d6d285e02dfc2f25a
C/30104/2523610134/1775579722.csv,92b993d40e8b0ba404cadf7722826327a87e807b4cdc96ec432dbfc7920b4677
C/30104/2523610432/1775579722.csv,e3dadb3677466da19e61a8957798c95cc89b012fdb13836c533c4df551c47c78
C/30104/2524610033/1775579722.csv,ed6f7b4ef3915f2964707e479c0ce814c6a278431e0879a2d611abbb5e6242a5
C/30104/2524610041/1775579722.csv,97a590dd24f8b6a2cf0843a499587521a4d3144a5519fb20e41475be4645f85a
C/30104/2524610049/1775579723.csv,6f97ed778f8a5f9cad9d6bf9464e908e972776c613ccbf874180c85121576a49
C/30104/2524610074/1775579722.csv,9d98677f10b5173044dda1ba130221ce0fd22ff078c990bc5dc749405ce2f900
C/30104/2524610082/1775579722.csv,e5041c161db0f36904c644cd764ac102e2d282c9225bbfa30cd5f8d627896de5
C/30104/2546610759/1775579722.csv,d69a9e463e82f32130718867df879e4e10db7f17b631077bb32ba26358646a54
C/30104/2548610286/1775579722.csv,eb81420aa610bf3bdb567de8f8a0cf2bb3a05b35e93b6a3adee35c7fe5db633a
C/30105/2521610325/1775579740.csv,3424fb3f92f2799627b3e55f026c3535f23af5012ca5a9890c5ee244b3ca7480
C/30105/2523610003/1775579740.csv,d7fbabf97af9ec1330ef01c5a9ce69c76c6154feb45791e0f59d28ada5f581a6
C/30105/2523610075/1775579740.csv,7230a0e58773efd128b827bf98b18e3df89e7509cf69f153bb67aa70f441df51
C/30105/2523610126/1775579740.csv,7a6509d6a846088ceb4b56a9a2263b5c63ae6561d0650ccc2ce5fca1eb44491b
C/30105/2523610134/1775579740.csv,441864059915300391beb11235bf4a0baf419b53f7cab57e8e57bee8160be915
C/30105/2523610432/1775579740.csv,e85666a948256d3067c6e084ee9a1511fea1000248d3392741ee1373c31c3bdc
C/30105/2524610033/1775579740.csv,1cd2b8cf4e4b7472c22ef74ca1d084d24ceeda4ab029ed7d9ba15b170dfa9bf5
C/30105/2524610041/1775579740.csv,3eaa17ef4880ce763d933d9ca0d589ea6e07607ace3587aa2d94f44e73d43635
C/30105/2524610049/1775579743.csv,acdbf4a9258a0db4f9687df4e6650f0a31aea503da4797df978f7b63ce699b66
C/30105/2524610074/1775579740.csv,afeb44cba3e9252b6d47e23ad124f8713912782275fe485039ca1fe6c904184a
C/30105/2524610082/1775579740.csv,647422b82f975805f364981f19143f33a540fed95cbb0eaac6ee5d17d63632d6
C/30105/2546610759/1775579740.csv,0d832099ec93c38347b194ca6730379d1027af10aede34fb0fa659a864354f30
C/30105/2548610286/1775579740.csv,a996560a8475b4892250c11a4a2203297476dfe79293f0e9ba48ee12b625b66c
C/30201/2521610325/1775579758.csv,b684349d5edc0076586b4b5b29ae718335cf7b0c83c23ffc834ce48a77c60186
C/30201/2523610003/1775579758.csv,2e5b4ed61a06da714cf9ba401fe10319a65b0185f1f2ca56148ddbb741d18df3
C/30201/2523610075/1775579758.csv,b133219cd161cfa2ee060833d3af656c97d39a279185f8b67d2087f60822ebf2
C/30201/2523610126/1775579758.csv,14a15449371009602e83a699ed9a8602263e07812e9309aaca04c4d757503076
C/30201/2523610134/1775579758.csv,0637dfcfe122bd6c7facac5c6b5b7bfeff169a7441a5041a1851574316379f49
C/30201/2523610432/1775579758.csv,34500ca94f4c05c5ee16cbcb4737edf35451061850d1420ac525dea7812f80d1
C/30201/2524610033/1775579758.csv,3905ad344db306b01c68c5b3343000a7e97af91fe2d9483a7a533f917a90fe49
C/30201/2524610041/1775579758.csv,50047d6beb6e87bd8858a183f10725f11ba7ca5e66292937afcb734f37158dfc
C/30201/2524610049/1775579761.csv,5e71d771f3f4456227715348e21cd989df980c6e68f5fafbbeba0c1abb35f72d
C/30201/2524610074/1775579758.csv,cb31d6c9385f2b457747d5a610604b9f49417de8d850d663fdda884caeaf0dce
C/30201/2524610082/1775579758.csv,3cb8ed0484cc1b480067ac9ccd7381c5efa04241c376bee8a7b27ddb0e48ad4a
C/30201/2546610759/1775579758.csv,047c6528282b84433bed38691ae5c0da192e31c888995e4402cc842010d6b912
C/30201/2548610286/1775579758.csv,63c82a1ce9157d396ce9ebd2e3090076066fc7c60f5eeed23724ba2c3900f380
C/30202/2521610325/1775579776.csv,317449e4e99d4964bf6dc3412288edc99309e852c7414679ddfd3b26874f34d9
C/30202/2523610003/1775579776.csv,fc189cb3f11834ba07014d047bb144bf35e41ef9dcb48db4dad88eadf9135a59
C/30202/2523610075/1775579776.csv,640645af1178c5af1984c21391e23f6d76cd9fd7e16be8bd127c49f46d2b040b
C/30202/2523610126/1775579776.csv,cb5ceaba1d94a15a01ca96544668ab860732502ded4893ac837a6e0c3fcb5825
C/30202/2523610134/1775579776.csv,c04544151b5787dc39e644c08615705aa5d634e17de56be8c60efe2354e08a3e
C/30202/2523610432/1775579776.csv,8bb213888cc08adbdfa9b375e0f078f26cd06a5ca9f0a5fbc3836a030ce6c89b
C/30202/2524610033/1775579776.csv,3febcd2a6434846e6225212cb649a8240c6acec893f0d11c35bb6a89ea38f4dd
C/30202/2524610041/1775579776.csv,4d98d9a634885c018621fcc514bcdd1ab38d80c9dc6bb1c9b4e9d7f5a9e16da5
C/30202/2524610074/1775579776.csv,ff8b5410300a9ab1a4c66e668c53251c7c25f5db88351df500fd062db116471e
C/30202/2524610082/1775579776.csv,28c081370912a1574b95000a68bf9126aeeb4900a5d8aae3037f9dcb69ef8d93
C/30202/2546610759/1775579776.csv,342881ade659d42362c039e160365480aed71586dcd3e2d19dd1f4ca0355ffef
C/30202/2548610286/1775579776.csv,70083935431fc5c4f4e3d4ac188f0133f8dfa61e792feb3b39fac22a92e1db61
C/30203/2521610325/1775579794.csv,f106f5b83a04d2700b268f173cc53375253527be77a90fa1ff9328a8db485a6f
C/30203/2523610003/1775579794.csv,5084a9cdb99775b8f095aaf04b1c9353caddc252dcdfbcfe7d4665b873a4ac61
C/30203/2523610075/1775579794.csv,758bc55987817590c394a6782db85211e291a7a7d3c86d4ef570915f230f9232
C/30203/2523610126/1775579794.csv,40baab14b26a40ea38551219f9edcd53b43258bdad626de121852600ebd18fc5
C/30203/2523610134/1775579794.csv,4057c36b2b430afe6c4fc4efd33508234b526452cae4b14a10cc7dd4b5658d80
C/30203/2523610432/1775579794.csv,15486b5c260ff64297f4b103a93f82555b093b5b9f6992f289fb65acbb034081
C/30203/2524610033/1775579794.csv,cbce13a764482d30326f1b7e025e724fee8b4d1773255be6d0403d6bc8965dcf
C/30203/2524610041/1775579794.csv,14edadc63b539f09e5526702a155c8ef6f1f748f0ee118920237b9b9b75e3d6b
C/30203/2524610074/1775579794.csv,20e37fcf3a825b94303505abd137de15f5511a213626443b011d74a699919d2f
C/30203/2524610082/1775579794.csv,1cec4042042443cf715afa4e23cde2ce7f2abbb6bedaff805deef3a442ad27d9
C/30203/2546610759/1775579794.csv,37466bb7ef6e89bf2b99bb7320f73511e70f07f6de980516f2169d8fe9ee4967
C/30203/2548610286/1775579794.csv,33640484861914c59dbc5c880fd849444f485076c21635cc3850c86a49819fa7
C/30204/2521610325/1775579812.csv,430936e5ef0c34fcc836c9c88064300ebf539800faf2c6ef87f7240950778aa4
C/30204/2523610003/1775579812.csv,d5b1c10fdfdbf1bec1a004fe49c388600ee89c091f2b793a55213b541cec9423
C/30204/2523610075/1775579812.csv,dc7d06399ad46f76c0cb399dac0125d265b3d3929d72b05c658b821417165667
C/30204/2523610126/1775579812.csv,ee2430cf7f13974a4877c56722b63493a5923723f5f9a7fbc698c2b5a162fefc
C/30204/2523610134/1775579812.csv,6d35024172b2a5f3c05e99ff343b7bf36a98e468235b8b13be1c7cf0b19b366f
C/30204/2523610432/1775579812.csv,7bf252abf5f982362424381bfdafb2d79add353ebb77a92c8a54a53baab37885
C/30204/2524610033/1775579812.csv,8e38f4b89b8bfc07eec100047ba1f6a523f9ab7a745e34443390ec12b7e6befa
C/30204/2524610041/1775579812.csv,df309e6a23622fcd5e8473ea362818e1c1ea9f7c59525b7fc68cbcabd8b0f13d
C/30204/2524610074/1775579812.csv,5fc0d061096c9bcc9d36355bec1419ef0ad7370c13fe222373cc05ac0c4f1807
C/30204/2524610082/1775579812.csv,fba7c472c6c4764d4d95b81520675bd39f956ab842297a81025d6dc952f9fdfa
C/30204/2546610759/1775579812.csv,0c5dee589743570f9918c9c1f83bdf166b10c2fe02c3315ffe818ad0b44e35c9
C/30204/2548610286/1775579812.csv,38ba3171a1a2ab12545f3470e03d66cc7935196954249262468eb7e969a6a373
C/30205/2521610325/1775579830.csv,24a7239480cf6ecdc2bb452e4fe987b4e09ed7d794bd968b5ceb2ae958c73ca2
C/30205/2523610003/1775579830.csv,e916ccf4036582b44e6613293b251f15a503d32efae177c2e6f15bfbe6723957
C/30205/2523610041/1775579826.csv,b717f39a43a961f2e2df054cfbc6a6a9a88c3b22b213f4e230274bd3ee4da87d
C/30205/2523610075/1775579830.csv,2d12b811d98a314b084235028f19242220a2954faeab0089772a4a676caeb354
C/30205/2523610126/1775579830.csv,8cae8c5cea9e961af5eb470239e2cde8738a4bafab7cd5df45059d80cdc6ff29
C/30205/2523610134/1775579830.csv,61cb4f43cf3e819a4583dffd2350683be5407a1ee6e7a77485dd846b955b43ef
C/30205/2523610432/1775579830.csv,a6e21859e7a39db76459f1e23566baec3863515027038cc06fcaef6a1fc5572b
C/30205/2524610033/1775579830.csv,6bd6d641159e97400289e496367a803abe5903e348bd0bebf58b3d366a8ca4f1
C/30205/2524610041/1775579830.csv,8fb1d911502462a95850deb838b10dd86828fcee0ee3a2f4a288a6b357cd3ceb
C/30205/2524610074/1775579830.csv,2879680e9a840aa9e34e690957e4ffae180d5d218903362b22542ed7c6830188
C/30205/2524610082/1775579830.csv,6005f11cc403038565ff23f18ba71e0354c08d73c2e806110abab578c156db82
C/30205/2546610759/1775579830.csv,539273ce369c610ba3cc6c23ebb302efca20c7d28708855030947a5f957b9597
C/30205/2548610286/1775579830.csv,52b3f84f72f1016f4b193fdf2282a7b6ed7a987389f0179318302cb3191892f8
C/30301/2521610325/1775579848.csv,66e5f65456e0745122465c138458042c6f271b6bc35fb0f37cfce9f11b949bfe
C/30301/2523610003/1775579848.csv,8505e53d719a7075484098a350888751d68addf0f031f991aa8b983921213c68
C/30301/2523610041/1775579844.csv,f54c54dee687612484b9de808589b0ffb2bd868e17b3812bc823faf160e70a9c
C/30301/2523610075/1775579848.csv,7e36f59a5f66acff202be23b8917815c8b8af561a0656575b0e8e1ba504d7bb0
C/30301/2523610126/1775579848.csv,cfdb89ad34ecab69da95b8c9fdb4327b89a9465051f4ad3a0851c507b7de4d80
C/30301/2523610134/1775579848.csv,6a579c1723531019ef363f6adb10c1f1ce5a0b79f39c59ae87616d69beac5274
C/30301/2523610432/1775579848.csv,b8c3ed65884664b8e2c69db770642268e75205965b6800d50a43caf145e3a2d7
C/30301/2524610033/1775579848.csv,0c0f7354e42a25434e14c0937447b521241425499c6a800a1ee0b3ab51bd9f68
C/30301/2524610041/1775579848.csv,59dbbc5d9a6a53dfec9b7b515076d429b48f5c1dc1dc78b78f6466d312c07ba3
C/30301/2524610074/1775579848.csv,80d152e1e1697bebc8059476f8858cca4631e6bb7b16329b11c3f2707b50b06c
C/30301/2524610082/1775579848.csv,6af5967f8c399512425726cd3ce965df7141cf56739abf3b24f6091cfe95b7df
C/30301/2546610759/1775579848.csv,0b7361fa67d44480f985720154bfe6ae65a2eab36c752e0fd5bc81dfb9db489d
C/30301/2548610286/1775579848.csv,bbc293c07444ce610f90b7803ec1cdb2df52c0496ccd1bb74681035b82f3f2dd
C/30302/2521610325/1775579866.csv,42996ea87618c376087c79bfd8d3f93ddaed652ee5143fce8d4659ae04188999
C/30302/2523610003/1775579866.csv,30296608b51a33bf3ba47c1f0dbd2260926449f64a7809fbb5b39c03da4565d1
C/30302/2523610041/1775579863.csv,d005529cf321198cabafa4d5ff9954c0d55306725bd4d89b52e91511fa29a371
C/30302/2523610075/1775579866.csv,f3a74dd63932773979be6edfccf46494b5e59190da5dda400205bc3bc5cdd842
C/30302/2523610126/1775579866.csv,04464a943ecb41fad089baf7aa5419f89016403d38417b7c8f5fbc8699b042d8
C/30302/2523610134/1775579866.csv,31f8f0a591b54e5ba4eacd72e32eddf52d6da6ff6e4ef0e2451bb957db0b97c5
C/30302/2523610160/1775579865.csv,5a79590c87992d8e82c5891e7560e0716536750b336e53f54961c848bb865c7a
C/30302/2523610432/1775579866.csv,23cbad7582103bcd023cef14278aa27739ac351d4fb80037a97315d700d81e6a
C/30302/2524610033/1775579866.csv,ba2e8c7723cf8ccd40380216ec57acbb20da77f8045368ac253c2b2c87a5cf7a
C/30302/2524610041/1775579866.csv,16bb7e226e5e4d0727f3cb3ac28101da3ace4b53b2a92cc217a682365d01ddbe
C/30302/2524610049/1775579867.csv,403538124ea69ed89ff7ee88a0956930388c54ebdd907d3f1e412595fc905096
C/30302/2524610074/1775579866.csv,668d3f7bdc0a3dcdf5495f8e2f32750ac4c0cb8d6fda628ecf90717fd34451a6
C/30302/2524610082/1775579866.csv,f00e2e1c06ad897ba72f0fde5aeaaddb624369b76c316a752b53a1e23576feeb
C/30302/2546610759/1775579866.csv,d2ba8e5a2d6e593a25d025bb146c15b5cdcdb07945b55c601b620fe24ee6a720
C/30302/2548610286/1775579866.csv,46e3d0f6461c56c4a0d7c4f92695f4e46ac76bee03c2608bd41612a9b287e348
C/30303/2521610325/1775579884.csv,bef54b681693d32a2b9ed58c0aa1cea9f1ddec5246b6d68dfcee8eea7878f4ab
C/30303/2523610003/1775579884.csv,c4d5fe9fdb5d5c70b95fd4645e49df0a6189fd2f5afc22908488ad23b7557de9
C/30303/2523610041/1775579881.csv,dbe087f3d9adba16f9d403cf2c58f96631ca7cd520644ae5aa53078d1dae86c3
C/30303/2523610041/1775579884.csv,a8147928a81de5b112ba5b58253376a24f14fad8bbd4a2b083a9068f2f84eca7
C/30303/2523610075/1775579884.csv,cc0e77defaed18fc44887032266f13dab08c6096de45a85bfb9b45d3a68e0cee
C/30303/2523610126/1775579884.csv,84d5dfb0a2d595aba91725bf738bca53f32aead28accf653120b6051c7df9210
C/30303/2523610134/1775579884.csv,8e14439c36738140495e76892549befa8b47e1c03262b05361168b2d1108eb79
C/30303/2523610160/1775579883.csv,07ea10b378e4296e2877e38d9332e56daabd8ea1d3830f73bd3ec5f10398709e
C/30303/2523610432/1775579884.csv,f5088fe8b1539dae19a8bbd8f7ab23efa71d574a08a88e033acb2223fe8ad889
C/30303/2524610033/1775579884.csv,8d60944f6408b4eb37bf7baa7015e5ceab07140c0919d34d473775688f4d556d
C/30303/2524610041/1775579884.csv,d4f3ea9f6b1271355a6433c6f1efad3d7440569d8f2cf9443877745ef3452178
C/30303/2524610049/1775579885.csv,46a7f711c52e175c3bbdceee387032b24aaa2abf325b4586c41cbf667bca7e3f
C/30303/2524610074/1775579884.csv,5ac7c3ce61b63c5b1d6987d7116a8428157f99689894df092eb0fdee8be9b2bd
C/30303/2524610082/1775579884.csv,f1bfdc7373651d8d7249cd991c3dd50224eb99d0c5dbe7656f3089b16b928aef
C/30303/2546610759/1775579884.csv,f95ad32a08a7d49b1ce31479220050e4ae1efcedb72e45a510f2cccf9b7fd257
C/30303/2548610286/1775579884.csv,fde505443f4dc65983e53355cdfa13671a66d40159f4bbd45c4c26d3db2a295d
C/30304/2521610325/1775579902.csv,e285205e428857f35f8217f39c6d69dbacc4edea0552a8cc73485d06a509552b
C/30304/2523610003/1775579902.csv,072d5f75352fc122dedadf9400ae5c10a85fbbd6ce573a80f289012613219215
C/30304/2523610041/1775579902.csv,caf108834132923fbb86031fc974a2c1438b6513b6a838b76c6c78c6d04c54c6
C/30304/2523610075/1775579902.csv,d65ffbf0ddd829026a265e7a58408b718909fecd1c85aa877e856ebfc1367994
C/30304/2523610126/1775579902.csv,3f6c033a1cf760ab96692e848d37116d318ee54653b339db34bbf8a70b06420f
C/30304/2523610134/1775579902.csv,e9c15e9a0e82831cbb542349e659f787cc6e99295e6321abf72de3d8c5e17e3a
C/30304/2523610160/1775579901.csv,22483d90883f76b67a916f0ca07f199e550a5c5f9b1a26a9483f173a8c766c23
C/30304/2523610432/1775579902.csv,ee4bcb52aefb789cbea716b5b45678e805f5c150bb0a6a388350640a78e9309f
C/30304/2524610033/1775579902.csv,e422dd777b070388448121826fa43ff9623ef2ed3947cf58a50e55577ad1caf1
C/30304/2524610041/1775579902.csv,d42bfb23510179f8fca7053951b40c7b2ef8af6a33e854921612dc4f14e2f165
C/30304/2524610049/1775579906.csv,e8146dd239feb5b62794c16be4957af3613a80dfbf89a7b5233e48a345d05f44
C/30304/2524610074/1775579902.csv,82aa4b8fbd1cadf2be7b8d0652f8ba289b119e6a7d944ab0e1056f42efd6c928
C/30304/2524610082/1775579902.csv,6050e8b0133c6594bf56ab65fad10c5723c4dafa8b0b92332cabf7c8b6fbea8a
C/30304/2546610759/1775579902.csv,0a4f04e5415a47b415435e64ccd223632671982997f65c1499b6e6e0f10cf7d9
C/30304/2548610286/1775579902.csv,15c95df81424788804090c4a84888d4ceb244951a79ae786835cbfaa46b9bdb3
C/30305/2521610325/1775579920.csv,14ce23a400d162859801c05dbb661da09f11cd80d8a203bbdfe2ba1a9c92a83d
C/30305/2523610003/1775579920.csv,1b50507032f5e4e74c7f4b0aa0333ad37f5a687909420912c33ea48abae9b9b1
C/30305/2523610041/1775579920.csv,e8a1e2e2f0af8165ff5b00a7b7da55f309b55044805dd1bdf0dc1f7569bf239e
C/30305/2523610075/1775579920.csv,1c1ef1d99360e4b088417719816e2a64bbe007a292ec883cbe312102fdecff8e
C/30305/2523610126/1775579920.csv,8acfcb81b1238960b3171b85d882389a1cef9db4b480d9ee5c1a7def89f850b1
C/30305/2523610134/1775579920.csv,daad4106a1e36914dfe3d7dcd82396615f0fc6a2e25f4d608320b65a206dcff8
C/30305/2523610160/1775579919.csv,34bc7b8c4f945e8a821ea621a2a0bcd6fb700e041d4bbf19e4bec6630159a419
C/30305/2523610432/1775579920.csv,fb7ec945a6ffd66a7423eaf5d7160e43298ccf39724b4c194e1ec942bc07c87c
C/30305/2524610033/1775579920.csv,84dfc24ed0869e02f99e8f1cd1ef6a2feec4befa7501ec85b96e0d2738c3e55b
C/30305/2524610041/1775579920.csv,c114effd761def6612177e00d35448ecfe8c7468261e89e89a51bb68035469b8
C/30305/2524610049/1775579924.csv,61c508e3c56297712dd4a5b81a7fa405b7aebb4142b660099be44304c87a17e1
C/30305/2524610074/1775579920.csv,c03a5070e6c23a53dbec09b81f73353c5adc8596a789ca1b7f3815463e0cc580
C/30305/2524610082/1775579920.csv,7869ab13e06de0d6a4b031de6e878d534dcbcf1ab48d18a663a4b43f78250e62
C/30305/2546610759/1775579920.csv,2037d43c8646ca337d4135f276f0fb8d32fde136a7ec58f02197e0a1aa584ff4
C/30305/2548610286/1775579920.csv,5a2ad73106a1fab5bf452ae27826e8ea3ae13d81306e08d21b551341073621b1
C/30401/2521610325/1775579938.csv,e062fb38a6fae897e059bf935e420eb9742735046f0b32781e54fa6794e532f8
C/30401/2523610003/1775579938.csv,12c0e2dc5989004caa1247603911f91bc42d3ff3ec66d0765029b4e17f8930b6
C/30401/2523610041/1775579938.csv,7d4b9f8e50ca426f32def1ce55e36e5f66a7e801897ce1a487d477b140725c9f
C/30401/2523610075/1775579938.csv,fce2a624d3dfe5a6ad30feb9fe52814040a7dfc732623ff69a7d7b0e013ff87d
C/30401/2523610126/1775579938.csv,c1acad2a9b49338be560091fe4545c0fccaccda2bfefb24727ee92c8f52fcb13
C/30401/2523610134/1775579938.csv,ed60804b5c6afff4cc96a73484ba35172b92177fa1ddd1f33672977ce73020a0
C/30401/2523610160/1775579937.csv,2e90e984dfb2f3c22952573f5bc730b98c2bad28c2c56293355da39f2fcfb807
C/30401/2523610432/1775579938.csv,b22ef21372022b15aa65592c1fd48eb7f4cde6e9b91d2f59579aa936c7a4b098
C/30401/2524610033/1775579938.csv,a7ae4c7f3149372934ae7aed6e287e43d02a8a93dd8324f7d849c5d615784037
C/30401/2524610041/1775579938.csv,45663abd9210289b2e6b325186e4510b90fa2dfa4afd201af20dfdbe034de529
C/30401/2524610074/1775579938.csv,48e34f6a63f4611445c98fd460872930d10f9d08972936d15b41d98e08846d96
C/30401/2524610082/1775579938.csv,da3804105a0d03b970f72d4e89d5981e0a05737c5b788fcc8bdaff005b50ae94
C/30401/2546610759/1775579938.csv,2f7ccc2087f190ea6a45805debef5611903d19b96b0316098d0ba854166d508e
C/30401/2548610286/1775579938.csv,b96131e27fd4c94d3d24f07c62c98abb95623ebb6735d3b5c0c6cb33eeac1dea
C/30402/2521610325/1775579956.csv,62d39920a25ada9fce8f01624b85c427b0e0ca770b9a78610108e5fdd9822948
C/30402/2523610003/1775579956.csv,a14290f5ad392c6a5858d851110aab7589300b6201c311c240eba9d49be27663
C/30402/2523610041/1775579957.csv,23beac9c33304318f544d44c386061612a3de85690bd22d461dcc3af6752dbdf
C/30402/2523610075/1775579956.csv,63d84b656fd68059a004d7a510df23bd2ef81aeb67ac34a07363afc17555f1dd
C/30402/2523610126/1775579956.csv,d42d518814947f0d7aeccbf3926abf58d61302276e6854caacef659b0dc5e84c
C/30402/2523610134/1775579956.csv,53d260b632a158f6a59b0ed2b49440463168691b75d2c01568b51945fd2f3ee2
C/30402/2523610160/1775579956.csv,f28aebc6eb9302c21a97a2758f1cbbd30f105acd8188f6dd138a16d86942551b
C/30402/2523610432/1775579956.csv,da1301bc9185fa319b984f876127e535a681399b6f6707a2196442674250b916
C/30402/2524610033/1775579956.csv,a1bf026771ecbfd4cf79e9c42685d4168dd1884af16d7127f6dc6d91125eacd8
C/30402/2524610041/1775579956.csv,3ed24d0f8323d8e14cea84b98abdc9246b6de4a055596387b78c31816fad0bda
C/30402/2524610049/1775579956.csv,6571214528239599f56e63f82df74017cf366abfd7cd7fc85877dfb386aae716
C/30402/2524610074/1775579956.csv,e1f39c5af6c60650d65c13413a29cf9aa2c39fc92f76a6d69814b690f6155eff
C/30402/2524610082/1775579956.csv,f7b247238bdec684e8c034ea52ac6e1968df29777649f316e3bde6f4fcefc067
C/30402/2546610759/1775579956.csv,e9c3ac1ead4d61e87a370360bb4f3b846de776f8704e08ce0f2f9ed0500321bf
C/30402/2548610286/1775579956.csv,62eaa78881ebf84edf4089dad52ab8887aa1fc578121ad12c388469ebbac3fcc
C/30403/2521610325/1775579974.csv,5afd1c5c70ee4027ce6acac7e6b94002f0ddfd3435a1ef856725576020de66ea
C/30403/2523610003/1775579974.csv,e27d78af5ce88f871040f513ef6d43eb7c7f50f7bb50cfed1f1ba7a16c55375b
C/30403/2523610041/1775579975.csv,c739988e264c2da5980de57ca5b4e253431711d59874f1c02b5f97d2128abf33
C/30403/2523610075/1775579974.csv,a63856a90a2aff8bbfd8ad6ffeb328a8e4f62c39267ba627e9d2f057f3058efc
C/30403/2523610126/1775579974.csv,23cafcf302b20979aa2f7a4af49b9ce855e6e04a00dd07cf4975ce5eedf49ba6
C/30403/2523610134/1775579974.csv,14c891d35bd2ce60d377baac51ef23228f2e258185fed6efdd6bbf38d19d4256
C/30403/2523610160/1775579974.csv,99ef56b24da4793d00865e5eaf0fcc3f417aa2fce4a5d1f25404c270cb69fe05
C/30403/2523610432/1775579974.csv,7f45df11cb08b1b2d52a1716c52e97d29383f240f55f4e498f14be971f1b255c
C/30403/2524610033/1775579974.csv,4cfdb48d59c87d2569a12fdd218e19f1acb4e4e8bd05f255bd5e73f2c4ac04fa
C/30403/2524610041/1775579974.csv,eb26e5f81a9a15c79c98a9fec3f9d2a7bd674fcf74f55e86e20765bbff7eb3d1
C/30403/2524610049/1775579974.csv,b4da1d61c5130c81bd4d6063e0382b3ce1542b94594f151e1a3fcbcefa9720b7
C/30403/2524610074/1775579974.csv,4f294664bab4d01d221cee394367872367c3a43849e06cb01c3fa9db4d76aca9
C/30403/2524610082/1775579974.csv,a1c595fe264983c80addaf685189b2db66cd7f5fb71451f3e5396fd58ba199b3
C/30403/2546610759/1775579974.csv,7a4c8d23db14e74bbbf6dad609daa8820a0d175548e2c35f9b4aaea59bd5e7f1
C/30403/2548610286/1775579974.csv,8544a387409828e8c6026f64535dd8dde1b3afe276e4c8787eb08dc318fc5886
C/30404/2521610325/1775579992.csv,6519fead52cfc4f51ebb790a8079716e02e7a6625a78251eb4140849521c9e51
C/30404/2523610003/1775579992.csv,5b6d60762306add4a3bab353c1055363dcc4687108dc81cda2b8e627f802ea4c
C/30404/2523610041/1775579993.csv,5a8404a60cd1e63010ae9213a625bdb4056a344643c7d8e2b8c080c8939b4939
C/30404/2523610075/1775579992.csv,ec1f7e1152e701b58ba8aa94ecb57c072195147dfb5ee2448ec85466a8f2b541
C/30404/2523610126/1775579992.csv,24f7be29311d0fd99435bebfb9b7efabbb1400c4f551696388921d484818376f
C/30404/2523610134/1775579992.csv,c45f7e9be4933a37fe45dd834c6e9b210caade5d625a29a6980d54e5bd823764
C/30404/2523610160/1775579990.csv,b5d89f73e2de48772e4ec6ef6f71b95279bacf2608016b9b59375f9c81125170
C/30404/2523610432/1775579992.csv,f2befae1ed272fc835848cd30e9f82e79b7b51e56322b57351934c3846331f65
C/30404/2524610033/1775579992.csv,b5b391947bb344e3cfae2ef1330c584c2c89138997d8527bc5666c99c0947df4
C/30404/2524610041/1775579992.csv,8113781f86fea0938dac31c792f92af7be61f1543a77125f480c035226a34cd6
C/30404/2524610049/1775579992.csv,0c82ef586b6f5b4554049ae5b0bb48a4b836209b08e0c89e3758d37b93b4a0aa
C/30404/2524610074/1775579992.csv,4855908f3ab511f1212cb5a757a0fcb21eceaca89b15705b006cd148f417d0f6
C/30404/2524610082/1775579992.csv,00ac5a7dbc8508306632e08a40580f3a8a39525e97fac62645bba657994add3d
C/30404/2546610759/1775579992.csv,de50fe774d19b56b2e18e9ab931be3fc70fbd671e7ca754546b0f2e0cd8c9484
C/30404/2548610286/1775579992.csv,28c20958dd54b5075884dc8059d4463f600567fc836396cffb53f80de3849016
C/30405/2521610325/1775580010.csv,4b74ed23a495abab45b6afb140c5a0a2bbc7697103d325b559c3ade1b7b97555
C/30405/2523610003/1775580010.csv,1b0995f925be4f942c69fa78088799c03587b6df6ab6f3af27ddd20ea4293440
C/30405/2523610041/1775580011.csv,6f1c47deb79d03b0731d62b432f47b3917158cde9fe05dda2c6ac220a6290bcf
C/30405/2523610075/1775580010.csv,6e5142d0aeef040e82d8e1d5fb39a24f799c4d12fbbce4fa2ab6379dd8356fb3
C/30405/2523610126/1775580010.csv,9db579537b25bb68110c49c5fb3d47b951526c781f5c3995eedfb150a7f2560d
C/30405/2523610134/1775580010.csv,2c9a29c8263507df4a1caa3c0b3b71090f21ac46169ff7218acbecfcc722543b
C/30405/2523610160/1775580008.csv,d58d9e675f0db7dccf02dd7933a1be82e7625544e088b40127d40f9c0fbb2709
C/30405/2523610432/1775580010.csv,671672de89ad3176b9b2f743aba119014f7d0d78c0bf4b564edc3487c9bf4d65
C/30405/2524610033/1775580010.csv,584d0cc1e3dd4599cd73bfa374bbef1755622b589995bc60eab538fb0439ec2c
C/30405/2524610041/1775580010.csv,809a08c5edd9bef02f5ae80e695338bc1447e835e96865d50f6ac7d6fdc0c5eb
C/30405/2524610049/1775580010.csv,7547a7b72d19b7831f0b5fa4942008ed3d8b750be5329143acc0cd2590308be8
C/30405/2524610074/1775580010.csv,361f276afe764a52de714b9174e638f5946e256ee843e9d96f3d6f8cc040df8d
C/30405/2524610082/1775580010.csv,ec15689494cd0621fd36708b57d17e9d1b4980647932df3ab75716113e721129
C/30405/2546610759/1775580010.csv,0d6b7f51accded32b6f1182b295542450fe946edbae90ec2edd51a7406a86b5c
C/30405/2548610286/1775580010.csv,7757aea716e0210ab8091f6f4c6f33942568573becb403c8f97eccea0a8dc721
C/30501/2521610325/1775580028.csv,6fc7cff62e7ed00199346f6278706c19ecc2c0087690ca6b1e77e1f711695bff
C/30501/2523610003/1775580028.csv,988b9eb61f6cb45db08bad3d61598cd31c98da67c573c9c3357f824ea8d9740f
C/30501/2523610041/1775580030.csv,5d67398f9bbf408fb87c555c2a46c1e1bbb45e6b66e98def39d89dc0d0f52ce8
C/30501/2523610075/1775580028.csv,a6f4147502138e1efbde8a2d7ac1f8fb4d0a0162267bedaa373bbfd2f5e320ae
C/30501/2523610126/1775580028.csv,be23d2b58965430918f013942a36e8888551066d50e19c7ec27007f59a45af27
C/30501/2523610134/1775580028.csv,ab0bfcc2d8beff56f75b9d017370a8b790438fbae07133f377af1697bcdec999
C/30501/2523610160/1775580026.csv,1ff3f841592420ae0d9c8d9c883834402c35e514c21baed2784a73590bc8c377
C/30501/2523610432/1775580028.csv,555387c1b10fa9627dae57253ec80e52416be467db44d9add148f0a87f8b053a
C/30501/2524610033/1775580028.csv,a968010ffabbbc09b0f6abdd4f2a592c7ddec2242f7c3a484fa7755c83b53e65
C/30501/2524610041/1775580028.csv,48539ca535d3c61c3dfb5635f0d36fb213bafa6428d832c1c6fe7b58d8413dbe
C/30501/2524610049/1775580029.csv,5c2b458e5dfacfad7e58a5e6b7556e599518fd9e049fb03d8c08c34bf5de9f26
C/30501/2524610074/1775580028.csv,c0b1bc54164c042c26afaefa47de74070fa93da959ece637ab323f9563e48a69
C/30501/2524610082/1775580028.csv,2f966e17a821b67369b3cf6ee202303895d32edc262e2828ea7b7cb341a571d8
C/30501/2546610759/1775580028.csv,47ce369ea72f6c49d9649699e2d5d3aaae4d64e4ec36a9b06d2bf475ddb2a1a2
C/30501/2548610286/1775580028.csv,f27e271685e21740ef383810de91fa10df9e809256ba0963ac97019222a2a397
C/30502/2521610325/1775580046.csv,6ddb0f526e404809c91bfbb4c1c452deb09bb292a0f0e7bf23546cd044ea654b
C/30502/2523610003/1775580046.csv,aadac08cf93830dc80bba78cd1fc26af13d932983978ff7f957786f6d6282694
C/30502/2523610041/1775580049.csv,ae751677205c75f0d317e0a32f88dae62bdcedb32f49b29fc19d7d0ac29d74e5
C/30502/2523610075/1775580046.csv,05251f1dd5e96dc03dc587419166b101d927b0d315638b9c8f0fcf429cd5fb18
C/30502/2523610126/1775580046.csv,d4f2d8aa98b35904308d582d94d8f6e63e97d69bbefd2b63d30b0dccfc69e39c
C/30502/2523610134/1775580046.csv,0ae632645508474af10d285fcdbe28f2ce798be533724676dda11fb0014bf66a
C/30502/2523610160/1775580044.csv,7ccd1bf36a55e58b0c773bd18f2d9523667e9f1aaaf99f040d59821e77c3a5e6
C/30502/2523610432/1775580046.csv,6cd0fc4a2ab7339eac0391e6fde0486cdbed0476d74d93239bea3edbc8e5833c
C/30502/2524610033/1775580046.csv,13dd6e0c7eac87ab24982c4368c3b252afdb1218e17c207f1ecdd51a7c47d5a9
C/30502/2524610041/1775580045.csv,321c51e5f7e82fccc651661ca539f1156e6092ce35b3191b5fb94243b10f6229
C/30502/2524610049/1775580047.csv,d55e539738b2129668e799407109022dfd10c7c0837d3e5b04bf2d82d53ee8ce
C/30502/2524610074/1775580046.csv,68314ce54652b64c30ef5575b935c10eaeb3487674ade93e3afcc5c709b010dc
C/30502/2524610082/1775580046.csv,bff467be746ecb153413e22067fd0bf0e2298ac0771a267dfc156aa04a33481e
C/30502/2546610759/1775580046.csv,0d913c75227ed4f7000cb65c0de0dcb059436721a43636f23a2dcb4cb62f4f47
C/30502/2548610286/1775580046.csv,7b31303c762fb0878455e8dfdb950814530d37e01ca93922212207567549930b
C/30503/2521610325/1775580064.csv,cb005ea493144b96990d9c58ffb29b85de361607170b589af4ebebb8cc025779
C/30503/2523610003/1775580064.csv,e6bc24698d972991a9785213dfe7332cdb2d63189517012c895f09717b8a0837
C/30503/2523610041/1775580068.csv,18393244890bd5b97dae41b54d5045296335377f6849584e3f0bcc838f7fe62e
C/30503/2523610075/1775580064.csv,4de01c346d538fc91ce64c95a355eca6aa166ec922ea6a2552d314a62a159ae8
C/30503/2523610126/1775580064.csv,9a5f6fe2fffc45013931c45f687975ddda40b357ee3b8ab631a75e9eaece6846
C/30503/2523610134/1775580064.csv,0a4c5562313f1863d1e879f4e9ca0c90e8a73437bbb1608c032c526b26aa894d
C/30503/2523610432/1775580064.csv,1b10d87dac8f599540b440538de0614a15db083fc21629b48e28cf2dae607340
C/30503/2524610033/1775580064.csv,4b507bab2655b39186b64b71db567299e40b770985a3b42a3a09dbfb96294d19
C/30503/2524610041/1775580063.csv,fd23120dd863ff1bd929da97930faf2b2487e1de3a9bc81037fca1840e1b417a
C/30503/2524610049/1775580067.csv,41a68c07a6dc00388145918f009ef09616690a343ddd91ba374450d3c55883af
C/30503/2524610074/1775580064.csv,eeff325847f62fc687baae8c673b101c642047901c67d4d955acc680e3f27aba
C/30503/2524610082/1775580064.csv,4bd9e37c5ce59b0f708ed14ad74ad04c697809cc3450b30db10d46efe2418697
C/30503/2546610759/1775580064.csv,e758be4a9b8783d38a3f1359074af13d744e942bec12d981fbb198ff8a2f421c
C/30503/2548610286/1775580064.csv,978e8f6246df42df40d03a098a553cd36b18de18bc2e81bafdd5a0c48a16ea68
C/30504/2521610325/1775580082.csv,0d6a4160627f660618ae3b26877a0e0167723dedb990a460b1eeb6b2af02e7b5
C/30504/2523610003/1775580082.csv,aca8d4e7518d7813548f1069a912c886a60753a1f0cbc351fc139141897259d2
C/30504/2523610041/1775580086.csv,78172d8a6b096ef3089ff267f4588f3a73011ae6006209520d9da2f84ec84f70
C/30504/2523610075/1775580082.csv,7ae3b9add344260c29b72be86118df7712e0eb3d49e0136685eab73eb5d26ea1
C/30504/2523610126/1775580082.csv,d003e3ab744a1a05a8901f193f1f028c1477ce46f96d874b16649733eeb6e1ce
C/30504/2523610134/1775580082.csv,202db8087c3bfe4aa6db0bafd42bb0270fa52871b200afb63b5d249c5e33b6f2
C/30504/2523610432/1775580082.csv,334c969b6bec241e12071f4b9dd67e8c92b4ded28c5c4f66b5871dfe737d400b
C/30504/2524610033/1775580082.csv,b1153eac8e805d4c3d826d5aafd5ed1f571e43116bd9b2f003cda768083d1cff
C/30504/2524610041/1775580081.csv,0225c65d0c9d8a97eb0150171e6de1a55709c04e03e45a7d815959dcccabe1d4
C/30504/2524610049/1775580085.csv,bb8847209f0b848deeed6cea6832e5605e9df179de806345710e7fca0a95ea79
C/30504/2524610074/1775580082.csv,30fcedbc8b9a011766b053e9110d1ddfe78dfde3bb0e974fd199bbd2ec8e8fc1
C/30504/2524610082/1775580082.csv,caec46eb4e237ca9d82c28171d949ebc3074d9d9c067d70735ef6ea614b6a557
C/30504/2546610759/1775580082.csv,07e7846602c35cfc1ac85345e98f32c89c01b1ac6c86b4c74d1730a3cebb89a0
C/30504/2548610286/1775580082.csv,a8215e12eb0f7241ec9b448f0e4b1ba2c810c81a93c52af15e37ae736698af5a
C/30505/2521610325/1775580100.csv,e2d498e113f7cf4d8147fc3a2444203db6dacd945ec632be00abd6ac6f098f61
C/30505/2523610003/1775580100.csv,118391d37eab4bbc2525e7b3de59ca615537af237f05b1b345a9d50ac45ad369
C/30505/2523610041/1775580104.csv,34ea09ea28417b9a973b304395875deef4014160994692d0856a87bf006b6f58
C/30505/2523610075/1775580100.csv,b7d818c18f0f81ca5af86045c711c0da671d7ecfd265cf8434c3e127322e242b
C/30505/2523610126/1775580100.csv,8962bfff3a3d5121ffc0a1d43f27b0faf1992c7c1b22c0ecd6ec1e580d05063d
C/30505/2523610134/1775580100.csv,b0c3c4904e1d772209d5bacaa887874f373db1aebd1b50b1c1c98c1d176fd7b5
C/30505/2523610432/1775580100.csv,7bb2e7c754d1d331f78350e25f9351e7bda7c4f09b2ed252fa2f64a99b3dabcb
C/30505/2524610033/1775580100.csv,2703d2c623e051311342e2b0012e7a82749ae6a9250e24bb48cb8ae3fceb158f
C/30505/2524610041/1775580099.csv,e054b49b5cd0324a2d0a3071fc0132084266c5f243635775ac252444c9f758f8
C/30505/2524610049/1775580104.csv,4b25b7816c354cef0b78c9ebcc6e81b62e32db20a9b895c41955376ff07cb9c3
C/30505/2524610074/1775580100.csv,e7116a750c7af1eae11e650c4a455815193313fcc02d3c1c79957623e53ada93
C/30505/2524610082/1775580100.csv,7e0ad544d4a22b751ddee5fb42d89627a32fc3c8b99de24f988c693b36cd13d5
C/30505/2546610759/1775580100.csv,17e30c4142cb303aec2b8f6859e25d7e4faddea9161ef6fc61a0f395031e8a27
C/30505/2548610286/1775580100.csv,363ed2ab961e94107da2018c242a13be8811a165658d1ee11d259ec6db71b461
C/30601/2521610325/1775580118.csv,939b187fbd83d4c69fd26aaf08912bed2271f3875afe1fb28d05a6d685edbc68
C/30601/2523610003/1775580118.csv,2b03cbfe2d497bc4047851f5423993397893b2723a8a3315d8432bd4df7c2572
C/30601/2523610041/1775580122.csv,77e437f48a94b34b22638462e18ade8c6ed9d4199783fb7c6ac8a4421f11289c
C/30601/2523610075/1775580118.csv,af8c0fe13a3b634d03c46037b0aa6793b68b5510b36b8d18e595e896a935baf1
C/30601/2523610126/1775580118.csv,5bc00e65cee59347cac5f45d7cc254833396583fb634bf7edecc53c736eb11b3
C/30601/2523610134/1775580118.csv,4daf61187883ffeed1f9dc78c76c14af5d2392b2872b05204fb60ae53fbeb544
C/30601/2523610432/1775580118.csv,a7f7db2936c1ca9a4519a8b811e124d9a15832ccd41b06214aca2f75c1a081d4
C/30601/2524610033/1775580118.csv,5ef2dfc2aa7961ee513bc29543db4a47952ab758530f3cee8cb5206f7e7adbda
C/30601/2524610041/1775580117.csv,ec5c0650015efaef6ca506028f9f3d81f68ef2d07333762c43a578a584fa73e4
C/30601/2524610049/1775580122.csv,44fb27116fb9c7e48fa247d7743b79cc7736742676d3e1e25e5d7833387fa2fe
C/30601/2524610074/1775580118.csv,2b080fa05fa0436376c3ef5732a9fa158181c5bbf204cb5c2ab31edc1de88041
C/30601/2524610082/1775580118.csv,fd7fb4459131084efff3322a2c161315b06b2e257a8d7617c14b40595a4c01dd
C/30601/2546610759/1775580118.csv,5cdc799b5d3d6caadba1de0c2c10d4d8c5d01f8abd7f3dfa87ff5cdd1101acd0
C/30601/2548610286/1775580117.csv,9c87637752f8e81586ae4a72f3a361b9764ca8f8e12c2316fdf015d8f2d83736
C/30602/2521610325/1775580136.csv,21f343eb08180473d374d79fa6b2aa27ff34fd38efd2e5c870ae647f573f72ce
C/30602/2523610003/1775580136.csv,17db5929f686d75fcf4e90f498551c44a8cbd4969d2d07616720669cba6e5a98
C/30602/2523610075/1775580136.csv,8df9782130f5421a99f1afbd08e1515fde4bda1359ac5f43f911cad846dba4c5
C/30602/2523610126/1775580136.csv,3a975e33949c5651eeb8f84355b388a6bb18feb49dc355ebdeddd7797fb24af8
C/30602/2523610134/1775580136.csv,55501dde63eca8d12d2e03cf560fba60e6928b1c87848a922ec105efb1b48bd2
C/30602/2523610432/1775580136.csv,882426bdd446afea32b786ecb10a28fceff1b19160a601be2e4ea8aa9e49cefb
C/30602/2524610033/1775580136.csv,47bd8037d30be56498ef83532d2b2d18f534ac8f72f3697cb4d9ee5c8706d50e
C/30602/2524610041/1775580135.csv,5a0f689c531a74e11055c1ed134937fc5d4beba8b3ca61a53a14c9fde71fea6f
C/30602/2524610074/1775580136.csv,b5a426da6be20faa470eca0d782250be5ea3ac8ae901b4f2579972fa1ce09207
C/30602/2524610082/1775580136.csv,10a594b380a54b813573e860c913e9486b9cd1d581b39c858b2ad3a07b2aeb50
C/30602/2546610759/1775580136.csv,c1ade2d7b8806dd2b84003a745749debaeed5b8da914b1c0cb33306751fcbe3f
C/30602/2548610286/1775580136.csv,4a6d7ba158bb74b5967f427084893ffb309cd8e3582b55406aba5575fe099195
C/30603/2521610325/1775580154.csv,d2ae50098a9210bd0121a1bb953b1be83f59ece368c33fa9321ad7ccfa4124e0
C/30603/2523610003/1775580154.csv,267dbb996f3a1c0855f69055e3b1834565d763374b4009499723f4f5af9fd5f6
C/30603/2523610075/1775580154.csv,6c3485e2dbdf1857247584c7f438477c37b28ca16a8608463b76cce12a5ca51d
C/30603/2523610126/1775580154.csv,d333e80800f48d98709234a7d45e7bad45dbca1061e286c5572b64ae384b3631
C/30603/2523610134/1775580154.csv,7ffd30e021b165ee72b9d9c2ad923e2ae73fd6d00e16b0782d572b1ea3313376
C/30603/2523610432/1775580154.csv,af7d2b0795ca8079b1b83fe6b938c483590100c4c408b9259a40a98148b29983
C/30603/2524610033/1775580154.csv,fd56cdd010f94e55b16edbe2efc2cd859f513eeff07ff3e289119b210c1a3282
C/30603/2524610041/1775580153.csv,78c69d2be7e4162408629c79ca124889c1be2cb9ad869652f778ca54da9b2051
C/30603/2524610074/1775580154.csv,96749aada0fccab4fbff73197f5938d99729797171dbc07dc6389483f5643f3e
C/30603/2524610082/1775580154.csv,48bcab535657f05c9622f945ef6f1b22021dcd50674af6a804543f3c5820067b
C/30603/2546610759/1775580154.csv,18f51949d9864588fc1b754440f1778a9fc5ff73f0973becdce5d95382895bfc
C/30603/2548610286/1775580154.csv,cc2ac4aed43359d8ed1531d326ea2d1ad84b7659bbcb8fd97883e5b9b75edb64
C/30604/2521610325/1775580172.csv,88d2725028bcdf6b5b6347a19adb7e1480a57f7584bcaf16168088b24444542e
C/30604/2523610003/1775580172.csv,0b1d0335b50c5e4d4b9bdb0cceb75347a9ef17adcc815259840ccf692631eed3
C/30604/2523610075/1775580172.csv,7ebd78d077343e8b69198642b0f00ff8ae942ca868aac74d7509b25f91f3b46d
C/30604/2523610126/1775580172.csv,2ec51e7b7fed5371fd82c1537e1c7e517d34608ea70e56dc5fda0a27be5ff534
C/30604/2523610134/1775580172.csv,5a9717570e6b2947e1ad85dce9a01aed3a467d2d9f5599f38e7762636ebe7de6
C/30604/2523610432/1775580172.csv,cfa24c48f667af63145636ed24988eca06d1a98377f90113ee58c970c571ccce
C/30604/2524610033/1775580172.csv,ad334f570c08c0ae0b8da601325d84aafb6986b99bd3371d420e7ea3dc8ad598
C/30604/2524610041/1775580171.csv,740a425d667fdd660420156fd25b47f505399a1553e74636616301146d110ebe
C/30604/2524610074/1775580172.csv,53cb21322ac42079f17ef58a3c175978565cb5c2f66c2911004179a5cbdb32c5
C/30604/2524610082/1775580172.csv,91669546f541f20090359b053156c088dd447cc3d33bfbbccfa32c3a76aaf063
C/30604/2546610759/1775580172.csv,e49830111b5f0da84f932d514a0528940e537df1ccfe35fd835d97b6fa8752bd
C/30604/2548610286/1775580172.csv,0718ae77e5d07f4fb1e99b37fa3ca7176ab72978eabe5bbb13ee256c10bcdd85
C/30605/2521610325/1775580190.csv,fb259a88a3bff14473fa77e17bb5970ba0c5e6e4ca3e069405b2bb8da5f1b32a
C/30605/2523610003/1775580190.csv,5a558d92e5eb950d654d7d1b954256935604025a936776e3bc028b035af2707b
C/30605/2523610075/1775580190.csv,ebaa6284b119a068fdd416334903734a60928e354b5f8fb714ccd3607f6196a4
C/30605/2523610126/1775580190.csv,7a280b6bd2cee398cb2e5feb12c288a59a3f935102be5231c53029ca9392aa91
C/30605/2523610134/1775580190.csv,914812f91d03207dbd58cf68e45dc9495e2400daac0dc3d8e83dc863eaadc5f2
C/30605/2523610432/1775580190.csv,d846a597f583be65300d1cea7eda07578df4d721b1d7d5991b244a6f32007312
C/30605/2524610033/1775580190.csv,8a3b8027ae5a991d24850c1b7662bbd7d43273085762f75dde4ed4019831f63a
C/30605/2524610041/1775580189.csv,ae853c02a44b422c191bb212c453ca065d07c1362613d5a55ccf65029c48e9d6
C/30605/2524610074/1775580190.csv,e973542c19a94dc66dd600011b287282dd377042eb26bd4ec0b68f1730b51fe2
C/30605/2524610082/1775580190.csv,5dba5aeae1bae9af2320e0f4a25e9a7875a32dbc926f6c26c24dc009968323f2
C/30605/2546610759/1775580190.csv,317f179d13cf4c9608737016b242eb430fc1066046fe60c9b8a084ce6037922a
C/30605/2548610286/1775580190.csv,f8c047b384d79e15740b210519d9fe183e4299bd72493cc1112736d60d8c460a
C/40001/2521610325/1775578176.csv,01b80972490a455335c96bc4c4844a667a66e8f93712293de5b9ccb908890528
C/40001/2523610003/1775578175.csv,08fcd02489013e2cd3a5fba2b2c5241fa42adb3d93c5a87d1d6751c82274b154
C/40001/2523610075/1775578176.csv,ff0b03d327676660fe8b7dbc71e57937f9451d73e0d78a755a4aaaa6cd343f4c
C/40001/2523610126/1775578175.csv,b195076c230516e604d683da5f23495ef3a329efd5e9c82373e8b83518c4181f
C/40001/2523610134/1775578175.csv,b5f7c5e06cef0408fee93b84e4751eff12b9464d480550e7b2e8e36d914cf876
C/40001/2523610432/1775578175.csv,2427775f270fc87062cc63d78da0f20b0ca85ce75de4746000e18119f3d01c46
C/40001/2524610033/1775578175.csv,fefb491a302271b5805e4a55c82fa5fcab6931b3960ce4acfcefd5dae521ba5d
C/40001/2524610041/1775578176.csv,fe61398fad9e4dbab17bd6d5c57d1272587a08e8af3885cd6d5f36dc22338305
C/40001/2524610074/1775578176.csv,079d9a966d0c3235ed56a0edee69ec4e4be62232894b8438b8a0796714886c6d
C/40001/2524610082/1775578175.csv,b9289ae7db36245cd9122dc94d680d9b6d357251685c056f2fac91cbe692dab8
C/40001/2546610759/1775578175.csv,885a44f03ccca6d2cd164af996ff19555ac6fa7bfe83ab5f2e91bd42502f02fe
C/40001/2548610286/1775578175.csv,aad8841311261e69e0c13f817e966ddff38cd29ce423b0b71bc451695373e3f5
C/40002/2521610325/1775578193.csv,36543e1a2fda411417be74e09658df2830d564b0e839ace61fdff660b4aede69
C/40002/2523610003/1775578193.csv,49910f754b3104dc23a25122d657ea94cc09269f2f1e4bfa1404456d376ee921
C/40002/2523610075/1775578194.csv,ac9e81d4b0f8d8288b94819f0f9514acaf75aa6d05e596e5da217a2f28cc0793
C/40002/2523610126/1775578193.csv,993446fc1b1611082d10eebd3f5528e3851e433c8963f28f19e7bf0a7209d704
C/40002/2523610134/1775578193.csv,95b0cdebec4ad2235d2c910372dc0909547ac1a3d3d518df123849d719a89df2
C/40002/2523610432/1775578193.csv,66348da99a73e8d2bef8aa4d64e87d625ec39f01db0c085709ed37dc56268e42
C/40002/2524610033/1775578193.csv,9a28b96fb9b930f9279df5fc3885eb79050ecd2867ea8779757287f1df2fbbdd
C/40002/2524610041/1775578194.csv,6b06e2e7a784e58e8dc039f2799aa72fff92797d8b10136a1e1c2e2fce83dc9f
C/40002/2524610074/1775578193.csv,53a1a3b15e86f71dc4eacbad81cfb34ba775ee7ac08246e57fc5c55dc71cf8d3
C/40002/2524610082/1775578193.csv,f4f895ca340a8194bf2cfe394788e04f6c9a755049531fdeb57880c3e89daf34
C/40002/2546610759/1775578193.csv,0ffb4eb9fde6f86dd9f7acba1c9818caf1a89f34501809daf16fabcc5da3a5da
C/40002/2548610286/1775578193.csv,3afe481afd15a0ff2b85ee20604ef2dd9a7c2bb968b559b4138f5ec685a15c32
C/40003/2521610325/1775578212.csv,4574d9e1fa10b5af43a7610b214a0180b33b27a65a7b00a3c055fe7580e868b6
C/40003/2523610003/1775578211.csv,13b4362eb0802e6a0f76087d0fc8b428efd4382b08199e6eed87eeba79bea75c
C/40003/2523610041/1775578212.csv,fd53ecfa6b8cd2a5c77a8ff56f9e2bf7a8f8f419ed2f7376b5a81295c9408289
C/40003/2523610075/1775578212.csv,a0a7cb402b0385dbbf1ae930699e074b9f3b4cecb1d7878ab68a4f682b40c6f7
C/40003/2523610126/1775578211.csv,3562c8f95a29186963dd52312080d8f02b97af7f08882d739a6d2ca9178c196f
C/40003/2523610134/1775578211.csv,1d8346d10101babe33dac08629904e02093e2585ae0df0df5b668cc0d9072081
C/40003/2523610432/1775578211.csv,254eaf2becaaaed7405c26cc3697126cc3097edb7d46fa29a86c013c1bf22a64
C/40003/2524610033/1775578211.csv,6aa6a20cabe5b114fc988098b46dd37a76ff8e0ed7c02f77d242e951d45b64ed
C/40003/2524610041/1775578212.csv,69b3912eef4c0b94cdf95fc3a5268d8bbd1d70561a6979b3b30a1806d32b6ee3
C/40003/2524610049/1775578212.csv,6418ec7dc2f4443b737789517c178f57cfe922e9926d78f8fe1f10adaeb7fbe7
C/40003/2524610074/1775578212.csv,a56faf6e54eecca6cc051678cd181955541f52cceebf805ece5247e3f6136a0e
C/40003/2524610082/1775578211.csv,84042b2bd6cb532f372fa0b18fb7c6eb21bce04e2af73748aa4f0e8d949c5cd3
C/40003/2546610759/1775578211.csv,651edae5069f20bc7afcd410aca241eeca3bb10dc1ebe868fd48b273486aca62
C/40003/2548610286/1775578211.csv,d382ffc7b219c21d53e9ff76ee0f06aa31c2e46a5a73a6d195fd7ebcc3806784
C/40004/2521610325/1775578229.csv,779b64049f967843e0292e20a6e9d4e47bb53cbd98151d3fd2b09243c70354cd
C/40004/2523610003/1775578229.csv,e97cebee2a5b6dc5538e1861f98e11daa2ed370b1856caf7067b52218e187e4d
C/40004/2523610041/1775578230.csv,f719ef4fd0e660bbbe44a38233c541dae38ab35ea8660f9b622a9a41ea11b7a1
C/40004/2523610075/1775578230.csv,3a6285088ffa8d95713b77a2c520cc30c54da3fdfb85491a29e4c8b778cd1a77
C/40004/2523610126/1775578229.csv,1ef047142860b9a897cab3bd151299ae51f820e39e737ff5b845e19f278ef462
C/40004/2523610134/1775578229.csv,0be71e6a32a2168c08f34e93d208696381be02a8c54fb81fc0008dbf02571bf8
C/40004/2523610160/1775578227.csv,bf250022d4f8931707667d879f66ec597119b6b8aba3c9a8e5f9fc8cc5c9a54b
C/40004/2523610432/1775578230.csv,aa9377fca670a92805c4b00e3e9c585f0cf45d3bdbba907019c57971c42f7cf3
C/40004/2524610033/1775578229.csv,3d6486f1b3531fcce0ade5f31fdd99edbed20aac10206c63957f205c09cb65ed
C/40004/2524610041/1775578230.csv,c767c220ae868fac122335c11e867a37918e2d07e3c5a9743143fa053801e914
C/40004/2524610049/1775578227.csv,3cce0771c1a0d169e9511fd83fd2679759c68f61d272087dafb5538b015454d4
C/40004/2524610049/1775578230.csv,2c4208af795af440e055d3dbe067b5a425758cc88db4e6895f5c91acc7752d6d
C/40004/2524610074/1775578230.csv,5b6becfaf1d01787efcc99880343cdb4c69b132f568107bc52a58e40da3f6c6d
C/40004/2524610082/1775578229.csv,8260d8dad267c6e4c04285f008dd2cf83bca309b7f43bb07dac18fac29a7b5f3
C/40004/2546610759/1775578229.csv,e2e3e4f16b7b78c399afd909ab9133058d6bc68e996a4ce7f8f5a43cd9083c72
C/40004/2548610286/1775578229.csv,1ea24d593f498560ed83d6c8086c4ec3eb09547d70f6d682a6d6102d5d6d365a
C/40005/2521610325/1775578248.csv,89a8ea8138adf0377101a8d113ab6d3e8f2d63064f941bdcecf5844f6420e5f4
C/40005/2523610003/1775578248.csv,dd88ece9a9e586511898b5bd05c1da6e59ae1a1a0e1c63581dc4c8c20152f7a8
C/40005/2523610041/1775578248.csv,4af71922d62d51cb3e68f9dbf7dcaa5914626828c8814ad6db1896b3175cb4f3
C/40005/2523610075/1775578248.csv,6cb5d2cec5ef9023bdf6f936491d6a38c4e87938f07d095bd3b1fe0b6f8b894c
C/40005/2523610126/1775578248.csv,e8e647fd875ecabe1bad75acd017d6119d4dbde34f40dba14567e79bc9adcc77
C/40005/2523610134/1775578248.csv,e4f2fb0140b9a40f25565df3a3d8413e76d03140e8fd6e87136328a9864ebec6
C/40005/2523610432/1775578248.csv,9a8b8313c19698230a79e3aeedc928612526c8aeb1102a35e1381d24bb414a88
C/40005/2524610033/1775578248.csv,36a8d3ee91249c52d67cda505d2fcb31b9b472acdb54a030cbc92d9573fa7219
C/40005/2524610041/1775578248.csv,6944ba1d492187d0db1d7dbd61e154c74ff78d37d7eb1d05c564d81563e7ab16
C/40005/2524610049/1775578248.csv,99ea2301a1b5ca76bc647483ba9a7b39d8ebf28d96234f5027ebcac5e748120c
C/40005/2524610074/1775578248.csv,2188bdc62809f5e063f0525a70fc47d064fb4f466b254bb29218411d291aaf73
C/40005/2524610082/1775578248.csv,77d6456f0da4047d73c9906784cef6ad5cd4feb3c560b7845b371b7c7b858ad9
C/40005/2546610759/1775578248.csv,7ec5b324fd2977688316bacd3a87d0591ed87b6101763526200dbd6d068de7cf
C/40005/2548610286/1775578248.csv,0aabc2598f8ca6ae2c38fba964dd428f82ae2c90a676e640500755b74ac007d0
C/401/2521610325/1775560929.csv,f4759993ba7e00e051dcf6cbfa7595b636155ab47a5d2295b1f66d705378680e
C/401/2521610325/1775560939.csv,d5ca46074cdd3f493c88caeb42ffb623f2dfda5722a1dfe92b36f6c5b06d4938
C/401/2521610325/1775560949.csv,4d799a13cffbae21c822473c8de4bb495e4cd7bea6269aae8747daed291bfa7b
C/401/2521610325/1775560959.csv,ca790cc6953a18dfbc56d5946742895020946855e6ed27f04399534e43c765be
C/401/2521610325/1775560969.csv,4411287b58f840afecc476f1dc7ccd93633038937441fd7fe8048fa4d6adc884
C/401/2521610325/1775560980.csv,760bddd3f3c16b8d62f8b8fc285dd26eddaabaf877f7fd2d460d352bacb4e0e9
C/401/2523610003/1775560929.csv,48eb8df61379bfdd0837fc577fb94b65054785746962f6184b9a842db4899511
C/401/2523610003/1775560939.csv,cf498fb81090201ce40c9ad7b9d024fa7f4315b328d5ccf03d7c0703e63ee4f0
C/401/2523610003/1775560949.csv,a21a19c27287c39fc8247b74d902e8b66fb34b759261397ebe807ee5afc4a674
C/401/2523610003/1775560959.csv,33134ba79993ea3d1db5e4195ca11252fd219801932daf8589fc3d2f6a22c7c6
C/401/2523610003/1775560969.csv,1c0abc4cc2dc1b25131e97edb246f38fc90ccdb33d5e5d4e082cf2540fccdddd
C/401/2523610003/1775560979.csv,ff581be8e1b2d432e87c8d5b87b08c7b1834270e63b0043f79153f13e64615a9
C/401/2523610041/1775560929.csv,ae2cdf6146cc294cafc34b335553dd47c1bd5223e20f2f65910fbe94829888b4
C/401/2523610041/1775560939.csv,57ae0cefa68dc8c97740d37a7ba6de0e7c57cda38e4880254b937c000211a41c
C/401/2523610041/1775560949.csv,7cf4ee2348d14fd213f6adffea408744e83c40e072c5195ea0c4a56f4b77e054
C/401/2523610041/1775560959.csv,3b3d74368a776f42482011e3bf693adedc03894ca5d3c53a4117d7a470f6449b
C/401/2523610041/1775560969.csv,d1326e1286a081f3271a5cef108fbe8a2de741716c54c7bbebb68ccdb21d054d
C/401/2523610041/1775560979.csv,9d7bc491e7a1fa3e8f838d0f8e3d067df1429b8ba7ac94daac16a220f7b51a84
C/401/2523610075/1775560929.csv,b25aecc76afba5691992835383d6659516defc70d4027f0b5029be1785fae1c8
C/401/2523610126/1775560929.csv,1630b0f2e2a99c9e4e3ad128bdb5cf8fbf226f99ddb48d7ade2705d903139f79
C/401/2523610126/1775560939.csv,5cc97c507f45cb56ed77f545460eb4b06b5186350f7181c7cda057dd38362ff0
C/401/2523610126/1775560949.csv,21dc02e9651b8672c0ee98d413c541919573ad872f72c899a684c80b9ac7ca9c
C/401/2523610126/1775560959.csv,fc78abe27f0f0c43bbb253d63faecbf0e6af9cc3b635a98f99bb7e7752cb0ad5
C/401/2523610126/1775560969.csv,c40855c9e63927831e7310fed44d2e4062c4dbfd12da3dd19459b8067d872ff3
C/401/2523610126/1775560979.csv,d1cfc4383964fc2d3f7367c5e2b5a5a5b40de9b7035c58b6b9f8b461f013d22c
C/401/2523610134/1775560929.csv,41b5dca9071c121069e532b7716a8c5c5d5037772358a0348eea43b866bef0b4
C/401/2523610134/1775560939.csv,3e78eef78687d39e49da070945b241a609aa6665cfbefd1187e945b301ad2dd3
C/401/2523610134/1775560950.csv,aa0b1192523884ae242d70df36948d07a0827bcea9d07ac7e2ffbaf4798b8f2c
C/401/2523610134/1775560960.csv,b2a81b9d07c63401832da285066add1f2ea7a087639d7110331a3b1ffd6e0723
C/401/2523610134/1775560970.csv,3dc2850b56a7c8a1cb97194c241c358bac58074beee854f6f983316f215ae403
C/401/2523610134/1775560980.csv,6829d98865521332176f7ff411976588de8a36838ca61cd9dab25fc66ef73f55
C/401/2523610432/1775560929.csv,5bbaef79fe61472071da4cc61012709150c98a5f3207502c7321189acb91ee84
C/401/2523610432/1775560939.csv,5780c013a8cdf45b29134d2f010b713973a0204a86db5225d0c37d556fea116e
C/401/2523610432/1775560949.csv,70b9903416e0c7b792d981d7766624102597fc1e1bff2c3fa216726b8c1e7e86
C/401/2523610432/1775560960.csv,601528d3d865e749c3fe820093e55dfcc428a0c0291bc070a40dfcf482c537b1
C/401/2523610432/1775560970.csv,623fc4f57773e6892c5dff94a0e5dd781aa57c9236541104b24c9bc4c8deff17
C/401/2523610432/1775560981.csv,67c5d5ef65042a3edb27d0280ee774ff77ff7713002f7b9c8abd81ebd314552e
C/401/2524610033/1775560929.csv,0b547fe294e89fb83332bb07bcc4691650ca69d5a190c4d763b1b337a3eb19d1
C/401/2524610033/1775560939.csv,84fe6e57f05bbeaaaafbe407ef91443f25799d7705de81c9b7c74abe630541a3
C/401/2524610033/1775560949.csv,37966a9385ee41462ad7a1c86bc535cdf130a6a960cd49aa2c292f1c2940531e
C/401/2524610033/1775560958.csv,06d5f79897ae4231fbb7ad269f36c055e97899ff4a9c7c5c7b771ad260a3bd37
C/401/2524610033/1775560968.csv,c11d38b43904f83e4bbb65eda4ddf4f2493c64fa5b75dfee2ee8cd1004c8571d
C/401/2524610033/1775560978.csv,d269fd22da239977dda064a130de9f7524b621b55afb84fec70016d2a6b893ac
C/401/2524610041/1775560929.csv,c035fd4a8970660d0d0cd34ab04b297557b97b78605a035a74cca9223ee1cfaa
C/401/2524610041/1775560939.csv,95ca21b24a2c93a2ba829cfdff7fce2d378931452088007ffed317e6c3b593d4
C/401/2524610041/1775560949.csv,f4430addd8d21ea6b165cfae9efed9d9e7f7677c0755a3fcf8ae6dee8f92a254
C/401/2524610041/1775560959.csv,9a99ccd5d9a7d6b8f27089581fc63c63e7e098f245b2b856bd335c7302e45c7a
C/401/2524610041/1775560969.csv,1f51a7836d4ebeff36e647e6865441949e23d4c7bb144dd9b4de19d494476bae
C/401/2524610041/1775560980.csv,84dc7cf1687c09e3e0424e51e2ab8b88fc4314a8a090903fef087e03a159729b
C/401/2524610074/1775560929.csv,674611f40232ea9378b7013f3ef935661801a353eda96b57acb00e485d937b2a
C/401/2524610074/1775560939.csv,754aec0ade6a4495dcc87fba8ee8529d07e8a4486e76cc7ef05d2171c5c9c276
C/401/2524610074/1775560949.csv,3abd9080362aae997dee2b2aa4fc77e20fd7071b48cc519a09b8adb9ac1824d1
C/401/2524610074/1775560959.csv,910beb0ced7a1278c7eac813cd73712f9f72ad5effa94e584619b28663e43396
C/401/2524610074/1775560969.csv,ff6818984b3baa2a42b2a8126c88070ecde303900dd935bc0c13feb058992a51
C/401/2524610074/1775560979.csv,0cb245c0b3c66ae914bc5feb0550451239ff070717a21992fe2e20a4675543ab
C/401/2524610082/1775560929.csv,4a2c395c35cda3444b74b2dda4ffc7ccf1a79e21ee74581bae1861ed39566819
C/401/2524610082/1775560939.csv,8c3a8d4408d6b7bccb1ff2627893606bba73b58fe856408ffb756e497d75a5ff
C/401/2524610082/1775560949.csv,eb588362e1babb32ecee85eb00b8e087f586aae239f7903d5ec8ce1f898aad0d
C/401/2524610082/1775560959.csv,75decb38084e1961f91d842a0c04390f205bc78f111a7c3555891a249b41d8a5
C/401/2524610082/1775560969.csv,c352fc9a88a6b57ead1d25ee513e754e1ec5d176d2ff8dc6862c76a3897bc4ec
C/401/2524610082/1775560979.csv,4ac991250467c52c3066e65488db374844df246110f5fb04ce28d7ada25eecaf
C/401/2546610759/1775560929.csv,a507504c497e9efe529b7db92766a81fad865b645355a179cb3bc35c1ae9963d
C/401/2546610759/1775560939.csv,befc3bdf2fa3bfb2a8bb7cdacc329cf234ef946e9ad337c5dbc4b7f78611a6a7
C/401/2546610759/1775560949.csv,d247967d13c5b4de6ee4c8fdcc676779fce90e11e6f7dedfdaf72bbf090dbe71
C/401/2546610759/1775560959.csv,804e9a1c30f904f2ba86b2ca26f420b6b1756ff58cde2f533f50a3b1127cc96f
C/401/2546610759/1775560969.csv,677183ad9a8c4612bf232167fca0f19f149159bda03cb445076e7c247049c9b3
C/401/2546610759/1775560980.csv,c3809443dc666e30b873e8482cd2a62ed7ad8bb3b1d4a497069999bb183230ac
C/401/2548610286/1775560929.csv,7a83d6b784949c22c2904af68724e318d0b00aad29bbc4e43d85733bb49cc1f4
C/401/2548610286/1775560944.csv,e16ebabf2a33e89479eed21b32a0e7341cf4aeacf08558aaef86a797d620f6ae
C/40101/2521610325/1775580208.csv,72bdcec263f25135e0258e3f6f6ccccb22b3d94782ac682a72fd5b5bb5287806
C/40101/2523610003/1775580208.csv,9877acfad6d41bf01d8a58cc591e5c05b02cfa75001f423dc9f99e476c505a80
C/40101/2523610075/1775580208.csv,4769cd87e27d1a7d57a20a368af039fe6b28266f6bdf9aa44544f2995950f869
C/40101/2523610126/1775580208.csv,76bd5348b5a21d5e5e232339bda2ae0c1b186bb55ca16c1cd3a2773f5041b378
C/40101/2523610134/1775580208.csv,b3b21eb257be1c26dabf497cb7d317540d4ca6853c10cd27043215b39adc985b
C/40101/2523610432/1775580208.csv,9c14d77c4253b39bec628149cabeaeb8efb3e093204c7513fb256c962a0c39fa
C/40101/2524610033/1775580208.csv,734b2163498667172de63f50f3ebf9031b9374206bffbe8f79717954359c9f5b
C/40101/2524610041/1775580205.csv,002d3fc727e336b192c24bc92474bfaee9c8659b5071987ad933bddf4063edb7
C/40101/2524610074/1775580208.csv,1ad38ce025002a076751c7faafbf000632a9960d9c957d2974a50fc327a80361
C/40101/2524610082/1775580208.csv,c9680d2cb4554b3e00445d95beb446117eac8a763544cc0d429d4af2b740ad83
C/40101/2546610759/1775580208.csv,856db417afbb9d65262783505077bb2447f8deeed38dd25eb1a0c8d18e5f14ce
C/40101/2548610286/1775580208.csv,2a943872d97607d7783ea48d8190f35fbe7d2a251c666296f68b52bf01db00e9
C/40102/2521610325/1775580226.csv,02ed5187ba75268682636a48548a90161f2da5a6708c8edafcadf40fe87a6d4f
C/40102/2523610003/1775580226.csv,ae3d8a8e29a0eedee793b137b09729e4bf24bc4672da5241f04c293752f94900
C/40102/2523610041/1775580226.csv,8cc91a74ffa5869992337ab56c0716d9280a6976d5fa52e5736b8a990a1b0ea4
C/40102/2523610075/1775580226.csv,0f52e69495d556811db430f6a7c7db545087b95dbfbff9f0a8b0e2248c0ea30d
C/40102/2523610126/1775580226.csv,363ca21287f2103f340bb1557d7a1e24300de63c17ea012d9d483bd8f62a9882
C/40102/2523610134/1775580226.csv,ecb1995ab6f0d8fc99533fdaafbb7ff2c00a71de38d47da8885637106ccb1a12
C/40102/2523610160/1775580224.csv,920ae4e8740173a490638f2d84f11ad420e132c257e1c4d2fe5c53bb90f0e37d
C/40102/2523610432/1775580226.csv,d688bba6c6222641cd016030eb6e98f0d906b8cb81ac8dbf904f973855ca153e
C/40102/2524610033/1775580226.csv,95a230b5184d0a05ee54919d18ae0684758bbaad2e27853edecb62e225eb4dac
C/40102/2524610041/1775580223.csv,38e8b893b05ccefd38b1adc7390cfcd13f09edcd9c212264b98317b568500c84
C/40102/2524610049/1775580225.csv,23ab2facf483b912e1be26a3d385fa04e83bf89d4d8f94a9334e8b3d4fd32109
C/40102/2524610074/1775580226.csv,190cf949f45f59dd1230b772a6824c61eecfac31d68945b0cc1f78d992f7cc5e
C/40102/2524610082/1775580226.csv,d703c3be59d0de500bbf91f533a1dba14abd5f5f95f799bab7179d58e6556383
C/40102/2546610759/1775580226.csv,c421e9a98bf883d79986dc173e85450735dbf02b8b3af1456337ce59f7e1fd46
C/40102/2548610286/1775580226.csv,3c482a70359cfa434a88e61d77fc685546635b6f102747e2703782af1d2121e8
C/40103/2521610325/1775580243.csv,49f8f820e38db5b24dc9a5e06f93e0dbef7cfee9fa8de354438ffcbd4cc77d21
C/40103/2523610003/1775580243.csv,5afb973972901fbcba38f0f9d4a8ebdd14e100b431ff2a9a768d47e03f64a590
C/40103/2523610041/1775580244.csv,e47af50c9b62a6be9b2ced5eb7f50d47dc1fdd47bc9def9be4368ca359863edd
C/40103/2523610075/1775580243.csv,af1ef9041a3988a4564f16938d3acec948cb3805adc2fc16e45db12a8ac79e0f
C/40103/2523610126/1775580243.csv,f7af9d680615758f6802a8799d8a705b9298a59ce92542d036338d6c91a72f7c
C/40103/2523610134/1775580243.csv,fa7c4ebc2938952a3696bc21dc4959a81ec8049af9839f542eb70503aed3c4a5
C/40103/2523610160/1775580242.csv,af668287fa3417412ceff4c1c6a4553f2ecfe653a741993800d07d18f575a2be
C/40103/2523610432/1775580242.csv,43d314e208510cb4febbd4ca6b19ddea7b6c0e8e4a483950e2d8c05a74459d2b
C/40103/2524610033/1775580243.csv,39c7758b74e2591335fc76210d2ff49ebeb52471f4a091209470b3d3995dddb5
C/40103/2524610041/1775580242.csv,457ed93d861f2e1ad5c289129ff847433872d61ecf3897413ee23362053b2552
C/40103/2524610049/1775580243.csv,cba6d8ff94fc5346fdb4835eb7f1b2840e0a24d5d37a6df6be617645b7bda03e
C/40103/2524610074/1775580242.csv,78e0d1ea9fdbf072f4976e090a812712c30728cec6635488a6040ef8c358f8f7
C/40103/2524610082/1775580243.csv,df89e6d810b0de96aadff5e955f92fad93b039973181ba6bb41117258c39b404
C/40103/2546610759/1775580243.csv,a9a77f80aa5ad83808db5371a5083ad90c11e9aaada5c19ed5658dc8565be579
C/40103/2548610286/1775580243.csv,27af190254b83628bff15ef6c40113a8b6f332e1ce02093bd9d3b523a2dbad47
C/40104/2521610325/1775580261.csv,67535b1e957896ea3d8e6cc89594645b0e201c29087fc131662fc5d3b1c47167
C/40104/2523610003/1775580261.csv,9d344a475b2904c127ed224abd2929496d5895c0e80f9434145b74ac049db335
C/40104/2523610041/1775580263.csv,6eff8e33f255ca98f6a5246878652fe378267365d2166cf663f15f79b5498642
C/40104/2523610075/1775580261.csv,42030a5b3196f857260e623e99a92c7534cfae5a996fe91e4e7a7bbb335652a8
C/40104/2523610126/1775580261.csv,94c15fdeea1989d005acc87eda7a0d3bf4265d0c52614763f033abc86fcdb6c3
C/40104/2523610134/1775580261.csv,3cccf7a61c7096c7c179e463d1239644bb9db24bb44f7aa3789e54cd41c5071d
C/40104/2523610160/1775580260.csv,ae2672bca8c196054a57d81f5abf25746e63db6510900b9361516399a0442bd3
C/40104/2523610432/1775580260.csv,f83970b8c08c19c2fc590973513d1d156dea3c0d26db781aca3a5e019abd0705
C/40104/2524610033/1775580261.csv,ebecc3bb5b185abd10cdc90bbf2372bc87832226caf8252db3d5bbabf42dfb94
C/40104/2524610041/1775580260.csv,f80abf5398ac6ec155798d0b93a27b97d7c7ddd1bbca16cbd7327ca817251252
C/40104/2524610049/1775580263.csv,f5c399fb8cc1589afe1797bdf83b253aa39e4ff95cbedf32ad021a1013e6029a
C/40104/2524610074/1775580260.csv,1f2baa7cb197c9319cea7e190bee03c1722c7ebd5649b3fccea6c0e332931b63
C/40104/2524610082/1775580261.csv,8fcc09e40cf794cb0fe4c5bc263621ceffb35e1ee9ea92df2bc009087c5dc5e8
C/40104/2546610759/1775580261.csv,26849402de074befced8aff8c4a9de980262f879e3d0dd0b9f9340f080fbe7f9
C/40104/2548610286/1775580261.csv,d0927664957f518c8743f73be3f43909a82bfccce918a2475d4825bbf27076ca
C/40105/2521610325/1775580280.csv,5b4e4f922a19f4034405c331a54a4efab7beecc102e78e10f7aaa2328a4aa5a6
C/40105/2523610003/1775580280.csv,383fdb782fac5f425e5f530094bb60aed8e1c7e1e317961ec9c061f8b9167cf1
C/40105/2523610041/1775580281.csv,8b49b19aad99526f1253abd6737158bd76cffa60c9184627edc4b5966a28ce6d
C/40105/2523610075/1775580280.csv,7d24f5c6b88c02ea2d740d3f62c7aa23ca4ec85285d0c74d3b7556e3ef3189e5
C/40105/2523610126/1775580280.csv,a9158c0ca04b180f9796752bbbcb136b13bab4c407cac1fb7fef9b1fe14b6c1d
C/40105/2523610134/1775580280.csv,03039e290b83d7050d8b7f207b4b8bfe3172b495fd6a514683088d05d33792ab
C/40105/2523610160/1775580278.csv,485bf6dda38bd41a93a9bbfb55560b5a7063889f0964795b03a891385da230ec
C/40105/2523610432/1775580279.csv,fb8e6d137efaae6df2ca46278c44569de4852fee584d15721ebec185391dbf11
C/40105/2524610033/1775580280.csv,11bb54f0ebcecfbc8209a43f08ae6869a247e9fe776e8e48896ce543d2501c7a
C/40105/2524610041/1775580279.csv,30cda82fd4b84ade630d5d58cf522e8feb8e8131f2ccd811ec649f1fc7d4ff97
C/40105/2524610049/1775580281.csv,1987d694f634d3a32a38ae9068ff99a36bcff131d9f7def85c089ad5960233db
C/40105/2524610074/1775580279.csv,028ba794be413867e0e344654ddc6f01095b3956cecaf5c9364d78199e69a938
C/40105/2524610082/1775580280.csv,d17ab7ec81c24f7b7e248f31f329d8d2a5ddf3c2500e04e2bbb536455d31586c
C/40105/2546610759/1775580280.csv,178d5ce33b11f217d19a2859f24bed7c26d20da269005ece3164a994c026c7db
C/40105/2548610286/1775580280.csv,108f40f7df600c716f643a386307f14524bea8b3bd87094d5493c6430595c407
C/40201/2521610325/1775580298.csv,1aa8a6370ecd863dd27c8b7790b011c358d1dba3d625b749c350c5896050e574
C/40201/2523610003/1775580298.csv,67d22ff992dc1769b7450632925ee4fb08ebed325b83d273b6efe9f76238384d
C/40201/2523610041/1775580299.csv,584016648c56b5559b8987fd7dea475296b7e6b975e3df876628d79f6fd5aa4b
C/40201/2523610075/1775580298.csv,d9523c6826f9bc83d77bc6f50c4322b935fb30c442e48dd9fc18be21c2176f94
C/40201/2523610126/1775580298.csv,66cfeb3fea0ae1957290c72fb4ce0832acdef2fd8e0520d2b891511335b4b2ab
C/40201/2523610134/1775580298.csv,d99869ce8a523a5ea725f228927ad3fb19fde81bdaf388d64a75747a8fde0183
C/40201/2523610160/1775580298.csv,e1ed2144b2e27d0b63a6bea26929a71b6405bb191a029db4ac9b2fc5075cc49e
C/40201/2523610432/1775580297.csv,8e6cb0b5997db2334173fb3689fb56b84756873897ca643609f713782abca527
C/40201/2524610033/1775580298.csv,e6943e2aa390c7f0f6b85bf36b2a57a12f4e36ff4f487633c1a65d24a80047ce
C/40201/2524610041/1775580297.csv,75d4620b60e174a39db709813232035a057694e241327f244a99c423baa3935b
C/40201/2524610049/1775580299.csv,6abdad978af6b7883a57ea0eabc0d21d5995141141e85f6202562c48108b8383
C/40201/2524610074/1775580297.csv,426ec5cd4d26e55f66f7c269c255f2823ca4077611a0890a665fe6d403b451fc
C/40201/2524610082/1775580298.csv,1cabe8d60009988f4419fd0446dc0c1068793fc2c446cbf54e0549d9213c0182
C/40201/2546610759/1775580298.csv,dbd89d74d535e17cf4d3e8643cedd62a0b727f5df50dc892c98cc89757b9f9d2
C/40201/2548610286/1775580298.csv,1d54f46cac3f5e17097a62e7e6e2296ac4eab786998c037c2002aad79fe8a6cc
C/40202/2521610325/1775580316.csv,a906a0cf690907bb03659751132c0f9f32dcd2671474e3edd3aef649f3e61be1
C/40202/2523610003/1775580316.csv,b4852523fd0113ea5a16f0b90d6b64cd102ef7c2e7db955218a342d0cba0e4ac
C/40202/2523610041/1775580317.csv,251b5fecd99ef213f49537a9e7055e0a68e1c966ae140d424d4acdaf60e02c21
C/40202/2523610075/1775580316.csv,025abf237ad8507535a4533c99ffab49c5ea6bd6c1e8fad3d43f322d01b3db20
C/40202/2523610126/1775580316.csv,52a1cdb3b355f95e35aeeccce1ccdc4a840abca20ada525aefbc078f95cb72fe
C/40202/2523610134/1775580316.csv,6f93174f93265edf3c5c9cb62d8d514d76f5375b95688b4bee31bd52c0d5ac21
C/40202/2523610160/1775580316.csv,8a545d42d7c1e0f90b3ae86d75eaf5ef76ad7fe2b1db537b0da3690617e4afe3
C/40202/2523610432/1775580316.csv,f6ae8951ce5753e57b8a382cb4ef4bbe8fa0659b31717e5d3b52302f8a4c2228
C/40202/2524610033/1775580316.csv,25722f5ae6ffd9ef10806c26266cd239f42d39ed6530256ae8ac01d28f0da411
C/40202/2524610041/1775580315.csv,a631ac1d47d4b23afd3baf63cf7f9af923dc434fbf15193195af881005bdb17b
C/40202/2524610049/1775580317.csv,624e1d4061c146c813f66627b20a6425de85f685de75a6dc9a066735385f0b10
C/40202/2524610074/1775580316.csv,9dd42237f65214629733858258fbb3d542ea1a0b2bb503a1855ee14a4a27eca4
C/40202/2524610082/1775580316.csv,f75fbd484c51f880461b96b90d7b5d5d3bc1a24c1fc3e5f2ec67bdefa8f508e4
C/40202/2546610759/1775580316.csv,f18a03bc841948af1761990009990fb1655bdaee1943cb3b1226cfc717ccf2d7
C/40202/2548610286/1775580316.csv,aee371404338642fc430c97da50c46e84a5b5c7abb6a28919d2bdf7cf6ae908b
C/40203/2521610325/1775580334.csv,ce2a67be4596e22f449c2b0b9e6edfa8b9cdd39a2d50ba27236e9dd2c28c5b4a
C/40203/2523610003/1775580334.csv,d09cb6597aed3d4cee2f72cd0d1bfef64ed99e0741b31b9dcf6c80b42674fa97
C/40203/2523610041/1775580336.csv,56772df0da0f9949e9d88feecbce2477139fe2f7852407d25db18fbec4743e57
C/40203/2523610075/1775580334.csv,0341b730479be59dd2415a6319c2d124d35ef04102c7a7f16c8bbe070fe4d8f7
C/40203/2523610126/1775580334.csv,59388aff8cd04f4d5ab51bd37789a7ab55dde6fb45e0048940c1872080ba7436
C/40203/2523610134/1775580334.csv,5439cd5f1b6dfd76bbf3dd92057a2aa75b5ddf2fb78705a911372efbbeb7239f
C/40203/2523610160/1775580334.csv,0e6a2cab45db5f3012c240cce96d6107d696733ebd774f14f30564678e1c32d7
C/40203/2523610432/1775580334.csv,6bc8c709e94c1cc55f9a5616ca4bf702ca6befe522eea3b198acaefb7ada6e28
C/40203/2524610033/1775580334.csv,bfea5f7cd3125c726b1894c8cd10c560716d20d4902c4decec6b9eb283d711dd
C/40203/2524610041/1775580333.csv,fe9fab720e7513b9087afab4d9ad203397b9f31b761d268e273acb4ba1820ef7
C/40203/2524610049/1775580337.csv,3ecc722ffd30341b152a894dd23b4773bcb20557c41fdcaf28b20e47e5e1183d
C/40203/2524610074/1775580334.csv,880a339851e84e06df72f93c354f89675115f65d2d4af3ba550bee4e8b2bb80d
C/40203/2524610082/1775580334.csv,d332d561a130ca63d73163da8a3a119ac226b9bc3587052619c2ba51b4f415d2
C/40203/2546610759/1775580334.csv,f9f631c39054b829c43b60afb6a54790659f07d5e460dea50f57f9c73afce6f8
C/40203/2548610286/1775580334.csv,22cb217dfdab3499058a074e648eafa08d52879bea255643a8e015635102ca78
C/40204/2521610325/1775580352.csv,d39130656250f36c384580052adb0fcd70b45de6b0681954bf84dc9c2ef29274
C/40204/2523610003/1775580352.csv,4f7fd44554f079ea84fdb29d1781399da8ed849ae08a8ce866d944541ab92a28
C/40204/2523610041/1775580354.csv,6942c6954914a40d273f84b50640663d6d36210c072b637bbdecf642c515f224
C/40204/2523610075/1775580352.csv,31c6c4a6090c7112e09ce95c032bce30df9dfb85963712db54b9e89af5f93304
C/40204/2523610126/1775580352.csv,e335fba05ff87b82cf1caae55e6b9a4a06b67c7dcdd02b366cd72677c292bb0a
C/40204/2523610134/1775580352.csv,3db3c3adae64847f8a63ad8373a77a863ddb7cb2b63e556ef8185668dd8fbd56
C/40204/2523610160/1775580352.csv,edbaa3ef1ef952d49a2239bc17c4a1e123149fbdfdf21862c2cf4d74d40daea2
C/40204/2523610432/1775580352.csv,495b417e1aecd6707a7432456319accd99f6d795b8722e0536c8a6d548b0229f
C/40204/2524610033/1775580352.csv,54a10c46a76fa8ec7bd09d70756cf9cf56440bad49ca8dec3d68ab36e2b4d7f6
C/40204/2524610041/1775580351.csv,4612c5e763eab6e2fd0ab976750275361f8ce3e59a63f332deb9994e5fd06c58
C/40204/2524610049/1775580355.csv,e457fe84251e891979ed3db6313bb80f44b7fa8c1e9fd62f34bd13ae434d211d
C/40204/2524610074/1775580352.csv,a301da2e86a04ed6432244f9114bb7648f116a7f96b8357fdccbe14a5ca1dd91
C/40204/2524610082/1775580352.csv,326a5aea97fa1d7102cbf0b8c88437a46d05ee65c372473e9de4594f5217b4f0
C/40204/2546610759/1775580352.csv,955fa625e04900d1079217c0cbb3095c2742c0b8dcac2b00d80baa671faada95
C/40204/2548610286/1775580352.csv,f311ed97867b549aa2ddf22df07ef2fc2bd09cd1d24a8e5684753fa66db72211
C/40205/2521610325/1775580370.csv,de728c579e3f8e5fc5e4523ddbe29a11c4081e03620312c74f7d6f22aa46b412
C/40205/2523610003/1775580370.csv,df28062c1171d1bdde65611fc7a12330ba773942d5e5f9f15193dc6501ac99c4
C/40205/2523610041/1775580372.csv,38aabf405b415e75f861579feda04f50a642a9e867e3e7ab9c83b61406d5e4ef
C/40205/2523610075/1775580370.csv,b8ae3f08d626696831469e17556b3e3eb1f0f401dfc6ec372486f31c7d000148
C/40205/2523610126/1775580370.csv,ee61b5af8c77e38ac436d3ab36e53fb5a3ae5d7d5dde62f025221e1da9f16c55
C/40205/2523610134/1775580370.csv,00e076d4191c0e29d5da06af36e60af9f99a6e3eaf4c801f98db9cb143120ba6
C/40205/2523610160/1775580370.csv,afff2018031c099f9fa006e3254f76d414b27422b1fa81cd47ebf51f42094585
C/40205/2523610432/1775580370.csv,c47c9bee8ef4a9d137892300023e12adcdba4b7afa2bde7265fa09f1925f6396
C/40205/2524610033/1775580370.csv,2e0758b756a19d8d2b9da4bde259b6784871fecb13c4c6ed7f62a5bdca55c276
C/40205/2524610041/1775580369.csv,1dd58bab188420cf76e0319533973deb5097937da6d7a1c79fcac7e6dfd2ae2a
C/40205/2524610049/1775580374.csv,d1ebe5016de4a870c1f246a19a09b98a1af753a6ee66050eef283372d9064c5e
C/40205/2524610074/1775580370.csv,c8e77c83e25fa061453ab9b6fd89bb13c583af7705e6dc0de08e98d73daf2f11
C/40205/2524610082/1775580370.csv,3561451ce599de24f785cbd36808aa2f238496f3435fcbd757f65ce555c078a4
C/40205/2546610759/1775580370.csv,fdfa342c1387a64e8bb8e109e2d8f5c6f9737a84e199315fd744e6b0b2648915
C/40205/2548610286/1775580370.csv,eb297139361368e5c8ae03af34d7992bb41adeb2792f2faefb24ad0583964c46
C/40301/2521610325/1775580388.csv,b3c99f958441242c3132370695ae6d6cc7a220e90f1c38c3a768895bbf86537a
C/40301/2523610003/1775580388.csv,69edab05e2014a34ca20797fc43f884c5e24e7fab3c18dee9e5591a9e29f2881
C/40301/2523610041/1775580390.csv,c7a311ab801f41c7c3cf8b31950cc996a6217a87bb54fb664af5d2ab0e736dbe
C/40301/2523610075/1775580388.csv,8ca7f9e206ac1190531bff8e37766e5eca0258965b22d49daffa32411e2074ac
C/40301/2523610126/1775580388.csv,8be6bee8c8f1f65ea46c8e926499b63421c858ad050ecf87d7f9c7a3c756076d
C/40301/2523610134/1775580388.csv,670d3c395d40bde57b4026ebad30c0a354688c2b0caf03e4d9bccd6a06a7e334
C/40301/2523610160/1775580388.csv,41766d4395de72d1363c6cc8a18fe38cffc8a0f65b7ca54eac96bc209c7a4e1d
C/40301/2523610432/1775580388.csv,c2f9d5c939015820714bd63a59abcfcb9ec62ee286f31bc2b05cafe36777a71e
C/40301/2524610033/1775580388.csv,6ce2ea95f79a0172644f0c65d69145967e69b74cd3bba7e2abb64cf9da0dddd1
C/40301/2524610041/1775580387.csv,6114c833f18734eda689179e3836fe8a77cab0c817cb2f286975ed739dd73062
C/40301/2524610049/1775580392.csv,097bc38d5c36e8f8420c08bfb94788017fe8c9fafa00b0ad840999d25ab12774
C/40301/2524610074/1775580388.csv,75005f14aef3d6d4a1253346f9163795ada097dba2e29f123239238aaa858156
C/40301/2524610082/1775580388.csv,f5ab4ed7a65eb3956a7933c9587a6714baafb73dfc7c7a4b45421f15b96ca052
C/40301/2546610759/1775580388.csv,fa45de0c1840fb6dc0f2c8e3d8e44ec3e4fb468e9b22f1026e23903a641bed59
C/40301/2548610286/1775580388.csv,2f590ce6f54fdabd6885dd82a867e6b9ebe7e9b66b5a0b9670fe8ff08fa8e833
C/40302/2521610325/1775580406.csv,dd2c8f37f3be87f5a5b26252f16781feab32a19bab55adc70a26bb9dbee965a5
C/40302/2523610003/1775580406.csv,b6e08e4b237775bae4532b458a97218a69e90ea7849dfaa390c9c73f832c944c
C/40302/2523610041/1775580409.csv,fc43a300789218e57fa62fc57a5879a9c8731e4814a21daf9186499f3132de2f
C/40302/2523610075/1775580406.csv,2b82bd4e626ef972ca72d67f13d2abd613b701bf4202323c8dc30f65406f9aeb
C/40302/2523610126/1775580406.csv,73e89b97c23795a1bc75f1f678f837d5dd796f40c81e4b34884054298408dfeb
C/40302/2523610134/1775580406.csv,1d29c04fd6d1b892e3ce676ca289607ce94aebf8001aed7ea6895947a06373c6
C/40302/2523610160/1775580406.csv,787649da6410dc77baba1ebb87d05a48b49567c23b2340e79b088de76b7d12da
C/40302/2523610432/1775580406.csv,9c16ce5a33bc787f1195540515ef7493b57e5417ef45b217662a90e06be3bb75
C/40302/2524610033/1775580406.csv,f168171bcae13c75cee0d8e5ba56bc7e21e8a50cd1c6b9e96be678e338cb0653
C/40302/2524610041/1775580405.csv,ecd37aa1bbd84d1d63c79af8547dc27e0b95415f854a17faf0ad12ddbef939d0
C/40302/2524610074/1775580406.csv,162c9b644fe676b817ddf98c5d21956126a9331eb300f051258bd0e40e5177df
C/40302/2524610082/1775580406.csv,00d7c5d9875d50ed655d6424a2f53712efce3312bd4441feaf3c391b6fae9cc6
C/40302/2546610759/1775580406.csv,15e59b2a9ca14cb8c2c9020b929d0093488ce0c7f8feba3ea047e55759eab579
C/40302/2548610286/1775580406.csv,1395262e42de783cf64780c6c58a304cdab32e749f1d1424265095922036f1f8
C/40303/2521610325/1775580424.csv,095b42ec4be861c409bdb4ff7ad8a0f6ce040589fee9cf8dfbf37cfe81c3be4f
C/40303/2523610003/1775580424.csv,1b30c01c8a3d5b1087254456db0f52a7485cb7ddbd33e302f702dd670fb4df52
C/40303/2523610041/1775580427.csv,1f07f03aa4fd0409d0d7d19caffc13f00f1d9efac3784e4b346c47505a46d636
C/40303/2523610075/1775580424.csv,3f07c21a0cec5c63a125ade2fe53e8c8684730f48867880fbb3bd2974a08db9f
C/40303/2523610126/1775580424.csv,c738b203a05ca82fd362c943233f581bff7fc673cd0874f33bc2bd373fbd8923
C/40303/2523610134/1775580424.csv,aea64c56ec9c58de31265aa380ec06656991a50624f1a160f656492652640cf2
C/40303/2523610160/1775580424.csv,a64f0b89d681114c0fc5a19434cb251915cd2bc2306d89bd0ed17408bd5b73ae
C/40303/2523610432/1775580424.csv,a7fba83d096fbeda719d2505434f88ce3b47515d0ea6b2ca5cbf8bf6bd18be06
C/40303/2524610033/1775580424.csv,ef3b7900a4b06609bec62f8bedffe3c1921d5f009e5aa879986359fbd39cb4ff
C/40303/2524610041/1775580423.csv,61761875e00702952b8cd70e7f782fce4614649f7e9442355b0a30fb3a546a02
C/40303/2524610074/1775580424.csv,8a5d7d70cf3880aeda7a7a1c03142858fe6d28c54855b032881b8ab4889d146c
C/40303/2524610082/1775580424.csv,fcd71a994c36806c841a70d28845c3737e3ac0ff437310a0e8af598480081fe6
C/40303/2546610759/1775580424.csv,a4b97456d52fb871bf1bb7937741b6386b15fde84bd6910362a08b987bfc3a5d
C/40303/2548610286/1775580424.csv,ed1daf9b2060404ce3263cd4bcbad4d029377fb1881eb1fcb1f04dd83d222e7a
C/40304/2521610325/1775580442.csv,10a1dc40abeef3aa3d342e9ef1a60f8e5d003ff95a2ba3a8249c797571656d3d
C/40304/2523610003/1775580442.csv,48f5707177a5318ac261850e5a88108bec981d888c1dcf0dad49a35466b50650
C/40304/2523610041/1775580442.csv,880b30bcb4adbff75c1e75a175ea030dabb8513d6512cf5116872c12ba01e7f3
C/40304/2523610075/1775580442.csv,79147ca3a2b7e957f13f15ab48ad29f72a67b2d9fb863fd91294adf826ed90ad
C/40304/2523610126/1775580442.csv,dc9f9a39efe20f0a9c862e3fe9d4aa215e3dd93f47a87cc17442784cc2abfb3b
C/40304/2523610134/1775580442.csv,c2b7acacc1e0203b8036d167050a1105937edc5b1d0d8a961c789dd70a95d283
C/40304/2523610160/1775580442.csv,be8be493c4e997da818d712f93e950d15f8c22b95b5251ca182ab0ec5d1d6a2b
C/40304/2523610432/1775580442.csv,a76b659bb80557e30dad0a6172edd34b3fa0bf99a522d322c95d67df23973a12
C/40304/2524610033/1775580442.csv,d1ea25b5e3b3d6727b704393b1c04f1db439d05a40020f45d9dce91b7f950f52
C/40304/2524610041/1775580441.csv,0b56a12bc681d287057d714ac2e264751f51b109b0b30b39065f86608a09e634
C/40304/2524610049/1775580442.csv,7ddc5966212e65c0f1531fd76023024b88da85ac1d6245c0f9a172a0729308c9
C/40304/2524610074/1775580442.csv,3c34884747732bd7428b666f60b9515e8c92af0d6d563dee8028c0fdd1f53cc6
C/40304/2524610082/1775580442.csv,5404cb895143d1e682e16d386e5fa7203277485796bb7338f4f799f37bacc509
C/40304/2546610759/1775580442.csv,32ec97ba64150459a91f95bea376ff6a0167cd81d2dd4f9ca9b52138c778a5b0
C/40304/2548610286/1775580442.csv,9c4870f06d4f9a7fa0ee87caa584af259b4c7909d2bd8bf03070d570b6c9656f
C/40305/2521610325/1775580460.csv,eba43a5da33a8c3372810e7330cb3b74c020c4498fbf38b5c270458e891cbe9c
C/40305/2523610003/1775580460.csv,61f7398c8d2004622b0d1415b46496463e43d84e13a958e6f0b903974762360a
C/40305/2523610041/1775580460.csv,65cd163ced0a11a3869cd46d442e7602d4f5d08c9b900e39236f36390b2af06f
C/40305/2523610075/1775580460.csv,fcfb806e27460ea10e4542ed7df518f34f923316942376d0fc6315efa696c71f
C/40305/2523610126/1775580460.csv,0f74421772d918760c93a7e15d00e7fdea43be981d051f9e00c8db1dab48f247
C/40305/2523610134/1775580460.csv,e7755efa3731b10001be452c6f119ac35944562f7ecaf9042ddad20fb022d52d
C/40305/2523610160/1775580460.csv,0218f0074c7057b9e1f226d1d68b38275ea4f9c1660b25576a78629256294680
C/40305/2523610432/1775580460.csv,fbd5e8f77350763f10c2feede4f2159c98f1b78a5596ddcab84277f80cfc468b
C/40305/2524610033/1775580460.csv,b78560994fe304050c94d6e2ed55f129ddbf3e3a7964d6fb0434f05e740758b7
C/40305/2524610041/1775580459.csv,ef182fb2f6d426c0b12c94867808d00fbe17f1037333cf5f1abb76f712d5655a
C/40305/2524610049/1775580460.csv,6422e45107f813f1d17e1b14a957e40b33b28b752ded9a41e5479d1dcc0fea8b
C/40305/2524610074/1775580460.csv,0a4ea9f3830448e437b1664a1035a163b6c633c56c97c7896305ab3de56da7b4
C/40305/2524610082/1775580460.csv,fcf3fd267a1ef17795279cc5fd807d160758d67004ebf3547c0db8937a7f76f4
C/40305/2546610759/1775580460.csv,002a58474a38f9c5c481c1c019ba0bfa0ad218eb04433379ce8486e3a75632d2
C/40305/2548610286/1775580460.csv,da1b74c0d6d971b3c062f20f6cdd2cd17c9aba74fd1c692515d96031cf846591
C/40401/2521610325/1775580478.csv,03fba5e2d7d65ec291e1fb6525e03ded06fedc331ea51b9ff92715c4c5a00895
C/40401/2523610003/1775580478.csv,3208c06fcdd8230b7d7dfcdbcaddd0dc6903e8e8bbf894feb2f3ad8ddab575f1
C/40401/2523610041/1775580478.csv,1760370990a0183ffb56e97d810361900bcbbee8a5c9de0fb12beb390687768a
C/40401/2523610075/1775580478.csv,d50f53939fb67e464f5cb5111a682fe70ad8ee7fe25526eed63a33b010a35247
C/40401/2523610126/1775580478.csv,8fc94a332b0f988b96e3d45e5610181be2c4f0e6cc845fbabf9c04e24f2e8a08
C/40401/2523610134/1775580478.csv,58495984eada6cb9f99b942234ea85e46cdbbe420625a2f000544741d4ae4317
C/40401/2523610160/1775580478.csv,48b6183cf797b2ae40586c5c515ff69c8bbbe265917dccd3e7d6cd5c0a8b9884
C/40401/2523610432/1775580478.csv,c528c8c8e3ad6b914f3cdf6acc55748685ecba0576ad8f6716c5e40f720cbfca
C/40401/2524610033/1775580478.csv,52fd850523947600789b99cb56d38ee3990a0dc36a102a2288caab257ac3c1f8
C/40401/2524610041/1775580478.csv,f370fb83b16802a048709290444b0cbe653a33ee66b70a305e14c284c6ac1f72
C/40401/2524610049/1775580479.csv,d623e70964e694d9d6f1021569e0a81c228726307b093c84c30ecb2c0514f5dd
C/40401/2524610074/1775580478.csv,35fb27c37a3209ff57fc68c01286e47604df072da93aaf4b4de7db351c82353d
C/40401/2524610082/1775580478.csv,c30408d58f4b906d907e83e5aa2d3528413d3c6dc399a36a6d692c2df7e79c6b
C/40401/2546610759/1775580478.csv,01c0e136a2f8dcb52e00934750ae0322637b6865af694f66e27d1a4d19750c38
C/40401/2548610286/1775580478.csv,e44530a080eb5bac8a6b402ecadd16dba97f84c10a455a5636c561798987ba1a
C/40402/2521610325/1775580496.csv,c3595f8f6e89c6390c351c3c65f00dbbdd7509f6cd3fffeb96f4964d78c131eb
C/40402/2523610003/1775580496.csv,0bcf96a260509d74f7e64e7128c1d829100c418d6c771731ddf9b57708603900
C/40402/2523610041/1775580496.csv,12e1a21d3f5f3f628e79cf5ab95f3a55e92ce7a38ef4c55815c2a4c8f832abbb
C/40402/2523610075/1775580496.csv,051b33f3aa3687ff72942cbfbca9ee23e339eab33a094486325e868ca7d84496
C/40402/2523610126/1775580496.csv,94b159a3d1c08979fa023b17fa953ac7c5f73eaeba1f7c077ff025a887cf5224
C/40402/2523610134/1775580496.csv,514077e155112d54c7a2d0487566467ef09a543ffa04164abe7088f668371398
C/40402/2523610160/1775580494.csv,0ed70581329bdd6be680140225050606de872f6a11055488d4a73ec1b6d4ddce
C/40402/2523610432/1775580496.csv,1b8a40bba6a4098e7b80fc779775627e74347988e1ea4701f6baab8632e4d58e
C/40402/2524610033/1775580496.csv,03dc7bfaa176fedb6c9564e5b5826cbbc2eb5b8a5c74199131208e046f93e516
C/40402/2524610041/1775580496.csv,36fd1300db504332713578592047a47324f9eacfeb486f55065b27eb7710777e
C/40402/2524610049/1775580497.csv,14439354b38a404475e41ea67cdc1c3397cf6d7bfe49b8877f7ab87e85c165df
C/40402/2524610074/1775580496.csv,132a63c99b36d3c3da984c6c49ed2dee19062cbd4d105496de30aa56f9e1e825
C/40402/2524610082/1775580496.csv,24eafabee4f9473220ea0a5bef4ceeb9cb50252782fbb51d7ebe9b674575bfb8
C/40402/2546610759/1775580496.csv,23ccce9cc705fa30b76f1c15a91346b4bd2ad72f6ecb3aa59143e14f1b0240d7
C/40402/2548610286/1775580496.csv,4ebff3ef4d3a565f00d33bf2041468f0b89e376855e459ed06b3487c5ce35bf0
C/40403/2521610325/1775580514.csv,7c58e1569b95de4b61a2256bf7569973d46f3ea62624159f5b7a44e6eb61abe5
C/40403/2523610003/1775580514.csv,da62d08bb36859b6cd2b56422fda32ea1af904430707a94ec36f46353ef11849
C/40403/2523610041/1775580514.csv,864ee54767bed2285cc907c4886eeddb22b707148e7e7a3c9fb780c3c0044b90
C/40403/2523610075/1775580514.csv,8a8b28b6f87221f094acc8e96d8802845312976dcf204a4d83e96aab69315dc7
C/40403/2523610126/1775580514.csv,9698142b03ceb923746974ebd91c5408293473d2eef064fe904fd6c8a1eabce3
C/40403/2523610134/1775580514.csv,1566bd61786ef2ff8797ed142c7f52ba8fe72533dfb690b2a7470c35db43594b
C/40403/2523610160/1775580512.csv,a98e1611769f11850e5fc58f603fb1dcdf1e3241fa418a31e60032b74a7064d4
C/40403/2523610432/1775580514.csv,a6780175ff83d7dd721cd57449b5410d7a7e617775bf82dcf6a2c9e9e9c47590
C/40403/2524610033/1775580514.csv,da71f2a785fa14ff08f40bcf1c4a7098b96f31a78716e13a830ddcaa054fbb78
C/40403/2524610041/1775580514.csv,2110b91df73e599f62b30e232575a7d10cb3d5cd29867670efd1b93c5840c884
C/40403/2524610049/1775580516.csv,12d1d931858bae22789b65b9a938c47a46880445d6e43e408a6a695e19739583
C/40403/2524610074/1775580514.csv,7886a680f9c9eee7473df9eb69a5c6247c8785af812197ce5f93e6663f50d910
C/40403/2524610082/1775580514.csv,52503090878b0761eb948d420d60d14dd1bbb2cffd3cc39cd68a903e37aa4717
C/40403/2546610759/1775580514.csv,66d14f2e30787cb5d329d864241c860f79b9010de14c0faaa89df42865f67a6d
C/40403/2548610286/1775580514.csv,d84ea66e536629cf246adcd9b4b4b2c010ff434be2a54b8584ddd60bd7e4ca47
C/40404/2521610325/1775580532.csv,59c7595e7272ee77db069d60605fdefe637791c80550eee3699924d0d371491d
C/40404/2523610003/1775580532.csv,a7a20a59432eed06e35cb621303cec92f788d3c2eb38e2650548bdc65a29d5a8
C/40404/2523610041/1775580532.csv,9102e57dc371b9bb39de059c642e5460acf6785e9383c3bf14eabaed03b814c7
C/40404/2523610075/1775580532.csv,e2229100afb1d9495c6010f772671e163ff34c9d877553ced0c41f4953cbd65a
C/40404/2523610126/1775580532.csv,d01cae469299206686f3703e872fe0a2853ff19715c11ffe3e288c4e334ff493
C/40404/2523610134/1775580532.csv,c8dd911600a76d004a2673c265f8abfe6e2ec3a1e461ae6e2a97f271a1317e72
C/40404/2523610432/1775580532.csv,3d0469ed9e32b1a2ea2c69881ee6b65a30e374eb421ca38f0c6daf830ca99d77
C/40404/2524610033/1775580532.csv,0f58350ba11b1edeac0964c925b552a98c90b3149b87613cd523cc4a4c3e68de
C/40404/2524610041/1775580532.csv,27395603d826e489f66b3ee239231380a4f4afa6dc90dc63424b417cbc43d697
C/40404/2524610049/1775580534.csv,c9a79cd07d0070d097cb1ee4d1c40bfc06c3e94f979d72c987ed8784ea0f98a6
C/40404/2524610074/1775580532.csv,f6f696128e58aebab310658b3225d4c25cda231ba554a24792bc32394a313bdf
C/40404/2524610082/1775580532.csv,eaf2adea8cd07ffdedcaefdb80bc115e99fc9b0d3713228971ababad12f9ebbf
C/40404/2546610759/1775580532.csv,0ac35cc4dbfe4e03609c0c5ce455965489d7e5619213bf92d44250b5d98633ad
C/40404/2548610286/1775580532.csv,37cfc4f49e00351807c247ae893cf8130e622fa9a19478f24292132f28640c92
C/40405/2521610325/1775580550.csv,92139d226dfeec3ba6fadeed1ade5f77fd176d6fdf0279d2e7913a3918978157
C/40405/2523610003/1775580550.csv,42009a736403711d5ed310f3489473a9747bc5314843933c5e2c9e8f77c3a3d8
C/40405/2523610075/1775580550.csv,15ad8fe97360c082acdf09e38c3ca076c9fed1a100689ceb7116c4a627f1eebf
C/40405/2523610126/1775580550.csv,158e96e55e8f3885e7b7c5bb21815dcf5e06a1be7921230b127fdec25ecf438a
C/40405/2523610134/1775580550.csv,dfc9b6c0c60cfbb26f94e3528033a86f7bbea2b992ed924cf3815432854b4d39
C/40405/2523610432/1775580550.csv,1ea04363aa81c575cc840661e76bebdad22f5029d6bfd06e4661350cafc0a5ae
C/40405/2524610033/1775580550.csv,bb84c443d7348e9ba71e52f5acb00548d02166135eaa390eeeb6a7d1bb22513b
C/40405/2524610041/1775580550.csv,d84f4e2ea112c32e04922a76aefc3265f3d0a3a1a3a4408a8fe51e77d3abd4a2
C/40405/2524610074/1775580550.csv,776e0476d46304fd220bd8ca02ee60f2c657022d2f3668bf6858274e58e840f7
C/40405/2524610082/1775580550.csv,1a8ebd522372c5f0e965447623022cc0c20cf03a8f32491af39290b564a7969a
C/40405/2546610759/1775580550.csv,951e02fc9a909059dfedd6407d72fc3a20185c9408cadc1c0aceee15efd23609
C/40405/2548610286/1775580550.csv,70e3e2c66410b315cc8a8b8db7721c5bdc44aedf7337d1aca247b5a87f9a4a26
C/40501/2521610325/1775580568.csv,b299d5f12d0f313ab9b03b5818461aff555bd7ff9f79a0465b52effe10c14e01
C/40501/2523610003/1775580568.csv,b44df14402c8f5768573078b8a42e35831c5ac80230b71d3a41ee7c86a152ed0
C/40501/2523610041/1775580569.csv,2f929126b8cfc6c0c104242bf74fab9d1add028aa0ff325aafbf849a590fffc6
C/40501/2523610075/1775580568.csv,70beb6914da7b2faad1504ccd867f66557c35542162740bacf698764c07af99c
C/40501/2523610126/1775580568.csv,912c46b273bd53b5709a7b5d8200e0aa1cd3af08e1e0f407b80925c10cdf38d7
C/40501/2523610134/1775580568.csv,6ca9fe14b9935a1ebd0c6c7b029d8c1927f00e215c1217875348ad6d39d05c51
C/40501/2523610160/1775580567.csv,9f371c49383e01330aa8da1f1fd474f9913af8339530ea577bb35a0544ed13ed
C/40501/2523610432/1775580568.csv,aac9f11df07b1b0a348d7fba755e90e4cb7d5859a95c6ae94b6ef391e356e25e
C/40501/2524610033/1775580568.csv,313cc3dcaf0094831109d6f8e433b99b88cd32d71cd365493cbce347587892d3
C/40501/2524610041/1775580568.csv,ad646beaee1567ec036d39cdf82af24559584c522d0645e3d11b1970ffa0d542
C/40501/2524610049/1775580570.csv,4a80ede1445be949e9450f7cee7719a8cf3ad5f621507537542c2b0b913a2872
C/40501/2524610074/1775580568.csv,c178a9ff483343b1fc4058c14b02f9f965fdcf68db1c6872d456f4d3a5910d80
C/40501/2524610082/1775580568.csv,eb768baa83680c558a07263adda127ff51b6869d2c9d8cb8e854247a9bb5f7e3
C/40501/2546610759/1775580568.csv,f92652849e6b575a15afaaf3d335fefc8ac270efdb6228b997216c64a7875823
C/40501/2548610286/1775580568.csv,8a4fd1c018c94545f17f47a13a93f9b9c6dda98f5faa8bb55762eb91bf3f98a5
C/40502/2521610325/1775580586.csv,4dc41b5435f5533ed34fd246bdcbb16bbbf4aa70c6f90ec5d71d2d26927669c9
C/40502/2523610003/1775580586.csv,2f5317ff929325f98438f3644ba0c3b5154be97def009af2f2acd43b8654ef2a
C/40502/2523610041/1775580587.csv,1fa4e1ffa4aa406d5895803495766519d1fefce9b38c9c54cf9b919c7dff6d1b
C/40502/2523610075/1775580586.csv,641fed952a6422359eabaec219a860f172cc46848f67748a9d650a1e9934d91a
C/40502/2523610126/1775580586.csv,cc1379fd454b45134ae81919cc4538a4bd84c5107552810477170e274c32bfd6
C/40502/2523610134/1775580586.csv,8f7a00d66836d4815a8476c3ebfa11c3c3f13771ae6de0c6e22200bb11280697
C/40502/2523610160/1775580585.csv,37c9b9d42a1e540dbfc7fb913208168a298182555d68e5efedbf99663cdd8c0e
C/40502/2523610432/1775580586.csv,55bf1be05fea2b29b33581525cf38370be3cee3bcff9cb9a078b10dec4f05458
C/40502/2524610033/1775580586.csv,117683b408a89e3dc0265c0933fcd5b4bac4b9129ded36faae0a5833fc632d29
C/40502/2524610041/1775580586.csv,96bcc26fd2ef3e8b7195809ceddfd220748418be55e558a50c98782f598ad2e5
C/40502/2524610049/1775580588.csv,ce5d6c08407b93ca00e7df77f5df7e902a24480e6cec6de5395b2603d3828019
C/40502/2524610074/1775580586.csv,01cf6dd60d7749fd8ca7a46c2a784fd3628d5a41c8630a09c725b20900961fc7
C/40502/2524610082/1775580586.csv,d7954abc51fdd8582ef5b11e3754870ac9670bb4f70180de01eec8922f18c1b3
C/40502/2546610759/1775580586.csv,5b86da9be19dabad2cf4b3953aa9ef0a46c608038f896f5ddb6309f40d7c0de7
C/40502/2548610286/1775580586.csv,b8a5447b8868af90330b722b4bc59dc4a4af76b9b1fd5d6e45878cd351173cc4
C/40503/2521610325/1775580604.csv,41975aa602bc25d40a81db37a4f2a0b46de85ff68a7ab64c444a26d15116ea13
C/40503/2523610003/1775580604.csv,804ff05b5a4a5417faafb7c05fb4c6f2aeb5f1d71d3496f0ce2cc8ce10912186
C/40503/2523610075/1775580604.csv,cf292562a5151a69ed0caf850429485f0aa001d5aaea5eba3d1223c29d46334e
C/40503/2523610126/1775580604.csv,81a0d55d19d02b150f66c676ec337da3522c53f2ad9333821ed1178cb283fa71
C/40503/2523610134/1775580604.csv,fabcc7b136ef38190ae1dda0e8e713ef5ae35f257a77df01377039b217aff66c
C/40503/2523610160/1775580601.csv,c7e25205eeb424186122d570356feffe9cce441bf369c58c3034189532e0830d
C/40503/2523610432/1775580604.csv,1b18df88474b0fd28788340d277904f61396f9a79faf28a645ba258ca4d43a1a
C/40503/2524610033/1775580604.csv,54165950e7407f5bb7b11eb76d6ce7e8f0f421cb4511f636af44d4e1c8ca291e
C/40503/2524610041/1775580604.csv,5d78df3bbabbaa12dd7ce14bd532a30a2273ab54fd08904590904b7ff9098862
C/40503/2524610049/1775580607.csv,c710ad571506ffb77dd2ba023d5c694e30a6d656894b77394c377a64d8ee8a2f
C/40503/2524610074/1775580604.csv,0ac73cd7b79445774503195b84c2a4ded3b2d668aa895153831f472ccdd479b6
C/40503/2524610082/1775580604.csv,b96daa841c35926d7d48fda26c210c2308a14a4dd15134ba102dab81e1edae1c
C/40503/2546610759/1775580604.csv,cfd9dbc4020ba5c3a9ea6902cc873fb6e552451bf5a7653158fede45d40e7d74
C/40503/2548610286/1775580604.csv,cd2530b4834747114c3462222e6ce81a49e10ad28508b000d1c5f1bb9764c977
C/40504/2521610325/1775580622.csv,597f71c845ecb86e33e5861dd98e19ca1e8836e6c29877553be891cb311cb8d2
C/40504/2523610003/1775580622.csv,0d16fbc9b6fe32ae45224cd5fd96da4ebf32d3c2cd63c78d547b6fa6e102a346
C/40504/2523610075/1775580622.csv,bac7cff2447c78a36c78c194c2dc581c3a5e2d27604d4b1c3aeae8a66a5ed9a4
C/40504/2523610126/1775580622.csv,304a9f130adb3da95b79d31ceda435bd79a37ab2479580415ac946d00a81f559
C/40504/2523610134/1775580622.csv,eb54e370e0ebb1b78502d32438864fe0d9be1b2f4f93e86f4fc30cf62bcdca36
C/40504/2523610432/1775580622.csv,c8314ed76b8d2bb4813f18bb3e5bfc4cbfb812cb8c1c76a97aec2bb9e9097b14
C/40504/2524610033/1775580622.csv,c4863bb6bbc5abdd66e151641540ee07b1bb99900c338e67377bac984200fff5
C/40504/2524610041/1775580622.csv,5b7d7e5cb4c65669a868bc0957bb472c47e32321a99f1454e40613d62767d97b
C/40504/2524610049/1775580625.csv,52a3378e8fb1cfe3c0aa57759882a7ac8db8cb1d5b1bc0530d8e847e675c3b09
C/40504/2524610074/1775580622.csv,29f28fa5aceca596af26bca528415fc11168112fcf42ba1614930099c50814e1
C/40504/2524610082/1775580622.csv,76e5f3e64beebcb070bebcac2b1db0a8b1f426a50b9fd9842f92d7745c8871b0
C/40504/2546610759/1775580622.csv,6e586aa720b554cf9779a67243877da9d8414fa49ec551aff6ee4edca9a3aed4
C/40504/2548610286/1775580622.csv,57d2bf75a9908b03a6e6cfdbc42aff03335b1feda0100d50c1c12784d7630578
C/40505/2521610325/1775580640.csv,85e7ddce541a0e32987972c677fec1aec7168354f22e3d034d71036f8b71c5fe
C/40505/2523610003/1775580640.csv,d4c69b3f798da4afe41c520ad351c63d42e92e31bb72203b1cb23c655d5b9e88
C/40505/2523610075/1775580640.csv,beeb82c331e05ccbd33ffe7012f530844f52d93389aa0f989dacb12026fc02ac
C/40505/2523610126/1775580640.csv,dc13508fffaf5fe34c1a142855d8373a370af802b9ab37479a27254fd7ec7480
C/40505/2523610134/1775580640.csv,6ab4cbd284b49710c034ad2ddd184219d37f649c2cc68141a278d8315b6227b1
C/40505/2523610432/1775580640.csv,2446ad1ce397a034d336bf3c4c76c440262a203b10ac92c7375b4aa7bda632b9
C/40505/2524610033/1775580640.csv,d3b51caff9ac4d9beaf68052854d07db9f45f1e73365ec31ad6153ea6c594c8a
C/40505/2524610041/1775580640.csv,357caadbaf8f068342f04c4392c3b785b0f7fcf8b062e196edc89b0184776b96
C/40505/2524610074/1775580640.csv,1dd6ed16d7f86ee194faa4215c5b0dc573c0b664e3cc413804d509e57f2940e1
C/40505/2524610082/1775580640.csv,a8acde32dbf56eeab7ef55b1b131f5718b593ba849941580e8a8a533391cd8fb
C/40505/2546610759/1775580640.csv,d6da46632cc71579984f7444dbd3706ad439a452c77e9403b39bd1515121f7a4
C/40505/2548610286/1775580640.csv,6a304b4a1228ba6fb861393d2501ce410458cb7abea943147eb015e6847f756a
C/40601/2521610325/1775580658.csv,8711bf512ee27ac47a003501e166c0e69bb1661e8f66c66084da9a5a7e393518
C/40601/2523610003/1775580658.csv,5b5dee519ddd422a3862af49391aba348843edce22330848492af30d4da740b6
C/40601/2523610075/1775580658.csv,e1e4eb833850c9fd02239a1f40b718cc5d21bca0272a9b557aa952e66a678f47
C/40601/2523610126/1775580658.csv,c5143ddef5cc860e515f6a5d9df730ca07f655fa8532e9e18197ee46925ceb30
C/40601/2523610134/1775580658.csv,ee8dff9f0d52c4950c2f22ba96a0515f35d7a5721f7b97e28353d5d8037eb2d2
C/40601/2523610432/1775580658.csv,2756bf297eab4c4c9ddab0610633901ab2c422949672c82694a294dd685e9954
C/40601/2524610033/1775580658.csv,26962fd6de307521a01a1631c46644b20811b6b851c5769514074be4fa0e2e62
C/40601/2524610041/1775580658.csv,ab593eab69985d81b10b75299c73bc9dd142ff4fa5282e85cb46982538bb10bc
C/40601/2524610074/1775580658.csv,38a57c8b0960b2fe275236f52f683df5f6d270889cf73e68c51a68c5baa7e386
C/40601/2524610082/1775580658.csv,b8a8646472fd595d5a8a8abcd46bf847cacd29a94b62b82419f3863db19ce1fe
C/40601/2546610759/1775580658.csv,e618f3bc0f257769742e677ae85020c4286788c1bc8968a309b16d31596b905b
C/40601/2548610286/1775580658.csv,53bfe759612bc8ff2b1002373bc555d0083d96aa7ff958883c72d932bd790944
C/40602/2521610325/1775580676.csv,cf6d1c5a85be8aa1557058db6a7bf843e55a07269db4d1a00ffddc4f4287d30a
C/40602/2523610003/1775580676.csv,c46cd4930cc090a9aec5a48b1c0568e886aa930020f3c5991a77021e06ab63a4
C/40602/2523610075/1775580676.csv,2accc93aecd729ffb4c4569aca08188a7833ada03b5e813a6031ebdd422c9e41
C/40602/2523610126/1775580676.csv,269509b924c911a48e37706b8e25791e1f437a9a80cad257d785a9815c869f36
C/40602/2523610134/1775580676.csv,44ebe9a930c2076cfb7e0dcc9e6cb142d45514028cad377dfd4a982b772bd2c3
C/40602/2523610432/1775580676.csv,73a7497e5e7a4ba693fd76b4f615efc424da16cfadd54b41ac0aed6e180ab021
C/40602/2524610033/1775580676.csv,6aa22b71f87ba497e22ad9b775a53027b6cca1e7c5b79daf7ee15f72ef2b6178
C/40602/2524610041/1775580676.csv,6514ed26fdebee9ff5b3d3fbbb398d81f673ac42e7c50a41d36a405dd04f07d2
C/40602/2524610074/1775580676.csv,7bc38171e62c5b4b7caf8f60032371f46927ba4711a763d37d61801e85c7f2fa
C/40602/2524610082/1775580676.csv,a869847525e8153b11b49c9b310226a6ad7b80b726d1723112704390afebccae
C/40602/2546610759/1775580676.csv,090b83f603c3584c140b4e6882b8626dac272e68f396f9aa5fa49cbd48261820
C/40602/2548610286/1775580676.csv,3a72d63095803d02d32989a7beb21aa4c3fcb153fb7628dc842c4d421a508ab7
C/40603/2521610325/1775580694.csv,74ffd353c0dcd9eaea51f857c7c2aef5060e1e50642035995d5cf799fa6dcb99
C/40603/2523610003/1775580694.csv,bdd9c0097134639eb839f255a9cc77d5f5cb5ac66d9175631fb62dbddaa0d35a
C/40603/2523610075/1775580694.csv,99620aaa6820ceab520d1d34ec5f63d9e19ad557148075847eca33bf6c92169e
C/40603/2523610126/1775580694.csv,4db146651ebac04825ddd145d738d7467236c2387ab684f9d3c9ab43a5e44c66
C/40603/2523610134/1775580694.csv,860069db9cc500ffc7e7fccfff4a1eacf6c14ab3df9ba809c68553bbb4ebb04a
C/40603/2523610160/1775580694.csv,bddc6478a7bebad01685c259791662f38f18f2aaa8bbcf18e38644293ff76df1
C/40603/2523610432/1775580694.csv,840ed86261ca00861a5d2566ff7eefd6417160ae236d41824882ce060613cf87
C/40603/2524610033/1775580694.csv,fc9b763df89bd4d61e04e1a900ac52dd3cc694e37f682a7e23a7ae7524d70c78
C/40603/2524610041/1775580694.csv,f93d74e228761b5e8345342dabbe9f7a8f2acbe332336dfd5f0a0a5d9e55f234
C/40603/2524610074/1775580694.csv,1807132ec4b40b54ec751c4b62e86b25d1f147166ef37ef5e8e0385f8cf7893b
C/40603/2524610082/1775580694.csv,520dcfe383c362e48bbc45b8af963babaa235944e81676c1c3198c52d7b21e87
C/40603/2546610759/1775580694.csv,4d1419d4d0c3181ca8998214e613894962449dfbece4c6a51413d23d0d666373
C/40603/2548610286/1775580694.csv,1dad70c8cac913b7813f782a1724915c9fda73a67939d2be12f1aba5192e9282
C/40604/2521610325/1775580712.csv,9e03da161c8df4359fcaab6287df5702ce52569a39889de819658ad6c7893dcf
C/40604/2523610003/1775580712.csv,3d177578ab53288c310f93e0abbd6a4c8ccbbb92fe8dce3c9417b8ce3d99102e
C/40604/2523610041/1775580711.csv,83be3d2a7a2fd5c8c28d04020682061c1e3410240683bc46f572803a8907f97a
C/40604/2523610075/1775580712.csv,7beac299a3a2230dfc052c76a8458bcc5b2d343f1abce578a36b9463e53aaf2b
C/40604/2523610126/1775580712.csv,7e49354ffe10b26be800baa0c8ceeb2a0a6232718890cd4de404dc9999b12c1a
C/40604/2523610134/1775580712.csv,bb69bb7b37979a900e27f9d36989924b368f89b476e2398ee5bbde087bc4beb2
C/40604/2523610160/1775580712.csv,d215c4de0eb7ed36abc6b6dcca655654bb5e8cdd53ed1e2c75eb52cf4f2d6b16
C/40604/2523610432/1775580712.csv,6b936c59cc2d677ad06931114785e4ac00b555b1853ee818d7ab265ee2280f53
C/40604/2524610033/1775580712.csv,643ee3c5ce736a0958e30bf042974fea4f3ac90dc3879a746613cdfb5cc89fca
C/40604/2524610041/1775580712.csv,b4b6a48f3ddd9f77ba0af8bcc43f7e1b675a370cc46e78db9aa9adde873716ce
C/40604/2524610074/1775580712.csv,748ed9b9d6f291602eb5d71f6394e925e631cb83c8ee720aed460786bee02311
C/40604/2524610082/1775580712.csv,00f521936221c87da2344be3214198f9dbc3bec002ec9ac3788fee82c5f65b1e
C/40604/2546610759/1775580712.csv,12a1e986199bc33ea492cd9d4718489aed846afa2446fec4df2ef37ceb635997
C/40604/2548610286/1775580712.csv,ab18d760701ce47a20bedad670e2fed990d25ddb5cbfa1073c3209e4d6dcba6d
C/40605/2521610325/1775580730.csv,be4eb55a64dc4e7af7d45548552459346520e378388d7d429731374780c1c584
C/40605/2523610003/1775580730.csv,cd461655da66264ac4af5a5fd952e35dba422b3825debdea2881cb136622c084
C/40605/2523610041/1775580734.csv,6867b341187fb0e61a0e0c79487432348ddf6eb7e903f7bcf914847302d671d3
C/40605/2523610075/1775580730.csv,bcb16d5296b7ac881b4323c33a2271a879e7849d39d102bbd0dad7120bb1e839
C/40605/2523610126/1775580730.csv,e8ea557ee95b49f66fbcb7789a5e4040e6a0d2479fa8cc715393041f3642740a
C/40605/2523610134/1775580730.csv,f01faf6b17b5d2b6fe11335fda47dcc13af7e896aca87681a29c8b73dd6c6b51
C/40605/2523610432/1775580730.csv,870eb177dade5dbe65c2bf18ca7d2758058f73bc1fb3cc1f858d4b4bc6409d72
C/40605/2524610033/1775580730.csv,d525bc7855ee44a472faf76901cf3d773bbb45e94e572caa2706d0bc3afe7ec8
C/40605/2524610041/1775580730.csv,e8e52ec7661bfca87f858f4c49e26e2b7ba7eed4e0fd579b445ce695dcba42ed
C/40605/2524610074/1775580730.csv,0a43809dc748c8e347b1308641d64557b7b2ce67b3528aa3a3affff8febadf68
C/40605/2524610082/1775580730.csv,66e456c643c70cec08c99948d253291eac7ca4783fe32403778dac7977d7e992
C/40605/2546610759/1775580730.csv,8d6ef6d42b1b432291b50049cae0acd31ce2735d321fd081a7f19388fcbd063f
C/40605/2548610286/1775580730.csv,e8ea782c91bdc587a99e9f5a8877ff80ac6dfeba198e8c5c23b9715435a51439
C/50001/2521610325/1775578266.csv,8e751bf9977bfade691d02a3879ee6e776d134d67075ab770eb190b99d1282c1
C/50001/2523610003/1775578266.csv,819576aededd80dcd2842ef6c5d7ad8ae55d032a4cca589e17ecbc3a1cac3792
C/50001/2523610041/1775578266.csv,7db5e212199d98dfbd927a8c65991435acb1fdebff67b6ae9e60a571791fc25c
C/50001/2523610075/1775578266.csv,63b44fdecdf3b5a9e3437c00f657c6dff036ebeb949667d6f6745104e4790e01
C/50001/2523610126/1775578266.csv,7d5d3f8d7dde6e1c25cd58094fc62b4d29c52867c69bc78b480da86dd2c59e43
C/50001/2523610134/1775578266.csv,ad13c82331344e74386aaad5e5abd567dea5e9e760d1010c4c84129f5a99fec1
C/50001/2523610432/1775578266.csv,98c346d07b072119b70411ca126046925c4ebe29080df74abcc0775ace810dd3
C/50001/2524610033/1775578266.csv,c17c9505e1277468f62e1daecad0122b93d4da47b9273e7447d8f7c48698d7f6
C/50001/2524610041/1775578266.csv,0b3c19f05a5f701481bc20cfd2567e3139cb268355c6b54e989726b2a4888d56
C/50001/2524610049/1775578266.csv,bafecff3e5d71424e46e62f4075c953ee20abbc098de017c4a200b49f76d8132
C/50001/2524610074/1775578266.csv,365a54510292d31a755d2cdda895ee7555e19a87cdc0c0f4750bb1c721b037d7
C/50001/2524610082/1775578266.csv,8bf97486854e981dd2111756f343925f6be24f022f668fb2d06c3e22cd5b2b9a
C/50001/2546610759/1775578266.csv,2e8f3c668791217447f7b3b210339948de08eab0bad17c2219e00ec06fedb979
C/50001/2548610286/1775578266.csv,0c71bee6cbe78cb65673d980b49ebf095b63cac4ad4834122bf9842abbec0257
C/50002/2521610325/1775578283.csv,e16ba0e7d1e19542fe62df26e407c752812f0b3bf55eae0c37722c5475b698ea
C/50002/2523610003/1775578284.csv,a2db436ed9e0563b0856e9bea23a73d7689f81ebcdcd5a87a4a54809e51d1c41
C/50002/2523610075/1775578284.csv,538cebb9bdb07f870b52ea4cfce55fce0aefa409e5615cd1d499e2443d3fd0c7
C/50002/2523610126/1775578284.csv,871153eec5966555f6162991cbb22d7df98e9af55029f76b24d022cd010d69b5
C/50002/2523610134/1775578284.csv,e5d4f5a625517aaaf123ee5ce1fe8d3a2ef97fea998d48bd1b559d279da4cc3b
C/50002/2523610432/1775578284.csv,2c4ceee5eee9a73380a7d04fc76e13e932bfbc74555cec8d3b186fcb84d000b5
C/50002/2524610033/1775578284.csv,421c47e7d4e4ae8ec6ee33844f9075b8a6d53e4560709b846b252f5bc73af97a
C/50002/2524610041/1775578284.csv,7838bf56ce1c75168ab7b0596b51e890c8138d58e4c97fdbdcf6f1d610a9e840
C/50002/2524610074/1775578284.csv,9bffcf70c420cbfa383e2cd4a25434c80a7c30204da572ecf5570ba546e7c053
C/50002/2524610082/1775578283.csv,c71bf2a72e95bae2c3939c7b8b69e111c641cd0d89eb0b54e5c0fc67363c1741
C/50002/2546610759/1775578284.csv,51b319aa42574e353fa00e4a2192f98d7669e200c56b53e41acbee919e2bf7f0
C/50002/2548610286/1775578284.csv,70984c99b864daee06fa2a558f1363ece236ec8f322919f97f833f8fe24f4c76
C/50003/2521610325/1775578302.csv,57c400f985c73860ae11f211eb718add1e2b1f1ad0d7ba8f6445d07cbdc9e4b8
C/50003/2523610003/1775578302.csv,b0d38b3f70fc4713ed3ceefb525ca1ecde0a942e92f9f0baa0efcae1fb916757
C/50003/2523610075/1775578302.csv,4b87b69890417538f8aeb0de39dc5525fbc8c1063a8b75862e0c2a9241e40a81
C/50003/2523610126/1775578302.csv,7c3b48f0fbd79a23e9776b0bfecb28154b8f24bcec5a9e14d28414b69cffa792
C/50003/2523610134/1775578302.csv,7409eace7a5745f73c3fc08701ac0946a48ce1b45e09595a64c21a61f7f84fb8
C/50003/2523610160/1775578304.csv,236b6ce42f243954dee475aeca9c6fdfe6687289936be4f07a54ea76793558ca
C/50003/2523610432/1775578302.csv,0b853a47b0e8b295a828720f5a46e2c0577e120ca8a2d6dde590fa1c363e31f8
C/50003/2524610033/1775578302.csv,95c8a2c58fa120528b8d7a6bc178c7e4f2b9a8cde8efd350fd1898a4aa5a5d40
C/50003/2524610041/1775578302.csv,67356b67a0b3238bdd47f388353b3acf1921260c78a8937ab5b1d1500cabf818
C/50003/2524610074/1775578302.csv,1fb12d528010b48cb002ecbd0b341cc0cc8ccee459756655d4329189773d83d2
C/50003/2524610082/1775578302.csv,512e7207e32b82e23fc0677f64764fd4b154050139649b0f83b4be85d31ffdef
C/50003/2546610759/1775578302.csv,a64a6134c7273fd8b97600b5f8b98c428d74d52f87a74b63197d6af7db757f23
C/50003/2548610286/1775578302.csv,a342a8e11b2005271942fe59d2f683007da24b9bd015470e5fe0b38963dc1508
C/50004/2521610325/1775578320.csv,3850ffc24d8ded64802336e2aeef1589d7a133ddc7982a9f6c017212fbb961a9
C/50004/2523610003/1775578320.csv,97247fe1575ba2cc9cac502c33ec062bc3f7bf56cddb9464d39325b8387c8df7
C/50004/2523610041/1775578318.csv,423d6754949c9274e7e2ceba571b86abfe0e036634d6a6d9028704de8e1b68ac
C/50004/2523610075/1775578320.csv,117f62e07638c796bccb47f669feb29cada432720a9d09eb862dbf675ed1a04d
C/50004/2523610126/1775578320.csv,3d796281115088c72d9cf4775484311a4f3c9e07e7db0b10081b210736e004ac
C/50004/2523610134/1775578320.csv,e2e92517cf7e2bc51ffed6ff3f10d75ae37192bd1c08fc94cda7746cbb749d07
C/50004/2523610160/1775578322.csv,a05832e1034066d360436af7406cbd69aeb1a66d96d5bd5e222d835167d164af
C/50004/2523610432/1775578320.csv,83be5c67180df66e21d741317d374b5bdb802c0791b5b1b093d94b54c63d7448
C/50004/2524610033/1775578320.csv,fc53152b811ce2ceedb800e4d14dde48a8401d2be440dff72eb699b5e0028d5a
C/50004/2524610041/1775578320.csv,f7d598f95dfa203d8d32f561c1c8b627d1af18ebd5a2847a2e62b47df086b59a
C/50004/2524610074/1775578320.csv,3f35c0764ab8ee36d28d3d23808f8d720d6ccd452bf16b2c568cc6e62b8f8c95
C/50004/2524610082/1775578320.csv,4e9c7645163665e8b34bccb69a4e5343dc2fe72a6fdfc04766d8b0e87466157f
C/50004/2546610759/1775578320.csv,eff5ceac4f8eac77bacbe5edc8c221b586a740f80b11714bff27605c99b4a209
C/50004/2548610286/1775578320.csv,b3aa25c0a8b7c8c021da185cbc306e7c41c8a99408628753fb0119cfaada0c45
C/50005/2521610325/1775578338.csv,4e9d11e9748197b1831929ecb9fd92fc5078258cae3878a1cfbb264b4fd6825a
C/50005/2523610003/1775578338.csv,919044c4ba8ee7737e4ca1fd4449ec487b9628e7c7703067a180427c20851ed7
C/50005/2523610041/1775578336.csv,fa6b50e74acb150a578208e432b00b5c11924be3c9d3f205e5379a6163bfb736
C/50005/2523610075/1775578338.csv,9e01b824e37bdde88ca198bc5e156644aba82d9d8542406eb9ee78cb3873a65d
C/50005/2523610126/1775578338.csv,11ec1c8ddb394111fd701fc53f67c754da596b0872260a449489f90f84e6f80b
C/50005/2523610134/1775578338.csv,c20e209901d134eccb70afd46a92382e4e68d7c445ce3f36fcf715bec02ccb2d
C/50005/2523610160/1775578340.csv,f05716b8b348308536240877df2822aa2173afbbf6d75107451ca2903fa80b5a
C/50005/2523610432/1775578338.csv,86a146393d018783970d2dd56ead3af82b04d1a1e987a152afe0a499c73f86a7
C/50005/2524610033/1775578338.csv,118d4d04dc3097a259b65e863bdeddd5f2283543d9faef8e4ec1752735bd5251
C/50005/2524610041/1775578338.csv,65687845721e72d8e2b63610aa40af20c6029fc315374f61b0ff310ee139f196
C/50005/2524610074/1775578338.csv,701b0cd5be498f3354964020acf6ebefa44b5fb61baeff7279d80c7eb460daea
C/50005/2524610082/1775578338.csv,a913f6c483d03e6aa5fb44fe4c0591283c743e8e9162635184b0af9c31f170b1
C/50005/2546610759/1775578338.csv,16970e3a82789929e1db4f4b50cbabc3770aa829efe75de8f8e1cb4b1b82238a
C/50005/2548610286/1775578338.csv,8754517be78f29d7a9efb8524c9b2f83e385f82c9f88cf3a087f9d60782f92d1
C/501/2524610033/1775561004.csv,de46c10cf3339b3386d3a34158fe35335c5264eed1c3b639eec84180ab4b2183
C/501/2524610033/1775561014.csv,1944b7546f7851c706c5ea5ae162b16cb7ac27465c0130e5c24cee4b16a8ac6f
C/501/2524610033/1775561025.csv,bddefda20e198210645d9b4d281bfc34eaefebb280827daaf38d8457fab06cc5
C/501/2524610033/1775561035.csv,194c8d43968252a7e14f33d4ba904c0922cb4d4874182c3bb1e30a5e069bce15
C/501/2524610033/1775561045.csv,0661ec047f56a5fc616a98579426f3537e3358790bc5c8ac0afa7b78abc1aafd
C/501/2524610033/1775561056.csv,72cef89858cf92521f817b6a0d37691101efb347641ea3f4d191fc34afbcf6fb
C/50101/2521610325/1775580748.csv,feed0493a3e74ca40e58633df3dae9dc75d62a031735d2a45f9caa988b49616a
C/50101/2523610003/1775580748.csv,563f688644d091ebfe54b700e0049379a87acd71e5c066542d9239917983554a
C/50101/2523610041/1775580752.csv,a6c7df095be259c13a426c702c3560c8462c3c9b2f0130de5ecc146ca967542f
C/50101/2523610075/1775580748.csv,400cea955028cf16543447566f53821b9f9d57a05d72ccca6b935835b4e25b36
C/50101/2523610126/1775580748.csv,05f2cf5f09d32d1cceb6b6bd1d8400fcb5ef9ba556f4d113deecbce70ebdfe87
C/50101/2523610134/1775580748.csv,598a07db905a6ad01888ea6cb59542c1df3f2fe5e59866f560b51221d23d63d7
C/50101/2523610432/1775580748.csv,0df4c6d04f17c8d90b884acc26bb0679a294b0673a79cd0b3f8cb2ea82f0b2f4
C/50101/2524610033/1775580748.csv,cb07217443568d677e713a7da3dc4e1a97280548b2d8ff91efcd95b78097d30c
C/50101/2524610041/1775580748.csv,d17320eb943e9e282e6183026c6eee017b1b370794b10b21fe2840e42aaa97fb
C/50101/2524610049/1775580745.csv,f8aa45af2ac0fad8464a13ef25ecddcb45236d7996b4240e661198c19910facb
C/50101/2524610074/1775580748.csv,0fca58e5e9f38d3cdad0d95625dcf7a100b0ca6c9713419b85f22f8f2c59316d
C/50101/2524610082/1775580748.csv,98eb647f1344e15a82621dc525f24c89a4eb282ab5485d5231239f4fac8290f8
C/50101/2546610759/1775580748.csv,5f06542a7fe650fd150c52ae4fc54e68de8c5c316a5292ebb2a6034cf62d9ae7
C/50101/2548610286/1775580748.csv,fd0faee6b73fc82048bcb1b83ed6f30db5fc00d68f3148082997674c24dbcf92
C/50102/2521610325/1775580766.csv,6c0ce3e64550c601224ea86d9188c9ab82a0492a38a5ef4dfb3787c2aaaf223d
C/50102/2523610003/1775580766.csv,2a829ecd42b1276da56481c40e7824d05c8ea8ab0eba0c640d1e4a7c9f675486
C/50102/2523610075/1775580766.csv,3026de149a0cb8c62b6200de46fc24e6dc718200d73908f98f56c602880f7fdf
C/50102/2523610126/1775580766.csv,a7a020eebf6140168a18231660c161b60a1b3affacc7abf7dbefcca1c2d89b8c
C/50102/2523610134/1775580766.csv,c6edf87575c49d834a02940875d32df8a29d84accd8870059d496df8b8af0cfb
C/50102/2523610432/1775580766.csv,d33e8c6d50786989308c0b84cd665bc8b16fde776470b9facd31b3c2a2f81da6
C/50102/2524610033/1775580766.csv,4a8da56bb0a5d0309712a8a0438f12f077ad45a87a1effacf1bb01e2e1e513a1
C/50102/2524610041/1775580766.csv,ff9e629bfc1e7dbc211d997352f3b033ab15c7de2615955e0ec59db4de153706
C/50102/2524610049/1775580763.csv,233c3dfc3bdf1dffb5673a64d1bfecd52b2871389f3b9780345ae2ceb095769d
C/50102/2524610074/1775580766.csv,edef98f91f75656182ae7a1357b0afdf98a73e889ebe2fd20f52f117afc0c074
C/50102/2524610082/1775580766.csv,22805367c2c15199b8a6a220e0fd34321564ae5439f451d7db84709a910f32bc
C/50102/2546610759/1775580766.csv,476a37a188e46c843f119664190791048d1994767808343af4215490a8da2984
C/50102/2548610286/1775580766.csv,c6b0f03081352e796f6fb1cdda7472ec6a8b3c55f862374eed798d59e0b0333b
C/50103/2521610325/1775580784.csv,85c43e74379153fe3b148feaa1bdd0abdd86d19681a7ba31ec6c2b1fcb0074e9
C/50103/2523610003/1775580784.csv,aeb669efb1c5932db55ac6da6d68099b6c098992ada4b1522fa3192821601a2a
C/50103/2523610075/1775580784.csv,1551a24cae497b47d4b6be249b5d5670d612d73c604b34beca7a367b224d542d
C/50103/2523610126/1775580784.csv,8cc7362530d6d6ec5529af688a9b190184db54e7d00ca5f9c05073b6bcbae11b
C/50103/2523610134/1775580784.csv,134bac0682abfc37564a943fe50a70a2317f799ef2e73ca3e1d3cdbb266cc314
C/50103/2523610432/1775580784.csv,26c5d88fd30c621ff6af17d40deb1be18ed26f82dd10cafe5ccf521bb6bbd6af
C/50103/2524610033/1775580784.csv,dc1d6a8913fdc88d68c4560a0f2ec76174355f59d8ffd22ef9121fdc72fbbd2b
C/50103/2524610041/1775580784.csv,f8d877b6ca498743067dd8873e64c8759465e1fe4bbf215695c83a71ca1d3cc9
C/50103/2524610049/1775580784.csv,631af9780cf0ec6f349f9c05dcd9ee64819a798ff8c1894c0f0b2e258a537407
C/50103/2524610074/1775580784.csv,e05f917a8eacddf4790e3db469623c186ab5d1027c5a6eede74319dc5a933261
C/50103/2524610082/1775580784.csv,beaa32aab56fd316b60c012f7c02847582c4ececddbcb09581d38b93883eb6ca
C/50103/2546610759/1775580784.csv,bb35085bbc4c324599168e7df7b8bec0321f8ba46a0344acf4abeb5cb9bb891e
C/50103/2548610286/1775580784.csv,fca3ce7f70010f26d55c7dc8cc5b5608c94a2b6bd7d2f30e6afc2b8dfd63ead0
C/50104/2521610325/1775580802.csv,579dc410749be4ccc4f028371b65b3b75992d3f9fcff6824046c5172eb2472a6
C/50104/2523610003/1775580802.csv,9737141b8738cead90a5c9ff69ec42cff1053c8e62a37f468f9f926d18e0cf7b
C/50104/2523610075/1775580802.csv,b9441fe7c1de5c3b3ba5ac23f63e14370e91314eb9555feda0fdc0fe99871425
C/50104/2523610126/1775580802.csv,aba81cc5b712338059d1150d3e4b0bf6d595256418520fc34c53d2f1ced61875
C/50104/2523610134/1775580802.csv,30954305d3be2766e22cd8892e7701eaf782bac8f0a541041c2e3862cafdc844
C/50104/2523610432/1775580802.csv,d0969e2c5b1adf983a5c9e95a2865205b59930ab4647095214ad571666b42d06
C/50104/2524610033/1775580802.csv,11ddf6008ccf2faff288b7667c7d9d9fb3cd5b788317d20920dc3297e7c96dcb
C/50104/2524610041/1775580802.csv,c6ec297239b9ec087d2ece48b7a217afc595bd4af15263f304f8e928fbdfc8ce
C/50104/2524610074/1775580802.csv,a4552d3645d000659763ceaac1a5bd4aac2cf78ce738b8445c7f35fbd0cdfd1b
C/50104/2524610082/1775580802.csv,24e36dbce792778608827e8cbc77cbae8a7e1d78a9cdf4d059e504d2c84dee6d
C/50104/2546610759/1775580802.csv,17670014c9107760bcc48224df3cfe23838844c9eb9f4ae27254a7e6ff460923
C/50104/2548610286/1775580802.csv,0196a64e906804db9aa14bcf87b1f2dd9f55bb16827844ed9ead8dade4364b80
C/50105/2521610325/1775580819.csv,052cda27e30a837c9727dc45cf479b9ec17bb423cc01dc285c3eaed53053b04e
C/50105/2523610003/1775580819.csv,b54af3ec9fb551b8029e3c0c45afea4acccef60be7e2bd84d9f71135b63cdb26
C/50105/2523610041/1775580823.csv,59bda262aa27bf1614eacb1df8d02746bd0506f87a73721721aed9d890243378
C/50105/2523610075/1775580819.csv,2a3927da15cb8f726b6ecd145aa085793c2fec8a1e035e679cbcb2cf63500b40
C/50105/2523610126/1775580819.csv,351cd6d808a916cc234330d6716e27b713a06aaf724f69768f1c231f2dbca4e6
C/50105/2523610134/1775580819.csv,7b4c342238ec63fca53d8be0d6b998c341964f721133c964ddd6429303bd4b1c
C/50105/2523610432/1775580819.csv,d0ac94cfdd4bd570c205419eec1869e783cc98a96d2b3b6ef515ef37411d0ddf
C/50105/2524610033/1775580819.csv,c87d2f94293c2da639e3450d5740e1798a07e312288be8b36b2f700ba6b90eb7
C/50105/2524610041/1775580820.csv,3c4d7bb806216bfe90bdfc6e3aae37e71efd694188b6799656a6a0033b7d9fd1
C/50105/2524610049/1775580821.csv,269e49823cae69e6c26d8bce3c7f66a03ca76cbdcc503e868f98384743e83bac
C/50105/2524610074/1775580819.csv,c339e2df1cea9771d20c1d68ce2ed7b430e69f4b15bbb8fd537fa4ee27aa0c14
C/50105/2524610082/1775580819.csv,57677a72e8c187a925c1af0c21152aa1102bb3bbad05ba752b86beb188319821
C/50105/2546610759/1775580819.csv,3970ff96ec189dc2b7a362abeacc81dce5bade36aea393252e525ce1dd69a08a
C/50105/2548610286/1775580818.csv,6afffe10d81d06e2fec0a46915d7ef00d75d6693e7977b2c48d532900cb5217d
C/50201/2521610325/1775580837.csv,ab521edc1b4a7d48f4a637524d1d9129107b8dab2d44519289f25c1766e22c89
C/50201/2523610003/1775580837.csv,6909b387980dfc0fbaac0adb31eafe099cd57ff7031904c38b8181d6bb4f0f84
C/50201/2523610041/1775580837.csv,f367bdde2b79c4935c3eae2291d13fff3d7b3cada6b15720b73b726197f3bb51
C/50201/2523610041/1775580841.csv,45fa19b65e17d6f368994b1f2e415c42c3772d7db0872cbcc9a52804f2331af3
C/50201/2523610075/1775580837.csv,00c42e0931e0dadeb22400b0f2abd227fe3723ed18d517e67ee140857d14e880
C/50201/2523610126/1775580837.csv,4061ef45e4fa47cf200cb13b84d86b4401ad6d0342961b7d2149803368fd66c3
C/50201/2523610134/1775580837.csv,83dacecf52cdf943c0ad6a76cba4810d1bc96117588b6364378c587009b681d7
C/50201/2523610432/1775580837.csv,1adca009cc60e0e1e5a1e407c156fb90170cc9b580c175bb4acf71b212f9dba7
C/50201/2524610033/1775580837.csv,3990fa8e982e856b196323407c4813afce28eab75d4d63c66ea7a7a78d30fc2c
C/50201/2524610041/1775580838.csv,64470b1e667f44a058d2ab2e5596e90160ed64806dc2f2c8eb051493c176fd04
C/50201/2524610049/1775580839.csv,7999538fbf9baecef49ee72ea3931d2dd40a2f8b6976b427464749eb9ae3405d
C/50201/2524610074/1775580837.csv,c62c1b4f9150d4447ce5473994d3fe125b1fbaf76fde028863c72fd5e8efe5d6
C/50201/2524610082/1775580837.csv,ab2e6e6cdfb139ec7177507596ec2a15250f06f4cf297827151f903b3e6c672e
C/50201/2546610759/1775580837.csv,f8396f4e50a085d5a2af316e2a180090d2f6754a7c77cadc6b0dcd5427da9075
C/50201/2548610286/1775580836.csv,8c78b69fb3c9e0462138e321a1c49b7abf65ccdbccf2a5d75031f8ac872281c5
C/50202/2521610325/1775580855.csv,42c475f9c7128eb68aaa02b403c3d21fc510f82daa9bc974a016b5370cf73091
C/50202/2523610003/1775580855.csv,cea283b0f4bb992e474c41d6a4023418c67b8eba2fec9780385c384557d162e4
C/50202/2523610041/1775580859.csv,83c3d736682d5a2ec9dfca89a7938165dbc2e99a16fc96ab1ffed540441987af
C/50202/2523610075/1775580855.csv,f36e1394af8f24100ece0d0207c976d4ab53a53feb9909d869f75384d1509bd1
C/50202/2523610126/1775580855.csv,bd7d36c29e8c2cca510796aa5012ea1f7a759a580a091e5b5c61e08ae66bfce6
C/50202/2523610134/1775580855.csv,78522ed41194519ab9f7e52d28ee40062c7dfc0fbe988e28013d419448d7fefe
C/50202/2523610432/1775580855.csv,30ae0ae0e0458549c8f325183a8848f11f857c3ff988af472271d7b31990bf02
C/50202/2524610033/1775580855.csv,137650d5993b8323a210993193e22f32d9da87a4bb13fbd8b72ee8b507269bca
C/50202/2524610041/1775580856.csv,06b23dc04cef91cca913c73f79b66ac31398e6746d830b24c2cce161264fbaad
C/50202/2524610049/1775580857.csv,c6232b9650f46520310b70ca1bd96696316756eeb8e0c9f2b024057a4a3976d4
C/50202/2524610074/1775580855.csv,d882b60a1da283d18875e5a5b36e30410edfc8a1bb2ad54a4ca03bf4f0127723
C/50202/2524610082/1775580855.csv,0cdfa61a8a8ae5d46d4891df5057c7a26e88f693a6cc2c48998a3ec4c73851a4
C/50202/2546610759/1775580855.csv,d2af698836bb3dca6d65c7f830a53d05a05ea054c24596b9a0a0a56e7fceedb2
C/50202/2548610286/1775580855.csv,a5a92396b03bc2d978e26ed25772b0e196948fb748bc6ae8f011fef619ffe199
C/50203/2521610325/1775580873.csv,6a60dbfa5765be347c2050283d64453084ace0de61aa039ced0cf7ec63daa5c2
C/50203/2523610003/1775580873.csv,92214ff91beb5ebd40965214e6ea95a103e626563138dbd038dff184e8c07dec
C/50203/2523610041/1775580877.csv,2bc764d37203c1c1f6c01aba6e81535f0360a498a7dfb499752e37fe9fc32445
C/50203/2523610075/1775580873.csv,b30251800786ced4892c56b6c90269b461a1415ebba0bad9508de2c39d5b24c2
C/50203/2523610126/1775580873.csv,f3e5e8b71fd2f0854e2cbc0ddd6a1423b64c042b1430484d20e4cfe5382cdadf
C/50203/2523610134/1775580873.csv,a34c35c4a6bedeb81dcf8d87d956cfb2cfccbc75c4f23a468c3d7a16a09067a0
C/50203/2523610432/1775580873.csv,dad0dfc2945264030f02a3994b5fd23d5ebeb8a1ec4debe489cf160e004df17d
C/50203/2524610033/1775580873.csv,00e9b3f7b46b948365294aaf9eac7ce7f45c13ecab099d56e9f2d11008664423
C/50203/2524610041/1775580874.csv,56f6ee70a3392a727c5652a34c760ef88e75174d3365c3963905d67296103680
C/50203/2524610074/1775580873.csv,a0c4b9d3370d1e81d9dbd516d117fa5e73dd8a596173cca8157d4120d14685a2
C/50203/2524610082/1775580873.csv,de0aafbdd3024bd1b53d98b176ec193284eef5fdf219f4fd1d6c7ef0c7b7fde9
C/50203/2546610759/1775580873.csv,59addbf3f7ccaf103fd33759132660fe3f5a232e9792d1d1da151ac96c780606
C/50203/2548610286/1775580873.csv,c2a088090b91ad16173be3a64426f8aa7241f3d76081ad75664d4755427d8c8f
C/50204/2521610325/1775580891.csv,6c22e35a8d7af51d7b3f5aa48691d1b02b825ca9f6fa179625caa2d832ee9d49
C/50204/2523610003/1775580891.csv,38a3c95d443bcd84f11e516ef884b7512f5fc831f9b4a938606de479db38235c
C/50204/2523610075/1775580891.csv,7f986c1777036557085f260f4bbf81e7fefd01b29645b92a808df709342a7727
C/50204/2523610126/1775580891.csv,958dbc92898e6d371c70aa4ddd25da22b977746d6f3116734b167971bba49147
C/50204/2523610134/1775580891.csv,4d4d2df0b977db58776b2796cd216a25dc1094f7c203291fc59ba570e458ad92
C/50204/2523610432/1775580891.csv,1c2371b72221fb8ef7fa365ec7c0bb23a79eecbf63330b7f54aff0c9ab122485
C/50204/2524610033/1775580891.csv,3783f497ed993e1422e1d62ba0ecb943e248b1530d10d1e9befd87763a9b2284
C/50204/2524610041/1775580892.csv,615ccc2c51894ec6dff73af60bc482b198d7e7d48aeb73062cd73f4e2a0f5f7d
C/50204/2524610074/1775580891.csv,eb69c5b461864c78924c9b3d34f8da96bb4c52f1b96529a320cc78655524aa5b
C/50204/2524610082/1775580891.csv,416d30f91e782a614c6fd0ec2fe589e4048afce0deadb8bafa400c2e93ba9905
C/50204/2546610759/1775580891.csv,e0d0f5508b73c296bd2c30c769c86e7c9bb08efafb540c16dc755fbf3e390a75
C/50204/2548610286/1775580891.csv,70ce39cee20042af4449d2b7a197c2d78a653f22db9f546c859d3a9642b981e9
C/50205/2521610325/1775580909.csv,e74ecefaf862a1b310a65a3528acde058470dc8562546d80136c2733be068c22
C/50205/2523610003/1775580909.csv,2f00faaa900035a69d6daca97fdc190d8c9f75501bce6bf63b81ae7debc5348b
C/50205/2523610041/1775580911.csv,c2072a756b6423bbc941b7b4915b0043f5c6a085720ac50a70b9977be6ab1331
C/50205/2523610075/1775580909.csv,95b7b4e1b038332c444ec60aa451113928ce6434e63d58125f5efe3cbeffe955
C/50205/2523610126/1775580909.csv,330a96a549f68ae582de25de059d09a59555bcf1807f70615939c0c833f271e5
C/50205/2523610134/1775580909.csv,8a1d4df74a1c9ddf89a9249a52dfd451c92e45d3cdf3efe6dc1d4c2638e8d953
C/50205/2523610160/1775580910.csv,eef525f4ded48de0ed367dc2aa2054f02a646cfd4638d81ddea6112672270b3c
C/50205/2523610432/1775580909.csv,de8f616c02de157bc69aa198a73b2b184b2c32bdbc9cb395be0914f3af5ece44
C/50205/2524610033/1775580909.csv,21b351515f3199f9a4da5a4b6764be44cb348a06efeeb7fbc521a1e024dfda3c
C/50205/2524610041/1775580910.csv,70574161e8885662ed29bb397985eef4fb3717b3abdad9ddfb1823afdf00763e
C/50205/2524610074/1775580909.csv,aa60390c5ab3ea9a258fe0fa5eb699100f43a1b385a7f9ba6fe085abf8745829
C/50205/2524610082/1775580909.csv,022cc60d08280845af9b9b9809fd142e6f45ce3c07a76e7b75197f833a830ca6
C/50205/2546610759/1775580909.csv,cb1165e6d7622d5307e3068a6b8aa7107dfbcadc7cad1c4b3c5374aaaf2e9908
C/50205/2548610286/1775580909.csv,4ba7b007159ac6814e805698b6cca42f53b4d1e2bebb3ca1d9272fc44491e272
C/50301/2521610325/1775580927.csv,ca789935cd5c9703365c161114be3557c5db5243ce23f0c495571d05747af3c0
C/50301/2523610003/1775580927.csv,2b115305ee6633a18445797e834e45c69cab88da74b15ff2323c695b4dea7566
C/50301/2523610041/1775580929.csv,9a9ff702e34599244d745acaafc6515ebcc59466e3590373a0082a583277a550
C/50301/2523610075/1775580927.csv,23128ccc8cede5ee1d952e549bfb02cc3049b47cb67d5507eff301cfc9724dc4
C/50301/2523610126/1775580927.csv,6ec7ea8f7ca1d68a37e591fba4df6dba964141a113543ca892790eb953f2a9c7
C/50301/2523610134/1775580927.csv,db94a7dabb673d7cc3a6c732b0d220d4430d8b217b39cbd2968d660631ab3285
C/50301/2523610160/1775580926.csv,c6a57072945fd3130f0692e0e63a2aa6f9ed0810f8aab5231b48306aad58df65
C/50301/2523610432/1775580927.csv,9f5c6b9dac151e532cf91793503f4db746084f5827672af0e1ea931f66b016a7
C/50301/2524610033/1775580927.csv,b078d93852b0fa4580c060f39de46db65f17af8d05c8f67808ed3f2087f39133
C/50301/2524610041/1775580928.csv,58d9e73f31e1bfe12e80f3ff13de87d06f1510459c0a88898f6048f829ad6786
C/50301/2524610049/1775580929.csv,c94292fb2f9b37b5c17cc60cc0c8db2452eab04187ab142a81f354d65980136b
C/50301/2524610074/1775580927.csv,1658b7ba19c4dd7fc8163cdfd40c32a2798c52e38124f87450cdb41a15096bec
C/50301/2524610082/1775580927.csv,71283df6f5f94a9633a95c29c3c539c7353094d9502f981101456d2e592cec78
C/50301/2546610759/1775580927.csv,e4283f25461cc8ac1c17516958092ba93626365825c47ef3fe1d342728e0fb28
C/50301/2548610286/1775580927.csv,0770d00a10f78776d0edbabfb12a10f6b7cd590b0ecaad53c48c42049384f7ec
C/50302/2521610325/1775580945.csv,6645ba6b2db44bbe80e52d3cf6e8a4ca223c23de0365874bf62fbb6d99b53112
C/50302/2523610003/1775580945.csv,4b555080c773db2e7bc4b3b2d60b630e8b18a61c26f12300a97eb60256de289e
C/50302/2523610041/1775580947.csv,c687c4be66ea4759496ee1356f96a230c2fde0e52308e3ebc14865f56f2dd162
C/50302/2523610075/1775580945.csv,bee575f3d46be2ba695fd4475db3c27b9db8010348608444a9cb274419ead5e6
C/50302/2523610126/1775580945.csv,8ead26cf33f4db5e110cbf0dbb053383d4a0d7eb79c11e89b8f4c88c05c26a0c
C/50302/2523610134/1775580945.csv,324cf056f08abf0fdf0c1256b26454d2c9be9cb77c157b025ed8ab5fecfb7feb
C/50302/2523610160/1775580944.csv,9e7166bce85618b484be68751b0fc981b083ba3f14f4d308d743da7113bd814e
C/50302/2523610432/1775580945.csv,c38a9e7e192ea8bab3b235b07127d5a608c59dfe00b9c3e9cb3783f61bfa1a59
C/50302/2524610033/1775580945.csv,51fc8b544c02c07cee13413d95e80b4b94eb197addfd0fa5b29042700b9c4fb2
C/50302/2524610041/1775580946.csv,b72af21bf416bb5a50fed2f5cd0218d229cbc40ec0af649967ab9ba09057b687
C/50302/2524610049/1775580947.csv,704e791d68d84f5e2f8c216532e582a1cba42501f30ee43e754aae3bc148b417
C/50302/2524610074/1775580945.csv,7781d18c2804015b62c193011cb94ea9c249ce192773bd0d1bda5f0bf698a10c
C/50302/2524610082/1775580945.csv,5daebab8bc7d3262a98af07e62368b542d52268881f53b990a85c93fb886fe37
C/50302/2546610759/1775580945.csv,98923fdad82f823da5f90c51c7ab2ad990e44a43d2178bbaec8116fdb3c3a992
C/50302/2548610286/1775580945.csv,e2b27653f0513d730773d5a96839a836d6635efb6e7e1fd2716266d61f66d829
C/50303/2521610325/1775580963.csv,f312a2debb1d3ae8e5f9a6a485937f05cee0ebb04c3a654c6aa7af0f83fa134f
C/50303/2523610003/1775580963.csv,909c9e9f0cc6af0732338377d03e47f069ad305e90971c97c0d0b79859c5bfaa
C/50303/2523610041/1775580967.csv,1af8d6a439793790198afb7195ddd053ea0fa6bc4cc1e8316b977945d69d441a
C/50303/2523610075/1775580963.csv,100afb14f888fd67d1706dde25f1608c964fcc2964cf5c5ab75f8cda1aa73530
C/50303/2523610126/1775580963.csv,c1b0599d72d19c10fcb3239e81e8f5e72a7f9601461bed2fa16ed9c716e78008
C/50303/2523610134/1775580963.csv,a22b507b04fd140b7de2a2a9937225f1ed61915139f42ab5f29e33058dfeaf97
C/50303/2523610432/1775580963.csv,0ef91c8903e743c0a228243c103a49b830dbde288921db8da224a59e482c5aa7
C/50303/2524610033/1775580963.csv,6db1b22b6e1e2937144f2f5ebf2daeab6e8150258c28376b6448939e5024aac8
C/50303/2524610041/1775580964.csv,60ac7ca42d9ba2adb6c1401da1b430ee14c6d1982ecb71d54b50d45527ff8cb0
C/50303/2524610049/1775580966.csv,f7ef9a668b2236e8c526bd0a77604c4423603133aa1583436faa0b4502badc81
C/50303/2524610074/1775580963.csv,14c0a036481214cff85270375977c0dc1b0ba0a20b0aeb5e182d724b99e964c4
C/50303/2524610082/1775580963.csv,2c90459becfd262529d50a5458a3b12dada8c9ce4b18448b9b9096dbedf54515
C/50303/2546610759/1775580963.csv,0a7f450fb1572c21acceaba7a2c20ab52b607461fb0870cd41a46b49dcaff1e0
C/50303/2548610286/1775580963.csv,b7d887c03c9388722aa41a4dd315e4dc28f5a514e3569cbc5306f0c11c2db46f
C/50304/2521610325/1775580981.csv,02c2962f84881cbcb684f3054cc7fdf8c841cef783307137d93dacb333e2d492
C/50304/2523610003/1775580981.csv,b063d1e862999754b9405ce4a1ab296e8a6e05c23d2890053d6634eeb295d0f5
C/50304/2523610075/1775580981.csv,6274b3e77cc9549f1a14ed08524fe45ffc71769557f34b2fff554e92b6adde3c
C/50304/2523610126/1775580981.csv,28d1635a6998cf00301236b25da61989dc5afef4d6043f5dc850b5053993c5cd
C/50304/2523610134/1775580981.csv,1e551a647fe52e75c48b0505570e27365659c0deb2234b5fb250ece2618e0fe1
C/50304/2523610432/1775580981.csv,221b7e3697b3fd452511f3ffc1ad052539bff9e990f5d2311e004adc291e5dea
C/50304/2524610033/1775580981.csv,008d29d57d68602f11bc5681fd8bff84e35f9eb6303b45ba2be3c00af32bab11
C/50304/2524610041/1775580982.csv,b11a0787bc72ab04e5343306ce434a7452ab4c4d331f94d4bdedd16b2cd7c4d0
C/50304/2524610049/1775580984.csv,7d8627c0a49266fcd6040d6a09a5c1daf956c153c76f0671bbf14541bfa192ed
C/50304/2524610074/1775580981.csv,dd0b058e505cc099495fb295669ddb836766a920ea972b2a76d73ac443abf475
C/50304/2524610082/1775580981.csv,14cdaa2c8b92f1289c7dcfba2dd3b77b83617c77435e202abc86f7d9520f4fc4
C/50304/2546610759/1775580981.csv,61557d34f1ada51c6b7464b116138abec7e210db0d1c01aa54d2ae4e30acf0da
C/50304/2548610286/1775580981.csv,3749e27f211a6cead374c28c5df20d2c1015721d4778935c14d97b51bad211b1
C/50305/2521610325/1775580999.csv,4ac6e80bb94327e5cc88487bb1ab1d88909644cfb3872a2029ab957bfe0985e4
C/50305/2523610003/1775581000.csv,4748792dd40e21c292c269a05cc7cf1a8c5c15210c14a11ce2f920fb5c1a7a45
C/50305/2523610075/1775580999.csv,21587dcf4b2f241d443513a63249bc8ad0278f5307784847b1866594fa31d640
C/50305/2523610126/1775580999.csv,a6aa4268e5c77ba1db4a2d54812924ef7f22a5bd4dbd986240d8a127ca87d8cc
C/50305/2523610134/1775580999.csv,e05872fc28b878c26280d7a36703a050f47cb67f049d3fce8a817ddaf9c6a67a
C/50305/2523610432/1775580999.csv,ccc3cac2c934eaf61bccf3ef9abafe855b57df52787c069f73e2f62fa9ceb2c5
C/50305/2524610033/1775580999.csv,d519a252cd4b113f93d77d8f6e1e695b9ca12adcad0c9a3c6571b10e347195d6
C/50305/2524610041/1775581000.csv,312e238ecf2bd2126e2fbf599abe36e93bc880502c87673d4e295c7dc90fdf99
C/50305/2524610049/1775581003.csv,f792e668705b8128fd7142814f198c96d0484f6b3d8bfe22bdb1fcadf30662ef
C/50305/2524610074/1775580999.csv,3f1a3a752959fc9129b8dd3ce4fbbec9cafd41798e87bc6f7668e1046159fb24
C/50305/2524610082/1775581000.csv,c6f84a6a46d108180c12837f8943bde947bd95851b72a64b6787a256805efc70
C/50305/2546610759/1775580999.csv,3999313fc725b37c687385f4a4e5c98e0557ba8f740aa2f0cb6b802b091970a3
C/50305/2548610286/1775580999.csv,dd499a3393390c179a0720ff15d0882e8077aa8257c925e0d9698c0a8bfbfddb
C/50401/2521610325/1775581017.csv,c6f199a80c44a7ca494eb8dcc1bfd3d595378cf332e006a56a9eb8a9293135d4
C/50401/2523610003/1775581018.csv,9c74b76286790a817f59e7e6583cffa81de3dbb4716bfc1919d3e017f029361a
C/50401/2523610075/1775581017.csv,bbc6f1aa0b1f59736d17980dbb357c773dec7e1c3051f3dd2ed07bc2b364be21
C/50401/2523610126/1775581017.csv,c2c57e60ff5ec7b0f30dbcdefd99eaf3d58d5fd5bf86ece9ef83cea44082b54d
C/50401/2523610134/1775581017.csv,bc67fef10443917b2ae5f0334718ae6cb49b784271a0c88b70eefe59b95a554b
C/50401/2523610432/1775581017.csv,b7e67a1258172b8a023c7f5850408ed52a0026757d49d7549973b63364e76590
C/50401/2524610033/1775581017.csv,0ccd56e2fb2317f901bb444fb652a427f1360e074b66022f4be8f21212d81acb
C/50401/2524610041/1775581018.csv,08b2a7fd6db70f3d244494318d85ce882d2bb5aac69e2869f860fe57e9df010f
C/50401/2524610049/1775581021.csv,d9020adabd96e7fb87b17172dc563bc3c7e95e8b476b6e9bce3ad3435d87e3b8
C/50401/2524610074/1775581017.csv,14d2d820f0a395f87205a395de2f46241179c88ff363719bff9b2cf8b0515161
C/50401/2524610082/1775581017.csv,09d2e89c821ce0e9e4fdee11d7cbf11a56dc6950fb1b2abb242a639882ef9201
C/50401/2546610759/1775581017.csv,05b93e865097412a1ddb4f656a2b3cf43310c519ebf665de04664c3779420e12
C/50401/2548610286/1775581017.csv,0e7a6c1c075bab21ad169e9475de9e04308952538a07f0a99caffc79db5cab8c
C/50402/2521610325/1775581035.csv,87787c85fd26acd351b12dfa880f9aa7b49df08dadb08638fc08312af51d773d
C/50402/2523610003/1775581036.csv,dbeb75b77836dc8485833259ee0bc7809159ac5dd88a8a0f75ecaa64eef28102
C/50402/2523610075/1775581035.csv,22d736f5d9995e3e0ef78d7842813a80b22d8ac08dcbf6bbf23bc3f96f90eaab
C/50402/2523610126/1775581035.csv,246e08f5afb6fb5019379b53fee67010cb1481fc68e07aacfb2a54fd78cede49
C/50402/2523610134/1775581035.csv,8988ffdcbbabb2f7d29be8d778ee6fcac2ecce8a2449480c53c57937adb053e7
C/50402/2523610160/1775581037.csv,64a6792fdd8eb7fefb23b9d046f08f321a7ffe4d5a6055e9890ca66b8d9861c0
C/50402/2523610432/1775581035.csv,b8a186d63ff493072b4ba777c7476b248444fbf0fb6a27ab1be8f5b199dcff8e
C/50402/2524610033/1775581035.csv,65183cb0f6fe59f88be2ccbd65ca58c084e5df30d08bb1d32ab83265c5ec1feb
C/50402/2524610041/1775581036.csv,665f5b9eb086e35c5cc0d6e84a73da372b360d5039c9e1437a55dee143c3a4bb
C/50402/2524610049/1775581040.csv,d2abb10487ad5ce8274f62f7823dbd9f62ce84c294bf86ef9209ad6d018c5525
C/50402/2524610074/1775581035.csv,c0c860231ec4cdf4473e0207e48b4bb6edb0d7bfe4986a26c872a4f7a7372289
C/50402/2524610082/1775581036.csv,8d3fd5f06fd8e480b1dfcdae9efe7c31684a2699ccbda36bba93323ad1dacc1f
C/50402/2546610759/1775581035.csv,1b47761ec9766d797d60624bb5886da81a8eaddbff29ef410f105b5e473aa67c
C/50402/2548610286/1775581035.csv,614086e74592590e488a5941fa8eae2ac8cd984fd088761e59982eff96f7f5a2
C/50403/2521610325/1775581053.csv,c1e81b8e871d6bb00218f10482b1f7e6c9631362b4282e9eead76b50c5544869
C/50403/2523610003/1775581054.csv,dd09a169e47b2e46b5ac2a4c6d6d4205534aac74fc7ba593d4ab8e1dd0cfa7ec
C/50403/2523610075/1775581053.csv,e789b0a43656520c3d9883c84acbc50651569c506a5edfc4c8fe14037bbe0598
C/50403/2523610126/1775581054.csv,2da72f8d4d9cf6194e30ac1968529749015c456073190bea33f710008ea76fa9
C/50403/2523610134/1775581053.csv,57308e6ef053ce9730832293b17e91ec2e9b3e69d61aef1ec9b7293fef732fdc
C/50403/2523610160/1775581055.csv,a1689c014010adb2ed17c907459d028fb17ef677807f53d4bf31e8de6b628661
C/50403/2523610432/1775581053.csv,d6f345c646de0c88c92253a78ca93339b3a867e047c9dd543cc8fd7a46253ad1
C/50403/2524610033/1775581053.csv,c23898f3d7cc8333a1b268487017693b4d072fd0866929019d01a9e56fb662c6
C/50403/2524610041/1775581054.csv,bcf87a88baf3da479a3d33c67b96f2d5e01c058c86d235102ed904f6a2d305af
C/50403/2524610049/1775581058.csv,f610a250f72d569bee76370b8604c591bb0eb071abfbc90dad0c62183555d0f1
C/50403/2524610074/1775581054.csv,a629b8c3fd1d628472cfbc57196e5dee24748e215be19919833c233ca38e026c
C/50403/2524610082/1775581054.csv,3dfcfc8622accb793daf5b8b194165c65e9eb5fd861ff5f1b8ebcedf35d5d18e
C/50403/2546610759/1775581053.csv,d12abb9f50fe9d275fe91a70b0b37d8e73a3aacc6457a79f1d39cfcb62acd87e
C/50403/2548610286/1775581053.csv,fed9f98c520c21a9135a2eb2fb61588965afa4db6dca283e01a70cc6febaaf22
C/50404/2521610325/1775581071.csv,a2b712937ccacd8674ce42a6624a7715b34cbb44d832d15bffdca883b5739f0d
C/50404/2523610003/1775581072.csv,13a969ee9db374e08d1a9d4efd1651dab3f027b1940710eeabdf85934ed64af2
C/50404/2523610075/1775581071.csv,1a3b3d29cb3775a17c5bc001498788197eea4da8f4fb7e6bc885956c8a9b5f77
C/50404/2523610126/1775581072.csv,d3cda4b0474cc235022580bf98802d6537551b747f54883e3d23f81a71d75823
C/50404/2523610134/1775581071.csv,f416db419fd0a5f4a74ae44ee70fc7275573753d38bd59897f31c59538ad8aca
C/50404/2523610432/1775581071.csv,a473bcfbb411b4cc730edde9079413bbb152728ec301e24d072a4e9bfd4c2e1c
C/50404/2524610033/1775581071.csv,d9b67869cf906238bea64b0a951756df21f550b76c678b8ed26be88fef6e4ebd
C/50404/2524610041/1775581072.csv,1396afcbf065caaa182d40a5c32f017bae29fe718fccdd3d2437ffb456264276
C/50404/2524610074/1775581072.csv,344a2d0cc277008906c6ecf47eacfd0edd451525acfea9cb55169ffda1a1e965
C/50404/2524610082/1775581072.csv,886b0b08454a6d9f1bae2547d528103830e531402432e4f5aa063ff62ac8af3f
C/50404/2546610759/1775581071.csv,7d71bd28592eef05f50bae2e42317a1c3613f950d80e09ce84b76fd71ad54820
C/50404/2548610286/1775581071.csv,82d88eaf24cad2e3563344fe363034488f7b7ec939d332f3f679e5a14737a59e
C/50405/2521610325/1775581089.csv,771f1472afd7e5870b6d960e027ab9bf455c97a085483820bfa21df7378660d9
C/50405/2523610003/1775581090.csv,c8f21a71e8ac9f3de32b1c2e4f71699da1e5a4f0bbc3a9050fad76300af8ff0b
C/50405/2523610041/1775581088.csv,60784bbda0dd830b956eb7dda50edcbf019a1a5a394e6005302ab6cbba60394a
C/50405/2523610075/1775581089.csv,b03a01887da08dfcc0899d26f32f6020dd45e934dc0a73271e933386ad8f2dd0
C/50405/2523610126/1775581089.csv,59fb412f5781f3fe91b4df084cd297bfb0cd1c597fca0c4b9e89d06363749de4
C/50405/2523610134/1775581089.csv,321db769c7571eb9fb23a0adc378a78c4d0ca51d42ff6a555e5730c0df5b08a9
C/50405/2523610432/1775581089.csv,2c4395d920fad28a2bc851206645d7917950772973d43c674930a2cd65dde2ae
C/50405/2524610033/1775581089.csv,cc457cf8989ed4311a9e98f49bb32ab389f07459e9c88c9413a73457eb4d2c0c
C/50405/2524610041/1775581090.csv,5f8306e731db26cc6c7ca7425b0272445677b80ae06b506e3d348defaa4de7a2
C/50405/2524610049/1775581094.csv,5859bd805d12ae1b4aa1b3638887fa69bb5d69eabccccdb241387206f91dab44
C/50405/2524610074/1775581089.csv,a5fa0cb11e55ec727cc4891c54e7469526f74b3e3d01a12cb53cb593f6f7184a
C/50405/2524610082/1775581089.csv,ac0eecefb94ef7afaf265a4a0a006c2b417f7686ebe1e81734034f24c294faee
C/50405/2546610759/1775581089.csv,4db1b4a6f71f9d41ba15e76f914a4c817d393b82d9a77641e5bd54f14d5339d0
C/50405/2548610286/1775581089.csv,a9892be53f6931215218045f776cbf9ff3e37744f52aac2c4bc7f3b31e008fa1
C/50501/2521610325/1775581107.csv,903b2c39aee2c72fe011aeffdee3eb53b2d2d8bcdb445344db8c588edc32c437
C/50501/2523610003/1775581108.csv,e61cbcd429e779fa0e2a5790f9ab3833b58f34278be9289554d05bcccb5a5337
C/50501/2523610041/1775581106.csv,c6f9370133f3c29fce8320f74561e47b9fe2d799894172ec850ed56712a1d471
C/50501/2523610075/1775581107.csv,cb1eb96b4bc244190b678aeade85b77442a62335643fd56d5c57a88bc3981355
C/50501/2523610126/1775581108.csv,2ec7504bf10a48d124e2d1525f292ec2b51e97db0b918ff658543b805261d45e
C/50501/2523610134/1775581107.csv,3b9cce98b8e10519712d65f77caac481ab2e8a655672b3c31b84a9ea7efc3574
C/50501/2523610432/1775581107.csv,a965e5b7a2e462b58465332a218e13597bd255b75641fa9a949b1542d0a6a545
C/50501/2524610033/1775581107.csv,130979c82d06ef98815356c9179773dcd6dcc1ffdf9d834f935493b3bc8e648b
C/50501/2524610041/1775581108.csv,c7a3723f2b02f19773bdafa4a01b2a2cba0921e6d31cfaefa6a9783b1ca73c0a
C/50501/2524610074/1775581108.csv,ede67a97081b82f7f0f1e67f650a7ce9332a42aa089a907dbdb6b481bf08edb6
C/50501/2524610082/1775581108.csv,89f36fc48e6012f36e5d40fdc22daf6d25fb71b9247d394abd36fb60040b4a42
C/50501/2546610759/1775581107.csv,a9590341512dc6fe49c8cb2740b04c89cb34f6249bb1be156a9fd05530d22086
C/50501/2548610286/1775581107.csv,bc38bba5804530c7bc4192f8ae3c919a390c60bf99047103b5f556a686ada6ab
C/50502/2521610325/1775581125.csv,8cff0a7c8d2d31f0203a29b1868687cc60f4be2c3b54880d2bde6ffc91aace03
C/50502/2523610003/1775581126.csv,1bd70d3d2b97f163853506eb89b4d88a9db6b72d886826c7ecac46a8fed2788f
C/50502/2523610041/1775581128.csv,9fc594e81bfff9f0688f8bc8610d31da51eb1396875a5049b16da4eb2ffed7ca
C/50502/2523610075/1775581125.csv,4983b117080fa11c894bd6bd5f1cf7ec1c3237385f78ec9aa6fa4da5c0683434
C/50502/2523610126/1775581126.csv,bc21e567df34b0938c1d50a7481e5a67fed51f5bd992ca7cdc12c6fc6a1e60b1
C/50502/2523610134/1775581125.csv,01adfed9c2e74cc3ed49e7545200acb18ca279ec9185c37515b00aa4cf5049dc
C/50502/2523610432/1775581125.csv,386fe5775147dc78f039b235a54b0976a1f27e370531fe7f6f1262b85ddcab12
C/50502/2524610033/1775581125.csv,8dfd74ce98666108e08fc41ce6c58abe9e0dbb876499233a96a35672650dd93a
C/50502/2524610041/1775581126.csv,62c234e9d0b630c455abf41405c943c7039eed30560bad1ce2cd4dbeda74fdd0
C/50502/2524610074/1775581126.csv,8d3d9513315d13c7133e22c669d8699b9e39d24227e17ec6c54becdd2fce6b62
C/50502/2524610082/1775581126.csv,5c9181ad162c56a364dbc2ed52414cd384562c04c03b20254536526e3c9313dc
C/50502/2546610759/1775581125.csv,c6b94190c5c01e9ed361348373bdad3fe4067bb01595411c0d765d8d3cfffc37
C/50502/2548610286/1775581125.csv,456a214ffe78017f7faeb52bc37a3656b67da6e4b92f14994039728a3fc40372
C/50503/2521610325/1775581143.csv,d78d7ffd0bb66696518e7996c2fa8ed3ad2702459af6710c78ce2e377d88048c
C/50503/2523610003/1775581144.csv,95b8f59274308d6af5808a140de88d96a2149bfe62b64dde4047157ddc7f03bf
C/50503/2523610075/1775581143.csv,ac742adcd434e384e9a2ea705103e3b6534131327a38cea00434d7f843eed83d
C/50503/2523610126/1775581144.csv,c1736452e822b9a74cea8f12e000cd0e81594cc009a534067aaf266dd02ead00
C/50503/2523610134/1775581143.csv,cbadc37a949514637619b2ed7fa7ebe97db3681bfd62918c6b242f4838375563
C/50503/2523610432/1775581143.csv,d7c99732c4aa11e3681792501e5ebc3c37d5381e23bfead0164a05b0b2c5d4dd
C/50503/2524610033/1775581143.csv,aa70bfb76d4c2037a9c9398ba6f434d60e68af6c5fac73dae77d17be9aaf955d
C/50503/2524610041/1775581144.csv,5de960169dd469efa8dd41a0d44f2eda8983c6e05835a6f058b6b03ca34676f7
C/50503/2524610074/1775581144.csv,8c8c008ab6d4fd30733b676de8753bb100a954e27090679fa353249b8aea0577
C/50503/2524610082/1775581144.csv,021cc59cbdcf14ce2f6933475ebb0251f238d953e8ab7eba582c4f2b27fcefe8
C/50503/2546610759/1775581143.csv,0731d7b21cdf96cd3f306d3f10fcbcc770b80a84b96bbe2ac852b96ee7af387a
C/50503/2548610286/1775581143.csv,f212cbd528a9735aad0f2da280fb3f485d5b8818b03c098bf584101db1ed77a1
C/50504/2521610325/1775581161.csv,bea4639b2ecb75ad1ad8d7eadcbb351d53d8fd33958cbe0e8679af9b57cf2006
C/50504/2523610003/1775581162.csv,b34f4f445e254102b35e9baf851d1933dfd0e9ff649451ceecd1a07c81b8067c
C/50504/2523610075/1775581161.csv,1a488988260d1a2518a975e2bd739fc23d2702722d9c6c21df3c6c7ed888de23
C/50504/2523610126/1775581161.csv,c7d3b430dcca20ad3b4125ceff6fca1d9741cdb387c297a520e604a52638b709
C/50504/2523610134/1775581161.csv,3edd5376b64707021d9895f631b9a926b39a85bc8aab714020fd89fcde49c7d5
C/50504/2523610432/1775581161.csv,f86a92f2f0ebb4661d74a9a08eac106655af7ac9fdc720e0ce9eea01bbe9beea
C/50504/2524610033/1775581161.csv,a061f3caa635e8de07d3c75430ee163c8dfc69411ce18c7a3fca5cb24d7d0188
C/50504/2524610041/1775581162.csv,97be7a96264a8f2f9d7f09ca9137fa60885cd1a716fb9745a23d7ce892e010f5
C/50504/2524610074/1775581162.csv,022d82c254378c9d2ab9288fa4104034a15a1ff51582fe8223f661cc9dae3240
C/50504/2524610082/1775581161.csv,95c7c1a85ff889420697eaa0c7a19b9f7ca5635ae9eb147cfefba02bd765a73d
C/50504/2546610759/1775581161.csv,8079c10458e74ca0816257939f5307115069dff2af42238360bc3ff1c76911c8
C/50504/2548610286/1775581161.csv,f577ec84cfa6791eecb1c70ca763784c23c1c3e07a44ad35068e45efafeb6314
C/50505/2521610325/1775581179.csv,2ebbb6f78d2ab90b52eb00c11399e9079a0fe02f78be499c751602a28cf93e39
C/50505/2523610003/1775581180.csv,56ad841d5161a930c8cea3c6bdfc4e1a52a8ae5a1b74270348170a384ca4416d
C/50505/2523610041/1775581183.csv,ab04707dc60760ed4a8c973e8e1ad29b7a1b5a83463df79bb63b8038171242ef
C/50505/2523610075/1775581179.csv,4c2a49348cecdac6f599b4deabafa6a41904c041bdd921e1b997a48b63f39459
C/50505/2523610126/1775581180.csv,38b81ec292c7b676c3786e43bcb232897be106e9d0748e8cebce28ee3fc02d24
C/50505/2523610134/1775581179.csv,0fbedcc005be3531665e3251411a21ceb54cf24f857c6f7c563be314f3ce1ddd
C/50505/2523610160/1775581178.csv,18bb184857a6dfe28b1a4fc538b8ae3dc94701b96ef28cef4e7b8249d4934cfb
C/50505/2523610432/1775581179.csv,2fa82e14dba67c4e903167b5d5dfef1a1631b605068f8af97a7cab3de55b623e
C/50505/2524610033/1775581179.csv,ce0ba6c3b8a8c11ca31b13fb5862ae55ac8b3fa8ab8cc33dfabd9fcc8cc92739
C/50505/2524610041/1775581180.csv,26906f67c4dc366c98251b81caad8f8f7886f2c47bbf49e0486c1301c572b789
C/50505/2524610049/1775581180.csv,635bba5b1ea7a38d8b33eda17a74fcabacf67421ba81e1dca71ee959ca9936ce
C/50505/2524610074/1775581180.csv,33787c51c45f7eaf7bab7225d691ecb06ca79e20a7f6c15ff70846a69d762aa7
C/50505/2524610082/1775581180.csv,0d4896ad6f9d12ca4ada977c76d3497a2ec24a38b7a98d31bea9a5ded9e8b27c
C/50505/2546610759/1775581179.csv,40092c5494e926e73cc23ecb2a71ba04c89cff8484435ad10cc8cab4abf1b2e1
C/50505/2548610286/1775581179.csv,a3cbc4cf964c4d039c6075da967b43ea6abdd0f3f1a3155c2d34fbbeaffe0506
C/50601/2521610325/1775581197.csv,00c885e9e8629a82a72cd9eec18ab94ef1ec4c4e4b6edd156c2931a7c92742b2
C/50601/2521610325/combined_output.csv,85cb2cc6e63a8d905442337805ce3432797a3d0b9df69ebbc6870ea3d0dfdf9b
C/50601/2523610003/1775581198.csv,29983e3087458b386b468f1ec06d4c5b001fab31f9a88fecdc33c4d19c15fbb8
C/50601/2523610041/1775581201.csv,2e9da8a78e3cf6a7096239bef789fe2dc3118ccc81a1bbec95bfd18c8762dfb7
C/50601/2523610075/1775581197.csv,2ea9ed9944543ab7195972a66a5bdc73dc80a55d4d63e2a1ebe0c5de63a2fbc5
C/50601/2523610126/1775581198.csv,ca70157d5369ea911fc75270b2b947275f267f876ff61ace86f2c18ab30537e6
C/50601/2523610134/1775581197.csv,e678843d9b4b2a860080c026014c4aea80e50dcc0c111a3e57a56e4e946c2c31
C/50601/2523610160/1775581196.csv,e07fb1c7a97502dd94e77a3ea0fc2eaaf11c8986bb850116a5513807adf3fce5
C/50601/2523610432/1775581197.csv,3d94334902e127c3f1feca4d3311c07d2c21fb3559cd24dff5a9502f274cb013
C/50601/2524610033/1775581197.csv,be0807b11392886c04f5e07fb25f2a5575b693c22b327bea1d2b4cf8382dae3a
C/50601/2524610041/1775581197.csv,89613f4ace196a779e467a825762b783008f6b4fd15a62f8d3ffe35579a6ef98
C/50601/2524610049/1775581198.csv,06337af3c560d669671bd06f20c5dd4f66f32455aed9b4aa34d47596480aa802
C/50601/2524610074/1775581198.csv,fed8afdd2c1a63a4b93fe92c41ccdbac38708887b14eb15ca1cb9b429af384d5
C/50601/2524610082/1775581198.csv,35c5af28f880c74455bc9bb6a3fb3cd4120bf623ddb6bf33e1924658aedeee48
C/50601/2546610759/1775581197.csv,c1bca226bd6d15ebcbe325f856200c4aa246c187b42678851397726826fac848
C/50601/2548610286/1775581197.csv,048162dfe8dbc7a832575dded3c90804df20f60eb19d13cf52f911fde6b01e43
C/50602/2521610325/1775581215.csv,c94f511a4407ada1f4f87c77fac1580a0f4bf04a0802124a73983eae387ca508
C/50602/2523610003/1775581216.csv,e9af3fb436651f48d08856d6685295799b5a6bca57c6e34ac5eb2491365e6c45
C/50602/2523610041/1775581219.csv,b02f8cc9343b30b30f7bd056dc9b66bc9fed2779e8aed6c78be8b81709eaf095
C/50602/2523610075/1775581215.csv,7d39f760f6585982d3b596da48d449e6c1368edf892c5a14564197d8813e4f1f
C/50602/2523610126/1775581216.csv,06b2a82b2b0d04ee05327857e1b3662c77a49d26f41eb9753b621abc69b7a9e6
C/50602/2523610134/1775581215.csv,84102953cf892cc25c8018a3365e974378f7c668bb9a3bc1978dea215c1ca0f3
C/50602/2523610432/1775581215.csv,83664af796bf5ae84cda1bfee14f5972268be06be5d92bd477475e697924fe2a
C/50602/2524610033/1775581215.csv,fec8649131eb4cb89f89d5d2acd4c763e97b00a12546e18dd5089228caeb7504
C/50602/2524610041/1775581215.csv,08b4d2d20ff1bae9ef1e650ca1dd1a8a87c922c69acaecdabd28c48582ea1f89
C/50602/2524610049/1775581218.csv,2bb0344852eeb38f87ca34ae3aa1a78321929a31dfb652d7f88dbc009ab790c2
C/50602/2524610074/1775581216.csv,66c48a94c28a061c25b74261018a5b7674a532ac865d80187e682ac2b3b10116
C/50602/2524610082/1775581216.csv,43a67c2a757699aab2a7b11f0a826be393b44e36f6b78679ed89421783991220
C/50602/2546610759/1775581215.csv,b9c4b19e965b00f1894e8d4ff92b9e917f707ebe43525d01b8492ac02fbddea9
C/50602/2548610286/1775581215.csv,412e431d534331f8d42fddeae58735fab7051524fa6941b4f1eaaa87326f9501
C/50603/2521610325/1775581233.csv,06288db245176561aa24a6cede45ee8a772312bfe05bb90ce7f2e60d22588038
C/50603/2523610003/1775581234.csv,442b602e82132e2ee06f3e94d7ce0bbf97641117860fd1bf4c3e903acdcb595d
C/50603/2523610041/1775581237.csv,f4d4db63918d9a57c187d133377df4e93b5a98c62a5fa30faf595933de0fbaea
C/50603/2523610075/1775581233.csv,0bc73c8f0c8a28bce0db4c35b589e0b4865b04f4bb9fbfdeaeaf2bd0600bfdcb
C/50603/2523610126/1775581233.csv,07bc658aeb5113aa0e5c8b73033aa57616d23aff5de559690df020053a844094
C/50603/2523610134/1775581233.csv,b322337c3fc0d379999240a4238c59d4459726626e987fe6714277ee34ea56aa
C/50603/2523610432/1775581233.csv,e4bdb125caf51a9a61d59380588ed6f182bd3c4f3bc554bc7690028b8a6508b0
C/50603/2524610033/1775581233.csv,2a83633f23148dbcb95a7dd3b9dab658b5902bcc49afbab27851e855539a21da
C/50603/2524610041/1775581233.csv,cc78c0b84e1fa7c10d898450c863821806b04e0af5ed35052183b1dceed7f8ef
C/50603/2524610049/1775581236.csv,540638707e9a025acb8d535aa00f6fe5610e61244055f38becd7d31a630bf065
C/50603/2524610074/1775581233.csv,0a80628c75a4f7a2b385884137ece5b1ef7503ce63f4f7a73889e1aaa2e05958
C/50603/2524610082/1775581233.csv,5064512227b0e6227ffdebfd5811557427a3f041fda3cbb208506e68ed37a452
C/50603/2546610759/1775581233.csv,18762cd4529083cb323ffd6a0bd752ab4554112b96ce1a6403fb88974d082862
C/50603/2548610286/1775581233.csv,b7337729a7e409691877cdf669ec55fa0a1a0640547bd8959b47c7688ebdd233
C/50604/2521610325/1775581251.csv,dd967aeeeeefd2594797eae44ecc4e955b843abc56411d3decf4a654286431f6
C/50604/2523610003/1775581252.csv,b2fc9781ba68f426cec49584c09aeb8fef8ac8348c283af44626f0733b2fd53a
C/50604/2523610041/1775581253.csv,44b99ea5b1b3803cd88fdf28756d51a6621fb27c7d6b4bdc6c5b1cd736b5ade7
C/50604/2523610075/1775581251.csv,03b5b78bec2b8f9f2c4d30355dfa0e140ed9ef388275d3eb0de50f470a155eda
C/50604/2523610126/1775581252.csv,4f23138c87d48d1451f3cb6d2f780171e0ec37314ba31afc25ba1aae1df7b95e
C/50604/2523610134/1775581251.csv,1e820d49fa01a93f6a69206c0828d27390ef0d4a4ee59e4b808207484ec39ffa
C/50604/2523610160/1775581251.csv,04232185f9f090f57f8e12ef48e78b835dd447fc86f6b889e131a1e59e643d59
C/50604/2523610432/1775581251.csv,4087a66bf98c12488585b4f7e56b7d64447faa01c36fb184a83b68cfff84ff73
C/50604/2524610033/1775581251.csv,72f930f76f7ff8ff98a55c2706a7ee26522f21bc6d18b11481324fbdb621956e
C/50604/2524610041/1775581251.csv,0035ed6077b4b70c39d5a3ad3bff1b78fd8427e14b87fc4acfc4fc0c166bc7ec
C/50604/2524610049/1775581251.csv,882c3eb04ee17f8dff2dfcc2382138a35c8650588ed187456eecac996b1b1c24
C/50604/2524610074/1775581252.csv,ec56370f114185efd54890ff16f0694c6035fd11d367c655e263c614b2c7d949
C/50604/2524610082/1775581252.csv,d17ccfdb3b9e4ac5f99b6d5cb4c368ec6b03c36778f3b845ae99b2af86d7b7bd
C/50604/2546610759/1775581251.csv,256b365a9df1794cc2254d827ab167ce2ab060fc32ee67031e557c3cd41503d6
C/50604/2548610286/1775581252.csv,29caf7800eb381ea22b00eea4251f56f3ae3efe98f4f98b23314111942af61fc
C/50605/2521610325/1775581270.csv,20e5fffdc7e478afa602a3b5b080d8cb1cc023e58e660d9f3f6d4a0c1b2fb89d
C/50605/2523610003/1775581270.csv,9053adb77980e4e6684941d3f36fc13e95c03069930be647123a29eac7bafaaa
C/50605/2523610041/1775581271.csv,13aa9283a19db7f13b660499ebadd54dc568d5285fa03581ec3c1b909e87dfbc
C/50605/2523610075/1775581270.csv,6799c9efecc26227cc70a6526d3f8e032bc6ef45d8fef62f0142b10d7dbeaa7c
C/50605/2523610126/1775581270.csv,ecb5a58f9791c28e30004d82d377e6d03093ddddd53f68c16f545d3f18ad76a8
C/50605/2523610134/1775581270.csv,2db5e333c4540e9dd7a1103fc274f5b46af9a17a1f6151de4821adc0b3a85517
C/50605/2523610160/1775581269.csv,592bc94bbefb3cd9258dbd0585464be274d13e0a107c645e3aaafb7b28f230a9
C/50605/2523610432/1775581271.csv,60933fbeaf8dc7092d238ba140906d7647383ce8d770d4e2f8db3ea8d201e4a6
C/50605/2524610033/1775581270.csv,4b74aba3432a380d8add75afff21f723a45f1996105ca0acc349fadf3a595394
C/50605/2524610041/1775581269.csv,7792bd4d3008bc6aabd670ff1b53e1b5e756f0d82f085b4b993fb423ededb0cf
C/50605/2524610049/1775581269.csv,dcb2c80b674ed2451d4dae84ed48f6a42d9e5636fc58f8a6e33734ebbb4b8a4a
C/50605/2524610074/1775581270.csv,0f30ba4199bcde7a4b509de7912d00d7578c5db0490f21162a30aab3888b56d9
C/50605/2524610082/1775581270.csv,251b8e201702ac939571a1f86db572a41f0ecd07e62e84224bd6e16efc1f1e4a
C/50605/2546610759/1775581270.csv,bcc4f832ed79967f9a47221833573218a430ed83150a8324db8befdefecd368f
C/50605/2548610286/1775581270.csv,d240c2e41b7bae096e51d84ca05f542ca389e3566ad03a5b176a355810e8adbe
C/60001/2521610325/1775578356.csv,7ea42e08a58992037386d3edef1e9d14dc7aaf089b2756b307565a45fd0d4053
C/60001/2523610003/1775578356.csv,f0c973b10eb674e2277fa2cd43f8457eaf419ca8be9ad330097068e92828a15b
C/60001/2523610041/1775578360.csv,188014b7bb9fb22ad0768a3de6962d03634449afe30beb3a0d820b5a1d340433
C/60001/2523610075/1775578356.csv,80e9040199c2280a55cd1f9a2ab7d3bee105d969e0df73097b37330005a3d3a1
C/60001/2523610126/1775578356.csv,edad01d1cbaa41cd9df505cdfaa30a1d0f6588dc6666618ea231977dafaff811
C/60001/2523610134/1775578356.csv,b0f5fca64808965143558cf28dbabf4279d824912a58ffe3568172e475ef3c55
C/60001/2523610160/1775578356.csv,1dc4a5fb36bbf31a4828be4f777955a67c9b28f0b20d83046664c15930fc7af3
C/60001/2523610432/1775578356.csv,17e4506181247114e340e8e77cf18f29e19f06155536d8a337b335c04d533c55
C/60001/2524610033/1775578356.csv,deb2441a03334273fad88e0bc92593ab827724be26b06e9864f8f326ad119df0
C/60001/2524610041/1775578356.csv,579a2ccf7bd794b94e1752dcf82544b1402af279a4ffc371bf978b90c33a2fd0
C/60001/2524610049/1775578355.csv,e1ce902a906dfa30f2d84f94abbe08abc3e03fc7240c044e29d9db71aea24069
C/60001/2524610074/1775578356.csv,da29224addb467ad038157651e48c4f78090c188a67b96fcd7a4189e78f25661
C/60001/2524610082/1775578356.csv,8b56ed4e4f18781632596f49878ee9271e46afe6ce0e1c073b27d38803977d38
C/60001/2546610759/1775578356.csv,d82322085f82e689a4d77ab1329289625ec7823164b17998eb26550bd354662d
C/60001/2548610286/1775578356.csv,e09995a5a36a1b3ebf762a29e3d7586d46be05159799e47430fcc95fc11eabd2
C/60002/2521610325/1775578374.csv,c0dc9291a31ac3bdb92fefed4608166eadb628c38e885516a4f855ce129a5283
C/60002/2523610003/1775578374.csv,1d7ad70107c33a5c9f390a2d2a801bb7558be9cfa2095348f59ea81b2381aa06
C/60002/2523610075/1775578374.csv,6e48429ee40643225347b905b5fbf369cb8ce2f8395a161a24925d5b5780e419
C/60002/2523610126/1775578374.csv,a16c0da2b3cc18ee490b6d00be0aef5179f812404c460d66773ff5930c0841b1
C/60002/2523610134/1775578374.csv,b5733ca47579245f5977b75ec475530d102f458cf330def789aaf8a90affcd3e
C/60002/2523610160/1775578374.csv,8b4875a0ffd4a6d23a66acd267a05eab23faf881ca6300e5562ed8bc7b546ee4
C/60002/2523610432/1775578374.csv,208ff7237d86ecb08c66803da167b32961ca667bdc4e4c8c273512f68f5e7ce7
C/60002/2524610033/1775578374.csv,ef7187f66b95314718eb78e3ce9567518bf625f65a6109c7ff201f32a4c5ec3d
C/60002/2524610041/1775578374.csv,c23a140e73b4f5607a647df0493f51216a61e1818e779fdda2a5639f44dad8da
C/60002/2524610049/1775578375.csv,6ab8751c4b158c5f883d5b43c1778116ba4997737321c8cdbbda0bc783933d6b
C/60002/2524610074/1775578374.csv,11dbda26264c23469076a4ec26d55e73b1709dbed1e1fc46d465ead943ff4862
C/60002/2524610082/1775578374.csv,aa60e95a0716a3c021323ac50ff3e2d3274956a4b6b67ba7c20b4b21c6eaf919
C/60002/2546610759/1775578374.csv,2191c3befd685f025b025f819a09ddc9670aa79d3b50d92526c8d9ed3e1233d4
C/60002/2548610286/1775578374.csv,889e558f6025030ae048daba248092fe8d67ffbfb5cf282e290d95c2bace0909
C/60003/2521610325/1775578392.csv,cbf7084db809dbb8bc4e8e3f3239c34922974d8b6e3e79bfa9af358fe8e301c3
C/60003/2523610003/1775578392.csv,d844b6fab08fcb2037b8dba5610cf9370bbaafbaacfce39136014e84ace1eaef
C/60003/2523610075/1775578392.csv,12ac580a6f91b08b7bfd26eb493352e0b504a75085d5c8e31dd7067cbbea371b
C/60003/2523610126/1775578392.csv,e37268bf1941f08f2f3c5f522c56b42231d3aabafbdac34213c3e45637f2188b
C/60003/2523610134/1775578392.csv,376f6fb70b3cb7f4b98cb2397b728383eb261bacb94445f330da124f122104dc
C/60003/2523610160/1775578392.csv,89ec8b59a93eda2f3d2e96e61f4a1cb7cd3532f355b72e453b873301dffce7da
C/60003/2523610432/1775578392.csv,2b1780035428b4908258163b295457636d04030ceb7795fa65a82cc4dab4bee2
C/60003/2524610033/1775578392.csv,0d4b833eca7e1107bf10c66752e8654c85b562f77ef6721bebe9745fee2ef9a4
C/60003/2524610041/1775578392.csv,d5245b4f0e73d5d3e33468296228df9e320cd4687c138091da8d3f11d31f3875
C/60003/2524610049/1775578393.csv,9cacc4a660ea69d4893c839ba8cf44685b6eefa9a0c272fa594ff3ec0edf11db
C/60003/2524610074/1775578392.csv,f18f714c472c09eacfe4e4261972bfafb4dfcabbcd840e1d81bd4e00663e14ed
C/60003/2524610082/1775578392.csv,7fef17f7804838ab8a1da80157a2bbba02f5be9c286dfa26a384e182f0e88a59
C/60003/2546610759/1775578392.csv,32a9c0990da161d70430b8cee686ffd71f5e245a93b92c7a9877ef7e753f9f78
C/60003/2548610286/1775578392.csv,2a90f7d0ac9b7995ea85acd0bcdeb621d19ce9db5261d736db3a29ef846cdd4d
C/60004/2521610325/1775578410.csv,f717cc2b5c458a37da4f277db8abf906cfb3d4baff9f317785d9f4707cfcdb38
C/60004/2523610003/1775578410.csv,5583fd118e8bbfec60f09a0a11c39ae1d03d6a93bcab91163a18147bfea17904
C/60004/2523610075/1775578410.csv,26e49eb96f19da0412e78579c3f0577db122cca0bc7419e966540022521a6285
C/60004/2523610126/1775578410.csv,d12c9566244235cbbde3ec0517166b0d02e009e49d8e343230ff8b7517c28420
C/60004/2523610134/1775578410.csv,f02c006cc6f9dad17d74d7ded73acd85f468c376ec19a1d56d401d525fe2350b
C/60004/2523610160/1775578408.csv,0754a32ead6f5c29d7d64730474c8779c76d1b776bc3a4aa731a4cf547933715
C/60004/2523610432/1775578410.csv,2ebf32add6354b3580cfa151f46e43d7cb0169ee59f58816890cc8b386638ba2
C/60004/2524610033/1775578410.csv,2d8c610b042dc32d305ac75f52af15c1a8c2cd234881f5cb00e07efd29ccb691
C/60004/2524610041/1775578410.csv,1dac0a4f27e97bbcfe0a205531878ca82e1b1767ab6ca9488cdfc4412c68090b
C/60004/2524610049/1775578412.csv,c6db437cc1fda0ad9de88b1919318503894726908270f0e135a95f62c13a41e6
C/60004/2524610074/1775578410.csv,2e862627a1bd65bb1e401c519615870ce6264405682b2f6259f9ab87ad779c95
C/60004/2524610082/1775578410.csv,b6d42d35df52809b835478b24cadf700deca7ed0cd88f357e0d777465213e67a
C/60004/2546610759/1775578410.csv,b99a1f47e094c8aae401d603fe4fc40dfc73ab52a254ac085328b4f91958a213
C/60004/2548610286/1775578410.csv,90fd7bc79a7d10ba3800845db594576c02eaf179a7a674ed2095ade22d946101
C/60005/2521610325/1775578428.csv,716488e579ec9f2edb1c3612d25aaf29360785b20f71e8e97de11c1793250b09
C/60005/2523610003/1775578428.csv,10b46c6944ab8fe7e2c5ccd0d6f8de1bafcf600936a8f201d70148dd8c3f0f31
C/60005/2523610075/1775578428.csv,b97e2015d381645b6c4bc37abd86aebdf8cb9d3ed7c1cbe31f519a1fd01c9726
C/60005/2523610126/1775578428.csv,e856f45a0074ae461d60d4afc0924a991ae2559c690e71a01e35dd905e0b6129
C/60005/2523610134/1775578428.csv,bdbe5987ff329c74bb6f6e7736af5960da750f0b6f7ec22c52f21918826c04f6
C/60005/2523610432/1775578428.csv,ad9fe32ee4ce4c4b027933cf3af3157181ad50a43f5ba4936586f27542524cd5
C/60005/2524610033/1775578428.csv,f0f79f44e763944a3c057e00578d3f8abd0d3f35fabe8f24ca941ba306f90f04
C/60005/2524610041/1775578428.csv,b0150cf9b091cd838a693436442952f408ae5ed15ee55833fddac2e80d1f14ae
C/60005/2524610049/1775578430.csv,e6d4b7e8fa927a7765fedb92ca35cb32d329d0892315c4acc6d5b7c1a8e62f64
C/60005/2524610074/1775578428.csv,f0c0f1e60965c2cfaf07114981f31fa6bad06f35f5507b8fde006a0f4757ac4f
C/60005/2524610082/1775578428.csv,3b64886202fc4955f773e3028a0a92bcd2dd81cf928348926710d661203c402e
C/60005/2546610759/1775578428.csv,987b2517fcd75d1aaf5d0e3cc058f3715427f87b58daf99705cc0718b8294aae
C/60005/2548610286/1775578428.csv,9b2c293f6bdbcf6a6bd9a699583240160da419d9340e369e6d60f2a67273fb5d
C/601/2521610325/1775561080.csv,1e42201a32f4ad8a2baf0c3c0f2e487bd35462fe0d3adabe616e3b508eb654e8
C/601/2521610325/1775561090.csv,e3cd4a813dad23e53808b3b88739a644ab0db3630652eeebabe57a0121bb23d1
C/601/2521610325/1775561100.csv,ba146768b5964361c11229d74a2eec6a102fed12afd7e9d96796982a93a0ce55
C/601/2521610325/1775561110.csv,2f60fecb1e6f2ac2a0beee02ea6a780403f2be5544b843eed5a61cea743b78c5
C/601/2521610325/1775561121.csv,61cf3ad91a1236d5c710678ba7dee833f0514b05f308761764034fc8f7a84048
C/601/2521610325/1775561131.csv,6f06bed7a83e06440cbaf5ea758a5c87e77239640ddd0d129ceb7d42611d6be2
C/601/2523610003/1775561080.csv,5beb71cd34896c850d93dafe067b262c1efbb95c089425e9fe858f484393e278
C/601/2523610003/1775561090.csv,094a6f566bba74aa2e9dd14c97d2f2131f605a884a31c2397fbd2aa031ab3af5
C/601/2523610003/1775561100.csv,ba275ea1441ee1a8f9c6667e7f659d62a26be9436a651db38757e3742262e8f1
C/601/2523610003/1775561111.csv,e525698c81a5a375bc2813622611a6e458f32b4b79ab2910fc83f382aedf01a5
C/601/2523610003/1775561121.csv,3a869a74de19d29e2425cf765c64fe5bd810e47381c8bad4aa026b8f062ef67d
C/601/2523610003/1775561131.csv,a41c2332b96aaa19b8eabc50b31124ffdabe03ce30855d322fdb0addc1c3a667
C/601/2523610041/1775561080.csv,3407bb4707d6e9d3fa8f3caa3a0d7d0deea8127ccd24e02ea02ac809eaf2bde2
C/601/2523610041/1775561090.csv,3d25915d0a8ba4c9b9a4b094b5e2769f950da3229c2774092827af3e42965257
C/601/2523610041/1775561100.csv,fb2bf54b82c2e8e62592944137142ef72e149cbd2e4870a369cc76d4d3e8ace9
C/601/2523610041/1775561110.csv,8896c8d05fa3e6b8cdbe4a9aeb699e2bd16c3b348cd9a23ae77195fc953d6c14
C/601/2523610041/1775561121.csv,a7e451e2f900c922ad9614748999612ec6b27cfd0dee6da6e5d5eab464b7690c
C/601/2523610041/1775561131.csv,ed91d8dce144773c2850120c980f29a93acd9346a9e90983db612fb593109261
C/601/2523610126/1775561080.csv,df642560d876f8e4c7f46317209a02571284d14da382707a6d75b4d0c453d28a
C/601/2523610126/1775561090.csv,72fc8166d47ac9e974bd3cee39253b460681d1d3115d7438f636223a35c4dbc7
C/601/2523610126/1775561100.csv,1b046a8b52659d61ea43fd2ae630e6e63554ed6cb3522739aab514e5a2f26d60
C/601/2523610126/1775561110.csv,b2712b9f249da9be28f6c972552c35fbfbd28cf68f710bb32a5c14eb59e13bec
C/601/2523610126/1775561121.csv,f555435367c2e00fda1482238ece0f4e93f65ef9419b753669ee9deece1c7185
C/601/2523610126/1775561131.csv,b8b85c6bfbeece526cc4b7c247e9a82c602498eb5ead7b1e46c8dde1f237b48f
C/601/2523610134/1775561079.csv,716d02c78959ff2093f452afe79b45579c40b6c1417308f9a8fb3a2c61bbca73
C/601/2523610134/1775561090.csv,2c3f03839eb1bbdff7930c59c836941175ce71400c7e3b206f05cc5e6e6006ba
C/601/2523610134/1775561100.csv,a7b91a186b8cb43b4044bdcb7e51cbc75fc8f00c0af759549a4c31c91607cfc5
C/601/2523610134/1775561110.csv,4d1d61ec397b0387234625d61a0d46f181a81273b186483a707192310cd9e2dd
C/601/2523610134/1775561121.csv,3b7aa9ef74cea8373f73d28d88aa33b17880685ec02fb54652b116fcb412c7d0
C/601/2523610134/1775561131.csv,241d66acb62fbc6e85718cb412231d0944a63be7e22dd6991d706973489b4218
C/601/2523610432/1775561079.csv,0f0a68f33b77c6ae7a7d433aef084b8ab8927ce10ed011bcf073192e936d0dbf
C/601/2523610432/1775561090.csv,52a09913db95052d6cb6892830d29a5db7e601ed4b8769af25085efc467b6bc6
C/601/2523610432/1775561100.csv,99db508c04d18c75dab4131dbdd4732828e072bf32561a38e1a38b6325d5ac65
C/601/2523610432/1775561110.csv,4d41c3b722f9f6290ad3fe284b658b1b1197067d3e1b6a215fa0edba78fdf0ba
C/601/2523610432/1775561120.csv,487e0b7fb2bd56504bee1e05f1b60a983e0036ca82790bade52f2678caf02967
C/601/2523610432/1775561130.csv,5f2d0fb5f2d5022372874f5e690c2fa279c582831d14aa7ec254c8f26bd4a3e6
C/601/2524610033/1775561080.csv,9611489b964b700f8b8ad63ecbf420336ec396fcd3d61f363de781e71ff92306
C/601/2524610033/1775561090.csv,ac1d78558efe7cea4bebb8e19c8ec271092be0dfc6b253af2d5103ea65cf1122
C/601/2524610033/1775561100.csv,2ca2ceec1abaf491d768d6a793d7b83296092eeae3ab1a0b45d73194b09b4b4c
C/601/2524610033/1775561110.csv,c1ece6ba1dcd3caf37973f954d319cb398109e755eb47b197ee6943721506b37
C/601/2524610033/1775561121.csv,692ac045f3ce80772cbd5acc931dc40c0cd324146287f4ee7f0ac56156d06f04
C/601/2524610033/1775561131.csv,a6235e37b226ebac671b24888c0226c0a8d6cdfe6dad1bb11831d927bbaea588
C/601/2524610041/1775561080.csv,b94cedf446a20783c01436eed8a3147a7f2ffc4e6cf41107a99c6ec70d8a3504
C/601/2524610041/1775561090.csv,5e092a5d98b53ebf2d2c72310e6baa64dde56cce76182923d7f01bcb0042d10a
C/601/2524610041/1775561100.csv,e11241c3dc0fe7092acbfd61b49207cd6b7a8fca29c64e595dd6d590b9cd74f1
C/601/2524610041/1775561110.csv,cf4c6eeb6e77bdd231c04df9a9446179ce91e8fa841f9068820232e03f305998
C/601/2524610041/1775561120.csv,da96176ee7621e2b6e89db1cbbede718fc03d5bab1cc427a5c5d5973c46941a7
C/601/2524610041/1775561131.csv,f27715e818cea39d1e8792a72885714536adf13406889957700ed79f6621720e
C/601/2524610074/1775561080.csv,d898b885ad39449e4c407b8e5c73d3447ca67cff96e3e13a29401a1149e7133d
C/601/2524610074/1775561090.csv,f3c14028bb6b4c462df8550cf1fb9d10cbd272d8fac15dd440310cd01aecf377
C/601/2524610074/1775561100.csv,387dd483451405f7730e55dfc16b817e57b2c30bb579ba20cbb65ed36c4b9bb2
C/601/2524610074/1775561110.csv,21ac3864c411325587889b0063a2b7786230e4581f50ab68ac8869cb1c8e3a89
C/601/2524610074/1775561121.csv,82d0afa35f473146675926f0523aa2c5d773492d8fab33e48a1b3abedebec1a8
C/601/2524610074/1775561131.csv,c705f4c5e02ce42fc9c90ecae9377684e65c50d4334b205f9aa6ff4a62dfe2f8
C/601/2524610082/1775561079.csv,4473c23d83ac899e4ef5af9200f23148c9dee3049b2cbe2f164dfd858fbde999
C/601/2524610082/1775561090.csv,3371cc038172a6bad284be9af57e4c340ce43cb960132c1033ba56b9d9092f94
C/601/2524610082/1775561100.csv,aff6e34f157a2ebe7634a6fc91b85d71c70be42ecca27e87cf4f59839596608f
C/601/2524610082/1775561110.csv,9aa2d78d47dec2c5d764f4fb64179e14862ececb7af29279589305e0ae19dc3d
C/601/2524610082/1775561121.csv,1b6c9326d1929214540c5b22e0df0560c1c4f4e02d03b5dc321e068bce3c977a
C/601/2524610082/1775561131.csv,78ed80017455d5595819c6d3eab214851bb6eb7c72d10bfafeece1a8479fe65e
C/601/2546610759/1775561079.csv,a588ed9432c075a1705287ab7d7b4c4301b116b858b9ad60c5b0a30355fbef1a
C/601/2546610759/1775561090.csv,6421277b473325e927e604c62756f64e8d9d9e23c9bd7edbc758958c6a9dad0c
C/601/2546610759/1775561100.csv,3e855184f38f2cf3d11a15a3751291bdcd17317935a16c0864f8493c67835c8e
C/601/2546610759/1775561110.csv,d1f12fda27ba58380565ff2ce96133fe7dc2bc52ab05365efc5f476cb121c4cc
C/601/2546610759/1775561120.csv,0727cd3e2ee7f5c68ed11c3f44bcabba1c870a1dbeb8bdc2bf32d755104110fa
C/601/2546610759/1775561130.csv,c1c5d0b6149d03e5eda6bac623d75b8f50f99398a9543d8e38d02f1bc0071b1e
C/60101/2521610325/1775581288.csv,f71bf84016e033bc7784b8583c2b88aa68066eb9521ae3f593cf0ed2e0116c7e
C/60101/2523610003/1775581288.csv,1a41d2a54aeb5aafd4009febeb671b91bc26dcb3cdc43bff5f58cab6d2651484
C/60101/2523610041/1775581291.csv,8a4c8d96a86af017433d2f33d8cd947f5fa6113d49b31d86f5b6aec339e06abb
C/60101/2523610075/1775581288.csv,5a9bcc7bc9b474f3eb433f4b50ebd125e8852d64b8a53e662ab219cfcb3cca44
C/60101/2523610126/1775581289.csv,7410daab26d3992be30845285d86bacc5b2d095d5602293a4c0ee3ee998de681
C/60101/2523610134/1775581288.csv,e12669bd0e062483e86893d014bfc8aeb8470f2c7790f876151fce814ba7db11
C/60101/2523610160/1775581285.csv,2659d7c22f4960a28cd26428c8287f90601d5e6e219a285af04dccd4f0807233
C/60101/2523610432/1775581289.csv,07788b38fcefaef742422656cdac449aafaca372eb168161cbaa52455be6ad49
C/60101/2524610033/1775581288.csv,8a03eebe774ab1143bba0e999351c03888ccb517fd83d94d342189d6bb3a8b35
C/60101/2524610041/1775581287.csv,748a91009904b56679419131237008ca2fe7618c4540361f057f8ee6c5259b48
C/60101/2524610049/1775581288.csv,27ce5a7b12522cb6e3491f8349e31602e2e75d72b46221714c78a3b6d7637075
C/60101/2524610074/1775581288.csv,e3d877c1a6e54e1ee1d0a308f678b8e562156995a2e5124d8499dc6365bd4b26
C/60101/2524610082/1775581289.csv,fdf9254fcdaef21a45b1ec82cbb524c1cb1fd560b1d9ea97ded8f223ad7ebfd6
C/60101/2546610759/1775581288.csv,792b5e58c3897a9c27e4315ab4a596044f4b507f8feac34dc6fd4bc0e4afdb9a
C/60101/2548610286/1775581288.csv,2d8b52000121d4db4985223f0f713891d21d4d447403405305eff328f66a1b1a
C/60102/2521610325/1775581306.csv,f2b82485b37073513357d41172c94b3734838ef4e194cfa67148f6df219a5c74
C/60102/2523610003/1775581306.csv,7f9cd7130b87aaaefb6e48f7d691091ed1fd022f3f9d73abbee51ee487758013
C/60102/2523610075/1775581306.csv,4d2c868f79acf3856e9e3736885c794df917274fcbd1cbb1524b9be41d4da04b
C/60102/2523610126/1775581307.csv,25d981d456944c28fb1d07cbdb1dc58215b994896b452057a63187837781b3e0
C/60102/2523610134/1775581306.csv,442580f9ab86d036d91f5325c4d1bf755500315548269fba1215a1b6d1ed75ff
C/60102/2523610160/1775581303.csv,43b0ac4bbb4fcb3fd967d17ec0bd36655ff3825fc07098996ce4a79beda3efa7
C/60102/2523610432/1775581307.csv,3bc8891c9c1ed57667e4b142b981882ee66b827a2fc4efe28a029fbc6c310314
C/60102/2524610033/1775581306.csv,23605a2b161299ac64456a5e0adad9c06168194eb47b79e8b0dc5c593e41a85e
C/60102/2524610041/1775581306.csv,fbd744cff03b4d1e6df7474f96f37044145d0f2ddc894f67cd0d1135f59b7fe7
C/60102/2524610049/1775581306.csv,e34fc22c12a219b115debc3fef25c8ab5629e8fee92ecac62a7b57f5ed630765
C/60102/2524610074/1775581306.csv,8b01645ba530563c5583fb725f9516530178bb5b09284194751c9a57ae793f8d
C/60102/2524610082/1775581307.csv,03cf747e2a72e5dcce867f1c829c2c70778fdd8b60b5e560bc28d451da8984f0
C/60102/2546610759/1775581306.csv,87440d8299b1a3e3eb6cdd9d9aca85276e1a0f330716f3f54de07563f4063aa1
C/60102/2548610286/1775581306.csv,e7a720567184168986a57eae408cbcdf1fce65be61fac5637f324265ed77b36c
C/60103/2521610325/1775581324.csv,49f35a1659ee8d3cea858d9ddea85473a3b8de0257f0e7330e51c83d6c32769e
C/60103/2523610003/1775581324.csv,2b25a6095f23c565a201d40f06bf5e04ca7d41be00173fc3c1f8c9e5b099864e
C/60103/2523610075/1775581324.csv,bd5747232e86e831a0562d85ab75833eb53d2cfde44b8eff0fe7c7d03f0b07ce
C/60103/2523610126/1775581325.csv,9ecc3d1428ec007c0cf265847778cefd142bfb2e459558854b5558da8a57ff97
C/60103/2523610134/1775581324.csv,f8bfc21bdb403a104f4cf737cff39077d44fd013f0e50561e587f1842f5063ae
C/60103/2523610432/1775581325.csv,7def61f6ed76e505b43af057e02e6d2bda5fbfaa2eb686c32e5a3cb478a9a3a5
C/60103/2524610033/1775581324.csv,18ff1739ae4a04875188c0fa6364f1b1839984f6c2cd33c75eef5fc51032a2d0
C/60103/2524610041/1775581324.csv,6549eec1722c9e92e854d5940aa3ecb072c5e97555bb2112a029419dbd28efc6
C/60103/2524610049/1775581325.csv,200f08d3216fd273707dd9596c3e649d0d90e9aa5200ff165c4670b3403c9aa5
C/60103/2524610074/1775581324.csv,f5958d8d0c812d153f6188f1b733494edd970eb97be8cd2e1b5bd03cef9041d3
C/60103/2524610082/1775581325.csv,12a793156641207e55eb9ef7211eac89b9dd229d9e1b425b3bcdb5a3115dc8ee
C/60103/2546610759/1775581324.csv,9e22c36214384b742587999a2d6f22f7dfd0391d8ac40d262f8ca838b9c2e453
C/60103/2548610286/1775581324.csv,9b6b95ab2979defdab7955fa1a58f91fbd0eb41809f4a6073f1649ac52d11b16
C/60104/2521610325/1775581342.csv,6bfd4f68a2af167004435a1222b11cf04f4cb82b07a9a3e516015f479bc12bae
C/60104/2523610003/1775581342.csv,bddc6a6f03e1540737dd81b40400573ada850cef2cec2c9122296a76a6b90dfb
C/60104/2523610075/1775581342.csv,876d49872fe5b2eacbceb65029ac8369228d22d07b8c41a8dcb40e5f90888ed1
C/60104/2523610126/1775581343.csv,b9113a28d8b21497d493206e36d0a855cc94c4976c99c7123e5a8ddf752effb5
C/60104/2523610134/1775581343.csv,73c2245c15e892125533da9e1be4af9fe0e761d8a2a2e7b4af295231b636abbe
C/60104/2523610160/1775581345.csv,909d560dfc43902670e79919abb2220e79ba28464a4cb8e6784447b868e98c6d
C/60104/2523610432/1775581343.csv,a0d4c184ad83f9763b718e383f684c8919059e7b7bbab970b9694222b40b54f8
C/60104/2524610033/1775581342.csv,6fed7da1f6ed0714e8272d18993ea0f798d906408aa4c9cb801fd6d6791f0aac
C/60104/2524610041/1775581342.csv,18e18d6308682325b71bfedb0b8d03813f7db3480bd5325c251248204ad1b99d
C/60104/2524610049/1775581344.csv,7e3eb02e2d5da9028165fcf717e811e8eead09d529db485644f62f6393e318b6
C/60104/2524610074/1775581342.csv,dfd9d41987a8d10c0ac5473ce9ee9c4f96009a8cb6e4349a0287e80b6d3a8322
C/60104/2524610082/1775581343.csv,79997f47eacd7d73407540576b4de373d8dccb02eafaaf3faef45db26574e672
C/60104/2546610759/1775581342.csv,5a39da1cca8377778127bf3f0c4df89c5f0cd9071498a0f93f9dea0e6fcd9ec8
C/60104/2548610286/1775581342.csv,d2b43340beebc397ae4d956ecbc2d06aa1c01f57f25276da7e830077c4084a9b
C/60105/2521610325/1775581360.csv,0304a35cded369a593b2da254097ecd6484cf95801f832cf332de4969ae20245
C/60105/2523610003/1775581360.csv,57a8a9919cb63bace61e494078052cb546ebc6eafbcf692b402d75b483067bd7
C/60105/2523610075/1775581360.csv,2a7772e30b067ff5264aee1e00cb4b0bdd3b7f010694a4eeca1fac6c647abdee
C/60105/2523610126/1775581361.csv,96b8ed804a2ebc753fda44c47b5b3f62f66e8b8295debd7987ab942f62ff5542
C/60105/2523610134/1775581361.csv,94d7635eaa055d4583689f9427b7f1ff68172fe094402fdf60741ab8fa63c0b8
C/60105/2523610160/1775581363.csv,919b9e0714c766d4c014aea55e548ec01293689173d3aa26593fedbf609de8de
C/60105/2523610432/1775581361.csv,dab040b1e30d524f378d42b6a4909c63d80ae8d550a5fcb83c06b8b1cbc39775
C/60105/2524610033/1775581360.csv,ede951cf109b94a9af9ea6998b788a1acea7c80ca0c0099a82e9292fec4071b7
C/60105/2524610041/1775581360.csv,0ce7d7a093321ea6ba4495fd9571e453c321989257e1f3a823fff566767c8d75
C/60105/2524610049/1775581362.csv,427da9d9bd503759257b054e03f8a98407447efa3fddbe814c7d6843048ed524
C/60105/2524610074/1775581360.csv,224e5e4ff2ec8ba72a8be39953a01251a77ee383d3fefc7e679a32a151767d28
C/60105/2524610082/1775581361.csv,63c424681bf9fd055b25700239aa672484518b29153796976455ac88efbd33b8
C/60105/2546610759/1775581360.csv,3a3a6ea09812a899fa467497f133a142ec0732a7a8a43855cb2f7f5d15d2fcdb
C/60105/2548610286/1775581360.csv,4cd4d8a33eecada82ca0ec822dd46d7e96f220daa842bd524dfedb6df4f00caa
C/60201/2521610325/1775581378.csv,f1fc367fd4a0432a4c05b578e3c88b15997838971134d63915ad0dc615320d2e
C/60201/2523610003/1775581378.csv,c24524f012c2146c025737ad223903325151c39403affb4972e01fe3955a38fe
C/60201/2523610075/1775581378.csv,a6b5d6602c1ad7c3e8b98239867c08300ef584815aff709a856c5f4d2e203de9
C/60201/2523610126/1775581379.csv,41517b5af31fad1a9f88293cc8d38699ef463550fab8e0c2e77616af8bfc189f
C/60201/2523610134/1775581379.csv,eeb304a9c272b8e468c257dd89330a4865c691c2ad6b9710d3e5195df060b968
C/60201/2523610160/1775581376.csv,21a3ab8a9f297b1b14b8fb82d65a0eab2de984d505df19faa66b90797b43ebb4
C/60201/2523610432/1775581379.csv,dbde604c220094ca3912da53039944f6c881c86d247108dd9b17d54a843d9c5c
C/60201/2524610033/1775581378.csv,b12d2cc01c885a8402c6255c201c59e7009addb56f1e2ce66c8d492a67533121
C/60201/2524610041/1775581378.csv,6f8033eadfd784554054da96bbe8c804d7827f412a38e842f50b12c080a15b1d
C/60201/2524610049/1775581380.csv,0629491ca1b1c27a2190be48719907490fecbec7096b59a99025916cb53b2388
C/60201/2524610074/1775581378.csv,c4a4c616d3eca13460a4afbe30761e19650adffc5add655d6712d10479f22b8a
C/60201/2524610082/1775581379.csv,f7f3d711a887a65be2b6c9ac2d0554a39a1e8c1b5d4715f27d0f138f46cfa764
C/60201/2546610759/1775581378.csv,b0695946906c6e8efe4b99885b15de0a7098a5499ccf1f6416f83a03c5a77029
C/60201/2548610286/1775581378.csv,556307abcdb40fa8c36d2d64179f78189b725bad96bd29fe76a43d0477aed549
C/60202/2521610325/1775581396.csv,bd4e00731da26400045e71052323aac1e0d7d34bedfb9fbbe925f716cb408a57
C/60202/2523610003/1775581396.csv,68b5ee3f071b73871b5e52a4ad08659767c0aa45826198ec83eac42334a4fdd8
C/60202/2523610075/1775581396.csv,b87ab205022aef3e4757496ec5284ddd13ed41e042218fef0c9b689207cfd00e
C/60202/2523610126/1775581397.csv,2f018a2b0d183b2227e6eae3552e82f12f16cc76ac2a7ec5799b8604a29b89b5
C/60202/2523610134/1775581397.csv,94b3c3ad079bf68336d926f85fb8030ae5b826eb52286c28f903390a00d26ec2
C/60202/2523610160/1775581394.csv,8cecf12e16234d1a462650818addf8ee8f450b4e9830de0ee32005e7b382d467
C/60202/2523610432/1775581397.csv,6dbe43227b81bf7d759abf83252c8595b282bfd776366eb5c1295dac188e88f4
C/60202/2524610033/1775581396.csv,7a782a303c15a5e24a5eae83000afa2c8c43ce46f7670d09b21d91dfd13fccf4
C/60202/2524610041/1775581396.csv,b7ee9c776ef6a6a2429ecea955efb897181817d132f7a376500198433dd2053a
C/60202/2524610049/1775581398.csv,1daa33eb8e090c3b32fb9732c380032bd0f132c7d8d8024baaf75b41eb1094b8
C/60202/2524610074/1775581396.csv,8254d1b72e3e77ca4d87834d9d43654427dcfabdc07422f4cd5e16f714739d0b
C/60202/2524610082/1775581397.csv,f2db0d93b523d54a39a7aa21fb7e95574d7cc27c42c84ac25d64c2017573d023
C/60202/2546610759/1775581396.csv,bbf39f35c32cbe606483176003cf2ea759903eb407066b707cad0962b24f99e3
C/60202/2548610286/1775581396.csv,1a31c7758cb071ecb89beec62cfb42d608014552113dd1aa2647b79006b03ab2
C/60203/2521610325/1775581414.csv,d53e715725494c9381ffde672ac2620f572d7bd24142a5b1dd9ff391ddeb7d6e
C/60203/2523610003/1775581414.csv,9bfa1f6838e89206e06c9b76a2ee80fc23b28e721bcd313216c48e2f120ffd93
C/60203/2523610041/1775581414.csv,2015c5e0d74ddd0e0cfeeb49de014beb745e19fc7b7562fe15d54ceb932c46af
C/60203/2523610075/1775581414.csv,ce5ba92ca455c377e194795b4a4f69ca95c858e1814b90ce881c13f26b56378f
C/60203/2523610126/1775581415.csv,871d2d30efcd4b2b66ff13847fc4ad9f18ce77cb56218307b15f4f7429e47452
C/60203/2523610134/1775581415.csv,8431e6b531ec6c9f80730512f001e48a337eaa359e0e39fb0532f5f2fa4813e5
C/60203/2523610432/1775581415.csv,e4e3f41c3a31a6e5bb6afea266a99efe38eb2911fc341be609ba45fc7388b85e
C/60203/2524610033/1775581414.csv,b48773d18765127dd91410581f0b4c67d80146a014ed6980df9ab9ad0a410219
C/60203/2524610041/1775581414.csv,a456a147b9888e9ebce33d70fd2f5848511807dc0abc99f53c50910f26124e8b
C/60203/2524610074/1775581414.csv,b7b6ee6c54432c3e106ab89782e56a40ad93952a2857a265a43eb7e5dbbe5247
C/60203/2524610082/1775581415.csv,e12dc4ea791d8f78c6120627aea90c7092fbdcd37629c454656fcedf3f6843ed
C/60203/2546610759/1775581414.csv,3613502736b01247caeae8eec4a1f019730b39b98a93e5853dba39ebcc7a7d73
C/60203/2548610286/1775581414.csv,d80f12b2aca162e546b50069d02658395de03a42a003402843587ca5e71611ef
C/60204/2521610325/1775581432.csv,f33106ddba92a0cf043a86df01150774a1e6cc71bb642f5b86ad7ebbe3f7a1ec
C/60204/2523610003/1775581432.csv,c4eb577fa7e18e1785aef9fbce2aa754995e7e23df6f7c60586f1fff659c25ca
C/60204/2523610041/1775581432.csv,c82b755c965c3805a55c0ee299b420fd1f9f5b26049fdd58d6071a6cfc1c9985
C/60204/2523610075/1775581432.csv,676371d1c1884a9dc69b52af08fe9969a3e6017b7b95ada2dff32a1101489e43
C/60204/2523610126/1775581433.csv,581bdc62790248305550edf45f26640e9196c76389aa66ae6f2256ea0e4d91c2
C/60204/2523610134/1775581433.csv,eea573d339ebcf4a2fc3cff1e5d107a5dfcfa3a7a28179708b75b18622597158
C/60204/2523610432/1775581433.csv,9e78de2496c3a2a63a6d2daf9cf2092986de8a9573d8d91a1018038ac2bdf451
C/60204/2524610033/1775581433.csv,31ab6caa0da8702ce80ba17a184ba52d175c3ad5ea07d32c75f8f506abac1472
C/60204/2524610041/1775581432.csv,ef592b98fe113ddd37d91552bfb9847dd16c8f5019744a4407bb8861cbe8d626
C/60204/2524610074/1775581432.csv,c095595e66d6d8100cbdf1e3240a8d5b580c3f1bfb37930c9c612093cfd581ae
C/60204/2524610082/1775581433.csv,78b3880a7e56e3be70442e897760f8df79c239acfc26b258ae7f8dd6e8c9b026
C/60204/2546610759/1775581432.csv,10e88d4407d81b956a36680474bcf2a1bb5fc1c39a3c6b877d1a6c4312b102f0
C/60204/2548610286/1775581432.csv,32830f77234f64b20531013ad59cf112fa44a7b71658722032416a62e04e9671
C/60205/2521610325/1775581450.csv,35c40cebbeaab4889e7f2a876d9543665344ee3fe50bbfab7cd87ce1531e8f16
C/60205/2523610003/1775581450.csv,38288592a00c72294abff63bf72a690dcc06ea245661ad78c6580a6ec9f7b48e
C/60205/2523610075/1775581450.csv,4de8300c4cdce08fad950eaf45096866c7dca33f096910abc2427559fc60cb57
C/60205/2523610126/1775581451.csv,126bcee30d0e66aa8663544603f3a1851719b0fffd1f3d12f66ec36c46381c9b
C/60205/2523610134/1775581451.csv,cbfa90fc2f39738b9eb8eb9a5e15aab65cc1de5bef80f3c7cead487cd5976995
C/60205/2523610432/1775581451.csv,18573502a665bdd7a12bcfe620f56f32df92f19b2f09486e9f300bb7787acea6
C/60205/2524610033/1775581451.csv,3d1fce5a40fa9f5f7e8e38701c9e3241b04a1412c3de5a938278229b2294d003
C/60205/2524610041/1775581450.csv,ee7d7df863433627f72a6b3a39f24cdad03725568c95c1e121530392abd9528a
C/60205/2524610074/1775581450.csv,1686df4c4cfb3888ab503c3094b39b5503a3fb2eaa6dba5065b21cf8c0894c45
C/60205/2524610082/1775581451.csv,7cba5ff0d21a59092a03f99c1559e114843f8afcf2904072e9708a6c42e9a874
C/60205/2546610759/1775581450.csv,ede2134d6abb4fd8ce9d97e582835fb03c2d54fb72462c63719735accfdbdef1
C/60205/2548610286/1775581450.csv,76ddbd23d1cc633457156083d35a437e6703943bd851b5f0432996fb7ee3f7de
C/60301/2521610325/1775581469.csv,33d638bec81d0db450698a33001fd307738df78b353b94d73da62078da2c29ad
C/60301/2523610003/1775581468.csv,cb178e7af8108e59788f600a7c241b759563f40020bd4fbb1b4bc429e53d71f2
C/60301/2523610075/1775581468.csv,230412e211c220b47f7fd40ed35e769dfd7d80a78893025b307788bb57d18597
C/60301/2523610126/1775581469.csv,dfc852f2cd01fff9af3fbc4b9ba72480b1cfd04bf5a72d48d2275c89a954202e
C/60301/2523610134/1775581469.csv,dc3d5713f8289091918afacc4eccdaa7164c08b843513f2e10379effa5d414b0
C/60301/2523610432/1775581469.csv,1efa0fd0fe57976e4a57a9ce4fbcd8af06381668e72f9f000de85e6e1639a4d9
C/60301/2524610033/1775581469.csv,aba06ecc91ad50c41f66af69612d7f3d45d0dff560dfd7264d9b59dfd17346e7
C/60301/2524610041/1775581468.csv,5d720c5f085905db4983c298006d95da31c1d49ed2742e097323e798309baac6
C/60301/2524610074/1775581468.csv,b5a46dba4541a9a5292e09cb244d49c3d8a6ea0784abcf55a5341cee121c7129
C/60301/2524610082/1775581469.csv,240e29e624d59a434a005e528a8f9d3d6ce76b0f13ee54c6c597b7f08b5446a5
C/60301/2546610759/1775581468.csv,0c2bc5049b26951793eb403a060795e52796d67654d99036725a4e83354d2a02
C/60301/2548610286/1775581468.csv,963632d9db1e756dd912c62493c560dea6ab11aa3e479c0d6633b95765f7f408
C/60302/2521610325/1775581487.csv,d67dc02340af7a8417e502ff3a14e481fbfd617e5996f240c048e107fd1ec6a4
C/60302/2523610003/1775581486.csv,a2f8a7598e03fc251bb51e33579fb0eca59e4f31e85559d73e3514d85c31261a
C/60302/2523610075/1775581486.csv,665ec2cb20ef582ca5b8ec52bb1eb6d3ba17fec2eed19bd7d8a6b5df07aa0ae8
C/60302/2523610126/1775581487.csv,d6b27dc375a11f1db310e623490529113dc27bc1e7ea11b1a1806000f7ee024f
C/60302/2523610134/1775581487.csv,0f939e6748cab45f34236c88c35b3978198a2b25443b36203274f91a0e97df49
C/60302/2523610432/1775581487.csv,d70daaeea7ac4a82a390118a5a9262a3dafec8dcedb4de274ba25f502423d596
C/60302/2524610033/1775581487.csv,31428f196784ee2dfb3c6b7920e22abae4fde10277d72d4c92583fcb88fec408
C/60302/2524610041/1775581486.csv,51f8b7b16b9a77e9fdaa7acbc653acab0becfcaa036ff0a58ca69898571c32d2
C/60302/2524610074/1775581486.csv,6429840816a7388d150831678cfba7f3129972a6b7aaa6f298e9c1eb07b1bf13
C/60302/2524610082/1775581487.csv,25e90a97cbd0335511d020ec7b3d17305981e687e64500aa3c7942fbf31cf7be
C/60302/2546610759/1775581486.csv,7ff9127d055de0b58b8f5d2cc1d82d522b2d9c42589d8c4bc135795d9bc3e3f6
C/60302/2548610286/1775581486.csv,825226d053219377313ac8ecea379e9b3df52443b333cf1c43915a1a3f6be422
C/60303/2521610325/1775581503.csv,b5a8269244461524079364a0c10a4bf8884d00e6f6fd36f5db9e52274563aa7e
C/60303/2523610003/1775581503.csv,397818e68425743db0848e4688866805ca2c2f858b5e3b1ee395a8d4b339956f
C/60303/2523610041/1775581505.csv,9d9b91dd01ab8dec8104fbca9b66132702e33c79ec380d5bfe4a9e949cc66cc4
C/60303/2523610075/1775581504.csv,05491b5495de9636c8d10bc8e91eb623b69caacd9e417d09580e8357800aef62
C/60303/2523610126/1775581505.csv,cf1ff5224864bf0c041ffb96c8750735cf54dd525e049bbfc57e39e4c2e50d0e
C/60303/2523610134/1775581504.csv,b48559eaba884543e6edecb3c541c1e0f44b298c8d7d33422d49a7bd89169277
C/60303/2523610432/1775581503.csv,8ddbe92ea94f480296abc51e2f9a937471bf321ae394efb4afc517ed69b28eb8
C/60303/2524610033/1775581505.csv,d48b7df5514c3f601964e4a40941b8cf16ca96bb2d545442a8745ddb43ace444
C/60303/2524610041/1775581504.csv,c86fe419376be218c33076f8ba1f16bddc70785225a003c1cebfcc4ffe8f910e
C/60303/2524610049/1775581504.csv,ac018927a73cde0cb7d021d68645292e98f5a69587cac886ac96ad4e98af4efa
C/60303/2524610074/1775581503.csv,6a109d1a2f553adab9e45fc7ca1e1263fdc7c05ca0ec44c12d12acdf987b0f7e
C/60303/2524610082/1775581504.csv,8ffaa98b98361b6fd77f553e9a26e491cdadaff52dcb8c4fbbb8cf73f8e75a9b
C/60303/2546610759/1775581504.csv,03cc9b6ecb53e97af0778883deff2250c43ec8c502aaefb5e6d497fda85bac26
C/60303/2548610286/1775581504.csv,866f6831ef2f4617c43cec559268e4347d4798dcf34c3b9f7bddd89a356473c4
C/60304/2521610325/1775581521.csv,5732757ce99ba09da84ce8d98209c22162e3617d911e656d6f634a63f0bb133e
C/60304/2523610003/1775581521.csv,c96642f1904e784e8bda9a414fc01ba32ee452556f447d55496917b0f8cb41bc
C/60304/2523610041/1775581519.csv,84dd5ba137dfa0e5fb33e97c8deb6b3e4887cd227acc90e35a6955cd6d028a19
C/60304/2523610041/1775581523.csv,8a40e13b75e820136e65eb9d6378d86e4554772ebd1be6d898a6443d9e22796d
C/60304/2523610075/1775581522.csv,7181e517f43ed9b38eb3c86faabc7456f4a51316453af2f598e9884840689f68
C/60304/2523610126/1775581523.csv,e3011efae8bf20bc4f022ec07fe1c08771338df905e4708fdcf053e4db541e1b
C/60304/2523610134/1775581522.csv,d5a3f02606c7772406ecae52df22331f4487b479d98d294e0a50f34b066cc77e
C/60304/2523610160/1775581519.csv,a3c7fc64bfe0ce98514d99153d3daeb15262180e7eb40fd582e77e6f85decb17
C/60304/2523610432/1775581521.csv,5f1f27d7174450a7db69fc0441347d492f32d8f0a5de968b7d08e69ecb3af570
C/60304/2524610033/1775581523.csv,0aa967686d964d74d5c22dfaaa224ac1446fef60e514e69c073881ab5632f3f9
C/60304/2524610041/1775581522.csv,eec302e563050a3387097f94f1ac70062eac5360c36e329e6f7b28767e8ed455
C/60304/2524610049/1775581522.csv,a3495349c2a9f328a3b16f428f56b08663181b1bb5c65c3c52cbed9bd7140006
C/60304/2524610074/1775581521.csv,1d3477bf4b429511476b8601da074d7a79dd448532b108423ff87958d451abd4
C/60304/2524610082/1775581522.csv,7c403f20ffb3cdd92a2339741ef888a29c170171eb3b35c6aeaf0ae7fe14f2ac
C/60304/2546610759/1775581522.csv,b4ac1fae6ab5360e407c05432b7f892928bd48889fd4696c2145dc705d0569aa
C/60304/2548610286/1775581522.csv,48a6556daa51608af80e330572c295c0c321fe5dd5ab7c8a459108ca79f4adbe
C/60305/2521610325/1775581539.csv,a40299d4a87d157c965a3a381b8309d56bcd327b1dd9909e99787255432edda5
C/60305/2523610003/1775581539.csv,c57f407c4db564c70e09bd7adf09771f08d5f473d40f5ab89e14e85fedd08a80
C/60305/2523610041/1775581541.csv,34b563cc177be0d6c526b0840eec7a155a68c627d82e439459f0aad5599b0de8
C/60305/2523610075/1775581540.csv,b549dd7c52d1f8339265a347357a3a87077743bf0c20db3d617fe7898f9aa857
C/60305/2523610126/1775581541.csv,2e6f444a40c0f16d99799c1d013ca6ed36016f59b66695492023260dac6858ca
C/60305/2523610134/1775581540.csv,8a779b47a39beb7183a985aa510cc02735edfe1bd6812b9c88bd9c8515f93703
C/60305/2523610160/1775581537.csv,db39b42719761f096455f772fb057b4d188c67e652dd7e93c7ffac6671bb0c0a
C/60305/2523610432/1775581539.csv,d73e194c2c52e2402c43c6f4411224d98cd9550281ca13be3a35814d2be6f8de
C/60305/2524610033/1775581541.csv,edd342fa55a804e51d3662ea6881140641424b726b5752824eaa72fc54cf40e4
C/60305/2524610041/1775581540.csv,88ae1c17487846d8ccf2813e9a2e980093c02f5066eae57e48e07bfd89481944
C/60305/2524610049/1775581541.csv,f38bf818f98dd376d4187933967e0137c4ab804a64e5cb26620cf5408dadb454
C/60305/2524610074/1775581539.csv,8da509ece1f93142678c49b935f0a263139714d2fb17968031ac5df61280a174
C/60305/2524610082/1775581540.csv,55b9d83e4a9f7dc950c330b12d447763d6d296f296f0691a6ac6c35af7afe642
C/60305/2546610759/1775581540.csv,1605106d114ad3181af724595b905b6ee04afc6f8e0a12c8eaa2e08cd0f7c6f8
C/60305/2548610286/1775581540.csv,42a9c50f8ed601ed41fea39159780cd57b72648018687758907dfeb746e75064
C/60401/2521610325/1775581557.csv,c66410b7cd272733e22550da9f6da845ef875b3bc55b965c44b7a5520994b0c9
C/60401/2523610003/1775581557.csv,d7f63b6f4f3927f8c540ed730ad9f069c6102844cc5bcaaa21c7127cce8da283
C/60401/2523610041/1775581559.csv,1515f2b11ec73d088ce1f28698673cbe7e0ea9962d6b3ddc2fff9e6982942203
C/60401/2523610075/1775581558.csv,af4c2cd04544cd4682810eeac2139c2e39c8af0beeb8920677307bb698e9a344
C/60401/2523610126/1775581559.csv,6faad6ba5fab737cd0bf14c0bafd459431f2463296e41ea31a2fd8b6ea2f8e46
C/60401/2523610134/1775581558.csv,494c5975883ff8981ed6aee3c77d9e05c5767d39f0f14b606d168c2e3002b494
C/60401/2523610160/1775581557.csv,f2d93b26219895e4086d9ed386014a2e86f7232381337449dda0b799e971a935
C/60401/2523610432/1775581557.csv,65cf5d37ddee0141d2f686f69618394c891b37e31f1137f5e640704fcae92e7d
C/60401/2524610033/1775581559.csv,239800fd5925cd8464a7b6f34470c2cb74577ba57ae8d209081de889c046c63e
C/60401/2524610041/1775581558.csv,3d8d8425c0bb5f763bef1e2337310e47333690fd9d654bc22498bb478a6c1ba1
C/60401/2524610049/1775581559.csv,9cb47c058fc96267b0f31c6ec72dd7d7513ea26a12c93bdb7f9228e68649ffda
C/60401/2524610074/1775581557.csv,be20823d4a73c0d20eb4a93ceec7076d002d9a42a02a1e37ed380ac5fee6cad4
C/60401/2524610082/1775581558.csv,153ff12df84e3e7ae66d4547d2be294fc4141319cb9b477d1ba95ac9e89eec9a
C/60401/2546610759/1775581558.csv,3187e49d7b5daea586a99d46de6acf73c8702ce372a86978067aef59f126eaaf
C/60401/2548610286/1775581558.csv,74c99bb520a2b4fecd39cd989e7a0896a984287bdd42528a8b83b2df199f3526
C/60402/2521610325/1775581575.csv,abcf4eb312a673edc06bcc5bc46ccb01b8b8c6f26a4c4d6e55a797eb44cf69eb
C/60402/2523610003/1775581575.csv,25a34ec7d5dfd99f0d36a154c14220f15ed5ed95b6d1286ff4e21f9b2f19fdaf
C/60402/2523610041/1775581578.csv,7b088c4e42b9f084b6460df20ba33a42e41a48bb76dd8e991f05b03132c52271
C/60402/2523610075/1775581575.csv,ec983322033583f88780a192684f02f91708e56dcc7210831bfb9f637b393e29
C/60402/2523610126/1775581575.csv,f32a1c4978a4ee910f8a100225617e80e345c3386ca14b322ea99e69cb0b4658
C/60402/2523610134/1775581576.csv,cd6161160f44236c00c1e5cad964e86654c4e8a2be41bebdb609cf4401d9109d
C/60402/2523610160/1775581575.csv,6e230a6c76f836fcb28378bd4d8c27b85fe7f2abc0a1b73879a9f90a83194476
C/60402/2523610432/1775581576.csv,62a3a216132c5fbf7870b13d33b2aee184a7b6f2312b87bfcfd782ce6f82fb66
C/60402/2524610033/1775581575.csv,0cc069c190ea215a264ef09bda3f0bd275eebc80fc9b43b1c37e0468393a27ef
C/60402/2524610041/1775581576.csv,960d19655f6a164cf4c8aaafee91e03026db3fc31d292d3752a6f957ab0ebd76
C/60402/2524610049/1775581579.csv,a0ace445a5cdcc889bae8a22cf1b6ebec117a9d90f453a53cb802a1b8182e189
C/60402/2524610074/1775581575.csv,8bb7d016d35002848e39839f239ce1c969f6e55407e8222ede6a2607af71f6bc
C/60402/2524610082/1775581576.csv,4b037f253a7eb284b80b34bb39532d22cd6617d4b012217c6294badc15dd7c2c
C/60402/2546610759/1775581576.csv,9d5847e0c94d5ebe341ca9bf22b7f10ceaf3797ef6f89d55002e354ddff068e2
C/60402/2548610286/1775581575.csv,876077e6998fcad9f26eac9fe5972a64b764d16eb5e324434d0e8f4e188531d6
C/60403/2521610325/1775581593.csv,fd77134b0b1542ffd1914e115bf21744d105f4b6b5af4af2b54331b6cc5d2f80
C/60403/2523610003/1775581593.csv,fc4da4600b3320d31cdcaa9b4c8f739a236e711d44d3ac13e5aedc10656fa5f6
C/60403/2523610041/1775581596.csv,b7c0dbfb08f66ac7b1ee4f3bf857739badafc5f721de7ba59fd15cfb76eab3c9
C/60403/2523610075/1775581593.csv,82306e63374425d742e190dca5df24a47b55b608fdb57a8c4ab72cd859785d50
C/60403/2523610126/1775581593.csv,c7d67aa395a92c1bbb000fe656eea6cfd5dd55f21e164b49c28c62c25a7bb9bf
C/60403/2523610134/1775581594.csv,0b3d873b35ac0eb4f8ebf7de9c5968d4d8f3676afe6260164ea9f378f5bdf845
C/60403/2523610432/1775581594.csv,525c2f777fffc26f5ffca8e7a658a075a44058a98da8f7b2acdd5a3513307709
C/60403/2524610033/1775581593.csv,e072ae95e54bc3bf06dce5c373dad3ff84f4667bb7d20a2dfe2feb4077104c80
C/60403/2524610041/1775581594.csv,ad4bc99dfa2529cf5c24584031dd9b1a183ff1852a49b387948d560a373e8db8
C/60403/2524610049/1775581597.csv,d79a98d51ca106b52c7cf386a8a608f7c455cb4f56545d8f5e781d21298fc810
C/60403/2524610074/1775581593.csv,7fa94e56f49d00ab3961295102a42a576acb69f09cac17724ae190c4b484b5b5
C/60403/2524610082/1775581594.csv,49a2484c33dc132d258cb221f9c5d6286fa6048102fcbea85290865248e1b853
C/60403/2546610759/1775581594.csv,e9e8947470d0d3fb1e0735d4abedff6b465997ae209d27a86a059f3f1c47fb69
C/60403/2548610286/1775581593.csv,3a23c985e2f719fe4c00f11e9a2df2d448ef7c826c350723f1a3a19d0e0dbc9c
C/60404/2521610325/1775581612.csv,b76d94d1f6da7eadeaec65148c5f11987a93c1bdd5184a0b9a3394fef5adc391
C/60404/2523610003/1775581612.csv,6de8af68404ae3a85a5a9dfb44c70cc31bb663d0046c033b98a726d4ef2dbc8d
C/60404/2523610075/1775581611.csv,4bc438bbdd2a8dd582c70ee3095059b99fffb3281c9fc979e4390f2eb0ab59dc
C/60404/2523610126/1775581611.csv,65866ac9e8bb62be8627cccf7990b7c2219e87f9c8063a834901fb1cf3979a7e
C/60404/2523610134/1775581612.csv,e0bda5062bced86271852edb62c488ee187d61ce761096cba1fddf9fb3c50442
C/60404/2523610432/1775581612.csv,2258a5795565980e676272c66f9243e4f9338671b621fb345af6592e6b18a4b3
C/60404/2524610033/1775581611.csv,8213133272fc61ffa2743c6dccf0112e6f4f0f91c2f0662ff96192981c95ffdd
C/60404/2524610041/1775581612.csv,1af1534552d3a7eef360aabc7b0c6c174520e6659ffb7a6f6c4428e9350eed15
C/60404/2524610074/1775581611.csv,f4f8a0be1a57345e602fb03fa2eceea7f12d18b10ae8503b5322796bd61aa1f9
C/60404/2524610082/1775581612.csv,83af7ebdc8607b687127faa50a57ca783c5f2b8edc8073c91bc427cd65b79e79
C/60404/2546610759/1775581612.csv,7c349ad528b0e3d69424b2edb225f2f6c8d15151a91138206e063b00b2e6ea70
C/60404/2548610286/1775581611.csv,d7c0be4fae5f1a631f24dc2613222fcc7c09433c5d2a17c2f0630a491254fa0d
C/60405/2521610325/1775581630.csv,50e500300bf8f2a7ef7553749c1afa2966851014db066149112f5c3b1fa153eb
C/60405/2523610003/1775581630.csv,a8e9475ef874596b95e93eb576e79294f4247a738477750d97beaadd2397a7ec
C/60405/2523610075/1775581629.csv,fd083c58d71a635574d6a018a82ac03d75fa241107a4743fde9077424416c015
C/60405/2523610126/1775581629.csv,4a548e4a7d0b7c0f29b1bc154e07cd1e2c9784791710b936336a2610facb27dd
C/60405/2523610134/1775581630.csv,129cc13293e7c4e98e9e3de9e64267844cca84ffb3fa73082c18080971949765
C/60405/2523610432/1775581630.csv,f5bd09e84b9b8c65b7003648bb1d60e5bb8b83786f6932d2c8faaf2db4ee647f
C/60405/2524610033/1775581629.csv,a5761ceba1b95b5fb233bbe78be521f073cb67c85b738844d22989cd838ced1f
C/60405/2524610041/1775581630.csv,2152f9ca1557385633acf6992cc23c82d25d6593523eb5e71a2d8fc3f762ce50
C/60405/2524610074/1775581629.csv,ad92216b5f557206488bbdfcde0b20e598b8cf763596eb38326d097bca800c8f
C/60405/2524610082/1775581630.csv,2b364ae2d0c470c50745482c6988de453fb8a032729322d7a69eefe40aebe864
C/60405/2546610759/1775581630.csv,726dc474ab1fe0de730c64248ffbed78b58435546ce1d1320f1922748aef6431
C/60405/2548610286/1775581629.csv,9ece0f6507ef7197d191337a79c7b34208162d9fb63a035103cc3ef01c8a5fb2
C/60501/2521610325/1775581648.csv,e9a944a839d4282a016c136e8dee762fbc989a3d6df428651147c7c6dac50b98
C/60501/2523610003/1775581648.csv,5275165b265551ecf47942853cb7d03df44fdb4ea5e84f5ca74a56d74998bebc
C/60501/2523610075/1775581647.csv,a16832ddb2779de74c73249c7a8f70da1e55ee66c2b92b1b918f713508697adf
C/60501/2523610126/1775581648.csv,0f70d68f81c57b02b392c7d3d3c13495428f219865651d3351170de7e7416643
C/60501/2523610134/1775581648.csv,551790122343010a106ed4db3771f34352013037fe1cb67ace4ef4415b0d42e7
C/60501/2523610432/1775581648.csv,565f276b519fce53dd1c0f662b80eecf4e1fbe40d30c56996ec1ab950f34aa26
C/60501/2524610033/1775581647.csv,0fa8cd759cbcab6e8d057afbef06638a6a2a4fb43dea8a546bca68d3d93bd57f
C/60501/2524610041/1775581648.csv,6c7d8f44cab56d46528273a1480a75ce4220b6812e796ef32529f10693237fc6
C/60501/2524610074/1775581648.csv,aef1267f609e403f188908a3aa537befcb0e987cd1ea9684745e51c674b3afce
C/60501/2524610082/1775581648.csv,a389d4a6e613a4006e3eede61d4e4c344bda22613287637eb8ab4764c77f7f74
C/60501/2546610759/1775581649.csv,e2b86be0380dcda5184ff91cd4ad7e00247112891bdbd4b13e3ee0fe09add9af
C/60501/2548610286/1775581647.csv,e6dada5d7ca54a0dc2f0e339a26ac629909a36d670fd5fe534e1419992033eb7
C/60502/2521610325/1775581666.csv,8188026b974c0086391eaba12803c39487857c3fab029b0fc0e7c9dc4ac8795b
C/60502/2523610003/1775581666.csv,60998d73acfbb044411f744140bdcd8b0225511e8ece4d7d6fc3bde525f301d4
C/60502/2523610041/1775581668.csv,a97c3d1aa16bbbf914d8d8da19ff8b9200226f75bb3c536758b78576305052d4
C/60502/2523610075/1775581665.csv,7b4a0b2028527560185d5d26995831be33fa207a524ff473169a944f0ac540b1
C/60502/2523610126/1775581666.csv,54773a33726feb41421d800c56d0ccc383b483c223d9602a03a024170d2bf482
C/60502/2523610134/1775581666.csv,855a013424bb40d7987d4d99baa14c416d622c4ef194f07a1a33a359293a920a
C/60502/2523610160/1775581664.csv,75396e7265cadbf1b7f01bd80b89ea9fa24d7507e76a9958e18326e200ce4b56
C/60502/2523610432/1775581665.csv,0eb665dcfdf1679e0717a0725f8909de280db14c7921379b60f4a700918ba68a
C/60502/2524610033/1775581665.csv,e1445da2934934fcfd5e74dd9741a721cf57d6a1b230413d6bf88eb98d13d05c
C/60502/2524610041/1775581666.csv,5f5c6987d30cbce81f034fd4aa22fe563c0e9befcc6cd0ff2dd0af3224e7a286
C/60502/2524610049/1775581668.csv,2d4c40dff7b1cfb3c879964e6676b8c960be5475e7a1bb232985d244a2cbaacc
C/60502/2524610074/1775581665.csv,0da02058601938a0ba563741bcb92c7feecce04af8169580131de2e4cd5e0f9b
C/60502/2524610082/1775581666.csv,6d45114317ef2db880dc4708aa6a1fc1fed4271deaf2f16f374ea5686af18f70
C/60502/2546610759/1775581666.csv,3192d503a53ec15a7995ef0b0ff3d8c89ca1d9da170d5fd1788c9b116d29fc37
C/60502/2548610286/1775581665.csv,a92f8a65dc99dc40fd1457f4d9e8e1a8cae1c5a20e568ff2c40f0193b89a9079
C/60503/2521610325/1775581684.csv,346b711e3a203784eb6264124d3f69c6a41fe1c177512069d5ea33b935789d4e
C/60503/2523610003/1775581684.csv,1bd7594e19c10c6c9b0e974088eaed3bd603df541c579da8b5665bed779635bd
C/60503/2523610041/1775581686.csv,5c167735624986a0e43354605555b502d99cd926af6297804c6701a149e20228
C/60503/2523610075/1775581683.csv,1831192acd9ecf852d33905203e7f7c4142fc1dd55ca8f3818f1476f1495bbb8
C/60503/2523610126/1775581684.csv,b4f13aaf395b8fdead14ee9217f6d871444c359f7751d42d774767e2d2521cd5
C/60503/2523610134/1775581684.csv,244dfad8b340c887884d9dcf02fdb1510c647045fc692463172daa84e832bfc1
C/60503/2523610432/1775581684.csv,5e6c898873c2d03ebad59e216a619e0ce7a3354d0026db2534f009f2b05d0c0a
C/60503/2524610033/1775581683.csv,ab38b36e5278bcc22b34d1fa1eda3b9f44d602c9f6fc1afc43eaf56231d6ce2c
C/60503/2524610041/1775581684.csv,dfd54f4030c6ad35f22046547e9a10c14bf0cce8b46db8f1f7856c7d8f5fa55f
C/60503/2524610049/1775581686.csv,e2e5bb711fccd04ea4adb4920ea80c0ca735681ea37a01e1161dcc1e2ad0c56d
C/60503/2524610074/1775581684.csv,0305203f8d0dd9fb16c7b1ef5aeaa10575198a9abd7fdd5d90b92e9762a8dd5e
C/60503/2524610082/1775581684.csv,00980888a061da7726bc4142ef5a4d16d9ac9273823b4e9a727430a4e08ae398
C/60503/2546610759/1775581685.csv,3572175484b3cfb6cd5fcf0b441bb592b47d62a7a1337916bfcb3a7f0ede5325
C/60503/2548610286/1775581683.csv,8e8fc72e2f114faacb8365e6d084dcfa31e73f6c5b997cd75046b060a54bcc0d
C/60504/2521610325/1775581702.csv,bb9131993c8cceb4a4470a34f79824289d286b5ebb6d50ede076ef0decdafdea
C/60504/2523610003/1775581702.csv,5f230b02dc11972bc24dbd419d187aee003487f07566a769972b8ac07b576c32
C/60504/2523610075/1775581701.csv,5a0a45c7fdd764fd2d6826d1209a57237040cc032e00b5c1ad15840dd1142593
C/60504/2523610126/1775581702.csv,289223409817223d4ddd1e8a68c36b87cd69899418fd4d1d94354c8edda146a4
C/60504/2523610134/1775581702.csv,35dc880de116de412923e3d0f859a664421f9bec9b75b80ba17b33e1def5d879
C/60504/2523610432/1775581702.csv,880f452190fe661654c6ccb779a2ab78cb2836960254b58994315399e502d3e7
C/60504/2524610033/1775581701.csv,e6d77ab1dd440c52ba68663839bd8286eed6ebc9b7ef29dd3e3ddb7caa381d10
C/60504/2524610041/1775581702.csv,f9e81d7dc1de8d9e1ee57e72d68940e874d6af01bc95ccf7a4e4deda1a0133dd
C/60504/2524610074/1775581702.csv,7936b451c1151b0d14ceea45bedd245d2accc115b5eb2e2a272a6495b53e702e
C/60504/2524610082/1775581702.csv,2f4479d70e3ea4e82aa283db5b3499ab8b3499d89ae10bd19b9b4f1842d4d246
C/60504/2546610759/1775581701.csv,ba6d4d3d1f359aa226f084a270097458971393e13c8d2adc64bc7bc07a0e3ef8
C/60504/2548610286/1775581701.csv,ac25e8f7757daa918ed2e898a7aa2b8432220ab464295bf2db3642507cb71dfa
C/60505/2521610325/1775581720.csv,7724c6c9568cd8dd29a66f7fef1750f81c8dce1421b9e667ca41ade2fba1d14b
C/60505/2523610003/1775581720.csv,76c778d11a56a0d5d6d4b9ca6a444fb8bdeb1cd635182230af3f3734a165c4e6
C/60505/2523610075/1775581719.csv,eece528b8b7c8cd97237ac08bccf382bd0fe7fdb8b412c1120a36dbc1bddc8ae
C/60505/2523610126/1775581720.csv,a3c5d443e812f0a8c3bf012eac1c4d182489a5c8ee6210c39b3f4d28b5fe62cb
C/60505/2523610134/1775581720.csv,f66440494f09e112c6a5e7a882afb2956460dcae5d196bc2f8f077179d63c52a
C/60505/2523610432/1775581720.csv,486f68fbec83b337ff2f99cfa4cff225d514b59c424fecf6fb306f72ee6f2149
C/60505/2524610033/1775581719.csv,857fbc808e9b13c1b2b05847427f1c494fa6543723836d7c8c8d0dd85c1d426c
C/60505/2524610041/1775581720.csv,f5bd3eca4ceadd7a00eafa06a86add9f2a0b3b6418c817699c907a63f2129ebe
C/60505/2524610074/1775581720.csv,6d360b1526edaa7e909078aacc64365f5eed2f9040e30065059e172723a6305a
C/60505/2524610082/1775581720.csv,98b1e3bc14092cac546e5c69a3750f8f168245871466103770c49e00861fc97e
C/60505/2546610759/1775581719.csv,72a733b4d4fd72f9204223437d0121a092af1942ac08ab01108de70046303788
C/60505/2548610286/1775581719.csv,a4630c67437aa5eb9eab59ce8adf32baf004ea2f4718b59c3217de9125e5efa6
C/60601/2521610325/1775581738.csv,694051509b0bc1b4544609bea5cb6d3df2376fc503da2a5076f551eb679f771c
C/60601/2523610003/1775581738.csv,e80c2b76e91b1b7bc3cf94939554edb410d70405205cf62d939d8574042652a4
C/60601/2523610075/1775581738.csv,d5f951add846c68944a1df0e9f74e32e5c83f77208ac7b8a501d356143ec37d2
C/60601/2523610126/1775581738.csv,81929d5cfa27390e3bd27410f068f4deefe407c6cb6f56424129efeb59ac177a
C/60601/2523610134/1775581738.csv,cc8b7ba9f1367e1a7754ac1abf6465a9f131ca69db97d730cff2744dc181029a
C/60601/2523610432/1775581738.csv,4f5289e6897a53db4b678f3a66c51b1b35f3f37f8704fd3a03d19be9c1958cfd
C/60601/2524610033/1775581737.csv,03f3107a79bc87944f670d5783aca95ab183115dadc14d50e1ffce54f6c12aea
C/60601/2524610041/1775581738.csv,cb49e8c9bf5f22c9129daa7beab7fca54b562413edb2261191080470921da778
C/60601/2524610074/1775581738.csv,e4bd9e4d200e47ee490fc96b813be65718e5a7a9b56a5a465b60138c6cd18d8a
C/60601/2524610082/1775581738.csv,240bc155e54c0fc2fe10cd521827e2477525b602f73be9081104b77dbdc80940
C/60601/2546610759/1775581737.csv,9b965bb08a4f15656d8723047fe732f2eccd51fca04f38be3b3eaa9ffb2256ee
C/60601/2548610286/1775581737.csv,ac492d71e1d3302c07e25936c92e4476973b1eb5d62569d5231033d121862b7a
C/60602/2521610325/1775581756.csv,e39c617881f787d23110d5fbb97265c0b80667f0c1960af4f45080b61bfa497c
C/60602/2523610003/1775581756.csv,3c895c2d672479657185fb9ceb2fb012f4bc844fd46458b4d99daa31ea2fed12
C/60602/2523610041/1775581754.csv,28446b31c78a220bacfe8835ce974ea9e210eff0550751327abd9118a48f268d
C/60602/2523610075/1775581756.csv,80268ea4969a7fc5eb6a5d2b7bdc9105fc093218b98ce8f53b2d14db6dc8fc3e
C/60602/2523610126/1775581756.csv,e6ffe20f7ac82ddfed1fb68dd8c18f5c7e172d12079aad065a89e4dd4512f451
C/60602/2523610134/1775581756.csv,4c3c05f2adcc633c08beff284a431d668fb231c18645ab342c62e533d17558b1
C/60602/2523610432/1775581756.csv,15952c03340bf5b6a4809e1e4eaec99dd46f6931eeefea3e27750ebcb3b337c9
C/60602/2524610033/1775581755.csv,b7627165ad878e1229307a152fc1064dcd0a7885bb407be06972e8a3e2b00faa
C/60602/2524610041/1775581756.csv,da73336e970ae0a28651746dd9c4b70937524452b81464288c03ca0077533348
C/60602/2524610074/1775581756.csv,0ac4112b17a86082e3a2b74acfa5606927c9b83025a40f22e08d96fc5d63a446
C/60602/2524610082/1775581756.csv,02bb73a367da2dcea3ee20ba32721be074804f2e45cd44ec75d92ed00c2e8774
C/60602/2546610759/1775581755.csv,4491f7f3c25bdfd5ba2f6f27e2c3e883d0f91bc69aac9bba56647388772a2fbc
C/60602/2548610286/1775581755.csv,20cea787fb2ef21838bac720ea2a19c89c30651747cd0d9c32c4d7ec7b53067b
C/60603/2521610325/1775581774.csv,b4dbd59e67490d2797573b5f891d0fbfb8748397bd97b63b6f4ddc25e94704c6
C/60603/2523610003/1775581774.csv,0b0f7076ea0f036f2e8a5910f3c5c4660cc60a1789b3318847905073fa16a277
C/60603/2523610041/1775581776.csv,b36e98d4441165618e718c366a601efc69c2dac4e710ce4f482125a2f02eff6f
C/60603/2523610075/1775581774.csv,cd08fe741e40316d825afc06073378e82d395f1dd799c73af1a7409ddf255935
C/60603/2523610126/1775581774.csv,eb80b974b06f377b46229d8b13c0ec710f1c9cab410cc445634abf2b74a283f0
C/60603/2523610134/1775581774.csv,27a992fc6fd04589d34773a84099d083ba009ce3e6dd10f606a70320cb26d6d9
C/60603/2523610160/1775581776.csv,53d379a42b7b4a46a221cde1512d7d29ebda3cef5ac21e3d87a5b198f57b3984
C/60603/2523610432/1775581774.csv,97c550b6765505eb8effff437f0b33d46936c1fe97ea85c3f1ffbc6db0a95839
C/60603/2524610033/1775581773.csv,7f0264d101c33bb985a112ca59a2275f8f708c7581f61b7384fc3edb48ce5f19
C/60603/2524610041/1775581774.csv,379379422d25e1ea5b5e2c1cf72016369fae86e1e3ba23a701210de9e54c16f1
C/60603/2524610074/1775581774.csv,ee96c937b292c78c8a072f4d190ccf2c65f1925e19052bf0d4e75422f564764d
C/60603/2524610082/1775581774.csv,26642f8022e93365451c4c3fc33346ded9062d53633c179c982d73ae2a61f8dc
C/60603/2546610759/1775581774.csv,4b636e348340c6baed076e988aef659cf0972d16c367162b61b532e0322f2e34
C/60603/2548610286/1775581773.csv,9fc464da1414aec1d84abcb1f30a12e3c2994d3636482e0fe77ec77bed8ff4cc
C/60604/2521610325/1775581792.csv,6e227f56400d93ef4a4a99602265ea542bd204de7cc5ee94743c19b44a9cb578
C/60604/2523610003/1775581792.csv,00405c4db027a8a6686eb3695185bb36e4ac922e410fab308bce7af5a8f60071
C/60604/2523610041/1775581794.csv,e9914040f9c121d111eefeebda6610ea246af8120fbf12971e9caa82305e75b6
C/60604/2523610075/1775581792.csv,1dcdcb15ae535473941bf4135d632620a01f293735448bfe3a350f43791dc881
C/60604/2523610126/1775581792.csv,3a02306e4632b8368071b4946c10977158626d1886585bd28191cb1d68d37511
C/60604/2523610134/1775581792.csv,d5ef5daa9248d2784502cbb4e784cf9a225865c3c64ec89d568c2f02a1046248
C/60604/2523610160/1775581794.csv,e5a4570461c4d3a82551e0a1d89c9ef61fe80ae2ebd90da8d2446109a70b3754
C/60604/2523610432/1775581792.csv,76d95f26bcabcb44e0edaa20f3f2ed8cf8faba524b3886cf849008cf959414fb
C/60604/2524610033/1775581791.csv,d07d94bd886118125edd4d14765dc123331e47420bcce00a4e149232af55d569
C/60604/2524610041/1775581792.csv,d2bc125363effdfd1668284c115d1e033ff4a2fdccdecc5389cdf9e47e4c64e2
C/60604/2524610074/1775581792.csv,7d1d60075224b71f764e12c089cb6a7c05f54f512158aa760764b4eb12591c4e
C/60604/2524610082/1775581792.csv,3fe439dc649630a005553d8213a7166623c397dc0d961d47f1291e96e7af6d65
C/60604/2546610759/1775581792.csv,c4e22b0ace555f46a2bb9dab8d25236f7d77467075c8a64d63b4625b1d8afc04
C/60604/2548610286/1775581791.csv,92bfb871f9ecdf12af688579b28c73c0da900b70eb914ce7a213bb46a2169633
C/60605/2521610325/1775581810.csv,4580428f28b70b1058cec6d02b893e488efecd51643bf49e97a325954e4bf88f
C/60605/2523610003/1775581810.csv,7f2035ede1f1ab7372fbdcdf11ebcef23d8189ef4bb6005f00f31dad8463900e
C/60605/2523610075/1775581810.csv,5d104e69740158efb32e9a1700a69dd6f460b92b696b9048c1c2cc73c7dd0db1
C/60605/2523610126/1775581810.csv,df903f488e5f1e29a75ec9e80ecc3ca8b657a53c7d5e8670ccf742ed73c7b029
C/60605/2523610134/1775581810.csv,895f4ddf5fc47a768446e9a0b260fb939c9fb285ecad2b6d02e2b6518341aab3
C/60605/2523610432/1775581810.csv,b8261a3d200bf1184e503da9aa352060c6d8ac0cc14e540b10cd41b4aa880ca4
C/60605/2524610033/1775581809.csv,f668d790240116904a5bad22532aa6c1119cd033851bfa3320e67993353c63bb
C/60605/2524610041/1775581810.csv,dc6f52c4498f47a7afad6777c8fbf203760804ed4acaffbba133ea06a123dc20
C/60605/2524610074/1775581810.csv,6ab46b826481e37576203cc4e58befd3d4da79d794674dd3f3d6c698f2faf1c1
C/60605/2524610082/1775581810.csv,caeb7c214d8b5ee94ed12abbdd29144b529537712d9b0515045d9ad84be572b0
C/60605/2546610759/1775581810.csv,197e9db8ef806f641f42f9a82f4a16e210202902dd0fbf0d159f92d9f9ab2101
C/60605/2548610286/1775581809.csv,9af4055d1d1be51ea1b510d195062fc764dc74bd52aa13a3006605f9582b0c5d
Test.csv,84bc73438184f6950cf4accbc6b476f1cf9502d8bfa80c3ee2756434dc322a53
