path,board,replicate,label,random,by_replicate,by_board,by_excitation,combined
A/10001/2521610325/1775576858.csv,2521610325,1,30NM,train,train,train,train,train
A/10001/2523610003/1775576859.csv,2523610003,1,30NM,train,train,test,train,train
A/10001/2523610041/1775576859.csv,2523610041,1,30NM,test,train,train,train,train
A/10001/2523610075/1775576859.csv,2523610075,1,30NM,train,train,train,train,train
A/10001/2523610126/1775576858.csv,2523610126,1,30NM,train,train,train,train,train
A/10001/2523610134/1775576859.csv,2523610134,1,30NM,test,train,train,train,train
A/10001/2523610432/1775576858.csv,2523610432,1,30NM,train,train,train,train,train
A/10001/2524610033/1775576859.csv,2524610033,1,30NM,train,train,train,train,train
A/10001/2524610041/1775576859.csv,2524610041,1,30NM,train,train,train,train,train
A/10001/2524610049/1775576857.csv,2524610049,1,30NM,train,train,train,train,train
A/10001/2524610074/1775576859.csv,2524610074,1,30NM,train,train,test,train,train
A/10001/2524610082/1775576858.csv,2524610082,1,30NM,test,train,train,train,train
A/10001/2546610759/1775576858.csv,2546610759,1,30NM,train,train,train,train,train
A/10001/2548610286/1775576858.csv,2548610286,1,30NM,test,train,train,train,train
A/10002/2521610325/1775576876.csv,2521610325,2,30NM,train,train,train,train,train
A/10002/2523610003/1775576877.csv,2523610003,2,30NM,train,train,test,train,train
A/10002/2523610041/1775576877.csv,2523610041,2,30NM,train,train,train,train,train
A/10002/2523610075/1775576877.csv,2523610075,2,30NM,train,train,train,train,train
A/10002/2523610126/1775576876.csv,2523610126,2,30NM,test,train,train,train,train
A/10002/2523610134/1775576877.csv,2523610134,2,30NM,train,train,train,train,train
A/10002/2523610160/1775576877.csv,2523610160,2,30NM,train,train,train,train,train
A/10002/2523610432/1775576876.csv,2523610432,2,30NM,train,train,train,train,train
A/10002/2524610033/1775576877.csv,2524610033,2,30NM,test,train,train,train,train
A/10002/2524610041/1775576876.csv,2524610041,2,30NM,test,train,train,train,train
A/10002/2524610049/1775576875.csv,2524610049,2,30NM,train,train,train,train,train
A/10002/2524610074/1775576877.csv,2524610074,2,30NM,train,train,test,train,train
A/10002/2524610082/1775576876.csv,2524610082,2,30NM,train,train,train,train,train
A/10002/2546610759/1775576876.csv,2546610759,2,30NM,train,train,train,train,train
A/10002/2548610286/1775576876.csv,2548610286,2,30NM,train,train,train,train,train
A/10003/2521610325/1775576894.csv,2521610325,3,30NM,train,train,train,train,train
A/10003/2523610003/1775576895.csv,2523610003,3,30NM,train,train,test,train,train
A/10003/2523610041/1775576895.csv,2523610041,3,30NM,test,train,train,train,train
A/10003/2523610075/1775576895.csv,2523610075,3,30NM,train,train,train,train,train
A/10003/2523610126/1775576894.csv,2523610126,3,30NM,train,train,train,train,train
A/10003/2523610134/1775576894.csv,2523610134,3,30NM,train,train,train,train,train
A/10003/2523610160/1775576894.csv,2523610160,3,30NM,train,train,train,train,train
A/10003/2523610432/1775576894.csv,2523610432,3,30NM,train,train,train,train,train
A/10003/2524610033/1775576895.csv,2524610033,3,30NM,train,train,train,train,train
A/10003/2524610041/1775576895.csv,2524610041,3,30NM,train,train,train,train,train
A/10003/2524610049/1775576895.csv,2524610049,3,30NM,train,train,train,train,train
A/10003/2524610074/1775576895.csv,2524610074,3,30NM,train,train,test,train,train
A/10003/2524610082/1775576894.csv,2524610082,3,30NM,test,train,train,train,train
A/10003/2546610759/1775576894.csv,2546610759,3,30NM,train,train,train,train,train
A/10003/2548610286/1775576894.csv,2548610286,3,30NM,train,train,train,train,train
A/10004/2521610325/1775576912.csv,2521610325,4,30NM,test,test,train,train,train
A/10004/2523610003/1775576913.csv,2523610003,4,30NM,test,test,test,train,test
A/10004/2523610041/1775576913.csv,2523610041,4,30NM,train,test,train,train,train
A/10004/2523610075/1775576913.csv,2523610075,4,30NM,train,test,train,train,train
A/10004/2523610126/1775576912.csv,2523610126,4,30NM,train,test,train,train,train
A/10004/2523610134/1775576912.csv,2523610134,4,30NM,train,test,train,train,train
A/10004/2523610160/1775576912.csv,2523610160,4,30NM,train,test,train,train,train
A/10004/2523610432/1775576912.csv,2523610432,4,30NM,train,test,train,train,train
A/10004/2524610033/1775576913.csv,2524610033,4,30NM,train,test,train,train,train
A/10004/2524610041/1775576913.csv,2524610041,4,30NM,train,test,train,train,train
A/10004/2524610049/1775576913.csv,2524610049,4,30NM,train,test,train,train,train
A/10004/2524610074/1775576913.csv,2524610074,4,30NM,train,test,test,train,test
A/10004/2524610082/1775576912.csv,2524610082,4,30NM,train,test,train,train,train
A/10004/2546610759/1775576912.csv,2546610759,4,30NM,train,test,train,train,train
A/10004/2548610286/1775576912.csv,2548610286,4,30NM,train,test,train,train,train
A/10005/2521610325/1775576930.csv,2521610325,5,30NM,train,test,train,train,train
A/10005/2523610003/1775576931.csv,2523610003,5,30NM,train,test,test,train,test
A/10005/2523610041/1775576931.csv,2523610041,5,30NM,train,test,train,train,train
A/10005/2523610075/1775576931.csv,2523610075,5,30NM,train,test,train,train,train
A/10005/2523610126/1775576930.csv,2523610126,5,30NM,train,test,train,train,train
A/10005/2523610134/1775576930.csv,2523610134,5,30NM,train,test,train,train,train
A/10005/2523610432/1775576930.csv,2523610432,5,30NM,train,test,train,train,train
A/10005/2524610033/1775576931.csv,2524610033,5,30NM,train,test,train,train,train
A/10005/2524610041/1775576931.csv,2524610041,5,30NM,train,test,train,train,train
A/10005/2524610049/1775576931.csv,2524610049,5,30NM,train,test,train,train,train
A/10005/2524610074/1775576931.csv,2524610074,5,30NM,train,test,test,train,test
A/10005/2524610082/1775576930.csv,2524610082,5,30NM,train,test,train,train,train
A/10005/2546610759/1775576930.csv,2546610759,5,30NM,train,test,train,train,train
A/10005/2548610286/1775576931.csv,2548610286,5,30NM,test,test,train,train,train
A/101/2521610325/1775563524.csv,2521610325,1,30NM,train,train,train,train,train
A/101/2521610325/1775563534.csv,2521610325,1,30NM,train,train,train,train,train
A/101/2521610325/1775563544.csv,2521610325,1,30NM,train,train,train,train,train
A/101/2521610325/1775563555.csv,2521610325,1,30NM,train,train,train,train,train
A/101/2521610325/1775563565.csv,2521610325,1,30NM,train,train,train,train,train
A/101/2523610003/1775563525.csv,2523610003,1,30NM,train,train,test,train,train
A/101/2523610003/1775563535.csv,2523610003,1,30NM,train,train,test,train,train
A/101/2523610003/1775563546.csv,2523610003,1,30NM,train,train,test,train,train
A/101/2523610003/1775563556.csv,2523610003,1,30NM,train,train,test,train,train
A/101/2523610003/1775563566.csv,2523610003,1,30NM,test,train,test,train,train
A/101/2523610041/1775563525.csv,2523610041,1,30NM,train,train,train,train,train
A/101/2523610041/1775563535.csv,2523610041,1,30NM,train,train,train,train,train
A/101/2523610041/1775563545.csv,2523610041,1,30NM,train,train,train,train,train
A/101/2523610041/1775563556.csv,2523610041,1,30NM,train,train,train,train,train
A/101/2523610041/1775563566.csv,2523610041,1,30NM,train,train,train,train,train
A/101/2523610126/1775563524.csv,2523610126,1,30NM,train,train,train,train,train
A/101/2523610126/1775563535.csv,2523610126,1,30NM,train,train,train,train,train
A/101/2523610126/1775563545.csv,2523610126,1,30NM,train,train,train,train,train
A/101/2523610126/1775563555.csv,2523610126,1,30NM,train,train,train,train,train
A/101/2523610126/1775563566.csv,2523610126,1,30NM,train,train,train,train,train
A/101/2523610134/1775563525.csv,2523610134,1,30NM,train,train,train,train,train
A/101/2523610134/1775563535.csv,2523610134,1,30NM,train,train,train,train,train
A/101/2523610134/1775563545.csv,2523610134,1,30NM,train,train,train,train,train
A/101/2523610134/1775563555.csv,2523610134,1,30NM,train,train,train,train,train
A/101/2523610134/1775563566.csv,2523610134,1,30NM,train,train,train,train,train
A/101/2523610160/1775563524.csv,2523610160,1,30NM,train,train,train,train,train
A/101/2523610160/1775563542.csv,2523610160,1,30NM,test,train,train,train,train
A/101/2523610160/1775563559.csv,2523610160,1,30NM,test,train,train,train,train
A/101/2523610432/1775563524.csv,2523610432,1,30NM,train,train,train,train,train
A/101/2523610432/1775563534.csv,2523610432,1,30NM,train,train,train,train,train
A/101/2523610432/1775563545.csv,2523610432,1,30NM,test,train,train,train,train
A/101/2523610432/1775563555.csv,2523610432,1,30NM,train,train,train,train,train
A/101/2523610432/1775563565.csv,2523610432,1,30NM,train,train,train,train,train
A/101/2524610033/1775563525.csv,2524610033,1,30NM,train,train,train,train,train
A/101/2524610033/1775563535.csv,2524610033,1,30NM,train,train,train,train,train
A/101/2524610033/1775563545.csv,2524610033,1,30NM,train,train,train,train,train
A/101/2524610033/1775563556.csv,2524610033,1,30NM,test,train,train,train,train
A/101/2524610033/1775563566.csv,2524610033,1,30NM,train,train,train,train,train
A/101/2524610041/1775563525.csv,2524610041,1,30NM,train,train,train,train,train
A/101/2524610041/1775563535.csv,2524610041,1,30NM,train,train,train,train,train
A/101/2524610041/1775563545.csv,2524610041,1,30NM,train,train,train,train,train
A/101/2524610041/1775563555.csv,2524610041,1,30NM,train,train,train,train,train
A/101/2524610041/1775563566.csv,2524610041,1,30NM,test,train,train,train,train
A/101/2524610049/1775563525.csv,2524610049,1,30NM,train,train,train,train,train
A/101/2524610049/1775563535.csv,2524610049,1,30NM,train,train,train,train,train
A/101/2524610049/1775563545.csv,2524610049,1,30NM,train,train,train,train,train
A/101/2524610049/1775563556.csv,2524610049,1,30NM,train,train,train,train,train
A/101/2524610049/1775563566.csv,2524610049,1,30NM,train,train,train,train,train
A/101/2524610074/1775563525.csv,2524610074,1,30NM,train,train,test,train,train
A/101/2524610074/1775563535.csv,2524610074,1,30NM,train,train,test,train,train
A/101/2524610074/1775563545.csv,2524610074,1,30NM,train,train,test,train,train
A/101/2524610074/1775563555.csv,2524610074,1,30NM,train,train,test,train,train
A/101/2524610074/1775563565.csv,2524610074,1,30NM,train,train,test,train,train
A/101/2524610082/1775563525.csv,2524610082,1,30NM,train,train,train,train,train
A/101/2524610082/1775563535.csv,2524610082,1,30NM,train,train,train,train,train
A/101/2524610082/1775563545.csv,2524610082,1,30NM,train,train,train,train,train
A/101/2524610082/1775563555.csv,2524610082,1,30NM,train,train,train,train,train
A/101/2524610082/1775563566.csv,2524610082,1,30NM,train,train,train,train,train
A/101/2546610759/1775563525.csv,2546610759,1,30NM,test,train,train,train,train
A/101/2546610759/1775563535.csv,2546610759,1,30NM,train,train,train,train,train
A/101/2546610759/1775563546.csv,2546610759,1,30NM,train,train,train,train,train
A/101/2546610759/1775563558.csv,2546610759,1,30NM,train,train,train,train,train
A/101/2546610759/1775563570.csv,2546610759,1,30NM,train,train,train,train,train
A/10101/2521610325/1775573561.csv,2521610325,1,30NM,test,train,train,test,train
A/10101/2523610003/1775573561.csv,2523610003,1,30NM,train,train,test,test,train
A/10101/2523610041/1775573561.csv,2523610041,1,30NM,train,train,train,test,train
A/10101/2523610075/1775573561.csv,2523610075,1,30NM,train,train,train,test,train
A/10101/2523610126/1775573561.csv,2523610126,1,30NM,train,train,train,test,train
A/10101/2523610134/1775573562.csv,2523610134,1,30NM,train,train,train,test,train
A/10101/2523610432/1775573561.csv,2523610432,1,30NM,test,train,train,test,train
A/10101/2524610033/1775573561.csv,2524610033,1,30NM,train,train,train,test,train
A/10101/2524610041/1775573561.csv,2524610041,1,30NM,train,train,train,test,train
A/10101/2524610049/1775573561.csv,2524610049,1,30NM,train,train,train,test,train
A/10101/2524610074/1775573561.csv,2524610074,1,30NM,train,train,test,test,train
A/10101/2524610082/1775573561.csv,2524610082,1,30NM,train,train,train,test,train
A/10101/2546610759/1775573561.csv,2546610759,1,30NM,train,train,train,test,train
A/10101/2548610286/1775573561.csv,2548610286,1,30NM,train,train,train,test,train
A/10102/2521610325/1775573579.csv,2521610325,2,30NM,test,train,train,test,train
A/10102/2523610003/1775573579.csv,2523610003,2,30NM,test,train,test,test,train
A/10102/2523610041/1775573579.csv,2523610041,2,30NM,train,train,train,test,train
A/10102/2523610075/1775573579.csv,2523610075,2,30NM,train,train,train,test,train
A/10102/2523610126/1775573579.csv,2523610126,2,30NM,train,train,train,test,train
A/10102/2523610134/1775573580.csv,2523610134,2,30NM,train,train,train,test,train
A/10102/2523610432/1775573579.csv,2523610432,2,30NM,train,train,train,test,train
A/10102/2524610033/1775573579.csv,2524610033,2,30NM,train,train,train,test,train
A/10102/2524610041/1775573579.csv,2524610041,2,30NM,train,train,train,test,train
A/10102/2524610049/1775573579.csv,2524610049,2,30NM,train,train,train,test,train
A/10102/2524610074/1775573579.csv,2524610074,2,30NM,train,train,test,test,train
A/10102/2524610082/1775573579.csv,2524610082,2,30NM,test,train,train,test,train
A/10102/2546610759/1775573579.csv,2546610759,2,30NM,train,train,train,test,train
A/10102/2548610286/1775573579.csv,2548610286,2,30NM,train,train,train,test,train
A/10103/2521610325/1775573597.csv,2521610325,3,30NM,train,train,train,test,train
A/10103/2523610003/1775573597.csv,2523610003,3,30NM,train,train,test,test,train
A/10103/2523610041/1775573597.csv,2523610041,3,30NM,test,train,train,test,train
A/10103/2523610075/1775573597.csv,2523610075,3,30NM,test,train,train,test,train
A/10103/2523610126/1775573597.csv,2523610126,3,30NM,train,train,train,test,train
A/10103/2523610134/1775573598.csv,2523610134,3,30NM,test,train,train,test,train
A/10103/2523610160/1775573602.csv,2523610160,3,30NM,train,train,train,test,train
A/10103/2523610432/1775573597.csv,2523610432,3,30NM,train,train,train,test,train
A/10103/2524610033/1775573597.csv,2524610033,3,30NM,train,train,train,test,train
A/10103/2524610041/1775573597.csv,2524610041,3,30NM,test,train,train,test,train
A/10103/2524610049/1775573597.csv,2524610049,3,30NM,train,train,train,test,train
A/10103/2524610074/1775573597.csv,2524610074,3,30NM,train,train,test,test,train
A/10103/2524610082/1775573597.csv,2524610082,3,30NM,train,train,train,test,train
A/10103/2546610759/1775573597.csv,2546610759,3,30NM,test,train,train,test,train
A/10103/2548610286/1775573597.csv,2548610286,3,30NM,test,train,train,test,train
A/10104/2521610325/1775573615.csv,2521610325,4,30NM,train,test,train,test,train
A/10104/2523610003/1775573615.csv,2523610003,4,30NM,test,test,test,test,test
A/10104/2523610041/1775573615.csv,2523610041,4,30NM,test,test,train,test,train
A/10104/2523610075/1775573615.csv,2523610075,4,30NM,train,test,train,test,train
A/10104/2523610126/1775573615.csv,2523610126,4,30NM,train,test,train,test,train
A/10104/2523610134/1775573616.csv,2523610134,4,30NM,train,test,train,test,train
A/10104/2523610160/1775573620.csv,2523610160,4,30NM,train,test,train,test,train
A/10104/2523610432/1775573615.csv,2523610432,4,30NM,train,test,train,test,train
A/10104/2524610033/1775573615.csv,2524610033,4,30NM,train,test,train,test,train
A/10104/2524610041/1775573615.csv,2524610041,4,30NM,train,test,train,test,train
A/10104/2524610049/1775573615.csv,2524610049,4,30NM,train,test,train,test,train
A/10104/2524610074/1775573615.csv,2524610074,4,30NM,test,test,test,test,test
A/10104/2524610082/1775573615.csv,2524610082,4,30NM,train,test,train,test,train
A/10104/2546610759/1775573615.csv,2546610759,4,30NM,train,test,train,test,train
A/10104/2548610286/1775573616.csv,2548610286,4,30NM,test,test,train,test,train
A/10105/2521610325/1775573633.csv,2521610325,5,30NM,train,test,train,test,train
A/10105/2523610003/1775573633.csv,2523610003,5,30NM,train,test,test,test,test
A/10105/2523610041/1775573633.csv,2523610041,5,30NM,train,test,train,test,train
A/10105/2523610075/1775573633.csv,2523610075,5,30NM,test,test,train,test,train
A/10105/2523610126/1775573633.csv,2523610126,5,30NM,train,test,train,test,train
A/10105/2523610134/1775573634.csv,2523610134,5,30NM,train,test,train,test,train
A/10105/2523610432/1775573633.csv,2523610432,5,30NM,train,test,train,test,train
A/10105/2524610033/1775573633.csv,2524610033,5,30NM,test,test,train,test,train
A/10105/2524610041/1775573633.csv,2524610041,5,30NM,train,test,train,test,train
A/10105/2524610049/1775573633.csv,2524610049,5,30NM,train,test,train,test,train
A/10105/2524610074/1775573633.csv,2524610074,5,30NM,train,test,test,test,test
A/10105/2524610082/1775573633.csv,2524610082,5,30NM,train,test,train,test,train
A/10105/2546610759/1775573633.csv,2546610759,5,30NM,train,test,train,test,train
A/10105/2548610286/1775573634.csv,2548610286,5,30NM,train,test,train,test,train
A/10201/2521610325/1775573652.csv,2521610325,1,30NM,train,train,train,train,train
A/10201/2523610003/1775573652.csv,2523610003,1,30NM,train,train,test,train,train
A/10201/2523610041/1775573652.csv,2523610041,1,30NM,train,train,train,train,train
A/10201/2523610075/1775573652.csv,2523610075,1,30NM,train,train,train,train,train
A/10201/2523610126/1775573652.csv,2523610126,1,30NM,train,train,train,train,train
A/10201/2523610134/1775573652.csv,2523610134,1,30NM,test,train,train,train,train
A/10201/2523610160/1775573652.csv,2523610160,1,30NM,train,train,train,train,train
A/10201/2523610432/1775573653.csv,2523610432,1,30NM,train,train,train,train,train
A/10201/2524610033/1775573652.csv,2524610033,1,30NM,train,train,train,train,train
A/10201/2524610041/1775573653.csv,2524610041,1,30NM,train,train,train,train,train
A/10201/2524610049/1775573652.csv,2524610049,1,30NM,test,train,train,train,train
A/10201/2524610074/1775573652.csv,2524610074,1,30NM,train,train,test,train,train
A/10201/2524610082/1775573652.csv,2524610082,1,30NM,train,train,train,train,train
A/10201/2546610759/1775573652.csv,2546610759,1,30NM,train,train,train,train,train
A/10201/2548610286/1775573652.csv,2548610286,1,30NM,train,train,train,train,train
A/10202/2521610325/1775573670.csv,2521610325,2,30NM,test,train,train,train,train
A/10202/2523610003/1775573670.csv,2523610003,2,30NM,train,train,test,train,train
A/10202/2523610041/1775573670.csv,2523610041,2,30NM,test,train,train,train,train
A/10202/2523610075/1775573670.csv,2523610075,2,30NM,train,train,train,train,train
A/10202/2523610126/1775573670.csv,2523610126,2,30NM,train,train,train,train,train
A/10202/2523610134/1775573670.csv,2523610134,2,30NM,train,train,train,train,train
A/10202/2523610160/1775573668.csv,2523610160,2,30NM,train,train,train,train,train
A/10202/2523610432/1775573671.csv,2523610432,2,30NM,train,train,train,train,train
A/10202/2524610033/1775573670.csv,2524610033,2,30NM,train,train,train,train,train
A/10202/2524610041/1775573671.csv,2524610041,2,30NM,test,train,train,train,train
A/10202/2524610049/1775573670.csv,2524610049,2,30NM,train,train,train,train,train
A/10202/2524610074/1775573670.csv,2524610074,2,30NM,test,train,test,train,train
A/10202/2524610082/1775573670.csv,2524610082,2,30NM,test,train,train,train,train
A/10202/2546610759/1775573670.csv,2546610759,2,30NM,train,train,train,train,train
A/10202/2548610286/1775573670.csv,2548610286,2,30NM,train,train,train,train,train
A/10203/2521610325/1775573689.csv,2521610325,3,30NM,train,train,train,train,train
A/10203/2523610003/1775573688.csv,2523610003,3,30NM,train,train,test,train,train
A/10203/2523610041/1775573688.csv,2523610041,3,30NM,test,train,train,train,train
A/10203/2523610075/1775573689.csv,2523610075,3,30NM,train,train,train,train,train
A/10203/2523610126/1775573688.csv,2523610126,3,30NM,train,train,train,train,train
A/10203/2523610134/1775573688.csv,2523610134,3,30NM,train,train,train,train,train
A/10203/2523610160/1775573686.csv,2523610160,3,30NM,train,train,train,train,train
A/10203/2523610432/1775573689.csv,2523610432,3,30NM,test,train,train,train,train
A/10203/2524610033/1775573688.csv,2524610033,3,30NM,train,train,train,train,train
A/10203/2524610041/1775573689.csv,2524610041,3,30NM,train,train,train,train,train
A/10203/2524610049/1775573688.csv,2524610049,3,30NM,train,train,train,train,train
A/10203/2524610074/1775573688.csv,2524610074,3,30NM,train,train,test,train,train
A/10203/2524610082/1775573688.csv,2524610082,3,30NM,train,train,train,train,train
A/10203/2546610759/1775573688.csv,2546610759,3,30NM,test,train,train,train,train
A/10203/2548610286/1775573688.csv,2548610286,3,30NM,train,train,train,train,train
A/10204/2521610325/1775573707.csv,2521610325,4,30NM,train,test,train,train,train
A/10204/2523610003/1775573706.csv,2523610003,4,30NM,train,test,test,train,test
A/10204/2523610041/1775573706.csv,2523610041,4,30NM,train,test,train,train,train
A/10204/2523610075/1775573707.csv,2523610075,4,30NM,test,test,train,train,train
A/10204/2523610126/1775573706.csv,2523610126,4,30NM,train,test,train,train,train
A/10204/2523610134/1775573706.csv,2523610134,4,30NM,train,test,train,train,train
A/10204/2523610432/1775573707.csv,2523610432,4,30NM,train,test,train,train,train
A/10204/2524610033/1775573706.csv,2524610033,4,30NM,train,test,train,train,train
A/10204/2524610041/1775573707.csv,2524610041,4,30NM,test,test,train,train,train
A/10204/2524610049/1775573706.csv,2524610049,4,30NM,train,test,train,train,train
A/10204/2524610074/1775573706.csv,2524610074,4,30NM,train,test,test,train,test
A/10204/2524610082/1775573706.csv,2524610082,4,30NM,test,test,train,train,train
A/10204/2546610759/1775573706.csv,2546610759,4,30NM,train,test,train,train,train
A/10204/2548610286/1775573706.csv,2548610286,4,30NM,train,test,train,train,train
A/10205/2521610325/1775573725.csv,2521610325,5,30NM,train,test,train,train,train
A/10205/2523610003/1775573725.csv,2523610003,5,30NM,train,test,test,train,test
A/10205/2523610041/1775573724.csv,2523610041,5,30NM,train,test,train,train,train
A/10205/2523610075/1775573725.csv,2523610075,5,30NM,train,test,train,train,train
A/10205/2523610126/1775573724.csv,2523610126,5,30NM,train,test,train,train,train
A/10205/2523610134/1775573724.csv,2523610134,5,30NM,train,test,train,train,train
A/10205/2523610432/1775573725.csv,2523610432,5,30NM,train,test,train,train,train
A/10205/2524610033/1775573724.csv,2524610033,5,30NM,train,test,train,train,train
A/10205/2524610041/1775573725.csv,2524610041,5,30NM,train,test,train,train,train
A/10205/2524610049/1775573724.csv,2524610049,5,30NM,train,test,train,train,train
A/10205/2524610074/1775573724.csv,2524610074,5,30NM,train,test,test,train,test
A/10205/2524610082/1775573724.csv,2524610082,5,30NM,test,test,train,train,train
A/10205/2546610759/1775573724.csv,2546610759,5,30NM,test,test,train,train,train
A/10205/2548610286/1775573724.csv,2548610286,5,30NM,train,test,train,train,train
A/10301/2521610325/1775573743.csv,2521610325,1,30NM,train,train,train,train,train
A/10301/2523610003/1775573743.csv,2523610003,1,30NM,train,train,test,train,train
A/10301/2523610041/1775573742.csv,2523610041,1,30NM,train,train,train,train,train
A/10301/2523610075/1775573743.csv,2523610075,1,30NM,train,train,train,train,train
A/10301/2523610126/1775573742.csv,2523610126,1,30NM,train,train,train,train,train
A/10301/2523610134/1775573742.csv,2523610134,1,30NM,train,train,train,train,train
A/10301/2523610160/1775573740.csv,2523610160,1,30NM,train,train,train,train,train
A/10301/2523610432/1775573743.csv,2523610432,1,30NM,train,train,train,train,train
A/10301/2524610033/1775573742.csv,2524610033,1,30NM,train,train,train,train,train
A/10301/2524610041/1775573743.csv,2524610041,1,30NM,test,train,train,train,train
A/10301/2524610049/1775573742.csv,2524610049,1,30NM,train,train,train,train,train
A/10301/2524610074/1775573742.csv,2524610074,1,30NM,test,train,test,train,train
A/10301/2524610082/1775573742.csv,2524610082,1,30NM,train,train,train,train,train
A/10301/2546610759/1775573742.csv,2546610759,1,30NM,test,train,train,train,train
A/10301/2548610286/1775573742.csv,2548610286,1,30NM,test,train,train,train,train
A/10302/2521610325/1775573761.csv,2521610325,2,30NM,test,train,train,train,train
A/10302/2523610003/1775573761.csv,2523610003,2,30NM,test,train,test,train,train
A/10302/2523610041/1775573760.csv,2523610041,2,30NM,train,train,train,train,train
A/10302/2523610075/1775573761.csv,2523610075,2,30NM,train,train,train,train,train
A/10302/2523610126/1775573760.csv,2523610126,2,30NM,train,train,train,train,train
A/10302/2523610134/1775573760.csv,2523610134,2,30NM,train,train,train,train,train
A/10302/2523610160/1775573758.csv,2523610160,2,30NM,train,train,train,train,train
A/10302/2523610432/1775573761.csv,2523610432,2,30NM,train,train,train,train,train
A/10302/2524610033/1775573760.csv,2524610033,2,30NM,test,train,train,train,train
A/10302/2524610041/1775573761.csv,2524610041,2,30NM,train,train,train,train,train
A/10302/2524610049/1775573760.csv,2524610049,2,30NM,train,train,train,train,train
A/10302/2524610074/1775573760.csv,2524610074,2,30NM,train,train,test,train,train
A/10302/2524610082/1775573760.csv,2524610082,2,30NM,train,train,train,train,train
A/10302/2546610759/1775573760.csv,2546610759,2,30NM,train,train,train,train,train
A/10302/2548610286/1775573760.csv,2548610286,2,30NM,train,train,train,train,train
A/10303/2521610325/1775573779.csv,2521610325,3,30NM,train,train,train,train,train
A/10303/2523610003/1775573779.csv,2523610003,3,30NM,train,train,test,train,train
A/10303/2523610041/1775573778.csv,2523610041,3,30NM,train,train,train,train,train
A/10303/2523610075/1775573779.csv,2523610075,3,30NM,train,train,train,train,train
A/10303/2523610126/1775573778.csv,2523610126,3,30NM,train,train,train,train,train
A/10303/2523610134/1775573778.csv,2523610134,3,30NM,train,train,train,train,train
A/10303/2523610432/1775573779.csv,2523610432,3,30NM,train,train,train,train,train
A/10303/2524610033/1775573778.csv,2524610033,3,30NM,train,train,train,train,train
A/10303/2524610041/1775573779.csv,2524610041,3,30NM,test,train,train,train,train
A/10303/2524610049/1775573778.csv,2524610049,3,30NM,test,train,train,train,train
A/10303/2524610074/1775573778.csv,2524610074,3,30NM,train,train,test,train,train
A/10303/2524610082/1775573778.csv,2524610082,3,30NM,train,train,train,train,train
A/10303/2546610759/1775573778.csv,2546610759,3,30NM,train,train,train,train,train
A/10303/2548610286/1775573778.csv,2548610286,3,30NM,test,train,train,train,train
A/10304/2521610325/1775573797.csv,2521610325,4,30NM,train,test,train,train,train
A/10304/2523610003/1775573797.csv,2523610003,4,30NM,test,test,test,train,test
A/10304/2523610041/1775573796.csv,2523610041,4,30NM,train,test,train,train,train
A/10304/2523610075/1775573797.csv,2523610075,4,30NM,train,test,train,train,train
A/10304/2523610126/1775573796.csv,2523610126,4,30NM,train,test,train,train,train
A/10304/2523610134/1775573796.csv,2523610134,4,30NM,train,test,train,train,train
A/10304/2523610432/1775573797.csv,2523610432,4,30NM,train,test,train,train,train
A/10304/2524610033/1775573796.csv,2524610033,4,30NM,train,test,train,train,train
A/10304/2524610041/1775573797.csv,2524610041,4,30NM,test,test,train,train,train
A/10304/2524610049/1775573796.csv,2524610049,4,30NM,train,test,train,train,train
A/10304/2524610074/1775573796.csv,2524610074,4,30NM,train,test,test,train,test
A/10304/2524610082/1775573796.csv,2524610082,4,30NM,train,test,train,train,train
A/10304/2546610759/1775573796.csv,2546610759,4,30NM,train,test,train,train,train
A/10304/2548610286/1775573796.csv,2548610286,4,30NM,train,test,train,train,train
A/10305/2521610325/1775573815.csv,2521610325,5,30NM,test,test,train,train,train
A/10305/2523610003/1775573815.csv,2523610003,5,30NM,train,test,test,train,test
A/10305/2523610041/1775573814.csv,2523610041,5,30NM,test,test,train,train,train
A/10305/2523610075/1775573815.csv,2523610075,5,30NM,test,test,train,train,train
A/10305/2523610126/1775573814.csv,2523610126,5,30NM,train,test,train,train,train
A/10305/2523610134/1775573814.csv,2523610134,5,30NM,train,test,train,train,train
A/10305/2523610432/1775573815.csv,2523610432,5,30NM,train,test,train,train,train
A/10305/2524610033/1775573814.csv,2524610033,5,30NM,test,test,train,train,train
A/10305/2524610041/1775573815.csv,2524610041,5,30NM,train,test,train,train,train
A/10305/2524610049/1775573814.csv,2524610049,5,30NM,train,test,train,train,train
A/10305/2524610074/1775573814.csv,2524610074,5,30NM,train,test,test,train,test
A/10305/2524610082/1775573814.csv,2524610082,5,30NM,train,test,train,train,train
A/10305/2546610759/1775573814.csv,2546610759,5,30NM,train,test,train,train,train
A/10305/2548610286/1775573814.csv,2548610286,5,30NM,train,test,train,train,train
A/10401/2521610325/1775573833.csv,2521610325,1,30NM,train,train,train,train,train
A/10401/2523610003/1775573833.csv,2523610003,1,30NM,train,train,test,train,train
A/10401/2523610041/1775573833.csv,2523610041,1,30NM,train,train,train,train,train
A/10401/2523610075/1775573833.csv,2523610075,1,30NM,train,train,train,train,train
A/10401/2523610126/1775573832.csv,2523610126,1,30NM,train,train,train,train,train
A/10401/2523610134/1775573832.csv,2523610134,1,30NM,train,train,train,train,train
A/10401/2523610160/1775573832.csv,2523610160,1,30NM,train,train,train,train,train
A/10401/2523610432/1775573833.csv,2523610432,1,30NM,test,train,train,train,train
A/10401/2524610033/1775573833.csv,2524610033,1,30NM,train,train,train,train,train
A/10401/2524610041/1775573833.csv,2524610041,1,30NM,train,train,train,train,train
A/10401/2524610049/1775573832.csv,2524610049,1,30NM,train,train,train,train,train
A/10401/2524610074/1775573832.csv,2524610074,1,30NM,train,train,test,train,train
A/10401/2524610082/1775573832.csv,2524610082,1,30NM,train,train,train,train,train
A/10401/2546610759/1775573832.csv,2546610759,1,30NM,train,train,train,train,train
A/10401/2548610286/1775573832.csv,2548610286,1,30NM,train,train,train,train,train
A/10402/2521610325/1775573851.csv,2521610325,2,30NM,train,train,train,train,train
A/10402/2523610003/1775573851.csv,2523610003,2,30NM,test,train,test,train,train
A/10402/2523610041/1775573851.csv,2523610041,2,30NM,train,train,train,train,train
A/10402/2523610075/1775573851.csv,2523610075,2,30NM,train,train,train,train,train
A/10402/2523610126/1775573850.csv,2523610126,2,30NM,train,train,train,train,train
A/10402/2523610134/1775573850.csv,2523610134,2,30NM,train,train,train,train,train
A/10402/2523610160/1775573850.csv,2523610160,2,30NM,train,train,train,train,train
A/10402/2523610432/1775573851.csv,2523610432,2,30NM,train,train,train,train,train
A/10402/2524610033/1775573851.csv,2524610033,2,30NM,test,train,train,train,train
A/10402/2524610041/1775573851.csv,2524610041,2,30NM,train,train,train,train,train
A/10402/2524610049/1775573850.csv,2524610049,2,30NM,train,train,train,train,train
A/10402/2524610074/1775573850.csv,2524610074,2,30NM,train,train,test,train,train
A/10402/2524610082/1775573850.csv,2524610082,2,30NM,train,train,train,train,train
A/10402/2546610759/1775573850.csv,2546610759,2,30NM,test,train,train,train,train
A/10402/2548610286/1775573850.csv,2548610286,2,30NM,train,train,train,train,train
A/10403/2521610325/1775573869.csv,2521610325,3,30NM,train,train,train,train,train
A/10403/2523610003/1775573869.csv,2523610003,3,30NM,train,train,test,train,train
A/10403/2523610041/1775573869.csv,2523610041,3,30NM,test,train,train,train,train
A/10403/2523610075/1775573869.csv,2523610075,3,30NM,train,train,train,train,train
A/10403/2523610126/1775573868.csv,2523610126,3,30NM,test,train,train,train,train
A/10403/2523610134/1775573868.csv,2523610134,3,30NM,train,train,train,train,train
A/10403/2523610160/1775573866.csv,2523610160,3,30NM,test,train,train,train,train
A/10403/2523610432/1775573869.csv,2523610432,3,30NM,train,train,train,train,train
A/10403/2524610033/1775573869.csv,2524610033,3,30NM,train,train,train,train,train
A/10403/2524610041/1775573869.csv,2524610041,3,30NM,train,train,train,train,train
A/10403/2524610049/1775573868.csv,2524610049,3,30NM,train,train,train,train,train
A/10403/2524610074/1775573868.csv,2524610074,3,30NM,train,train,test,train,train
A/10403/2524610082/1775573868.csv,2524610082,3,30NM,train,train,train,train,train
A/10403/2546610759/1775573868.csv,2546610759,3,30NM,test,train,train,train,train
A/10403/2548610286/1775573868.csv,2548610286,3,30NM,train,train,train,train,train
A/10404/2521610325/1775573887.csv,2521610325,4,30NM,train,test,train,train,train
A/10404/2523610003/1775573887.csv,2523610003,4,30NM,train,test,test,train,test
A/10404/2523610041/1775573887.csv,2523610041,4,30NM,train,test,train,train,train
A/10404/2523610075/1775573887.csv,2523610075,4,30NM,test,test,train,train,train
A/10404/2523610126/1775573886.csv,2523610126,4,30NM,train,test,train,train,train
A/10404/2523610134/1775573886.csv,2523610134,4,30NM,train,test,train,train,train
A/10404/2523610160/1775573884.csv,2523610160,4,30NM,test,test,train,train,train
A/10404/2523610432/1775573887.csv,2523610432,4,30NM,test,test,train,train,train
A/10404/2524610033/1775573887.csv,2524610033,4,30NM,train,test,train,train,train
A/10404/2524610041/1775573887.csv,2524610041,4,30NM,test,test,train,train,train
A/10404/2524610049/1775573886.csv,2524610049,4,30NM,train,test,train,train,train
A/10404/2524610074/1775573886.csv,2524610074,4,30NM,test,test,test,train,test
A/10404/2524610082/1775573886.csv,2524610082,4,30NM,train,test,train,train,train
A/10404/2546610759/1775573886.csv,2546610759,4,30NM,train,test,train,train,train
A/10404/2548610286/1775573886.csv,2548610286,4,30NM,train,test,train,train,train
A/10405/2521610325/1775573905.csv,2521610325,5,30NM,test,test,train,train,train
A/10405/2523610003/1775573905.csv,2523610003,5,30NM,train,test,test,train,test
A/10405/2523610041/1775573905.csv,2523610041,5,30NM,train,test,train,train,train
A/10405/2523610075/1775573905.csv,2523610075,5,30NM,train,test,train,train,train
A/10405/2523610126/1775573904.csv,2523610126,5,30NM,train,test,train,train,train
A/10405/2523610134/1775573905.csv,2523610134,5,30NM,train,test,train,train,train
A/10405/2523610160/1775573902.csv,2523610160,5,30NM,test,test,train,train,train
A/10405/2523610432/1775573905.csv,2523610432,5,30NM,train,test,train,train,train
A/10405/2524610033/1775573905.csv,2524610033,5,30NM,train,test,train,train,train
A/10405/2524610041/1775573905.csv,2524610041,5,30NM,train,test,train,train,train
A/10405/2524610049/1775573905.csv,2524610049,5,30NM,train,test,train,train,train
A/10405/2524610074/1775573904.csv,2524610074,5,30NM,train,test,test,train,test
A/10405/2524610082/1775573905.csv,2524610082,5,30NM,test,test,train,train,train
A/10405/2546610759/1775573904.csv,2546610759,5,30NM,train,test,train,train,train
A/10405/2548610286/1775573904.csv,2548610286,5,30NM,test,test,train,train,train
A/10501/2521610325/1775573923.csv,2521610325,1,30NM,train,train,train,train,train
A/10501/2523610003/1775573923.csv,2523610003,1,30NM,test,train,test,train,train
A/10501/2523610041/1775573923.csv,2523610041,1,30NM,test,train,train,train,train
A/10501/2523610075/1775573923.csv,2523610075,1,30NM,train,train,train,train,train
A/10501/2523610126/1775573922.csv,2523610126,1,30NM,train,train,train,train,train
A/10501/2523610134/1775573923.csv,2523610134,1,30NM,test,train,train,train,train
A/10501/2523610160/1775573920.csv,2523610160,1,30NM,train,train,train,train,train
A/10501/2523610432/1775573923.csv,2523610432,1,30NM,train,train,train,train,train
A/10501/2524610033/1775573923.csv,2524610033,1,30NM,train,train,train,train,train
A/10501/2524610041/1775573923.csv,2524610041,1,30NM,train,train,train,train,train
A/10501/2524610049/1775573923.csv,2524610049,1,30NM,train,train,train,train,train
A/10501/2524610074/1775573922.csv,2524610074,1,30NM,train,train,test,train,train
A/10501/2524610082/1775573923.csv,2524610082,1,30NM,test,train,train,train,train
A/10501/2546610759/1775573922.csv,2546610759,1,30NM,train,train,train,train,train
A/10501/2548610286/1775573922.csv,2548610286,1,30NM,train,train,train,train,train
A/10502/2521610325/1775573941.csv,2521610325,2,30NM,train,train,train,train,train
A/10502/2523610003/1775573941.csv,2523610003,2,30NM,train,train,test,train,train
A/10502/2523610041/1775573941.csv,2523610041,2,30NM,train,train,train,train,train
A/10502/2523610075/1775573941.csv,2523610075,2,30NM,test,train,train,train,train
A/10502/2523610126/1775573940.csv,2523610126,2,30NM,train,train,train,train,train
A/10502/2523610134/1775573941.csv,2523610134,2,30NM,train,train,train,train,train
A/10502/2523610160/1775573937.csv,2523610160,2,30NM,train,train,train,train,train
A/10502/2523610432/1775573941.csv,2523610432,2,30NM,train,train,train,train,train
A/10502/2524610033/1775573941.csv,2524610033,2,30NM,test,train,train,train,train
A/10502/2524610041/1775573941.csv,2524610041,2,30NM,train,train,train,train,train
A/10502/2524610049/1775573941.csv,2524610049,2,30NM,train,train,train,train,train
A/10502/2524610074/1775573940.csv,2524610074,2,30NM,train,train,test,train,train
A/10502/2524610082/1775573941.csv,2524610082,2,30NM,train,train,train,train,train
A/10502/2546610759/1775573940.csv,2546610759,2,30NM,test,train,train,train,train
A/10502/2548610286/1775573940.csv,2548610286,2,30NM,train,train,train,train,train
A/10503/2521610325/1775573959.csv,2521610325,3,30NM,train,train,train,train,train
A/10503/2523610003/1775573959.csv,2523610003,3,30NM,train,train,test,train,train
A/10503/2523610041/1775573959.csv,2523610041,3,30NM,train,train,train,train,train
A/10503/2523610075/1775573959.csv,2523610075,3,30NM,train,train,train,train,train
A/10503/2523610126/1775573958.csv,2523610126,3,30NM,test,train,train,train,train
A/10503/2523610134/1775573959.csv,2523610134,3,30NM,train,train,train,train,train
A/10503/2523610160/1775573955.csv,2523610160,3,30NM,train,train,train,train,train
A/10503/2523610432/1775573959.csv,2523610432,3,30NM,train,train,train,train,train
A/10503/2524610033/1775573959.csv,2524610033,3,30NM,train,train,train,train,train
A/10503/2524610041/1775573959.csv,2524610041,3,30NM,test,train,train,train,train
A/10503/2524610049/1775573959.csv,2524610049,3,30NM,train,train,train,train,train
A/10503/2524610074/1775573958.csv,2524610074,3,30NM,train,train,test,train,train
A/10503/2524610082/1775573959.csv,2524610082,3,30NM,train,train,train,train,train
A/10503/2546610759/1775573959.csv,2546610759,3,30NM,train,train,train,train,train
A/10503/2548610286/1775573958.csv,2548610286,3,30NM,train,train,train,train,train
A/10504/2521610325/1775573977.csv,2521610325,4,30NM,train,test,train,train,train
A/10504/2523610003/1775573977.csv,2523610003,4,30NM,train,test,test,train,test
A/10504/2523610041/1775573977.csv,2523610041,4,30NM,train,test,train,train,train
A/10504/2523610075/1775573977.csv,2523610075,4,30NM,train,test,train,train,train
A/10504/2523610126/1775573976.csv,2523610126,4,30NM,train,test,train,train,train
A/10504/2523610134/1775573977.csv,2523610134,4,30NM,train,test,train,train,train
A/10504/2523610432/1775573977.csv,2523610432,4,30NM,train,test,train,train,train
A/10504/2524610033/1775573977.csv,2524610033,4,30NM,train,test,train,train,train
A/10504/2524610041/1775573977.csv,2524610041,4,30NM,train,test,train,train,train
A/10504/2524610049/1775573977.csv,2524610049,4,30NM,train,test,train,train,train
A/10504/2524610074/1775573976.csv,2524610074,4,30NM,train,test,test,train,test
A/10504/2524610082/1775573977.csv,2524610082,4,30NM,train,test,train,train,train
A/10504/2546610759/1775573977.csv,2546610759,4,30NM,train,test,train,train,train
A/10504/2548610286/1775573976.csv,2548610286,4,30NM,train,test,train,train,train
A/10505/2521610325/1775573995.csv,2521610325,5,30NM,train,test,train,train,train
A/10505/2523610003/1775573995.csv,2523610003,5,30NM,train,test,test,train,test
A/10505/2523610041/1775573995.csv,2523610041,5,30NM,train,test,train,train,train
A/10505/2523610075/1775573995.csv,2523610075,5,30NM,train,test,train,train,train
A/10505/2523610126/1775573995.csv,2523610126,5,30NM,train,test,train,train,train
A/10505/2523610134/1775573995.csv,2523610134,5,30NM,train,test,train,train,train
A/10505/2523610432/1775573995.csv,2523610432,5,30NM,train,test,train,train,train
A/10505/2524610033/1775573995.csv,2524610033,5,30NM,train,test,train,train,train
A/10505/2524610041/1775573995.csv,2524610041,5,30NM,train,test,train,train,train
A/10505/2524610049/1775573995.csv,2524610049,5,30NM,train,test,train,train,train
A/10505/2524610074/1775573994.csv,2524610074,5,30NM,train,test,test,train,test
A/10505/2524610082/1775573995.csv,2524610082,5,30NM,train,test,train,train,train
A/10505/2546610759/1775573995.csv,2546610759,5,30NM,train,test,train,train,train
A/10505/2548610286/1775573995.csv,2548610286,5,30NM,train,test,train,train,train
A/10601/2521610325/1775574013.csv,2521610325,1,30NM,test,train,train,train,train
A/10601/2523610003/1775574013.csv,2523610003,1,30NM,test,train,test,train,train
A/10601/2523610041/1775574013.csv,2523610041,1,30NM,train,train,train,train,train
A/10601/2523610075/1775574013.csv,2523610075,1,30NM,train,train,train,train,train
A/10601/2523610126/1775574013.csv,2523610126,1,30NM,train,train,train,train,train
A/10601/2523610134/1775574013.csv,2523610134,1,30NM,train,train,train,train,train
A/10601/2523610432/1775574013.csv,2523610432,1,30NM,test,train,train,train,train
A/10601/2524610033/1775574013.csv,2524610033,1,30NM,train,train,train,train,train
A/10601/2524610041/1775574013.csv,2524610041,1,30NM,train,train,train,train,train
A/10601/2524610049/1775574013.csv,2524610049,1,30NM,train,train,train,train,train
A/10601/2524610074/1775574012.csv,2524610074,1,30NM,test,train,test,train,train
A/10601/2524610082/1775574013.csv,2524610082,1,30NM,train,train,train,train,train
A/10601/2546610759/1775574013.csv,2546610759,1,30NM,train,train,train,train,train
A/10601/2548610286/1775574013.csv,2548610286,1,30NM,train,train,train,train,train
A/10602/2521610325/1775574031.csv,2521610325,2,30NM,train,train,train,train,train
A/10602/2523610003/1775574031.csv,2523610003,2,30NM,train,train,test,train,train
A/10602/2523610041/1775574031.csv,2523610041,2,30NM,train,train,train,train,train
A/10602/2523610075/1775574031.csv,2523610075,2,30NM,train,train,train,train,train
A/10602/2523610126/1775574031.csv,2523610126,2,30NM,test,train,train,train,train
A/10602/2523610134/1775574031.csv,2523610134,2,30NM,test,train,train,train,train
A/10602/2523610160/1775574030.csv,2523610160,2,30NM,train,train,train,train,train
A/10602/2523610432/1775574031.csv,2523610432,2,30NM,train,train,train,train,train
A/10602/2524610033/1775574031.csv,2524610033,2,30NM,train,train,train,train,train
A/10602/2524610041/1775574031.csv,2524610041,2,30NM,train,train,train,train,train
A/10602/2524610049/1775574031.csv,2524610049,2,30NM,train,train,train,train,train
A/10602/2524610074/1775574030.csv,2524610074,2,30NM,test,train,test,train,train
A/10602/2524610082/1775574031.csv,2524610082,2,30NM,test,train,train,train,train
A/10602/2546610759/1775574031.csv,2546610759,2,30NM,train,train,train,train,train
A/10602/2548610286/1775574031.csv,2548610286,2,30NM,train,train,train,train,train
A/10603/2521610325/1775574049.csv,2521610325,3,30NM,train,train,train,train,train
A/10603/2523610003/1775574049.csv,2523610003,3,30NM,train,train,test,train,train
A/10603/2523610041/1775574049.csv,2523610041,3,30NM,train,train,train,train,train
A/10603/2523610075/1775574049.csv,2523610075,3,30NM,train,train,train,train,train
A/10603/2523610126/1775574049.csv,2523610126,3,30NM,train,train,train,train,train
A/10603/2523610134/1775574049.csv,2523610134,3,30NM,train,train,train,train,train
A/10603/2523610160/1775574048.csv,2523610160,3,30NM,train,train,train,train,train
A/10603/2523610432/1775574049.csv,2523610432,3,30NM,train,train,train,train,train
A/10603/2524610033/1775574049.csv,2524610033,3,30NM,train,train,train,train,train
A/10603/2524610041/1775574049.csv,2524610041,3,30NM,test,train,train,train,train
A/10603/2524610049/1775574049.csv,2524610049,3,30NM,test,train,train,train,train
A/10603/2524610074/1775574048.csv,2524610074,3,30NM,train,train,test,train,train
A/10603/2524610082/1775574049.csv,2524610082,3,30NM,test,train,train,train,train
A/10603/2546610759/1775574049.csv,2546610759,3,30NM,test,train,train,train,train
A/10603/2548610286/1775574049.csv,2548610286,3,30NM,train,train,train,train,train
A/10604/2521610325/1775574067.csv,2521610325,4,30NM,train,test,train,train,train
A/10604/2523610003/1775574067.csv,2523610003,4,30NM,train,test,test,train,test
A/10604/2523610041/1775574067.csv,2523610041,4,30NM,train,test,train,train,train
A/10604/2523610075/1775574067.csv,2523610075,4,30NM,train,test,train,train,train
A/10604/2523610126/1775574067.csv,2523610126,4,30NM,train,test,train,train,train
A/10604/2523610134/1775574067.csv,2523610134,4,30NM,train,test,train,train,train
A/10604/2523610432/1775574067.csv,2523610432,4,30NM,train,test,train,train,train
A/10604/2524610033/1775574067.csv,2524610033,4,30NM,train,test,train,train,train
A/10604/2524610041/1775574067.csv,2524610041,4,30NM,test,test,train,train,train
A/10604/2524610049/1775574067.csv,2524610049,4,30NM,train,test,train,train,train
A/10604/2524610074/1775574066.csv,2524610074,4,30NM,train,test,test,train,test
A/10604/2524610082/1775574067.csv,2524610082,4,30NM,train,test,train,train,train
A/10604/2546610759/1775574067.csv,2546610759,4,30NM,train,test,train,train,train
A/10604/2548610286/1775574067.csv,2548610286,4,30NM,train,test,train,train,train
A/10605/2521610325/1775574085.csv,2521610325,5,30NM,train,test,train,train,train
A/10605/2523610003/1775574085.csv,2523610003,5,30NM,train,test,test,train,test
A/10605/2523610041/1775574085.csv,2523610041,5,30NM,train,test,train,train,train
A/10605/2523610075/1775574085.csv,2523610075,5,30NM,test,test,train,train,train
A/10605/2523610126/1775574085.csv,2523610126,5,30NM,train,test,train,train,train
A/10605/2523610134/1775574085.csv,2523610134,5,30NM,train,test,train,train,train
A/10605/2523610160/1775574084.csv,2523610160,5,30NM,train,test,train,train,train
A/10605/2523610432/1775574085.csv,2523610432,5,30NM,train,test,train,train,train
A/10605/2524610033/1775574085.csv,2524610033,5,30NM,train,test,train,train,train
A/10605/2524610041/1775574085.csv,2524610041,5,30NM,train,test,train,train,train
A/10605/2524610049/1775574085.csv,2524610049,5,30NM,train,test,train,train,train
A/10605/2524610074/1775574084.csv,2524610074,5,30NM,train,test,test,train,test
A/10605/2524610082/1775574085.csv,2524610082,5,30NM,test,test,train,train,train
A/10605/2546610759/1775574085.csv,2546610759,5,30NM,train,test,train,train,train
A/10605/2548610286/1775574085.csv,2548610286,5,30NM,train,test,train,train,train
A/20005/2523610160/1775577024.csv,2523610160,5,30NM,test,test,train,train,train
A/20101/2521610325/1775574103.csv,2521610325,1,30NM,train,train,train,train,train
A/20101/2523610003/1775574103.csv,2523610003,1,30NM,test,train,test,train,train
A/20101/2523610041/1775574103.csv,2523610041,1,30NM,train,train,train,train,train
A/20101/2523610075/1775574103.csv,2523610075,1,30NM,test,train,train,train,train
A/20101/2523610126/1775574103.csv,2523610126,1,30NM,train,train,train,train,train
A/20101/2523610134/1775574103.csv,2523610134,1,30NM,train,train,train,train,train
A/20101/2523610160/1775574100.csv,2523610160,1,30NM,train,train,train,train,train
A/20101/2523610432/1775574103.csv,2523610432,1,30NM,train,train,train,train,train
A/20101/2524610033/1775574103.csv,2524610033,1,30NM,train,train,train,train,train
A/20101/2524610041/1775574103.csv,2524610041,1,30NM,test,train,train,train,train
A/20101/2524610049/1775574103.csv,2524610049,1,30NM,train,train,train,train,train
A/20101/2524610074/1775574103.csv,2524610074,1,30NM,train,train,test,train,train
A/20101/2524610082/1775574103.csv,2524610082,1,30NM,train,train,train,train,train
A/20101/2546610759/1775574103.csv,2546610759,1,30NM,train,train,train,train,train
A/20101/2548610286/1775574103.csv,2548610286,1,30NM,train,train,train,train,train
A/20102/2521610325/1775574121.csv,2521610325,2,30NM,test,train,train,train,train
A/20102/2523610003/1775574122.csv,2523610003,2,30NM,train,train,test,train,train
A/20102/2523610041/1775574121.csv,2523610041,2,30NM,train,train,train,train,train
A/20102/2523610075/1775574121.csv,2523610075,2,30NM,train,train,train,train,train
A/20102/2523610126/1775574121.csv,2523610126,2,30NM,train,train,train,train,train
A/20102/2523610134/1775574121.csv,2523610134,2,30NM,train,train,train,train,train
A/20102/2523610160/1775574118.csv,2523610160,2,30NM,train,train,train,train,train
A/20102/2523610432/1775574121.csv,2523610432,2,30NM,train,train,train,train,train
A/20102/2524610033/1775574121.csv,2524610033,2,30NM,test,train,train,train,train
A/20102/2524610041/1775574122.csv,2524610041,2,30NM,train,train,train,train,train
A/20102/2524610049/1775574121.csv,2524610049,2,30NM,train,train,train,train,train
A/20102/2524610074/1775574121.csv,2524610074,2,30NM,train,train,test,train,train
A/20102/2524610082/1775574121.csv,2524610082,2,30NM,test,train,train,train,train
A/20102/2546610759/1775574121.csv,2546610759,2,30NM,train,train,train,train,train
A/20102/2548610286/1775574121.csv,2548610286,2,30NM,test,train,train,train,train
A/20103/2521610325/1775574139.csv,2521610325,3,30NM,train,train,train,train,train
A/20103/2523610003/1775574140.csv,2523610003,3,30NM,test,train,test,train,train
A/20103/2523610041/1775574139.csv,2523610041,3,30NM,train,train,train,train,train
A/20103/2523610075/1775574139.csv,2523610075,3,30NM,train,train,train,train,train
A/20103/2523610126/1775574139.csv,2523610126,3,30NM,train,train,train,train,train
A/20103/2523610134/1775574139.csv,2523610134,3,30NM,train,train,train,train,train
A/20103/2523610432/1775574139.csv,2523610432,3,30NM,train,train,train,train,train
A/20103/2524610033/1775574139.csv,2524610033,3,30NM,test,train,train,train,train
A/20103/2524610041/1775574139.csv,2524610041,3,30NM,test,train,train,train,train
A/20103/2524610049/1775574139.csv,2524610049,3,30NM,train,train,train,train,train
A/20103/2524610074/1775574140.csv,2524610074,3,30NM,train,train,test,train,train
A/20103/2524610082/1775574139.csv,2524610082,3,30NM,train,train,train,train,train
A/20103/2546610759/1775574139.csv,2546610759,3,30NM,train,train,train,train,train
A/20103/2548610286/1775574139.csv,2548610286,3,30NM,train,train,train,train,train
A/20104/2521610325/1775574157.csv,2521610325,4,30NM,train,test,train,train,train
A/20104/2523610003/1775574158.csv,2523610003,4,30NM,train,test,test,train,test
A/20104/2523610041/1775574157.csv,2523610041,4,30NM,train,test,train,train,train
A/20104/2523610075/1775574158.csv,2523610075,4,30NM,test,test,train,train,train
A/20104/2523610126/1775574157.csv,2523610126,4,30NM,train,test,train,train,train
A/20104/2523610134/1775574157.csv,2523610134,4,30NM,test,test,train,train,train
A/20104/2523610432/1775574157.csv,2523610432,4,30NM,train,test,train,train,train
A/20104/2524610033/1775574158.csv,2524610033,4,30NM,train,test,train,train,train
A/20104/2524610041/1775574157.csv,2524610041,4,30NM,train,test,train,train,train
A/20104/2524610049/1775574157.csv,2524610049,4,30NM,train,test,train,train,train
A/20104/2524610074/1775574158.csv,2524610074,4,30NM,test,test,test,train,test
A/20104/2524610082/1775574157.csv,2524610082,4,30NM,test,test,train,train,train
A/20104/2546610759/1775574157.csv,2546610759,4,30NM,test,test,train,train,train
A/20104/2548610286/1775574157.csv,2548610286,4,30NM,train,test,train,train,train
A/20105/2521610325/1775574175.csv,2521610325,5,30NM,train,test,train,train,train
A/20105/2523610003/1775574177.csv,2523610003,5,30NM,train,test,test,train,test
A/20105/2523610041/1775574176.csv,2523610041,5,30NM,train,test,train,train,train
A/20105/2523610075/1775574175.csv,2523610075,5,30NM,train,test,train,train,train
A/20105/2523610126/1775574176.csv,2523610126,5,30NM,train,test,train,train,train
A/20105/2523610134/1775574175.csv,2523610134,5,30NM,train,test,train,train,train
A/20105/2523610432/1775574175.csv,2523610432,5,30NM,test,test,train,train,train
A/20105/2524610033/1775574176.csv,2524610033,5,30NM,train,test,train,train,train
A/20105/2524610041/1775574175.csv,2524610041,5,30NM,test,test,train,train,train
A/20105/2524610049/1775574175.csv,2524610049,5,30NM,train,test,train,train,train
A/20105/2524610074/1775574177.csv,2524610074,5,30NM,train,test,test,train,test
A/20105/2524610082/1775574175.csv,2524610082,5,30NM,train,test,train,train,train
A/20105/2546610759/1775574175.csv,2546610759,5,30NM,test,test,train,train,train
A/20105/2548610286/1775574175.csv,2548610286,5,30NM,train,test,train,train,train
A/20201/2521610325/1775574193.csv,2521610325,1,30NM,train,train,train,train,train
A/20201/2523610075/1775574194.csv,2523610075,1,30NM,train,train,train,train,train
A/20201/2523610134/1775574193.csv,2523610134,1,30NM,train,train,train,train,train
A/20201/2524610049/1775574193.csv,2524610049,1,30NM,train,train,train,train,train
A/20201/2524610082/1775574194.csv,2524610082,1,30NM,test,train,train,train,train
A/20201/2546610759/1775574193.csv,2546610759,1,30NM,train,train,train,train,train
A/20201/2548610286/1775574194.csv,2548610286,1,30NM,train,train,train,train,train
A/20202/2523610075/1775574212.csv,2523610075,2,30NM,test,train,train,train,train
A/20202/2523610134/1775574211.csv,2523610134,2,30NM,train,train,train,train,train
A/20202/2523610432/1775574211.csv,2523610432,2,30NM,test,train,train,train,train
A/20202/2524610041/1775574212.csv,2524610041,2,30NM,train,train,train,train,train
A/20202/2524610049/1775574211.csv,2524610049,2,30NM,train,train,train,train,train
A/20202/2524610082/1775574211.csv,2524610082,2,30NM,train,train,train,train,train
A/20202/2546610759/1775574211.csv,2546610759,2,30NM,train,train,train,train,train
A/20203/2521610325/1775574230.csv,2521610325,3,30NM,test,train,train,train,train
A/20203/2523610003/1775574230.csv,2523610003,3,30NM,train,train,test,train,train
A/20203/2523610075/1775574229.csv,2523610075,3,30NM,train,train,train,train,train
A/20203/2523610134/1775574229.csv,2523610134,3,30NM,train,train,train,train,train
A/20203/2523610160/1775574228.csv,2523610160,3,30NM,train,train,train,train,train
A/20203/2524610033/1775574229.csv,2524610033,3,30NM,test,train,train,train,train
A/20203/2524610041/1775574229.csv,2524610041,3,30NM,test,train,train,train,train
A/20203/2524610049/1775574229.csv,2524610049,3,30NM,train,train,train,train,train
A/20203/2524610074/1775574230.csv,2524610074,3,30NM,train,train,test,train,train
A/20203/2524610082/1775574229.csv,2524610082,3,30NM,train,train,train,train,train
A/20203/2546610759/1775574229.csv,2546610759,3,30NM,train,train,train,train,train
A/20203/2548610286/1775574230.csv,2548610286,3,30NM,test,train,train,train,train
A/20204/2521610325/1775574248.csv,2521610325,4,30NM,train,test,train,train,train
A/20204/2523610075/1775574247.csv,2523610075,4,30NM,train,test,train,train,train
A/20204/2523610134/1775574247.csv,2523610134,4,30NM,train,test,train,train,train
A/20204/2523610160/1775574246.csv,2523610160,4,30NM,test,test,train,train,train
A/20204/2523610432/1775574248.csv,2523610432,4,30NM,train,test,train,train,train
A/20204/2524610041/1775574247.csv,2524610041,4,30NM,train,test,train,train,train
A/20204/2524610049/1775574247.csv,2524610049,4,30NM,train,test,train,train,train
A/20204/2524610082/1775574247.csv,2524610082,4,30NM,train,test,train,train,train
A/20204/2546610759/1775574247.csv,2546610759,4,30NM,train,test,train,train,train
A/20204/2548610286/1775574247.csv,2548610286,4,30NM,train,test,train,train,train
A/20205/2521610325/1775574265.csv,2521610325,5,30NM,train,test,train,train,train
A/20205/2523610003/1775574265.csv,2523610003,5,30NM,train,test,test,train,test
A/20205/2523610041/1775574265.csv,2523610041,5,30NM,train,test,train,train,train
A/20205/2523610075/1775574265.csv,2523610075,5,30NM,train,test,train,train,train
A/20205/2523610126/1775574265.csv,2523610126,5,30NM,test,test,train,train,train
A/20205/2523610134/1775574265.csv,2523610134,5,30NM,train,test,train,train,train
A/20205/2523610160/1775574263.csv,2523610160,5,30NM,train,test,train,train,train
A/20205/2523610432/1775574265.csv,2523610432,5,30NM,train,test,train,train,train
A/20205/2524610033/1775574265.csv,2524610033,5,30NM,test,test,train,train,train
A/20205/2524610041/1775574265.csv,2524610041,5,30NM,train,test,train,train,train
A/20205/2524610049/1775574265.csv,2524610049,5,30NM,train,test,train,train,train
A/20205/2524610074/1775574265.csv,2524610074,5,30NM,test,test,test,train,test
A/20205/2524610082/1775574265.csv,2524610082,5,30NM,train,test,train,train,train
A/20205/2546610759/1775574265.csv,2546610759,5,30NM,train,test,train,train,train
A/20205/2548610286/1775574265.csv,2548610286,5,30NM,train,test,train,train,train
A/20301/2523610075/1775574283.csv,2523610075,1,30NM,train,train,train,train,train
A/20301/2523610134/1775574283.csv,2523610134,1,30NM,train,train,train,train,train
A/20301/2523610160/1775574281.csv,2523610160,1,30NM,train,train,train,train,train
A/20301/2524610041/1775574283.csv,2524610041,1,30NM,train,train,train,train,train
A/20301/2524610049/1775574283.csv,2524610049,1,30NM,train,train,train,train,train
A/20301/2524610082/1775574283.csv,2524610082,1,30NM,test,train,train,train,train
A/20301/2546610759/1775574283.csv,2546610759,1,30NM,train,train,train,train,train
A/20301/2548610286/1775574283.csv,2548610286,1,30NM,train,train,train,train,train
A/20302/2523610134/1775574303.csv,2523610134,2,30NM,train,train,train,train,train
A/20302/2523610160/1775574298.csv,2523610160,2,30NM,train,train,train,train,train
A/20302/2524610033/1775574303.csv,2524610033,2,30NM,train,train,train,train,train
A/20302/2524610049/1775574303.csv,2524610049,2,30NM,train,train,train,train,train
A/20302/2524610082/1775574303.csv,2524610082,2,30NM,test,train,train,train,train
A/20302/2546610759/1775574301.csv,2546610759,2,30NM,train,train,train,train,train
A/20303/2523610134/1775574320.csv,2523610134,3,30NM,test,train,train,train,train
A/20303/2524610049/1775574320.csv,2524610049,3,30NM,test,train,train,train,train
A/20303/2524610082/1775574321.csv,2524610082,3,30NM,train,train,train,train,train
A/20303/2546610759/1775574319.csv,2546610759,3,30NM,train,train,train,train,train
A/20304/2523610134/1775574337.csv,2523610134,4,30NM,train,test,train,train,train
A/20304/2524610049/1775574337.csv,2524610049,4,30NM,train,test,train,train,train
A/20304/2524610082/1775574337.csv,2524610082,4,30NM,train,test,train,train,train
A/20304/2546610759/1775574337.csv,2546610759,4,30NM,test,test,train,train,train
A/20305/2521610325/1775574356.csv,2521610325,5,30NM,train,test,train,train,train
A/20305/2523610075/1775574356.csv,2523610075,5,30NM,train,test,train,train,train
A/20305/2523610134/1775574355.csv,2523610134,5,30NM,train,test,train,train,train
A/20305/2523610432/1775574356.csv,2523610432,5,30NM,test,test,train,train,train
A/20305/2524610033/1775574356.csv,2524610033,5,30NM,train,test,train,train,train
A/20305/2524610041/1775574356.csv,2524610041,5,30NM,train,test,train,train,train
A/20305/2524610049/1775574356.csv,2524610049,5,30NM,train,test,train,train,train
A/20305/2524610082/1775574356.csv,2524610082,5,30NM,train,test,train,train,train
A/20305/2546610759/1775574355.csv,2546610759,5,30NM,train,test,train,train,train
A/20305/2548610286/1775574356.csv,2548610286,5,30NM,train,test,train,train,train
A/20401/2521610325/1775574373.csv,2521610325,1,30NM,train,train,train,train,train
A/20401/2523610003/1775574373.csv,2523610003,1,30NM,train,train,test,train,train
A/20401/2523610075/1775574373.csv,2523610075,1,30NM,train,train,train,train,train
A/20401/2523610126/1775574373.csv,2523610126,1,30NM,train,train,train,train,train
A/20401/2523610134/1775574373.csv,2523610134,1,30NM,train,train,train,train,train
A/20401/2523610432/1775574373.csv,2523610432,1,30NM,train,train,train,train,train
A/20401/2524610033/1775574373.csv,2524610033,1,30NM,train,train,train,train,train
A/20401/2524610041/1775574373.csv,2524610041,1,30NM,train,train,train,train,train
A/20401/2524610049/1775574373.csv,2524610049,1,30NM,train,train,train,train,train
A/20401/2524610074/1775574375.csv,2524610074,1,30NM,train,train,test,train,train
A/20401/2524610082/1775574373.csv,2524610082,1,30NM,train,train,train,train,train
A/20401/2546610759/1775574373.csv,2546610759,1,30NM,train,train,train,train,train
A/20401/2548610286/1775574373.csv,2548610286,1,30NM,test,train,train,train,train
A/20402/2521610325/1775574391.csv,2521610325,2,30NM,train,train,train,train,train
A/20402/2523610003/1775574391.csv,2523610003,2,30NM,train,train,test,train,train
A/20402/2523610041/1775574391.csv,2523610041,2,30NM,train,train,train,train,train
A/20402/2523610075/1775574391.csv,2523610075,2,30NM,train,train,train,train,train
A/20402/2523610126/1775574391.csv,2523610126,2,30NM,train,train,train,train,train
A/20402/2523610134/1775574391.csv,2523610134,2,30NM,train,train,train,train,train
A/20402/2523610432/1775574391.csv,2523610432,2,30NM,test,train,train,train,train
A/20402/2524610033/1775574391.csv,2524610033,2,30NM,train,train,train,train,train
A/20402/2524610041/1775574391.csv,2524610041,2,30NM,train,train,train,train,train
A/20402/2524610049/1775574391.csv,2524610049,2,30NM,train,train,train,train,train
A/20402/2524610082/1775574391.csv,2524610082,2,30NM,train,train,train,train,train
A/20402/2546610759/1775574391.csv,2546610759,2,30NM,train,train,train,train,train
A/20402/2548610286/1775574391.csv,2548610286,2,30NM,train,train,train,train,train
A/20403/2521610325/1775574409.csv,2521610325,3,30NM,train,train,train,train,train
A/20403/2523610003/1775574409.csv,2523610003,3,30NM,test,train,test,train,train
A/20403/2523610041/1775574409.csv,2523610041,3,30NM,train,train,train,train,train
A/20403/2523610075/1775574409.csv,2523610075,3,30NM,train,train,train,train,train
A/20403/2523610126/1775574409.csv,2523610126,3,30NM,train,train,train,train,train
A/20403/2523610134/1775574409.csv,2523610134,3,30NM,train,train,train,train,train
A/20403/2523610432/1775574409.csv,2523610432,3,30NM,train,train,train,train,train
A/20403/2524610033/1775574409.csv,2524610033,3,30NM,train,train,train,train,train
A/20403/2524610041/1775574409.csv,2524610041,3,30NM,test,train,train,train,train
A/20403/2524610049/1775574409.csv,2524610049,3,30NM,train,train,train,train,train
A/20403/2524610082/1775574409.csv,2524610082,3,30NM,train,train,train,train,train
A/20403/2546610759/1775574409.csv,2546610759,3,30NM,train,train,train,train,train
A/20403/2548610286/1775574409.csv,2548610286,3,30NM,train,train,train,train,train
A/20404/2521610325/1775574427.csv,2521610325,4,30NM,train,test,train,train,train
A/20404/2523610003/1775574428.csv,2523610003,4,30NM,train,test,test,train,test
A/20404/2523610075/1775574427.csv,2523610075,4,30NM,train,test,train,train,train
A/20404/2523610126/1775574428.csv,2523610126,4,30NM,train,test,train,train,train
A/20404/2523610134/1775574427.csv,2523610134,4,30NM,test,test,train,train,train
A/20404/2523610160/1775574429.csv,2523610160,4,30NM,train,test,train,train,train
A/20404/2523610432/1775574427.csv,2523610432,4,30NM,test,test,train,train,train
A/20404/2524610033/1775574427.csv,2524610033,4,30NM,train,test,train,train,train
A/20404/2524610041/1775574427.csv,2524610041,4,30NM,train,test,train,train,train
A/20404/2524610049/1775574427.csv,2524610049,4,30NM,train,test,train,train,train
A/20404/2524610074/1775574428.csv,2524610074,4,30NM,test,test,test,train,test
A/20404/2524610082/1775574427.csv,2524610082,4,30NM,train,test,train,train,train
A/20404/2546610759/1775574427.csv,2546610759,4,30NM,test,test,train,train,train
A/20404/2548610286/1775574427.csv,2548610286,4,30NM,train,test,train,train,train
A/20405/2521610325/1775574445.csv,2521610325,5,30NM,train,test,train,train,train
A/20405/2523610003/1775574446.csv,2523610003,5,30NM,test,test,test,train,test
A/20405/2523610041/1775574446.csv,2523610041,5,30NM,train,test,train,train,train
A/20405/2523610075/1775574445.csv,2523610075,5,30NM,test,test,train,train,train
A/20405/2523610126/1775574447.csv,2523610126,5,30NM,train,test,train,train,train
A/20405/2523610134/1775574445.csv,2523610134,5,30NM,train,test,train,train,train
A/20405/2523610432/1775574445.csv,2523610432,5,30NM,train,test,train,train,train
A/20405/2524610033/1775574445.csv,2524610033,5,30NM,train,test,train,train,train
A/20405/2524610041/1775574445.csv,2524610041,5,30NM,train,test,train,train,train
A/20405/2524610049/1775574445.csv,2524610049,5,30NM,train,test,train,train,train
A/20405/2524610082/1775574445.csv,2524610082,5,30NM,train,test,train,train,train
A/20405/2546610759/1775574445.csv,2546610759,5,30NM,train,test,train,train,train
A/20405/2548610286/1775574445.csv,2548610286,5,30NM,train,test,train,train,train
A/30001/2521610325/1775577039.csv,2521610325,1,30NM,train,train,train,train,train
A/30001/2523610003/1775577039.csv,2523610003,1,30NM,train,train,test,train,train
A/30001/2523610041/1775577039.csv,2523610041,1,30NM,train,train,train,train,train
A/30001/2523610075/1775577039.csv,2523610075,1,30NM,train,train,train,train,train
A/30001/2523610126/1775577039.csv,2523610126,1,30NM,train,train,train,train,train
A/30001/2523610134/1775577039.csv,2523610134,1,30NM,train,train,train,train,train
A/30001/2523610160/1775577038.csv,2523610160,1,30NM,test,train,train,train,train
A/30001/2523610432/1775577039.csv,2523610432,1,30NM,train,train,train,train,train
A/30001/2524610033/1775577039.csv,2524610033,1,30NM,train,train,train,train,train
A/30001/2524610041/1775577039.csv,2524610041,1,30NM,train,train,train,train,train
A/30001/2524610049/1775577038.csv,2524610049,1,30NM,train,train,train,train,train
A/30001/2524610074/1775577039.csv,2524610074,1,30NM,train,train,test,train,train
A/30001/2524610082/1775577039.csv,2524610082,1,30NM,train,train,train,train,train
A/30001/2546610759/1775577039.csv,2546610759,1,30NM,test,train,train,train,train
A/30001/2548610286/1775577039.csv,2548610286,1,30NM,train,train,train,train,train
A/30002/2521610325/1775577057.csv,2521610325,2,30NM,train,train,train,train,train
A/30002/2523610003/1775577057.csv,2523610003,2,30NM,test,train,test,train,train
A/30002/2523610041/1775577057.csv,2523610041,2,30NM,train,train,train,train,train
A/30002/2523610075/1775577057.csv,2523610075,2,30NM,train,train,train,train,train
A/30002/2523610126/1775577057.csv,2523610126,2,30NM,test,train,train,train,train
A/30002/2523610134/1775577057.csv,2523610134,2,30NM,test,train,train,train,train
A/30002/2523610160/1775577056.csv,2523610160,2,30NM,train,train,train,train,train
A/30002/2523610432/1775577057.csv,2523610432,2,30NM,train,train,train,train,train
A/30002/2524610033/1775577057.csv,2524610033,2,30NM,train,train,train,train,train
A/30002/2524610041/1775577057.csv,2524610041,2,30NM,train,train,train,train,train
A/30002/2524610049/1775577056.csv,2524610049,2,30NM,train,train,train,train,train
A/30002/2524610074/1775577057.csv,2524610074,2,30NM,train,train,test,train,train
A/30002/2524610082/1775577057.csv,2524610082,2,30NM,train,train,train,train,train
A/30002/2546610759/1775577057.csv,2546610759,2,30NM,test,train,train,train,train
A/30002/2548610286/1775577057.csv,2548610286,2,30NM,train,train,train,train,train
A/30003/2521610325/1775577075.csv,2521610325,3,30NM,train,train,train,train,train
A/30003/2523610003/1775577075.csv,2523610003,3,30NM,train,train,test,train,train
A/30003/2523610041/1775577075.csv,2523610041,3,30NM,test,train,train,train,train
A/30003/2523610075/1775577075.csv,2523610075,3,30NM,train,train,train,train,train
A/30003/2523610126/1775577075.csv,2523610126,3,30NM,train,train,train,train,train
A/30003/2523610134/1775577075.csv,2523610134,3,30NM,train,train,train,train,train
A/30003/2523610432/1775577075.csv,2523610432,3,30NM,train,train,train,train,train
A/30003/2524610033/1775577075.csv,2524610033,3,30NM,train,train,train,train,train
A/30003/2524610041/1775577075.csv,2524610041,3,30NM,train,train,train,train,train
A/30003/2524610049/1775577074.csv,2524610049,3,30NM,train,train,train,train,train
A/30003/2524610074/1775577075.csv,2524610074,3,30NM,train,train,test,train,train
A/30003/2524610082/1775577075.csv,2524610082,3,30NM,test,train,train,train,train
A/30003/2546610759/1775577075.csv,2546610759,3,30NM,train,train,train,train,train
A/30003/2548610286/1775577075.csv,2548610286,3,30NM,train,train,train,train,train
A/30004/2521610325/1775577093.csv,2521610325,4,30NM,train,test,train,train,train
A/30004/2523610003/1775577093.csv,2523610003,4,30NM,train,test,test,train,test
A/30004/2523610041/1775577093.csv,2523610041,4,30NM,train,test,train,train,train
A/30004/2523610075/1775577093.csv,2523610075,4,30NM,train,test,train,train,train
A/30004/2523610126/1775577093.csv,2523610126,4,30NM,train,test,train,train,train
A/30004/2523610134/1775577093.csv,2523610134,4,30NM,test,test,train,train,train
A/30004/2523610432/1775577093.csv,2523610432,4,30NM,train,test,train,train,train
A/30004/2524610033/1775577093.csv,2524610033,4,30NM,train,test,train,train,train
A/30004/2524610041/1775577093.csv,2524610041,4,30NM,train,test,train,train,train
A/30004/2524610049/1775577092.csv,2524610049,4,30NM,test,test,train,train,train
A/30004/2524610074/1775577093.csv,2524610074,4,30NM,train,test,test,train,test
A/30004/2524610082/1775577093.csv,2524610082,4,30NM,train,test,train,train,train
A/30004/2546610759/1775577093.csv,2546610759,4,30NM,test,test,train,train,train
A/30004/2548610286/1775577093.csv,2548610286,4,30NM,test,test,train,train,train
A/30005/2521610325/1775577111.csv,2521610325,5,30NM,train,test,train,train,train
A/30005/2523610003/1775577111.csv,2523610003,5,30NM,train,test,test,train,test
A/30005/2523610041/1775577111.csv,2523610041,5,30NM,train,test,train,train,train
A/30005/2523610075/1775577111.csv,2523610075,5,30NM,test,test,train,train,train
A/30005/2523610126/1775577111.csv,2523610126,5,30NM,train,test,train,train,train
A/30005/2523610134/1775577111.csv,2523610134,5,30NM,train,test,train,train,train
A/30005/2523610432/1775577111.csv,2523610432,5,30NM,train,test,train,train,train
A/30005/2524610033/1775577111.csv,2524610033,5,30NM,train,test,train,train,train
A/30005/2524610041/1775577111.csv,2524610041,5,30NM,train,test,train,train,train
A/30005/2524610049/1775577110.csv,2524610049,5,30NM,train,test,train,train,train
A/30005/2524610074/1775577111.csv,2524610074,5,30NM,train,test,test,train,test
A/30005/2524610082/1775577111.csv,2524610082,5,30NM,test,test,train,train,train
A/30005/2546610759/1775577111.csv,2546610759,5,30NM,test,test,train,train,train
A/30005/2548610286/1775577111.csv,2548610286,5,30NM,train,test,train,train,train
A/30101/2521610325/1775574643.csv,2521610325,1,30NM,train,train,train,train,train
A/30101/2523610003/1775574643.csv,2523610003,1,30NM,train,train,test,train,train
A/30101/2523610041/1775574643.csv,2523610041,1,30NM,train,train,train,train,train
A/30101/2523610075/1775574643.csv,2523610075,1,30NM,train,train,train,train,train
A/30101/2523610126/1775574643.csv,2523610126,1,30NM,test,train,train,train,train
A/30101/2523610134/1775574643.csv,2523610134,1,30NM,train,train,train,train,train
A/30101/2523610432/1775574643.csv,2523610432,1,30NM,train,train,train,train,train
A/30101/2524610033/1775574643.csv,2524610033,1,30NM,test,train,train,train,train
A/30101/2524610041/1775574643.csv,2524610041,1,30NM,train,train,train,train,train
A/30101/2524610049/1775574643.csv,2524610049,1,30NM,train,train,train,train,train
A/30101/2524610074/1775574643.csv,2524610074,1,30NM,train,train,test,train,train
A/30101/2524610082/1775574643.csv,2524610082,1,30NM,train,train,train,train,train
A/30101/2546610759/1775574643.csv,2546610759,1,30NM,train,train,train,train,train
A/30101/2548610286/1775574643.csv,2548610286,1,30NM,train,train,train,train,train
A/30102/2521610325/1775574661.csv,2521610325,2,30NM,test,train,train,train,train
A/30102/2523610003/1775574661.csv,2523610003,2,30NM,train,train,test,train,train
A/30102/2523610041/1775574661.csv,2523610041,2,30NM,train,train,train,train,train
A/30102/2523610075/1775574661.csv,2523610075,2,30NM,train,train,train,train,train
A/30102/2523610126/1775574661.csv,2523610126,2,30NM,train,train,train,train,train
A/30102/2523610134/1775574661.csv,2523610134,2,30NM,train,train,train,train,train
A/30102/2523610432/1775574661.csv,2523610432,2,30NM,train,train,train,train,train
A/30102/2524610033/1775574661.csv,2524610033,2,30NM,train,train,train,train,train
A/30102/2524610041/1775574661.csv,2524610041,2,30NM,train,train,train,train,train
A/30102/2524610049/1775574661.csv,2524610049,2,30NM,test,train,train,train,train
A/30102/2524610074/1775574661.csv,2524610074,2,30NM,train,train,test,train,train
A/30102/2524610082/1775574661.csv,2524610082,2,30NM,train,train,train,train,train
A/30102/2546610759/1775574661.csv,2546610759,2,30NM,train,train,train,train,train
A/30102/2548610286/1775574661.csv,2548610286,2,30NM,test,train,train,train,train
A/30103/2521610325/1775574679.csv,2521610325,3,30NM,train,train,train,train,train
A/30103/2523610003/1775574679.csv,2523610003,3,30NM,train,train,test,train,train
A/30103/2523610041/1775574679.csv,2523610041,3,30NM,train,train,train,train,train
A/30103/2523610075/1775574679.csv,2523610075,3,30NM,train,train,train,train,train
A/30103/2523610126/1775574679.csv,2523610126,3,30NM,train,train,train,train,train
A/30103/2523610134/1775574679.csv,2523610134,3,30NM,train,train,train,train,train
A/30103/2523610432/1775574679.csv,2523610432,3,30NM,train,train,train,train,train
A/30103/2524610033/1775574679.csv,2524610033,3,30NM,train,train,train,train,train
A/30103/2524610041/1775574679.csv,2524610041,3,30NM,test,train,train,train,train
A/30103/2524610049/1775574679.csv,2524610049,3,30NM,train,train,train,train,train
A/30103/2524610074/1775574679.csv,2524610074,3,30NM,train,train,test,train,train
A/30103/2524610082/1775574679.csv,2524610082,3,30NM,train,train,train,train,train
A/30103/2546610759/1775574679.csv,2546610759,3,30NM,train,train,train,train,train
A/30103/2548610286/1775574679.csv,2548610286,3,30NM,train,train,train,train,train
A/30104/2521610325/1775574697.csv,2521610325,4,30NM,train,test,train,train,train
A/30104/2523610003/1775574697.csv,2523610003,4,30NM,test,test,test,train,test
A/30104/2523610041/1775574697.csv,2523610041,4,30NM,test,test,train,train,train
A/30104/2523610075/1775574697.csv,2523610075,4,30NM,test,test,train,train,train
A/30104/2523610126/1775574697.csv,2523610126,4,30NM,test,test,train,train,train
A/30104/2523610134/1775574697.csv,2523610134,4,30NM,test,test,train,train,train
A/30104/2523610432/1775574697.csv,2523610432,4,30NM,train,test,train,train,train
A/30104/2524610033/1775574697.csv,2524610033,4,30NM,train,test,train,train,train
A/30104/2524610041/1775574697.csv,2524610041,4,30NM,train,test,train,train,train
A/30104/2524610049/1775574697.csv,2524610049,4,30NM,train,test,train,train,train
A/30104/2524610074/1775574697.csv,2524610074,4,30NM,train,test,test,train,test
A/30104/2524610082/1775574697.csv,2524610082,4,30NM,test,test,train,train,train
A/30104/2546610759/1775574697.csv,2546610759,4,30NM,train,test,train,train,train
A/30104/2548610286/1775574697.csv,2548610286,4,30NM,train,test,train,train,train
A/30105/2521610325/1775574715.csv,2521610325,5,30NM,train,test,train,train,train
A/30105/2523610003/1775574715.csv,2523610003,5,30NM,train,test,test,train,test
A/30105/2523610041/1775574715.csv,2523610041,5,30NM,train,test,train,train,train
A/30105/2523610075/1775574715.csv,2523610075,5,30NM,test,test,train,train,train
A/30105/2523610126/1775574715.csv,2523610126,5,30NM,train,test,train,train,train
A/30105/2523610134/1775574715.csv,2523610134,5,30NM,train,test,train,train,train
A/30105/2523610432/1775574715.csv,2523610432,5,30NM,train,test,train,train,train
A/30105/2524610033/1775574715.csv,2524610033,5,30NM,train,test,train,train,train
A/30105/2524610041/1775574715.csv,2524610041,5,30NM,train,test,train,train,train
A/30105/2524610049/1775574715.csv,2524610049,5,30NM,train,test,train,train,train
A/30105/2524610074/1775574715.csv,2524610074,5,30NM,train,test,test,train,test
A/30105/2524610082/1775574715.csv,2524610082,5,30NM,train,test,train,train,train
A/30105/2546610759/1775574715.csv,2546610759,5,30NM,test,test,train,train,train
A/30105/2548610286/1775574715.csv,2548610286,5,30NM,train,test,train,train,train
A/30201/2521610325/1775574733.csv,2521610325,1,30NM,test,train,train,train,train
A/30201/2523610003/1775574733.csv,2523610003,1,30NM,train,train,test,train,train
A/30201/2523610041/1775574733.csv,2523610041,1,30NM,train,train,train,train,train
A/30201/2523610075/1775574733.csv,2523610075,1,30NM,test,train,train,train,train
A/30201/2523610126/1775574733.csv,2523610126,1,30NM,train,train,train,train,train
A/30201/2523610134/1775574733.csv,2523610134,1,30NM,train,train,train,train,train
A/30201/2523610432/1775574733.csv,2523610432,1,30NM,train,train,train,train,train
A/30201/2524610033/1775574733.csv,2524610033,1,30NM,train,train,train,train,train
A/30201/2524610041/1775574733.csv,2524610041,1,30NM,train,train,train,train,train
A/30201/2524610049/1775574733.csv,2524610049,1,30NM,test,train,train,train,train
A/30201/2524610074/1775574733.csv,2524610074,1,30NM,test,train,test,train,train
A/30201/2524610082/1775574733.csv,2524610082,1,30NM,train,train,train,train,train
A/30201/2546610759/1775574733.csv,2546610759,1,30NM,train,train,train,train,train
A/30201/2548610286/1775574733.csv,2548610286,1,30NM,train,train,train,train,train
A/30202/2521610325/1775574751.csv,2521610325,2,30NM,train,train,train,train,train
A/30202/2523610003/1775574751.csv,2523610003,2,30NM,train,train,test,train,train
A/30202/2523610041/1775574751.csv,2523610041,2,30NM,test,train,train,train,train
A/30202/2523610075/1775574751.csv,2523610075,2,30NM,test,train,train,train,train
A/30202/2523610126/1775574751.csv,2523610126,2,30NM,train,train,train,train,train
A/30202/2523610134/1775574751.csv,2523610134,2,30NM,train,train,train,train,train
A/30202/2523610432/1775574751.csv,2523610432,2,30NM,train,train,train,train,train
A/30202/2524610033/1775574751.csv,2524610033,2,30NM,train,train,train,train,train
A/30202/2524610041/1775574751.csv,2524610041,2,30NM,train,train,train,train,train
A/30202/2524610049/1775574751.csv,2524610049,2,30NM,train,train,train,train,train
A/30202/2524610074/1775574751.csv,2524610074,2,30NM,train,train,test,train,train
A/30202/2524610082/1775574751.csv,2524610082,2,30NM,train,train,train,train,train
A/30202/2546610759/1775574751.csv,2546610759,2,30NM,test,train,train,train,train
A/30202/2548610286/1775574751.csv,2548610286,2,30NM,train,train,train,train,train
A/30203/2521610325/1775574769.csv,2521610325,3,30NM,test,train,train,train,train
A/30203/2523610003/1775574769.csv,2523610003,3,30NM,train,train,test,train,train
A/30203/2523610041/1775574769.csv,2523610041,3,30NM,train,train,train,train,train
A/30203/2523610075/1775574769.csv,2523610075,3,30NM,train,train,train,train,train
A/30203/2523610126/1775574769.csv,2523610126,3,30NM,train,train,train,train,train
A/30203/2523610134/1775574769.csv,2523610134,3,30NM,train,train,train,train,train
A/30203/2523610432/1775574769.csv,2523610432,3,30NM,train,train,train,train,train
A/30203/2524610033/1775574769.csv,2524610033,3,30NM,test,train,train,train,train
A/30203/2524610041/1775574769.csv,2524610041,3,30NM,train,train,train,train,train
A/30203/2524610049/1775574769.csv,2524610049,3,30NM,train,train,train,train,train
A/30203/2524610074/1775574769.csv,2524610074,3,30NM,train,train,test,train,train
A/30203/2524610082/1775574769.csv,2524610082,3,30NM,train,train,train,train,train
A/30203/2546610759/1775574769.csv,2546610759,3,30NM,train,train,train,train,train
A/30203/2548610286/1775574769.csv,2548610286,3,30NM,train,train,train,train,train
A/30204/2521610325/1775574787.csv,2521610325,4,30NM,test,test,train,train,train
A/30204/2523610003/1775574787.csv,2523610003,4,30NM,test,test,test,train,test
A/30204/2523610041/1775574787.csv,2523610041,4,30NM,train,test,train,train,train
A/30204/2523610075/1775574787.csv,2523610075,4,30NM,train,test,train,train,train
A/30204/2523610126/1775574787.csv,2523610126,4,30NM,train,test,train,train,train
A/30204/2523610134/1775574787.csv,2523610134,4,30NM,test,test,train,train,train
A/30204/2523610432/1775574787.csv,2523610432,4,30NM,train,test,train,train,train
A/30204/2524610033/1775574787.csv,2524610033,4,30NM,train,test,train,train,train
A/30204/2524610041/1775574787.csv,2524610041,4,30NM,train,test,train,train,train
A/30204/2524610049/1775574787.csv,2524610049,4,30NM,train,test,train,train,train
A/30204/2524610074/1775574787.csv,2524610074,4,30NM,train,test,test,train,test
A/30204/2524610082/1775574787.csv,2524610082,4,30NM,train,test,train,train,train
A/30204/2546610759/1775574787.csv,2546610759,4,30NM,train,test,train,train,train
A/30204/2548610286/1775574787.csv,2548610286,4,30NM,train,test,train,train,train
A/30205/2521610325/1775574805.csv,2521610325,5,30NM,test,test,train,train,train
A/30205/2523610003/1775574805.csv,2523610003,5,30NM,train,test,test,train,test
A/30205/2523610041/1775574804.csv,2523610041,5,30NM,train,test,train,train,train
A/30205/2523610075/1775574805.csv,2523610075,5,30NM,train,test,train,train,train
A/30205/2523610126/1775574805.csv,2523610126,5,30NM,test,test,train,train,train
A/30205/2523610134/1775574805.csv,2523610134,5,30NM,train,test,train,train,train
A/30205/2523610432/1775574805.csv,2523610432,5,30NM,train,test,train,train,train
A/30205/2524610033/1775574805.csv,2524610033,5,30NM,train,test,train,train,train
A/30205/2524610041/1775574805.csv,2524610041,5,30NM,train,test,train,train,train
A/30205/2524610049/1775574805.csv,2524610049,5,30NM,train,test,train,train,train
A/30205/2524610074/1775574805.csv,2524610074,5,30NM,train,test,test,train,test
A/30205/2524610082/1775574805.csv,2524610082,5,30NM,train,test,train,train,train
A/30205/2546610759/1775574805.csv,2546610759,5,30NM,test,test,train,train,train
A/30205/2548610286/1775574804.csv,2548610286,5,30NM,train,test,train,train,train
A/30301/2521610325/1775574822.csv,2521610325,1,30NM,train,train,train,train,train
A/30301/2523610003/1775574822.csv,2523610003,1,30NM,train,train,test,train,train
A/30301/2523610041/1775574822.csv,2523610041,1,30NM,train,train,train,train,train
A/30301/2523610075/1775574822.csv,2523610075,1,30NM,train,train,train,train,train
A/30301/2523610126/1775574822.csv,2523610126,1,30NM,train,train,train,train,train
A/30301/2523610134/1775574822.csv,2523610134,1,30NM,test,train,train,train,train
A/30301/2523610160/1775574822.csv,2523610160,1,30NM,train,train,train,train,train
A/30301/2523610432/1775574822.csv,2523610432,1,30NM,train,train,train,train,train
A/30301/2524610033/1775574822.csv,2524610033,1,30NM,train,train,train,train,train
A/30301/2524610041/1775574822.csv,2524610041,1,30NM,test,train,train,train,train
A/30301/2524610049/1775574821.csv,2524610049,1,30NM,train,train,train,train,train
A/30301/2524610074/1775574822.csv,2524610074,1,30NM,train,train,test,train,train
A/30301/2524610082/1775574822.csv,2524610082,1,30NM,test,train,train,train,train
A/30301/2546610759/1775574822.csv,2546610759,1,30NM,train,train,train,train,train
A/30301/2548610286/1775574822.csv,2548610286,1,30NM,test,train,train,train,train
A/30302/2521610325/1775574840.csv,2521610325,2,30NM,train,train,train,train,train
A/30302/2523610003/1775574840.csv,2523610003,2,30NM,train,train,test,train,train
A/30302/2523610041/1775574840.csv,2523610041,2,30NM,train,train,train,train,train
A/30302/2523610075/1775574840.csv,2523610075,2,30NM,test,train,train,train,train
A/30302/2523610126/1775574840.csv,2523610126,2,30NM,train,train,train,train,train
A/30302/2523610134/1775574840.csv,2523610134,2,30NM,train,train,train,train,train
A/30302/2523610160/1775574840.csv,2523610160,2,30NM,train,train,train,train,train
A/30302/2523610432/1775574840.csv,2523610432,2,30NM,train,train,train,train,train
A/30302/2524610033/1775574840.csv,2524610033,2,30NM,train,train,train,train,train
A/30302/2524610041/1775574840.csv,2524610041,2,30NM,train,train,train,train,train
A/30302/2524610049/1775574840.csv,2524610049,2,30NM,test,train,train,train,train
A/30302/2524610074/1775574840.csv,2524610074,2,30NM,train,train,test,train,train
A/30302/2524610082/1775574840.csv,2524610082,2,30NM,train,train,train,train,train
A/30302/2546610759/1775574840.csv,2546610759,2,30NM,train,train,train,train,train
A/30302/2548610286/1775574840.csv,2548610286,2,30NM,train,train,train,train,train
A/30303/2521610325/1775574858.csv,2521610325,3,30NM,train,train,train,train,train
A/30303/2523610003/1775574858.csv,2523610003,3,30NM,train,train,test,train,train
A/30303/2523610041/1775574858.csv,2523610041,3,30NM,train,train,train,train,train
A/30303/2523610075/1775574858.csv,2523610075,3,30NM,train,train,train,train,train
A/30303/2523610126/1775574858.csv,2523610126,3,30NM,train,train,train,train,train
A/30303/2523610134/1775574858.csv,2523610134,3,30NM,train,train,train,train,train
A/30303/2523610160/1775574858.csv,2523610160,3,30NM,train,train,train,train,train
A/30303/2523610432/1775574858.csv,2523610432,3,30NM,train,train,train,train,train
A/30303/2524610033/1775574858.csv,2524610033,3,30NM,train,train,train,train,train
A/30303/2524610041/1775574858.csv,2524610041,3,30NM,train,train,train,train,train
A/30303/2524610049/1775574858.csv,2524610049,3,30NM,test,train,train,train,train
A/30303/2524610074/1775574858.csv,2524610074,3,30NM,train,train,test,train,train
A/30303/2524610082/1775574858.csv,2524610082,3,30NM,train,train,train,train,train
A/30303/2546610759/1775574858.csv,2546610759,3,30NM,train,train,train,train,train
A/30303/2548610286/1775574858.csv,2548610286,3,30NM,train,train,train,train,train
A/30304/2521610325/1775574876.csv,2521610325,4,30NM,train,test,train,train,train
A/30304/2523610003/1775574876.csv,2523610003,4,30NM,train,test,test,train,test
A/30304/2523610041/1775574876.csv,2523610041,4,30NM,train,test,train,train,train
A/30304/2523610075/1775574876.csv,2523610075,4,30NM,test,test,train,train,train
A/30304/2523610126/1775574876.csv,2523610126,4,30NM,train,test,train,train,train
A/30304/2523610134/1775574876.csv,2523610134,4,30NM,train,test,train,train,train
A/30304/2523610160/1775574876.csv,2523610160,4,30NM,train,test,train,train,train
A/30304/2523610432/1775574876.csv,2523610432,4,30NM,test,test,train,train,train
A/30304/2524610033/1775574876.csv,2524610033,4,30NM,train,test,train,train,train
A/30304/2524610041/1775574876.csv,2524610041,4,30NM,train,test,train,train,train
A/30304/2524610049/1775574876.csv,2524610049,4,30NM,train,test,train,train,train
A/30304/2524610074/1775574876.csv,2524610074,4,30NM,train,test,test,train,test
A/30304/2524610082/1775574876.csv,2524610082,4,30NM,test,test,train,train,train
A/30304/2546610759/1775574876.csv,2546610759,4,30NM,train,test,train,train,train
A/30304/2548610286/1775574876.csv,2548610286,4,30NM,train,test,train,train,train
A/30305/2521610325/1775574894.csv,2521610325,5,30NM,train,test,train,train,train
A/30305/2523610003/1775574894.csv,2523610003,5,30NM,train,test,test,train,test
A/30305/2523610041/1775574894.csv,2523610041,5,30NM,test,test,train,train,train
A/30305/2523610075/1775574894.csv,2523610075,5,30NM,train,test,train,train,train
A/30305/2523610126/1775574894.csv,2523610126,5,30NM,train,test,train,train,train
A/30305/2523610134/1775574894.csv,2523610134,5,30NM,test,test,train,train,train
A/30305/2523610160/1775574894.csv,2523610160,5,30NM,test,test,train,train,train
A/30305/2523610432/1775574894.csv,2523610432,5,30NM,train,test,train,train,train
A/30305/2524610033/1775574894.csv,2524610033,5,30NM,train,test,train,train,train
A/30305/2524610041/1775574894.csv,2524610041,5,30NM,train,test,train,train,train
A/30305/2524610049/1775574894.csv,2524610049,5,30NM,train,test,train,train,train
A/30305/2524610074/1775574894.csv,2524610074,5,30NM,train,test,test,train,test
A/30305/2524610082/1775574894.csv,2524610082,5,30NM,train,test,train,train,train
A/30305/2546610759/1775574894.csv,2546610759,5,30NM,test,test,train,train,train
A/30305/2548610286/1775574894.csv,2548610286,5,30NM,test,test,train,train,train
A/30401/2521610325/1775574913.csv,2521610325,1,30NM,test,train,train,train,train
A/30401/2523610003/1775574913.csv,2523610003,1,30NM,test,train,test,train,train
A/30401/2523610041/1775574912.csv,2523610041,1,30NM,train,train,train,train,train
A/30401/2523610075/1775574913.csv,2523610075,1,30NM,train,train,train,train,train
A/30401/2523610126/1775574913.csv,2523610126,1,30NM,train,train,train,train,train
A/30401/2523610134/1775574913.csv,2523610134,1,30NM,train,train,train,train,train
A/30401/2523610160/1775574912.csv,2523610160,1,30NM,train,train,train,train,train
A/30401/2523610432/1775574912.csv,2523610432,1,30NM,train,train,train,train,train
A/30401/2524610033/1775574913.csv,2524610033,1,30NM,train,train,train,train,train
A/30401/2524610041/1775574913.csv,2524610041,1,30NM,train,train,train,train,train
A/30401/2524610049/1775574912.csv,2524610049,1,30NM,train,train,train,train,train
A/30401/2524610074/1775574913.csv,2524610074,1,30NM,train,train,test,train,train
A/30401/2524610082/1775574913.csv,2524610082,1,30NM,train,train,train,train,train
A/30401/2546610759/1775574913.csv,2546610759,1,30NM,train,train,train,train,train
A/30401/2548610286/1775574913.csv,2548610286,1,30NM,test,train,train,train,train
A/30402/2521610325/1775574931.csv,2521610325,2,30NM,test,train,train,train,train
A/30402/2523610003/1775574931.csv,2523610003,2,30NM,train,train,test,train,train
A/30402/2523610041/1775574930.csv,2523610041,2,30NM,train,train,train,train,train
A/30402/2523610075/1775574931.csv,2523610075,2,30NM,train,train,train,train,train
A/30402/2523610126/1775574931.csv,2523610126,2,30NM,train,train,train,train,train
A/30402/2523610134/1775574931.csv,2523610134,2,30NM,test,train,train,train,train
A/30402/2523610160/1775574930.csv,2523610160,2,30NM,train,train,train,train,train
A/30402/2523610432/1775574931.csv,2523610432,2,30NM,train,train,train,train,train
A/30402/2524610033/1775574931.csv,2524610033,2,30NM,train,train,train,train,train
A/30402/2524610041/1775574931.csv,2524610041,2,30NM,train,train,train,train,train
A/30402/2524610049/1775574930.csv,2524610049,2,30NM,test,train,train,train,train
A/30402/2524610074/1775574931.csv,2524610074,2,30NM,train,train,test,train,train
A/30402/2524610082/1775574931.csv,2524610082,2,30NM,train,train,train,train,train
A/30402/2546610759/1775574931.csv,2546610759,2,30NM,train,train,train,train,train
A/30402/2548610286/1775574931.csv,2548610286,2,30NM,train,train,train,train,train
A/30403/2521610325/1775574949.csv,2521610325,3,30NM,test,train,train,train,train
A/30403/2523610003/1775574949.csv,2523610003,3,30NM,test,train,test,train,train
A/30403/2523610041/1775574949.csv,2523610041,3,30NM,train,train,train,train,train
A/30403/2523610075/1775574949.csv,2523610075,3,30NM,train,train,train,train,train
A/30403/2523610126/1775574949.csv,2523610126,3,30NM,train,train,train,train,train
A/30403/2523610134/1775574949.csv,2523610134,3,30NM,train,train,train,train,train
A/30403/2523610160/1775574949.csv,2523610160,3,30NM,test,train,train,train,train
A/30403/2523610432/1775574949.csv,2523610432,3,30NM,train,train,train,train,train
A/30403/2524610033/1775574949.csv,2524610033,3,30NM,train,train,train,train,train
A/30403/2524610041/1775574949.csv,2524610041,3,30NM,test,train,train,train,train
A/30403/2524610049/1775574948.csv,2524610049,3,30NM,train,train,train,train,train
A/30403/2524610074/1775574949.csv,2524610074,3,30NM,train,train,test,train,train
A/30403/2524610082/1775574949.csv,2524610082,3,30NM,train,train,train,train,train
A/30403/2546610759/1775574949.csv,2546610759,3,30NM,train,train,train,train,train
A/30403/2548610286/1775574949.csv,2548610286,3,30NM,train,train,train,train,train
A/30404/2521610325/1775574967.csv,2521610325,4,30NM,train,test,train,train,train
A/30404/2523610003/1775574967.csv,2523610003,4,30NM,test,test,test,train,test
A/30404/2523610041/1775574967.csv,2523610041,4,30NM,test,test,train,train,train
A/30404/2523610075/1775574967.csv,2523610075,4,30NM,train,test,train,train,train
A/30404/2523610126/1775574967.csv,2523610126,4,30NM,train,test,train,train,train
A/30404/2523610134/1775574967.csv,2523610134,4,30NM,train,test,train,train,train
A/30404/2523610160/1775574967.csv,2523610160,4,30NM,test,test,train,train,train
A/30404/2523610432/1775574967.csv,2523610432,4,30NM,train,test,train,train,train
A/30404/2524610033/1775574967.csv,2524610033,4,30NM,train,test,train,train,train
A/30404/2524610041/1775574967.csv,2524610041,4,30NM,train,test,train,train,train
A/30404/2524610049/1775574966.csv,2524610049,4,30NM,train,test,train,train,train
A/30404/2524610074/1775574967.csv,2524610074,4,30NM,train,test,test,train,test
A/30404/2524610082/1775574967.csv,2524610082,4,30NM,train,test,train,train,train
A/30404/2546610759/1775574967.csv,2546610759,4,30NM,train,test,train,train,train
A/30404/2548610286/1775574967.csv,2548610286,4,30NM,test,test,train,train,train
A/30405/2521610325/1775574985.csv,2521610325,5,30NM,test,test,train,train,train
A/30405/2523610003/1775574985.csv,2523610003,5,30NM,train,test,test,train,test
A/30405/2523610041/1775574985.csv,2523610041,5,30NM,train,test,train,train,train
A/30405/2523610075/1775574985.csv,2523610075,5,30NM,train,test,train,train,train
A/30405/2523610126/1775574985.csv,2523610126,5,30NM,test,test,train,train,train
A/30405/2523610134/1775574985.csv,2523610134,5,30NM,train,test,train,train,train
A/30405/2523610160/1775574985.csv,2523610160,5,30NM,test,test,train,train,train
A/30405/2523610432/1775574985.csv,2523610432,5,30NM,train,test,train,train,train
A/30405/2524610033/1775574985.csv,2524610033,5,30NM,test,test,train,train,train
A/30405/2524610041/1775574985.csv,2524610041,5,30NM,train,test,train,train,train
A/30405/2524610049/1775574984.csv,2524610049,5,30NM,train,test,train,train,train
A/30405/2524610074/1775574985.csv,2524610074,5,30NM,train,test,test,train,test
A/30405/2524610082/1775574985.csv,2524610082,5,30NM,train,test,train,train,train
A/30405/2546610759/1775574985.csv,2546610759,5,30NM,train,test,train,train,train
A/30405/2548610286/1775574985.csv,2548610286,5,30NM,train,test,train,train,train
A/30501/2521610325/1775575003.csv,2521610325,1,30NM,train,train,train,train,train
A/30501/2523610003/1775575004.csv,2523610003,1,30NM,train,train,test,train,train
A/30501/2523610041/1775575003.csv,2523610041,1,30NM,train,train,train,train,train
A/30501/2523610075/1775575003.csv,2523610075,1,30NM,train,train,train,train,train
A/30501/2523610126/1775575003.csv,2523610126,1,30NM,test,train,train,train,train
A/30501/2523610134/1775575003.csv,2523610134,1,30NM,train,train,train,train,train
A/30501/2523610160/1775575003.csv,2523610160,1,30NM,train,train,train,train,train
A/30501/2523610432/1775575003.csv,2523610432,1,30NM,test,train,train,train,train
A/30501/2524610033/1775575003.csv,2524610033,1,30NM,test,train,train,train,train
A/30501/2524610041/1775575003.csv,2524610041,1,30NM,train,train,train,train,train
A/30501/2524610049/1775575003.csv,2524610049,1,30NM,test,train,train,train,train
A/30501/2524610074/1775575003.csv,2524610074,1,30NM,train,train,test,train,train
A/30501/2524610082/1775575003.csv,2524610082,1,30NM,train,train,train,train,train
A/30501/2546610759/1775575003.csv,2546610759,1,30NM,train,train,train,train,train
A/30501/2548610286/1775575003.csv,2548610286,1,30NM,train,train,train,train,train
A/30502/2521610325/1775575021.csv,2521610325,2,30NM,train,train,train,train,train
A/30502/2523610003/1775575021.csv,2523610003,2,30NM,train,train,test,train,train
A/30502/2523610041/1775575021.csv,2523610041,2,30NM,train,train,train,train,train
A/30502/2523610075/1775575021.csv,2523610075,2,30NM,train,train,train,train,train
A/30502/2523610126/1775575021.csv,2523610126,2,30NM,train,train,train,train,train
A/30502/2523610134/1775575021.csv,2523610134,2,30NM,train,train,train,train,train
A/30502/2523610160/1775575021.csv,2523610160,2,30NM,train,train,train,train,train
A/30502/2523610432/1775575021.csv,2523610432,2,30NM,train,train,train,train,train
A/30502/2524610033/1775575021.csv,2524610033,2,30NM,train,train,train,train,train
A/30502/2524610041/1775575021.csv,2524610041,2,30NM,train,train,train,train,train
A/30502/2524610049/1775575021.csv,2524610049,2,30NM,train,train,train,train,train
A/30502/2524610074/1775575021.csv,2524610074,2,30NM,train,train,test,train,train
A/30502/2524610082/1775575021.csv,2524610082,2,30NM,test,train,train,train,train
A/30502/2546610759/1775575021.csv,2546610759,2,30NM,train,train,train,train,train
A/30502/2548610286/1775575021.csv,2548610286,2,30NM,test,train,train,train,train
A/30503/2521610325/1775575039.csv,2521610325,3,30NM,train,train,train,train,train
A/30503/2523610003/1775575039.csv,2523610003,3,30NM,train,train,test,train,train
A/30503/2523610041/1775575039.csv,2523610041,3,30NM,train,train,train,train,train
A/30503/2523610075/1775575039.csv,2523610075,3,30NM,train,train,train,train,train
A/30503/2523610126/1775575039.csv,2523610126,3,30NM,test,train,train,train,train
A/30503/2523610134/1775575039.csv,2523610134,3,30NM,test,train,train,train,train
A/30503/2523610160/1775575039.csv,2523610160,3,30NM,test,train,train,train,train
A/30503/2523610432/1775575039.csv,2523610432,3,30NM,train,train,train,train,train
A/30503/2524610033/1775575039.csv,2524610033,3,30NM,train,train,train,train,train
A/30503/2524610041/1775575039.csv,2524610041,3,30NM,train,train,train,train,train
A/30503/2524610049/1775575039.csv,2524610049,3,30NM,train,train,train,train,train
A/30503/2524610074/1775575039.csv,2524610074,3,30NM,train,train,test,train,train
A/30503/2524610082/1775575039.csv,2524610082,3,30NM,train,train,train,train,train
A/30503/2546610759/1775575039.csv,2546610759,3,30NM,train,train,train,train,train
A/30503/2548610286/1775575039.csv,2548610286,3,30NM,test,train,train,train,train
A/30504/2521610325/1775575057.csv,2521610325,4,30NM,train,test,train,train,train
A/30504/2523610003/1775575057.csv,2523610003,4,30NM,train,test,test,train,test
A/30504/2523610041/1775575057.csv,2523610041,4,30NM,train,test,train,train,train
A/30504/2523610075/1775575057.csv,2523610075,4,30NM,train,test,train,train,train
A/30504/2523610126/1775575057.csv,2523610126,4,30NM,train,test,train,train,train
A/30504/2523610134/1775575057.csv,2523610134,4,30NM,train,test,train,train,train
A/30504/2523610160/1775575057.csv,2523610160,4,30NM,train,test,train,train,train
A/30504/2523610432/1775575057.csv,2523610432,4,30NM,train,test,train,train,train
A/30504/2524610033/1775575057.csv,2524610033,4,30NM,test,test,train,train,train
A/30504/2524610041/1775575057.csv,2524610041,4,30NM,train,test,train,train,train
A/30504/2524610049/1775575057.csv,2524610049,4,30NM,train,test,train,train,train
A/30504/2524610074/1775575057.csv,2524610074,4,30NM,train,test,test,train,test
A/30504/2524610082/1775575057.csv,2524610082,4,30NM,train,test,train,train,train
A/30504/2546610759/1775575057.csv,2546610759,4,30NM,train,test,train,train,train
A/30504/2548610286/1775575057.csv,2548610286,4,30NM,train,test,train,train,train
A/30505/2521610325/1775575075.csv,2521610325,5,30NM,train,test,train,train,train
A/30505/2523610003/1775575076.csv,2523610003,5,30NM,train,test,test,train,test
A/30505/2523610041/1775575075.csv,2523610041,5,30NM,train,test,train,train,train
A/30505/2523610075/1775575075.csv,2523610075,5,30NM,train,test,train,train,train
A/30505/2523610126/1775575075.csv,2523610126,5,30NM,test,test,train,train,train
A/30505/2523610134/1775575075.csv,2523610134,5,30NM,train,test,train,train,train
A/30505/2523610160/1775575075.csv,2523610160,5,30NM,train,test,train,train,train
A/30505/2523610432/1775575075.csv,2523610432,5,30NM,test,test,train,train,train
A/30505/2524610033/1775575075.csv,2524610033,5,30NM,train,test,train,train,train
A/30505/2524610041/1775575075.csv,2524610041,5,30NM,train,test,train,train,train
A/30505/2524610049/1775575075.csv,2524610049,5,30NM,test,test,train,train,train
A/30505/2524610074/1775575075.csv,2524610074,5,30NM,train,test,test,train,test
A/30505/2524610082/1775575075.csv,2524610082,5,30NM,train,test,train,train,train
A/30505/2546610759/1775575075.csv,2546610759,5,30NM,train,test,train,train,train
A/30505/2548610286/1775575075.csv,2548610286,5,30NM,train,test,train,train,train
A/30601/2521610325/1775575093.csv,2521610325,1,30NM,train,train,train,train,train
A/30601/2523610003/1775575094.csv,2523610003,1,30NM,train,train,test,train,train
A/30601/2523610041/1775575093.csv,2523610041,1,30NM,train,train,train,train,train
A/30601/2523610075/1775575093.csv,2523610075,1,30NM,train,train,train,train,train
A/30601/2523610126/1775575093.csv,2523610126,1,30NM,train,train,train,train,train
A/30601/2523610134/1775575093.csv,2523610134,1,30NM,train,train,train,train,train
A/30601/2523610160/1775575093.csv,2523610160,1,30NM,train,train,train,train,train
A/30601/2523610432/1775575093.csv,2523610432,1,30NM,test,train,train,train,train
A/30601/2524610033/1775575093.csv,2524610033,1,30NM,train,train,train,train,train
A/30601/2524610041/1775575093.csv,2524610041,1,30NM,train,train,train,train,train
A/30601/2524610049/1775575093.csv,2524610049,1,30NM,train,train,train,train,train
A/30601/2524610074/1775575093.csv,2524610074,1,30NM,train,train,test,train,train
A/30601/2524610082/1775575093.csv,2524610082,1,30NM,train,train,train,train,train
A/30601/2546610759/1775575093.csv,2546610759,1,30NM,train,train,train,train,train
A/30601/2548610286/1775575093.csv,2548610286,1,30NM,train,train,train,train,train
A/30602/2521610325/1775575111.csv,2521610325,2,30NM,test,train,train,train,train
A/30602/2523610003/1775575112.csv,2523610003,2,30NM,test,train,test,train,train
A/30602/2523610041/1775575111.csv,2523610041,2,30NM,train,train,train,train,train
A/30602/2523610075/1775575111.csv,2523610075,2,30NM,train,train,train,train,train
A/30602/2523610126/1775575111.csv,2523610126,2,30NM,train,train,train,train,train
A/30602/2523610134/1775575111.csv,2523610134,2,30NM,train,train,train,train,train
A/30602/2523610160/1775575111.csv,2523610160,2,30NM,train,train,train,train,train
A/30602/2523610432/1775575111.csv,2523610432,2,30NM,test,train,train,train,train
A/30602/2524610033/1775575111.csv,2524610033,2,30NM,train,train,train,train,train
A/30602/2524610041/1775575111.csv,2524610041,2,30NM,test,train,train,train,train
A/30602/2524610049/1775575111.csv,2524610049,2,30NM,train,train,train,train,train
A/30602/2524610074/1775575111.csv,2524610074,2,30NM,test,train,test,train,train
A/30602/2524610082/1775575111.csv,2524610082,2,30NM,train,train,train,train,train
A/30602/2546610759/1775575111.csv,2546610759,2,30NM,train,train,train,train,train
A/30602/2548610286/1775575111.csv,2548610286,2,30NM,train,train,train,train,train
A/30603/2521610325/1775575129.csv,2521610325,3,30NM,test,train,train,train,train
A/30603/2523610003/1775575130.csv,2523610003,3,30NM,train,train,test,train,train
A/30603/2523610041/1775575129.csv,2523610041,3,30NM,test,train,train,train,train
A/30603/2523610075/1775575129.csv,2523610075,3,30NM,train,train,train,train,train
A/30603/2523610126/1775575129.csv,2523610126,3,30NM,test,train,train,train,train
A/30603/2523610134/1775575129.csv,2523610134,3,30NM,train,train,train,train,train
A/30603/2523610160/1775575129.csv,2523610160,3,30NM,train,train,train,train,train
A/30603/2523610432/1775575129.csv,2523610432,3,30NM,test,train,train,train,train
A/30603/2524610033/1775575129.csv,2524610033,3,30NM,train,train,train,train,train
A/30603/2524610041/1775575129.csv,2524610041,3,30NM,train,train,train,train,train
A/30603/2524610049/1775575129.csv,2524610049,3,30NM,train,train,train,train,train
A/30603/2524610074/1775575129.csv,2524610074,3,30NM,train,train,test,train,train
A/30603/2524610082/1775575129.csv,2524610082,3,30NM,train,train,train,train,train
A/30603/2546610759/1775575129.csv,2546610759,3,30NM,train,train,train,train,train
A/30603/2548610286/1775575129.csv,2548610286,3,30NM,train,train,train,train,train
A/30604/2521610325/1775575147.csv,2521610325,4,30NM,test,test,train,train,train
A/30604/2523610003/1775575148.csv,2523610003,4,30NM,train,test,test,train,test
A/30604/2523610041/1775575147.csv,2523610041,4,30NM,train,test,train,train,train
A/30604/2523610075/1775575147.csv,2523610075,4,30NM,train,test,train,train,train
A/30604/2523610126/1775575147.csv,2523610126,4,30NM,train,test,train,train,train
A/30604/2523610134/1775575147.csv,2523610134,4,30NM,train,test,train,train,train
A/30604/2523610160/1775575146.csv,2523610160,4,30NM,test,test,train,train,train
A/30604/2523610432/1775575147.csv,2523610432,4,30NM,test,test,train,train,train
A/30604/2524610033/1775575147.csv,2524610033,4,30NM,train,test,train,train,train
A/30604/2524610041/1775575147.csv,2524610041,4,30NM,train,test,train,train,train
A/30604/2524610049/1775575147.csv,2524610049,4,30NM,train,test,train,train,train
A/30604/2524610074/1775575147.csv,2524610074,4,30NM,train,test,test,train,test
A/30604/2524610082/1775575147.csv,2524610082,4,30NM,train,test,train,train,train
A/30604/2546610759/1775575147.csv,2546610759,4,30NM,train,test,train,train,train
A/30604/2548610286/1775575147.csv,2548610286,4,30NM,train,test,train,train,train
A/30605/2521610325/1775575165.csv,2521610325,5,30NM,train,test,train,train,train
A/30605/2523610003/1775575166.csv,2523610003,5,30NM,train,test,test,train,test
A/30605/2523610041/1775575165.csv,2523610041,5,30NM,train,test,train,train,train
A/30605/2523610075/1775575165.csv,2523610075,5,30NM,train,test,train,train,train
A/30605/2523610126/1775575165.csv,2523610126,5,30NM,train,test,train,train,train
A/30605/2523610134/1775575165.csv,2523610134,5,30NM,train,test,train,train,train
A/30605/2523610160/1775575164.csv,2523610160,5,30NM,train,test,train,train,train
A/30605/2523610432/1775575165.csv,2523610432,5,30NM,train,test,train,train,train
A/30605/2524610033/1775575165.csv,2524610033,5,30NM,train,test,train,train,train
A/30605/2524610041/1775575165.csv,2524610041,5,30NM,train,test,train,train,train
A/30605/2524610049/1775575165.csv,2524610049,5,30NM,train,test,train,train,train
A/30605/2524610074/1775575165.csv,2524610074,5,30NM,test,test,test,train,test
A/30605/2524610082/1775575165.csv,2524610082,5,30NM,test,test,train,train,train
A/30605/2546610759/1775575165.csv,2546610759,5,30NM,train,test,train,train,train
A/30605/2548610286/1775575165.csv,2548610286,5,30NM,train,test,train,train,train
A/40001/2521610325/1775577127.csv,2521610325,1,30NM,train,train,train,train,train
A/40001/2523610003/1775577127.csv,2523610003,1,30NM,test,train,test,train,train
A/40001/2523610041/1775577128.csv,2523610041,1,30NM,train,train,train,train,train
A/40001/2523610075/1775577128.csv,2523610075,1,30NM,test,train,train,train,train
A/40001/2523610126/1775577127.csv,2523610126,1,30NM,train,train,train,train,train
A/40001/2523610134/1775577129.csv,2523610134,1,30NM,train,train,train,train,train
A/40001/2523610160/1775577127.csv,2523610160,1,30NM,train,train,train,train,train
A/40001/2523610432/1775577129.csv,2523610432,1,30NM,train,train,train,train,train
A/40001/2524610033/1775577129.csv,2524610033,1,30NM,train,train,train,train,train
A/40001/2524610041/1775577127.csv,2524610041,1,30NM,train,train,train,train,train
A/40001/2524610049/1775577128.csv,2524610049,1,30NM,train,train,train,train,train
A/40001/2524610074/1775577128.csv,2524610074,1,30NM,test,train,test,train,train
A/40001/2524610082/1775577127.csv,2524610082,1,30NM,train,train,train,train,train
A/40001/2546610759/1775577127.csv,2546610759,1,30NM,train,train,train,train,train
A/40001/2548610286/1775577127.csv,2548610286,1,30NM,train,train,train,train,train
A/40002/2521610325/1775577145.csv,2521610325,2,30NM,train,train,train,train,train
A/40002/2523610003/1775577145.csv,2523610003,2,30NM,train,train,test,train,train
A/40002/2523610041/1775577146.csv,2523610041,2,30NM,test,train,train,train,train
A/40002/2523610075/1775577146.csv,2523610075,2,30NM,train,train,train,train,train
A/40002/2523610126/1775577145.csv,2523610126,2,30NM,train,train,train,train,train
A/40002/2523610134/1775577147.csv,2523610134,2,30NM,train,train,train,train,train
A/40002/2523610160/1775577144.csv,2523610160,2,30NM,train,train,train,train,train
A/40002/2523610432/1775577145.csv,2523610432,2,30NM,train,train,train,train,train
A/40002/2524610033/1775577147.csv,2524610033,2,30NM,train,train,train,train,train
A/40002/2524610041/1775577145.csv,2524610041,2,30NM,train,train,train,train,train
A/40002/2524610049/1775577146.csv,2524610049,2,30NM,test,train,train,train,train
A/40002/2524610074/1775577146.csv,2524610074,2,30NM,test,train,test,train,train
A/40002/2524610082/1775577145.csv,2524610082,2,30NM,test,train,train,train,train
A/40002/2546610759/1775577145.csv,2546610759,2,30NM,train,train,train,train,train
A/40002/2548610286/1775577145.csv,2548610286,2,30NM,train,train,train,train,train
A/40003/2521610325/1775577164.csv,2521610325,3,30NM,test,train,train,train,train
A/40003/2523610003/1775577165.csv,2523610003,3,30NM,train,train,test,train,train
A/40003/2523610041/1775577164.csv,2523610041,3,30NM,train,train,train,train,train
A/40003/2523610075/1775577165.csv,2523610075,3,30NM,test,train,train,train,train
A/40003/2523610126/1775577164.csv,2523610126,3,30NM,train,train,train,train,train
A/40003/2523610134/1775577165.csv,2523610134,3,30NM,train,train,train,train,train
A/40003/2523610160/1775577162.csv,2523610160,3,30NM,test,train,train,train,train
A/40003/2523610432/1775577163.csv,2523610432,3,30NM,train,train,train,train,train
A/40003/2524610033/1775577165.csv,2524610033,3,30NM,train,train,train,train,train
A/40003/2524610041/1775577164.csv,2524610041,3,30NM,train,train,train,train,train
A/40003/2524610049/1775577164.csv,2524610049,3,30NM,train,train,train,train,train
A/40003/2524610074/1775577165.csv,2524610074,3,30NM,train,train,test,train,train
A/40003/2524610082/1775577165.csv,2524610082,3,30NM,train,train,train,train,train
A/40003/2546610759/1775577164.csv,2546610759,3,30NM,test,train,train,train,train
A/40003/2548610286/1775577165.csv,2548610286,3,30NM,train,train,train,train,train
A/40004/2521610325/1775577182.csv,2521610325,4,30NM,train,test,train,train,train
A/40004/2523610003/1775577183.csv,2523610003,4,30NM,test,test,test,train,test
A/40004/2523610041/1775577183.csv,2523610041,4,30NM,train,test,train,train,train
A/40004/2523610075/1775577183.csv,2523610075,4,30NM,train,test,train,train,train
A/40004/2523610126/1775577182.csv,2523610126,4,30NM,train,test,train,train,train
A/40004/2523610134/1775577183.csv,2523610134,4,30NM,train,test,train,train,train
A/40004/2523610160/1775577180.csv,2523610160,4,30NM,train,test,train,train,train
A/40004/2523610432/1775577182.csv,2523610432,4,30NM,train,test,train,train,train
A/40004/2524610033/1775577183.csv,2524610033,4,30NM,train,test,train,train,train
A/40004/2524610041/1775577182.csv,2524610041,4,30NM,train,test,train,train,train
A/40004/2524610049/1775577182.csv,2524610049,4,30NM,train,test,train,train,train
A/40004/2524610074/1775577183.csv,2524610074,4,30NM,train,test,test,train,test
A/40004/2524610082/1775577183.csv,2524610082,4,30NM,train,test,train,train,train
A/40004/2546610759/1775577182.csv,2546610759,4,30NM,train,test,train,train,train
A/40004/2548610286/1775577183.csv,2548610286,4,30NM,train,test,train,train,train
A/40005/2521610325/1775577201.csv,2521610325,5,30NM,train,test,train,train,train
A/40005/2523610003/1775577201.csv,2523610003,5,30NM,train,test,test,train,test
A/40005/2523610041/1775577201.csv,2523610041,5,30NM,train,test,train,train,train
A/40005/2523610075/1775577201.csv,2523610075,5,30NM,test,test,train,train,train
A/40005/2523610126/1775577200.csv,2523610126,5,30NM,train,test,train,train,train
A/40005/2523610134/1775577202.csv,2523610134,5,30NM,test,test,train,train,train
A/40005/2523610160/1775577198.csv,2523610160,5,30NM,test,test,train,train,train
A/40005/2523610432/1775577200.csv,2523610432,5,30NM,train,test,train,train,train
A/40005/2524610033/1775577201.csv,2524610033,5,30NM,train,test,train,train,train
A/40005/2524610041/1775577201.csv,2524610041,5,30NM,test,test,train,train,train
A/40005/2524610049/1775577200.csv,2524610049,5,30NM,train,test,train,train,train
A/40005/2524610074/1775577201.csv,2524610074,5,30NM,train,test,test,train,test
A/40005/2524610082/1775577201.csv,2524610082,5,30NM,train,test,train,train,train
A/40005/2546610759/1775577200.csv,2546610759,5,30NM,train,test,train,train,train
A/40005/2548610286/1775577201.csv,2548610286,5,30NM,train,test,train,train,train
A/401/2521610325/1775563739.csv,2521610325,1,30NM,test,train,train,train,train
A/401/2521610325/1775563749.csv,2521610325,1,30NM,test,train,train,train,train
A/401/2521610325/1775563759.csv,2521610325,1,30NM,train,train,train,train,train
A/401/2521610325/1775563770.csv,2521610325,1,30NM,train,train,train,train,train
A/401/2521610325/1775563780.csv,2521610325,1,30NM,train,train,train,train,train
A/401/2521610325/1775563790.csv,2521610325,1,30NM,test,train,train,train,train
A/401/2523610003/1775563740.csv,2523610003,1,30NM,train,train,test,train,train
A/401/2523610003/1775563750.csv,2523610003,1,30NM,test,train,test,train,train
A/401/2523610003/1775563760.csv,2523610003,1,30NM,test,train,test,train,train
A/401/2523610003/1775563770.csv,2523610003,1,30NM,train,train,test,train,train
A/401/2523610003/1775563780.csv,2523610003,1,30NM,train,train,test,train,train
A/401/2523610003/1775563790.csv,2523610003,1,30NM,test,train,test,train,train
A/401/2523610041/1775563739.csv,2523610041,1,30NM,train,train,train,train,train
A/401/2523610041/1775563749.csv,2523610041,1,30NM,train,train,train,train,train
A/401/2523610041/1775563760.csv,2523610041,1,30NM,test,train,train,train,train
A/401/2523610041/1775563770.csv,2523610041,1,30NM,train,train,train,train,train
A/401/2523610041/1775563780.csv,2523610041,1,30NM,train,train,train,train,train
A/401/2523610041/1775563790.csv,2523610041,1,30NM,train,train,train,train,train
A/401/2523610126/1775563740.csv,2523610126,1,30NM,train,train,train,train,train
A/401/2523610126/1775563750.csv,2523610126,1,30NM,test,train,train,train,train
A/401/2523610126/1775563760.csv,2523610126,1,30NM,train,train,train,train,train
A/401/2523610126/1775563770.csv,2523610126,1,30NM,train,train,train,train,train
A/401/2523610126/1775563780.csv,2523610126,1,30NM,train,train,train,train,train
A/401/2523610126/1775563790.csv,2523610126,1,30NM,test,train,train,train,train
A/401/2523610134/1775563740.csv,2523610134,1,30NM,train,train,train,train,train
A/401/2523610134/1775563750.csv,2523610134,1,30NM,test,train,train,train,train
A/401/2523610134/1775563760.csv,2523610134,1,30NM,train,train,train,train,train
A/401/2523610134/1775563770.csv,2523610134,1,30NM,test,train,train,train,train
A/401/2523610134/1775563780.csv,2523610134,1,30NM,test,train,train,train,train
A/401/2523610134/1775563791.csv,2523610134,1,30NM,test,train,train,train,train
A/401/2523610432/1775563739.csv,2523610432,1,30NM,test,train,train,train,train
A/401/2523610432/1775563749.csv,2523610432,1,30NM,train,train,train,train,train
A/401/2523610432/1775563760.csv,2523610432,1,30NM,train,train,train,train,train
A/401/2523610432/1775563770.csv,2523610432,1,30NM,train,train,train,train,train
A/401/2523610432/1775563780.csv,2523610432,1,30NM,train,train,train,train,train
A/401/2523610432/1775563790.csv,2523610432,1,30NM,test,train,train,train,train
A/401/2524610033/1775563740.csv,2524610033,1,30NM,test,train,train,train,train
A/401/2524610033/1775563750.csv,2524610033,1,30NM,train,train,train,train,train
A/401/2524610033/1775563760.csv,2524610033,1,30NM,train,train,train,train,train
A/401/2524610033/1775563770.csv,2524610033,1,30NM,train,train,train,train,train
A/401/2524610033/1775563780.csv,2524610033,1,30NM,train,train,train,train,train
A/401/2524610033/1775563790.csv,2524610033,1,30NM,train,train,train,train,train
A/401/2524610041/1775563740.csv,2524610041,1,30NM,train,train,train,train,train
A/401/2524610041/1775563750.csv,2524610041,1,30NM,train,train,train,train,train
A/401/2524610041/1775563760.csv,2524610041,1,30NM,train,train,train,train,train
A/401/2524610041/1775563770.csv,2524610041,1,30NM,train,train,train,train,train
A/401/2524610041/1775563780.csv,2524610041,1,30NM,train,train,train,train,train
A/401/2524610041/1775563790.csv,2524610041,1,30NM,test,train,train,train,train
A/401/2524610049/1775563740.csv,2524610049,1,30NM,train,train,train,train,train
A/401/2524610049/1775563750.csv,2524610049,1,30NM,train,train,train,train,train
A/401/2524610049/1775563760.csv,2524610049,1,30NM,train,train,train,train,train
A/401/2524610049/1775563770.csv,2524610049,1,30NM,train,train,train,train,train
A/401/2524610049/1775563780.csv,2524610049,1,30NM,test,train,train,train,train
A/401/2524610049/1775563790.csv,2524610049,1,30NM,train,train,train,train,train
A/401/2524610074/1775563740.csv,2524610074,1,30NM,train,train,test,train,train
A/401/2524610074/1775563750.csv,2524610074,1,30NM,test,train,test,train,train
A/401/2524610074/1775563760.csv,2524610074,1,30NM,test,train,test,train,train
A/401/2524610074/1775563771.csv,2524610074,1,30NM,train,train,test,train,train
A/401/2524610074/1775563781.csv,2524610074,1,30NM,train,train,test,train,train
A/401/2524610074/1775563791.csv,2524610074,1,30NM,train,train,test,train,train
A/401/2524610082/1775563740.csv,2524610082,1,30NM,train,train,train,train,train
A/401/2524610082/1775563750.csv,2524610082,1,30NM,train,train,train,train,train
A/401/2524610082/1775563760.csv,2524610082,1,30NM,train,train,train,train,train
A/401/2524610082/1775563770.csv,2524610082,1,30NM,test,train,train,train,train
A/401/2524610082/1775563780.csv,2524610082,1,30NM,train,train,train,train,train
A/401/2524610082/1775563790.csv,2524610082,1,30NM,train,train,train,train,train
A/401/2546610759/1775563740.csv,2546610759,1,30NM,train,train,train,train,train
A/401/2546610759/1775563793.csv,2546610759,1,30NM,test,train,train,train,train
A/401/2548610286/1775563741.csv,2548610286,1,30NM,train,train,train,train,train
A/40101/2521610325/1775575183.csv,2521610325,1,30NM,test,train,train,train,train
A/40101/2523610003/1775575183.csv,2523610003,1,30NM,test,train,test,train,train
A/40101/2523610041/1775575183.csv,2523610041,1,30NM,train,train,train,train,train
A/40101/2523610075/1775575183.csv,2523610075,1,30NM,train,train,train,train,train
A/40101/2523610126/1775575183.csv,2523610126,1,30NM,train,train,train,train,train
A/40101/2523610134/1775575183.csv,2523610134,1,30NM,train,train,train,train,train
A/40101/2523610160/1775575182.csv,2523610160,1,30NM,test,train,train,train,train
A/40101/2523610432/1775575183.csv,2523610432,1,30NM,train,train,train,train,train
A/40101/2524610033/1775575183.csv,2524610033,1,30NM,train,train,train,train,train
A/40101/2524610041/1775575183.csv,2524610041,1,30NM,train,train,train,train,train
A/40101/2524610049/1775575183.csv,2524610049,1,30NM,train,train,train,train,train
A/40101/2524610074/1775575183.csv,2524610074,1,30NM,train,train,test,train,train
A/40101/2524610082/1775575183.csv,2524610082,1,30NM,train,train,train,train,train
A/40101/2546610759/1775575183.csv,2546610759,1,30NM,train,train,train,train,train
A/40101/2548610286/1775575183.csv,2548610286,1,30NM,train,train,train,train,train
A/40102/2521610325/1775575201.csv,2521610325,2,30NM,train,train,train,train,train
A/40102/2523610003/1775575201.csv,2523610003,2,30NM,train,train,test,train,train
A/40102/2523610041/1775575201.csv,2523610041,2,30NM,train,train,train,train,train
A/40102/2523610075/1775575201.csv,2523610075,2,30NM,test,train,train,train,train
A/40102/2523610126/1775575201.csv,2523610126,2,30NM,train,train,train,train,train
A/40102/2523610134/1775575201.csv,2523610134,2,30NM,train,train,train,train,train
A/40102/2523610160/1775575200.csv,2523610160,2,30NM,train,train,train,train,train
A/40102/2523610432/1775575201.csv,2523610432,2,30NM,train,train,train,train,train
A/40102/2524610033/1775575201.csv,2524610033,2,30NM,train,train,train,train,train
A/40102/2524610041/1775575201.csv,2524610041,2,30NM,train,train,train,train,train
A/40102/2524610049/1775575201.csv,2524610049,2,30NM,test,train,train,train,train
A/40102/2524610074/1775575201.csv,2524610074,2,30NM,train,train,test,train,train
A/40102/2524610082/1775575201.csv,2524610082,2,30NM,train,train,train,train,train
A/40102/2546610759/1775575201.csv,2546610759,2,30NM,train,train,train,train,train
A/40102/2548610286/1775575201.csv,2548610286,2,30NM,train,train,train,train,train
A/40103/2521610325/1775575219.csv,2521610325,3,30NM,train,train,train,train,train
A/40103/2523610003/1775575219.csv,2523610003,3,30NM,train,train,test,train,train
A/40103/2523610041/1775575219.csv,2523610041,3,30NM,train,train,train,train,train
A/40103/2523610075/1775575219.csv,2523610075,3,30NM,train,train,train,train,train
A/40103/2523610126/1775575219.csv,2523610126,3,30NM,test,train,train,train,train
A/40103/2523610134/1775575219.csv,2523610134,3,30NM,train,train,train,train,train
A/40103/2523610432/1775575219.csv,2523610432,3,30NM,test,train,train,train,train
A/40103/2524610033/1775575219.csv,2524610033,3,30NM,train,train,train,train,train
A/40103/2524610041/1775575219.csv,2524610041,3,30NM,train,train,train,train,train
A/40103/2524610049/1775575219.csv,2524610049,3,30NM,test,train,train,train,train
A/40103/2524610074/1775575219.csv,2524610074,3,30NM,train,train,test,train,train
A/40103/2524610082/1775575219.csv,2524610082,3,30NM,train,train,train,train,train
A/40103/2546610759/1775575219.csv,2546610759,3,30NM,train,train,train,train,train
A/40103/2548610286/1775575219.csv,2548610286,3,30NM,train,train,train,train,train
A/40104/2521610325/1775575237.csv,2521610325,4,30NM,test,test,train,train,train
A/40104/2523610003/1775575237.csv,2523610003,4,30NM,train,test,test,train,test
A/40104/2523610041/1775575237.csv,2523610041,4,30NM,train,test,train,train,train
A/40104/2523610075/1775575237.csv,2523610075,4,30NM,train,test,train,train,train
A/40104/2523610126/1775575237.csv,2523610126,4,30NM,train,test,train,train,train
A/40104/2523610134/1775575237.csv,2523610134,4,30NM,test,test,train,train,train
A/40104/2523610432/1775575236.csv,2523610432,4,30NM,train,test,train,train,train
A/40104/2524610033/1775575237.csv,2524610033,4,30NM,train,test,train,train,train
A/40104/2524610041/1775575237.csv,2524610041,4,30NM,test,test,train,train,train
A/40104/2524610049/1775575237.csv,2524610049,4,30NM,train,test,train,train,train
A/40104/2524610074/1775575237.csv,2524610074,4,30NM,train,test,test,train,test
A/40104/2524610082/1775575237.csv,2524610082,4,30NM,train,test,train,train,train
A/40104/2546610759/1775575237.csv,2546610759,4,30NM,train,test,train,train,train
A/40104/2548610286/1775575237.csv,2548610286,4,30NM,train,test,train,train,train
A/40105/2521610325/1775575255.csv,2521610325,5,30NM,train,test,train,train,train
A/40105/2523610003/1775575255.csv,2523610003,5,30NM,train,test,test,train,test
A/40105/2523610041/1775575255.csv,2523610041,5,30NM,train,test,train,train,train
A/40105/2523610075/1775575255.csv,2523610075,5,30NM,train,test,train,train,train
A/40105/2523610126/1775575255.csv,2523610126,5,30NM,test,test,train,train,train
A/40105/2523610134/1775575255.csv,2523610134,5,30NM,train,test,train,train,train
A/40105/2523610160/1775575254.csv,2523610160,5,30NM,train,test,train,train,train
A/40105/2523610432/1775575255.csv,2523610432,5,30NM,test,test,train,train,train
A/40105/2524610033/1775575255.csv,2524610033,5,30NM,train,test,train,train,train
A/40105/2524610041/1775575255.csv,2524610041,5,30NM,train,test,train,train,train
A/40105/2524610049/1775575255.csv,2524610049,5,30NM,train,test,train,train,train
A/40105/2524610074/1775575255.csv,2524610074,5,30NM,train,test,test,train,test
A/40105/2524610082/1775575255.csv,2524610082,5,30NM,test,test,train,train,train
A/40105/2546610759/1775575255.csv,2546610759,5,30NM,train,test,train,train,train
A/40105/2548610286/1775575255.csv,2548610286,5,30NM,train,test,train,train,train
A/40201/2521610325/1775575273.csv,2521610325,1,30NM,train,train,train,test,train
A/40201/2523610003/1775575273.csv,2523610003,1,30NM,train,train,test,test,train
A/40201/2523610041/1775575273.csv,2523610041,1,30NM,train,train,train,test,train
A/40201/2523610075/1775575273.csv,2523610075,1,30NM,train,train,train,test,train
A/40201/2523610126/1775575273.csv,2523610126,1,30NM,train,train,train,test,train
A/40201/2523610134/1775575273.csv,2523610134,1,30NM,train,train,train,test,train
A/40201/2523610160/1775575272.csv,2523610160,1,30NM,train,train,train,test,train
A/40201/2523610432/1775575273.csv,2523610432,1,30NM,train,train,train,test,train
A/40201/2524610033/1775575273.csv,2524610033,1,30NM,train,train,train,test,train
A/40201/2524610041/1775575273.csv,2524610041,1,30NM,train,train,train,test,train
A/40201/2524610049/1775575273.csv,2524610049,1,30NM,train,train,train,test,train
A/40201/2524610074/1775575273.csv,2524610074,1,30NM,train,train,test,test,train
A/40201/2524610082/1775575273.csv,2524610082,1,30NM,train,train,train,test,train
A/40201/2546610759/1775575273.csv,2546610759,1,30NM,test,train,train,test,train
A/40201/2548610286/1775575273.csv,2548610286,1,30NM,train,train,train,test,train
A/40202/2521610325/1775575291.csv,2521610325,2,30NM,test,train,train,test,train
A/40202/2523610003/1775575291.csv,2523610003,2,30NM,train,train,test,test,train
A/40202/2523610041/1775575291.csv,2523610041,2,30NM,train,train,train,test,train
A/40202/2523610075/1775575291.csv,2523610075,2,30NM,train,train,train,test,train
A/40202/2523610126/1775575291.csv,2523610126,2,30NM,train,train,train,test,train
A/40202/2523610134/1775575291.csv,2523610134,2,30NM,train,train,train,test,train
A/40202/2523610160/1775575290.csv,2523610160,2,30NM,train,train,train,test,train
A/40202/2523610432/1775575291.csv,2523610432,2,30NM,train,train,train,test,train
A/40202/2524610033/1775575291.csv,2524610033,2,30NM,train,train,train,test,train
A/40202/2524610041/1775575291.csv,2524610041,2,30NM,train,train,train,test,train
A/40202/2524610049/1775575291.csv,2524610049,2,30NM,train,train,train,test,train
A/40202/2524610074/1775575291.csv,2524610074,2,30NM,train,train,test,test,train
A/40202/2524610082/1775575291.csv,2524610082,2,30NM,train,train,train,test,train
A/40202/2546610759/1775575291.csv,2546610759,2,30NM,train,train,train,test,train
A/40202/2548610286/1775575291.csv,2548610286,2,30NM,train,train,train,test,train
A/40203/2521610325/1775575309.csv,2521610325,3,30NM,train,train,train,test,train
A/40203/2523610003/1775575309.csv,2523610003,3,30NM,test,train,test,test,train
A/40203/2523610041/1775575309.csv,2523610041,3,30NM,train,train,train,test,train
A/40203/2523610075/1775575309.csv,2523610075,3,30NM,train,train,train,test,train
A/40203/2523610126/1775575309.csv,2523610126,3,30NM,test,train,train,test,train
A/40203/2523610134/1775575309.csv,2523610134,3,30NM,test,train,train,test,train
A/40203/2523610160/1775575308.csv,2523610160,3,30NM,train,train,train,test,train
A/40203/2523610432/1775575309.csv,2523610432,3,30NM,test,train,train,test,train
A/40203/2524610033/1775575309.csv,2524610033,3,30NM,test,train,train,test,train
A/40203/2524610041/1775575309.csv,2524610041,3,30NM,train,train,train,test,train
A/40203/2524610049/1775575309.csv,2524610049,3,30NM,train,train,train,test,train
A/40203/2524610074/1775575309.csv,2524610074,3,30NM,train,train,test,test,train
A/40203/2524610082/1775575309.csv,2524610082,3,30NM,train,train,train,test,train
A/40203/2546610759/1775575309.csv,2546610759,3,30NM,train,train,train,test,train
A/40203/2548610286/1775575309.csv,2548610286,3,30NM,train,train,train,test,train
A/40204/2521610325/1775575326.csv,2521610325,4,30NM,train,test,train,test,train
A/40204/2523610003/1775575327.csv,2523610003,4,30NM,train,test,test,test,test
A/40204/2523610041/1775575326.csv,2523610041,4,30NM,train,test,train,test,train
A/40204/2523610075/1775575326.csv,2523610075,4,30NM,test,test,train,test,train
A/40204/2523610126/1775575327.csv,2523610126,4,30NM,train,test,train,test,train
A/40204/2523610134/1775575325.csv,2523610134,4,30NM,train,test,train,test,train
A/40204/2523610160/1775575326.csv,2523610160,4,30NM,train,test,train,test,train
A/40204/2523610432/1775575327.csv,2523610432,4,30NM,test,test,train,test,train
A/40204/2524610033/1775575326.csv,2524610033,4,30NM,test,test,train,test,train
A/40204/2524610041/1775575326.csv,2524610041,4,30NM,test,test,train,test,train
A/40204/2524610049/1775575327.csv,2524610049,4,30NM,test,test,train,test,train
A/40204/2524610074/1775575326.csv,2524610074,4,30NM,train,test,test,test,test
A/40204/2524610082/1775575326.csv,2524610082,4,30NM,train,test,train,test,train
A/40204/2546610759/1775575326.csv,2546610759,4,30NM,train,test,train,test,train
A/40204/2548610286/1775575327.csv,2548610286,4,30NM,train,test,train,test,train
A/40205/2521610325/1775575344.csv,2521610325,5,30NM,test,test,train,test,train
A/40205/2523610003/1775575346.csv,2523610003,5,30NM,train,test,test,test,test
A/40205/2523610041/1775575344.csv,2523610041,5,30NM,train,test,train,test,train
A/40205/2523610075/1775575344.csv,2523610075,5,30NM,train,test,train,test,train
A/40205/2523610126/1775575345.csv,2523610126,5,30NM,train,test,train,test,train
A/40205/2523610134/1775575343.csv,2523610134,5,30NM,train,test,train,test,train
A/40205/2523610160/1775575343.csv,2523610160,5,30NM,train,test,train,test,train
A/40205/2523610432/1775575345.csv,2523610432,5,30NM,test,test,train,test,train
A/40205/2524610033/1775575344.csv,2524610033,5,30NM,train,test,train,test,train
A/40205/2524610041/1775575344.csv,2524610041,5,30NM,test,test,train,test,train
A/40205/2524610049/1775575345.csv,2524610049,5,30NM,train,test,train,test,train
A/40205/2524610074/1775575344.csv,2524610074,5,30NM,train,test,test,test,test
A/40205/2524610082/1775575344.csv,2524610082,5,30NM,train,test,train,test,train
A/40205/2546610759/1775575344.csv,2546610759,5,30NM,test,test,train,test,train
A/40205/2548610286/1775575345.csv,2548610286,5,30NM,train,test,train,test,train
A/40301/2521610325/1775575362.csv,2521610325,1,30NM,test,train,train,train,train
A/40301/2523610003/1775575364.csv,2523610003,1,30NM,train,train,test,train,train
A/40301/2523610041/1775575362.csv,2523610041,1,30NM,train,train,train,train,train
A/40301/2523610075/1775575362.csv,2523610075,1,30NM,test,train,train,train,train
A/40301/2523610126/1775575362.csv,2523610126,1,30NM,train,train,train,train,train
A/40301/2523610134/1775575362.csv,2523610134,1,30NM,train,train,train,train,train
A/40301/2523610160/1775575360.csv,2523610160,1,30NM,test,train,train,train,train
A/40301/2523610432/1775575362.csv,2523610432,1,30NM,train,train,train,train,train
A/40301/2524610033/1775575362.csv,2524610033,1,30NM,train,train,train,train,train
A/40301/2524610041/1775575362.csv,2524610041,1,30NM,train,train,train,train,train
A/40301/2524610049/1775575363.csv,2524610049,1,30NM,train,train,train,train,train
A/40301/2524610074/1775575363.csv,2524610074,1,30NM,train,train,test,train,train
A/40301/2524610082/1775575362.csv,2524610082,1,30NM,train,train,train,train,train
A/40301/2546610759/1775575363.csv,2546610759,1,30NM,train,train,train,train,train
A/40301/2548610286/1775575363.csv,2548610286,1,30NM,test,train,train,train,train
A/40302/2521610325/1775575380.csv,2521610325,2,30NM,train,train,train,train,train
A/40302/2523610003/1775575382.csv,2523610003,2,30NM,train,train,test,train,train
A/40302/2523610041/1775575380.csv,2523610041,2,30NM,train,train,train,train,train
A/40302/2523610075/1775575380.csv,2523610075,2,30NM,test,train,train,train,train
A/40302/2523610126/1775575380.csv,2523610126,2,30NM,train,train,train,train,train
A/40302/2523610134/1775575380.csv,2523610134,2,30NM,train,train,train,train,train
A/40302/2523610160/1775575380.csv,2523610160,2,30NM,train,train,train,train,train
A/40302/2523610432/1775575380.csv,2523610432,2,30NM,test,train,train,train,train
A/40302/2524610033/1775575380.csv,2524610033,2,30NM,train,train,train,train,train
A/40302/2524610041/1775575380.csv,2524610041,2,30NM,train,train,train,train,train
A/40302/2524610049/1775575381.csv,2524610049,2,30NM,train,train,train,train,train
A/40302/2524610074/1775575381.csv,2524610074,2,30NM,train,train,test,train,train
A/40302/2524610082/1775575380.csv,2524610082,2,30NM,train,train,train,train,train
A/40302/2546610759/1775575381.csv,2546610759,2,30NM,train,train,train,train,train
A/40302/2548610286/1775575381.csv,2548610286,2,30NM,train,train,train,train,train
A/40303/2521610325/1775575398.csv,2521610325,3,30NM,train,train,train,train,train
A/40303/2523610003/1775575398.csv,2523610003,3,30NM,test,train,test,train,train
A/40303/2523610041/1775575398.csv,2523610041,3,30NM,train,train,train,train,train
A/40303/2523610075/1775575398.csv,2523610075,3,30NM,train,train,train,train,train
A/40303/2523610126/1775575398.csv,2523610126,3,30NM,test,train,train,train,train
A/40303/2523610134/1775575398.csv,2523610134,3,30NM,train,train,train,train,train
A/40303/2523610160/1775575398.csv,2523610160,3,30NM,train,train,train,train,train
A/40303/2523610432/1775575399.csv,2523610432,3,30NM,test,train,train,train,train
A/40303/2524610033/1775575398.csv,2524610033,3,30NM,train,train,train,train,train
A/40303/2524610041/1775575398.csv,2524610041,3,30NM,train,train,train,train,train
A/40303/2524610049/1775575399.csv,2524610049,3,30NM,train,train,train,train,train
A/40303/2524610074/1775575399.csv,2524610074,3,30NM,train,train,test,train,train
A/40303/2524610082/1775575398.csv,2524610082,3,30NM,train,train,train,train,train
A/40303/2546610759/1775575399.csv,2546610759,3,30NM,train,train,train,train,train
A/40303/2548610286/1775575399.csv,2548610286,3,30NM,train,train,train,train,train
A/40304/2521610325/1775575416.csv,2521610325,4,30NM,train,test,train,train,train
A/40304/2523610003/1775575416.csv,2523610003,4,30NM,train,test,test,train,test
A/40304/2523610041/1775575416.csv,2523610041,4,30NM,train,test,train,train,train
A/40304/2523610075/1775575416.csv,2523610075,4,30NM,test,test,train,train,train
A/40304/2523610126/1775575416.csv,2523610126,4,30NM,test,test,train,train,train
A/40304/2523610134/1775575416.csv,2523610134,4,30NM,train,test,train,train,train
A/40304/2523610160/1775575416.csv,2523610160,4,30NM,train,test,train,train,train
A/40304/2523610432/1775575417.csv,2523610432,4,30NM,train,test,train,train,train
A/40304/2524610033/1775575416.csv,2524610033,4,30NM,train,test,train,train,train
A/40304/2524610041/1775575416.csv,2524610041,4,30NM,test,test,train,train,train
A/40304/2524610049/1775575417.csv,2524610049,4,30NM,train,test,train,train,train
A/40304/2524610074/1775575417.csv,2524610074,4,30NM,train,test,test,train,test
A/40304/2524610082/1775575416.csv,2524610082,4,30NM,test,test,train,train,train
A/40304/2546610759/1775575417.csv,2546610759,4,30NM,train,test,train,train,train
A/40304/2548610286/1775575417.csv,2548610286,4,30NM,train,test,train,train,train
A/40305/2521610325/1775575434.csv,2521610325,5,30NM,train,test,train,train,train
A/40305/2523610003/1775575434.csv,2523610003,5,30NM,train,test,test,train,test
A/40305/2523610041/1775575434.csv,2523610041,5,30NM,train,test,train,train,train
A/40305/2523610075/1775575434.csv,2523610075,5,30NM,train,test,train,train,train
A/40305/2523610126/1775575434.csv,2523610126,5,30NM,test,test,train,train,train
A/40305/2523610134/1775575434.csv,2523610134,5,30NM,test,test,train,train,train
A/40305/2523610160/1775575434.csv,2523610160,5,30NM,test,test,train,train,train
A/40305/2523610432/1775575435.csv,2523610432,5,30NM,train,test,train,train,train
A/40305/2524610033/1775575434.csv,2524610033,5,30NM,train,test,train,train,train
A/40305/2524610041/1775575434.csv,2524610041,5,30NM,test,test,train,train,train
A/40305/2524610049/1775575435.csv,2524610049,5,30NM,train,test,train,train,train
A/40305/2524610074/1775575435.csv,2524610074,5,30NM,train,test,test,train,test
A/40305/2524610082/1775575434.csv,2524610082,5,30NM,train,test,train,train,train
A/40305/2546610759/1775575435.csv,2546610759,5,30NM,train,test,train,train,train
A/40305/2548610286/1775575434.csv,2548610286,5,30NM,train,test,train,train,train
A/40401/2521610325/1775575452.csv,2521610325,1,30NM,test,train,train,train,train
A/40401/2523610003/1775575452.csv,2523610003,1,30NM,train,train,test,train,train
A/40401/2523610041/1775575452.csv,2523610041,1,30NM,train,train,train,train,train
A/40401/2523610075/1775575452.csv,2523610075,1,30NM,test,train,train,train,train
A/40401/2523610126/1775575452.csv,2523610126,1,30NM,train,train,train,train,train
A/40401/2523610134/1775575452.csv,2523610134,1,30NM,train,train,train,train,train
A/40401/2523610160/1775575451.csv,2523610160,1,30NM,test,train,train,train,train
A/40401/2523610432/1775575453.csv,2523610432,1,30NM,train,train,train,train,train
A/40401/2524610033/1775575452.csv,2524610033,1,30NM,train,train,train,train,train
A/40401/2524610041/1775575452.csv,2524610041,1,30NM,train,train,train,train,train
A/40401/2524610049/1775575453.csv,2524610049,1,30NM,train,train,train,train,train
A/40401/2524610074/1775575453.csv,2524610074,1,30NM,train,train,test,train,train
A/40401/2524610082/1775575452.csv,2524610082,1,30NM,train,train,train,train,train
A/40401/2546610759/1775575453.csv,2546610759,1,30NM,train,train,train,train,train
A/40401/2548610286/1775575452.csv,2548610286,1,30NM,train,train,train,train,train
A/40402/2521610325/1775575470.csv,2521610325,2,30NM,train,train,train,train,train
A/40402/2523610003/1775575470.csv,2523610003,2,30NM,test,train,test,train,train
A/40402/2523610041/1775575470.csv,2523610041,2,30NM,train,train,train,train,train
A/40402/2523610075/1775575470.csv,2523610075,2,30NM,train,train,train,train,train
A/40402/2523610126/1775575470.csv,2523610126,2,30NM,train,train,train,train,train
A/40402/2523610134/1775575470.csv,2523610134,2,30NM,train,train,train,train,train
A/40402/2523610160/1775575469.csv,2523610160,2,30NM,train,train,train,train,train
A/40402/2523610432/1775575471.csv,2523610432,2,30NM,train,train,train,train,train
A/40402/2524610033/1775575470.csv,2524610033,2,30NM,test,train,train,train,train
A/40402/2524610041/1775575470.csv,2524610041,2,30NM,train,train,train,train,train
A/40402/2524610049/1775575470.csv,2524610049,2,30NM,test,train,train,train,train
A/40402/2524610074/1775575471.csv,2524610074,2,30NM,test,train,test,train,train
A/40402/2524610082/1775575470.csv,2524610082,2,30NM,train,train,train,train,train
A/40402/2546610759/1775575471.csv,2546610759,2,30NM,train,train,train,train,train
A/40402/2548610286/1775575470.csv,2548610286,2,30NM,train,train,train,train,train
A/40403/2521610325/1775575488.csv,2521610325,3,30NM,test,train,train,train,train
A/40403/2523610003/1775575488.csv,2523610003,3,30NM,train,train,test,train,train
A/40403/2523610041/1775575488.csv,2523610041,3,30NM,train,train,train,train,train
A/40403/2523610075/1775575489.csv,2523610075,3,30NM,test,train,train,train,train
A/40403/2523610126/1775575488.csv,2523610126,3,30NM,train,train,train,train,train
A/40403/2523610134/1775575488.csv,2523610134,3,30NM,train,train,train,train,train
A/40403/2523610160/1775575487.csv,2523610160,3,30NM,train,train,train,train,train
A/40403/2523610432/1775575489.csv,2523610432,3,30NM,test,train,train,train,train
A/40403/2524610033/1775575488.csv,2524610033,3,30NM,test,train,train,train,train
A/40403/2524610041/1775575488.csv,2524610041,3,30NM,train,train,train,train,train
A/40403/2524610049/1775575488.csv,2524610049,3,30NM,train,train,train,train,train
A/40403/2524610074/1775575489.csv,2524610074,3,30NM,train,train,test,train,train
A/40403/2524610082/1775575488.csv,2524610082,3,30NM,train,train,train,train,train
A/40403/2546610759/1775575489.csv,2546610759,3,30NM,train,train,train,train,train
A/40403/2548610286/1775575488.csv,2548610286,3,30NM,test,train,train,train,train
A/40404/2521610325/1775575506.csv,2521610325,4,30NM,train,test,train,train,train
A/40404/2523610003/1775575506.csv,2523610003,4,30NM,train,test,test,train,test
A/40404/2523610041/1775575506.csv,2523610041,4,30NM,train,test,train,train,train
A/40404/2523610075/1775575507.csv,2523610075,4,30NM,train,test,train,train,train
A/40404/2523610126/1775575506.csv,2523610126,4,30NM,train,test,train,train,train
A/40404/2523610134/1775575506.csv,2523610134,4,30NM,train,test,train,train,train
A/40404/2523610160/1775575505.csv,2523610160,4,30NM,train,test,train,train,train
A/40404/2523610432/1775575507.csv,2523610432,4,30NM,test,test,train,train,train
A/40404/2524610033/1775575506.csv,2524610033,4,30NM,train,test,train,train,train
A/40404/2524610041/1775575506.csv,2524610041,4,30NM,train,test,train,train,train
A/40404/2524610049/1775575506.csv,2524610049,4,30NM,test,test,train,train,train
A/40404/2524610074/1775575507.csv,2524610074,4,30NM,train,test,test,train,test
A/40404/2524610082/1775575506.csv,2524610082,4,30NM,train,test,train,train,train
A/40404/2546610759/1775575507.csv,2546610759,4,30NM,train,test,train,train,train
A/40404/2548610286/1775575506.csv,2548610286,4,30NM,test,test,train,train,train
A/40405/2521610325/1775575524.csv,2521610325,5,30NM,train,test,train,train,train
A/40405/2523610003/1775575524.csv,2523610003,5,30NM,test,test,test,train,test
A/40405/2523610041/1775575524.csv,2523610041,5,30NM,train,test,train,train,train
A/40405/2523610075/1775575525.csv,2523610075,5,30NM,train,test,train,train,train
A/40405/2523610126/1775575524.csv,2523610126,5,30NM,train,test,train,train,train
A/40405/2523610134/1775575524.csv,2523610134,5,30NM,train,test,train,train,train
A/40405/2523610160/1775575523.csv,2523610160,5,30NM,train,test,train,train,train
A/40405/2523610432/1775575525.csv,2523610432,5,30NM,train,test,train,train,train
A/40405/2524610033/1775575524.csv,2524610033,5,30NM,test,test,train,train,train
A/40405/2524610041/1775575524.csv,2524610041,5,30NM,train,test,train,train,train
A/40405/2524610049/1775575525.csv,2524610049,5,30NM,train,test,train,train,train
A/40405/2524610074/1775575525.csv,2524610074,5,30NM,train,test,test,train,test
A/40405/2524610082/1775575524.csv,2524610082,5,30NM,train,test,train,train,train
A/40405/2546610759/1775575525.csv,2546610759,5,30NM,train,test,train,train,train
A/40405/2548610286/1775575524.csv,2548610286,5,30NM,train,test,train,train,train
A/40501/2521610325/1775575542.csv,2521610325,1,30NM,train,train,train,train,train
A/40501/2523610003/1775575542.csv,2523610003,1,30NM,train,train,test,train,train
A/40501/2523610041/1775575542.csv,2523610041,1,30NM,test,train,train,train,train
A/40501/2523610075/1775575543.csv,2523610075,1,30NM,test,train,train,train,train
A/40501/2523610126/1775575543.csv,2523610126,1,30NM,train,train,train,train,train
A/40501/2523610134/1775575543.csv,2523610134,1,30NM,train,train,train,train,train
A/40501/2523610160/1775575541.csv,2523610160,1,30NM,train,train,train,train,train
A/40501/2523610432/1775575543.csv,2523610432,1,30NM,test,train,train,train,train
A/40501/2524610033/1775575542.csv,2524610033,1,30NM,test,train,train,train,train
A/40501/2524610041/1775575542.csv,2524610041,1,30NM,test,train,train,train,train
A/40501/2524610049/1775575543.csv,2524610049,1,30NM,train,train,train,train,train
A/40501/2524610074/1775575543.csv,2524610074,1,30NM,train,train,test,train,train
A/40501/2524610082/1775575542.csv,2524610082,1,30NM,train,train,train,train,train
A/40501/2546610759/1775575543.csv,2546610759,1,30NM,train,train,train,train,train
A/40501/2548610286/1775575542.csv,2548610286,1,30NM,train,train,train,train,train
A/40502/2521610325/1775575560.csv,2521610325,2,30NM,train,train,train,train,train
A/40502/2523610003/1775575560.csv,2523610003,2,30NM,test,train,test,train,train
A/40502/2523610041/1775575560.csv,2523610041,2,30NM,train,train,train,train,train
A/40502/2523610075/1775575561.csv,2523610075,2,30NM,train,train,train,train,train
A/40502/2523610126/1775575561.csv,2523610126,2,30NM,test,train,train,train,train
A/40502/2523610134/1775575560.csv,2523610134,2,30NM,train,train,train,train,train
A/40502/2523610160/1775575560.csv,2523610160,2,30NM,train,train,train,train,train
A/40502/2523610432/1775575561.csv,2523610432,2,30NM,train,train,train,train,train
A/40502/2524610033/1775575560.csv,2524610033,2,30NM,test,train,train,train,train
A/40502/2524610041/1775575560.csv,2524610041,2,30NM,train,train,train,train,train
A/40502/2524610049/1775575561.csv,2524610049,2,30NM,train,train,train,train,train
A/40502/2524610074/1775575561.csv,2524610074,2,30NM,train,train,test,train,train
A/40502/2524610082/1775575560.csv,2524610082,2,30NM,train,train,train,train,train
A/40502/2546610759/1775575561.csv,2546610759,2,30NM,train,train,train,train,train
A/40502/2548610286/1775575561.csv,2548610286,2,30NM,train,train,train,train,train
A/40503/2521610325/1775575578.csv,2521610325,3,30NM,train,train,train,train,train
A/40503/2523610003/1775575578.csv,2523610003,3,30NM,train,train,test,train,train
A/40503/2523610041/1775575578.csv,2523610041,3,30NM,train,train,train,train,train
A/40503/2523610075/1775575579.csv,2523610075,3,30NM,train,train,train,train,train
A/40503/2523610126/1775575579.csv,2523610126,3,30NM,train,train,train,train,train
A/40503/2523610134/1775575578.csv,2523610134,3,30NM,test,train,train,train,train
A/40503/2523610160/1775575578.csv,2523610160,3,30NM,train,train,train,train,train
A/40503/2523610432/1775575579.csv,2523610432,3,30NM,train,train,train,train,train
A/40503/2524610033/1775575578.csv,2524610033,3,30NM,test,train,train,train,train
A/40503/2524610041/1775575578.csv,2524610041,3,30NM,train,train,train,train,train
A/40503/2524610049/1775575579.csv,2524610049,3,30NM,train,train,train,train,train
A/40503/2524610074/1775575579.csv,2524610074,3,30NM,train,train,test,train,train
A/40503/2524610082/1775575578.csv,2524610082,3,30NM,train,train,train,train,train
A/40503/2546610759/1775575579.csv,2546610759,3,30NM,train,train,train,train,train
A/40503/2548610286/1775575579.csv,2548610286,3,30NM,test,train,train,train,train
A/40504/2521610325/1775575596.csv,2521610325,4,30NM,train,test,train,train,train
A/40504/2523610003/1775575596.csv,2523610003,4,30NM,train,test,test,train,test
A/40504/2523610041/1775575596.csv,2523610041,4,30NM,train,test,train,train,train
A/40504/2523610075/1775575597.csv,2523610075,4,30NM,train,test,train,train,train
A/40504/2523610126/1775575597.csv,2523610126,4,30NM,train,test,train,train,train
A/40504/2523610134/1775575597.csv,2523610134,4,30NM,train,test,train,train,train
A/40504/2523610160/1775575596.csv,2523610160,4,30NM,train,test,train,train,train
A/40504/2523610432/1775575597.csv,2523610432,4,30NM,train,test,train,train,train
A/40504/2524610033/1775575596.csv,2524610033,4,30NM,train,test,train,train,train
A/40504/2524610041/1775575596.csv,2524610041,4,30NM,train,test,train,train,train
A/40504/2524610049/1775575597.csv,2524610049,4,30NM,train,test,train,train,train
A/40504/2524610074/1775575597.csv,2524610074,4,30NM,train,test,test,train,test
A/40504/2524610082/1775575596.csv,2524610082,4,30NM,train,test,train,train,train
A/40504/2546610759/1775575597.csv,2546610759,4,30NM,train,test,train,train,train
A/40504/2548610286/1775575597.csv,2548610286,4,30NM,train,test,train,train,train
A/40505/2521610325/1775575614.csv,2521610325,5,30NM,train,test,train,train,train
A/40505/2523610003/1775575614.csv,2523610003,5,30NM,train,test,test,train,test
A/40505/2523610041/1775575614.csv,2523610041,5,30NM,train,test,train,train,train
A/40505/2523610075/1775575615.csv,2523610075,5,30NM,train,test,train,train,train
A/40505/2523610126/1775575615.csv,2523610126,5,30NM,test,test,train,train,train
A/40505/2523610134/1775575615.csv,2523610134,5,30NM,train,test,train,train,train
A/40505/2523610160/1775575614.csv,2523610160,5,30NM,train,test,train,train,train
A/40505/2523610432/1775575615.csv,2523610432,5,30NM,train,test,train,train,train
A/40505/2524610033/1775575614.csv,2524610033,5,30NM,train,test,train,train,train
A/40505/2524610041/1775575614.csv,2524610041,5,30NM,train,test,train,train,train
A/40505/2524610049/1775575615.csv,2524610049,5,30NM,test,test,train,train,train
A/40505/2524610074/1775575615.csv,2524610074,5,30NM,train,test,test,train,test
A/40505/2524610082/1775575614.csv,2524610082,5,30NM,train,test,train,train,train
A/40505/2546610759/1775575615.csv,2546610759,5,30NM,train,test,train,train,train
A/40505/2548610286/1775575615.csv,2548610286,5,30NM,train,test,train,train,train
A/40601/2521610325/1775575632.csv,2521610325,1,30NM,train,train,train,train,train
A/40601/2523610003/1775575633.csv,2523610003,1,30NM,train,train,test,train,train
A/40601/2523610041/1775575632.csv,2523610041,1,30NM,train,train,train,train,train
A/40601/2523610075/1775575633.csv,2523610075,1,30NM,test,train,train,train,train
A/40601/2523610126/1775575633.csv,2523610126,1,30NM,train,train,train,train,train
A/40601/2523610134/1775575633.csv,2523610134,1,30NM,train,train,train,train,train
A/40601/2523610432/1775575633.csv,2523610432,1,30NM,test,train,train,train,train
A/40601/2524610033/1775575632.csv,2524610033,1,30NM,train,train,train,train,train
A/40601/2524610041/1775575632.csv,2524610041,1,30NM,train,train,train,train,train
A/40601/2524610049/1775575633.csv,2524610049,1,30NM,train,train,train,train,train
A/40601/2524610074/1775575633.csv,2524610074,1,30NM,train,train,test,train,train
A/40601/2524610082/1775575632.csv,2524610082,1,30NM,train,train,train,train,train
A/40601/2546610759/1775575633.csv,2546610759,1,30NM,train,train,train,train,train
A/40601/2548610286/1775575633.csv,2548610286,1,30NM,train,train,train,train,train
A/40602/2521610325/1775575650.csv,2521610325,2,30NM,train,train,train,train,train
A/40602/2523610003/1775575651.csv,2523610003,2,30NM,train,train,test,train,train
A/40602/2523610041/1775575650.csv,2523610041,2,30NM,train,train,train,train,train
A/40602/2523610075/1775575651.csv,2523610075,2,30NM,train,train,train,train,train
A/40602/2523610126/1775575651.csv,2523610126,2,30NM,test,train,train,train,train
A/40602/2523610134/1775575651.csv,2523610134,2,30NM,train,train,train,train,train
A/40602/2523610432/1775575651.csv,2523610432,2,30NM,train,train,train,train,train
A/40602/2524610033/1775575650.csv,2524610033,2,30NM,train,train,train,train,train
A/40602/2524610041/1775575650.csv,2524610041,2,30NM,train,train,train,train,train
A/40602/2524610049/1775575651.csv,2524610049,2,30NM,train,train,train,train,train
A/40602/2524610074/1775575651.csv,2524610074,2,30NM,train,train,test,train,train
A/40602/2524610082/1775575650.csv,2524610082,2,30NM,train,train,train,train,train
A/40602/2546610759/1775575651.csv,2546610759,2,30NM,test,train,train,train,train
A/40602/2548610286/1775575651.csv,2548610286,2,30NM,train,train,train,train,train
A/40603/2521610325/1775575669.csv,2521610325,3,30NM,train,train,train,train,train
A/40603/2523610003/1775575669.csv,2523610003,3,30NM,test,train,test,train,train
A/40603/2523610041/1775575668.csv,2523610041,3,30NM,test,train,train,train,train
A/40603/2523610075/1775575669.csv,2523610075,3,30NM,train,train,train,train,train
A/40603/2523610126/1775575669.csv,2523610126,3,30NM,train,train,train,train,train
A/40603/2523610134/1775575669.csv,2523610134,3,30NM,train,train,train,train,train
A/40603/2523610432/1775575669.csv,2523610432,3,30NM,train,train,train,train,train
A/40603/2524610033/1775575668.csv,2524610033,3,30NM,train,train,train,train,train
A/40603/2524610041/1775575668.csv,2524610041,3,30NM,test,train,train,train,train
A/40603/2524610049/1775575669.csv,2524610049,3,30NM,test,train,train,train,train
A/40603/2524610074/1775575669.csv,2524610074,3,30NM,train,train,test,train,train
A/40603/2524610082/1775575668.csv,2524610082,3,30NM,train,train,train,train,train
A/40603/2546610759/1775575669.csv,2546610759,3,30NM,test,train,train,train,train
A/40603/2548610286/1775575669.csv,2548610286,3,30NM,test,train,train,train,train
A/40604/2521610325/1775575687.csv,2521610325,4,30NM,train,test,train,train,train
A/40604/2523610003/1775575687.csv,2523610003,4,30NM,train,test,test,train,test
A/40604/2523610041/1775575686.csv,2523610041,4,30NM,test,test,train,train,train
A/40604/2523610075/1775575687.csv,2523610075,4,30NM,train,test,train,train,train
A/40604/2523610126/1775575687.csv,2523610126,4,30NM,train,test,train,train,train
A/40604/2523610134/1775575687.csv,2523610134,4,30NM,test,test,train,train,train
A/40604/2523610432/1775575687.csv,2523610432,4,30NM,test,test,train,train,train
A/40604/2524610033/1775575686.csv,2524610033,4,30NM,test,test,train,train,train
A/40604/2524610041/1775575686.csv,2524610041,4,30NM,train,test,train,train,train
A/40604/2524610049/1775575687.csv,2524610049,4,30NM,train,test,train,train,train
A/40604/2524610074/1775575687.csv,2524610074,4,30NM,train,test,test,train,test
A/40604/2524610082/1775575686.csv,2524610082,4,30NM,train,test,train,train,train
A/40604/2546610759/1775575687.csv,2546610759,4,30NM,train,test,train,train,train
A/40604/2548610286/1775575687.csv,2548610286,4,30NM,train,test,train,train,train
A/40605/2521610325/1775575705.csv,2521610325,5,30NM,train,test,train,train,train
A/40605/2523610003/1775575705.csv,2523610003,5,30NM,train,test,test,train,test
A/40605/2523610041/1775575704.csv,2523610041,5,30NM,train,test,train,train,train
A/40605/2523610075/1775575705.csv,2523610075,5,30NM,train,test,train,train,train
A/40605/2523610126/1775575705.csv,2523610126,5,30NM,train,test,train,train,train
A/40605/2523610134/1775575705.csv,2523610134,5,30NM,train,test,train,train,train
A/40605/2523610432/1775575705.csv,2523610432,5,30NM,train,test,train,train,train
A/40605/2524610033/1775575705.csv,2524610033,5,30NM,test,test,train,train,train
A/40605/2524610041/1775575704.csv,2524610041,5,30NM,train,test,train,train,train
A/40605/2524610049/1775575705.csv,2524610049,5,30NM,train,test,train,train,train
A/40605/2524610074/1775575705.csv,2524610074,5,30NM,train,test,test,train,test
A/40605/2524610082/1775575704.csv,2524610082,5,30NM,train,test,train,train,train
A/40605/2546610759/1775575705.csv,2546610759,5,30NM,train,test,train,train,train
A/40605/2548610286/1775575705.csv,2548610286,5,30NM,train,test,train,train,train
A/50001/2521610325/1775577219.csv,2521610325,1,30NM,train,train,train,train,train
A/50001/2523610003/1775577219.csv,2523610003,1,30NM,train,train,test,train,train
A/50001/2523610041/1775577219.csv,2523610041,1,30NM,train,train,train,train,train
A/50001/2523610075/1775577219.csv,2523610075,1,30NM,train,train,train,train,train
A/50001/2523610126/1775577218.csv,2523610126,1,30NM,train,train,train,train,train
A/50001/2523610134/1775577220.csv,2523610134,1,30NM,train,train,train,train,train
A/50001/2523610432/1775577218.csv,2523610432,1,30NM,train,train,train,train,train
A/50001/2524610033/1775577219.csv,2524610033,1,30NM,test,train,train,train,train
A/50001/2524610041/1775577219.csv,2524610041,1,30NM,train,train,train,train,train
A/50001/2524610049/1775577218.csv,2524610049,1,30NM,train,train,train,train,train
A/50001/2524610074/1775577219.csv,2524610074,1,30NM,train,train,test,train,train
A/50001/2524610082/1775577219.csv,2524610082,1,30NM,train,train,train,train,train
A/50001/2546610759/1775577218.csv,2546610759,1,30NM,train,train,train,train,train
A/50001/2548610286/1775577219.csv,2548610286,1,30NM,test,train,train,train,train
A/50002/2521610325/1775577237.csv,2521610325,2,30NM,test,train,train,train,train
A/50002/2523610003/1775577237.csv,2523610003,2,30NM,train,train,test,train,train
A/50002/2523610041/1775577237.csv,2523610041,2,30NM,train,train,train,train,train
A/50002/2523610075/1775577237.csv,2523610075,2,30NM,test,train,train,train,train
A/50002/2523610126/1775577236.csv,2523610126,2,30NM,train,train,train,train,train
A/50002/2523610134/1775577238.csv,2523610134,2,30NM,train,train,train,train,train
A/50002/2523610432/1775577236.csv,2523610432,2,30NM,train,train,train,train,train
A/50002/2524610033/1775577237.csv,2524610033,2,30NM,train,train,train,train,train
A/50002/2524610041/1775577237.csv,2524610041,2,30NM,train,train,train,train,train
A/50002/2524610049/1775577236.csv,2524610049,2,30NM,train,train,train,train,train
A/50002/2524610074/1775577237.csv,2524610074,2,30NM,test,train,test,train,train
A/50002/2524610082/1775577237.csv,2524610082,2,30NM,train,train,train,train,train
A/50002/2546610759/1775577236.csv,2546610759,2,30NM,train,train,train,train,train
A/50002/2548610286/1775577237.csv,2548610286,2,30NM,train,train,train,train,train
A/50003/2521610325/1775577255.csv,2521610325,3,30NM,train,train,train,train,train
A/50003/2523610003/1775577255.csv,2523610003,3,30NM,train,train,test,train,train
A/50003/2523610041/1775577255.csv,2523610041,3,30NM,train,train,train,train,train
A/50003/2523610075/1775577255.csv,2523610075,3,30NM,train,train,train,train,train
A/50003/2523610126/1775577254.csv,2523610126,3,30NM,train,train,train,train,train
A/50003/2523610134/1775577256.csv,2523610134,3,30NM,train,train,train,train,train
A/50003/2523610432/1775577254.csv,2523610432,3,30NM,train,train,train,train,train
A/50003/2524610033/1775577255.csv,2524610033,3,30NM,train,train,train,train,train
A/50003/2524610041/1775577255.csv,2524610041,3,30NM,train,train,train,train,train
A/50003/2524610049/1775577254.csv,2524610049,3,30NM,train,train,train,train,train
A/50003/2524610074/1775577255.csv,2524610074,3,30NM,test,train,test,train,train
A/50003/2524610082/1775577255.csv,2524610082,3,30NM,train,train,train,train,train
A/50003/2546610759/1775577254.csv,2546610759,3,30NM,train,train,train,train,train
A/50003/2548610286/1775577255.csv,2548610286,3,30NM,train,train,train,train,train
A/50004/2521610325/1775577273.csv,2521610325,4,30NM,train,test,train,train,train
A/50004/2523610003/1775577273.csv,2523610003,4,30NM,train,test,test,train,test
A/50004/2523610041/1775577273.csv,2523610041,4,30NM,train,test,train,train,train
A/50004/2523610075/1775577273.csv,2523610075,4,30NM,train,test,train,train,train
A/50004/2523610126/1775577272.csv,2523610126,4,30NM,train,test,train,train,train
A/50004/2523610134/1775577274.csv,2523610134,4,30NM,train,test,train,train,train
A/50004/2523610432/1775577272.csv,2523610432,4,30NM,train,test,train,train,train
A/50004/2524610033/1775577273.csv,2524610033,4,30NM,test,test,train,train,train
A/50004/2524610041/1775577273.csv,2524610041,4,30NM,test,test,train,train,train
A/50004/2524610049/1775577272.csv,2524610049,4,30NM,train,test,train,train,train
A/50004/2524610074/1775577273.csv,2524610074,4,30NM,test,test,test,train,test
A/50004/2524610082/1775577273.csv,2524610082,4,30NM,train,test,train,train,train
A/50004/2546610759/1775577272.csv,2546610759,4,30NM,test,test,train,train,train
A/50004/2548610286/1775577273.csv,2548610286,4,30NM,test,test,train,train,train
A/50005/2521610325/1775577291.csv,2521610325,5,30NM,train,test,train,train,train
A/50005/2523610003/1775577291.csv,2523610003,5,30NM,train,test,test,train,test
A/50005/2523610041/1775577291.csv,2523610041,5,30NM,test,test,train,train,train
A/50005/2523610075/1775577291.csv,2523610075,5,30NM,test,test,train,train,train
A/50005/2523610126/1775577290.csv,2523610126,5,30NM,test,test,train,train,train
A/50005/2523610134/1775577292.csv,2523610134,5,30NM,train,test,train,train,train
A/50005/2523610432/1775577290.csv,2523610432,5,30NM,train,test,train,train,train
A/50005/2524610033/1775577291.csv,2524610033,5,30NM,test,test,train,train,train
A/50005/2524610041/1775577291.csv,2524610041,5,30NM,train,test,train,train,train
A/50005/2524610049/1775577291.csv,2524610049,5,30NM,train,test,train,train,train
A/50005/2524610074/1775577291.csv,2524610074,5,30NM,train,test,test,train,test
A/50005/2524610082/1775577291.csv,2524610082,5,30NM,train,test,train,train,train
A/50005/2546610759/1775577290.csv,2546610759,5,30NM,train,test,train,train,train
A/50005/2548610286/1775577291.csv,2548610286,5,30NM,train,test,train,train,train
A/501/2523610003/1775563815.csv,2523610003,1,30NM,train,train,test,test,train
A/501/2523610003/1775563825.csv,2523610003,1,30NM,train,train,test,test,train
A/501/2523610003/1775563838.csv,2523610003,1,30NM,test,train,test,test,train
A/501/2523610041/1775563821.csv,2523610041,1,30NM,train,train,train,test,train
A/501/2523610041/1775563833.csv,2523610041,1,30NM,train,train,train,test,train
A/501/2523610041/1775563843.csv,2523610041,1,30NM,train,train,train,test,train
A/501/2523610041/1775563854.csv,2523610041,1,30NM,test,train,train,test,train
A/501/2523610041/1775563865.csv,2523610041,1,30NM,train,train,train,test,train
A/50101/2521610325/1775575723.csv,2521610325,1,30NM,train,train,train,train,train
A/50101/2523610003/1775575723.csv,2523610003,1,30NM,train,train,test,train,train
A/50101/2523610041/1775575724.csv,2523610041,1,30NM,train,train,train,train,train
A/50101/2523610075/1775575723.csv,2523610075,1,30NM,train,train,train,train,train
A/50101/2523610126/1775575723.csv,2523610126,1,30NM,test,train,train,train,train
A/50101/2523610134/1775575723.csv,2523610134,1,30NM,train,train,train,train,train
A/50101/2523610160/1775575723.csv,2523610160,1,30NM,train,train,train,train,train
A/50101/2523610432/1775575723.csv,2523610432,1,30NM,test,train,train,train,train
A/50101/2524610033/1775575723.csv,2524610033,1,30NM,train,train,train,train,train
A/50101/2524610041/1775575722.csv,2524610041,1,30NM,test,train,train,train,train
A/50101/2524610049/1775575723.csv,2524610049,1,30NM,train,train,train,train,train
A/50101/2524610074/1775575723.csv,2524610074,1,30NM,train,train,test,train,train
A/50101/2524610082/1775575722.csv,2524610082,1,30NM,test,train,train,train,train
A/50101/2546610759/1775575723.csv,2546610759,1,30NM,train,train,train,train,train
A/50101/2548610286/1775575723.csv,2548610286,1,30NM,train,train,train,train,train
A/50102/2521610325/1775575741.csv,2521610325,2,30NM,test,train,train,train,train
A/50102/2523610003/1775575742.csv,2523610003,2,30NM,train,train,test,train,train
A/50102/2523610041/1775575742.csv,2523610041,2,30NM,train,train,train,train,train
A/50102/2523610075/1775575741.csv,2523610075,2,30NM,train,train,train,train,train
A/50102/2523610126/1775575742.csv,2523610126,2,30NM,train,train,train,train,train
A/50102/2523610134/1775575741.csv,2523610134,2,30NM,train,train,train,train,train
A/50102/2523610160/1775575741.csv,2523610160,2,30NM,train,train,train,train,train
A/50102/2523610432/1775575741.csv,2523610432,2,30NM,train,train,train,train,train
A/50102/2524610033/1775575741.csv,2524610033,2,30NM,train,train,train,train,train
A/50102/2524610041/1775575741.csv,2524610041,2,30NM,train,train,train,train,train
A/50102/2524610049/1775575742.csv,2524610049,2,30NM,test,train,train,train,train
A/50102/2524610074/1775575742.csv,2524610074,2,30NM,train,train,test,train,train
A/50102/2524610082/1775575742.csv,2524610082,2,30NM,test,train,train,train,train
A/50102/2546610759/1775575742.csv,2546610759,2,30NM,train,train,train,train,train
A/50102/2548610286/1775575741.csv,2548610286,2,30NM,test,train,train,train,train
A/50103/2521610325/1775575759.csv,2521610325,3,30NM,train,train,train,train,train
A/50103/2523610003/1775575760.csv,2523610003,3,30NM,train,train,test,train,train
A/50103/2523610041/1775575760.csv,2523610041,3,30NM,test,train,train,train,train
A/50103/2523610075/1775575759.csv,2523610075,3,30NM,train,train,train,train,train
A/50103/2523610126/1775575760.csv,2523610126,3,30NM,train,train,train,train,train
A/50103/2523610134/1775575759.csv,2523610134,3,30NM,train,train,train,train,train
A/50103/2523610160/1775575758.csv,2523610160,3,30NM,train,train,train,train,train
A/50103/2523610432/1775575759.csv,2523610432,3,30NM,train,train,train,train,train
A/50103/2524610033/1775575759.csv,2524610033,3,30NM,train,train,train,train,train
A/50103/2524610041/1775575759.csv,2524610041,3,30NM,train,train,train,train,train
A/50103/2524610049/1775575760.csv,2524610049,3,30NM,train,train,train,train,train
A/50103/2524610074/1775575760.csv,2524610074,3,30NM,train,train,test,train,train
A/50103/2524610082/1775575760.csv,2524610082,3,30NM,train,train,train,train,train
A/50103/2546610759/1775575760.csv,2546610759,3,30NM,train,train,train,train,train
A/50103/2548610286/1775575759.csv,2548610286,3,30NM,train,train,train,train,train
A/50104/2521610325/1775575777.csv,2521610325,4,30NM,train,test,train,train,train
A/50104/2523610003/1775575778.csv,2523610003,4,30NM,train,test,test,train,test
A/50104/2523610041/1775575778.csv,2523610041,4,30NM,train,test,train,train,train
A/50104/2523610075/1775575778.csv,2523610075,4,30NM,train,test,train,train,train
A/50104/2523610126/1775575778.csv,2523610126,4,30NM,train,test,train,train,train
A/50104/2523610134/1775575777.csv,2523610134,4,30NM,train,test,train,train,train
A/50104/2523610160/1775575776.csv,2523610160,4,30NM,train,test,train,train,train
A/50104/2523610432/1775575777.csv,2523610432,4,30NM,train,test,train,train,train
A/50104/2524610033/1775575778.csv,2524610033,4,30NM,test,test,train,train,train
A/50104/2524610041/1775575777.csv,2524610041,4,30NM,train,test,train,train,train
A/50104/2524610049/1775575778.csv,2524610049,4,30NM,train,test,train,train,train
A/50104/2524610074/1775575778.csv,2524610074,4,30NM,train,test,test,train,test
A/50104/2524610082/1775575778.csv,2524610082,4,30NM,train,test,train,train,train
A/50104/2546610759/1775575778.csv,2546610759,4,30NM,train,test,train,train,train
A/50104/2548610286/1775575777.csv,2548610286,4,30NM,train,test,train,train,train
A/50105/2521610325/1775575795.csv,2521610325,5,30NM,train,test,train,train,train
A/50105/2523610003/1775575796.csv,2523610003,5,30NM,train,test,test,train,test
A/50105/2523610041/1775575796.csv,2523610041,5,30NM,train,test,train,train,train
A/50105/2523610075/1775575796.csv,2523610075,5,30NM,test,test,train,train,train
A/50105/2523610126/1775575796.csv,2523610126,5,30NM,train,test,train,train,train
A/50105/2523610134/1775575795.csv,2523610134,5,30NM,train,test,train,train,train
A/50105/2523610160/1775575794.csv,2523610160,5,30NM,train,test,train,train,train
A/50105/2523610432/1775575795.csv,2523610432,5,30NM,train,test,train,train,train
A/50105/2524610033/1775575796.csv,2524610033,5,30NM,train,test,train,train,train
A/50105/2524610041/1775575796.csv,2524610041,5,30NM,train,test,train,train,train
A/50105/2524610049/1775575796.csv,2524610049,5,30NM,test,test,train,train,train
A/50105/2524610074/1775575796.csv,2524610074,5,30NM,test,test,test,train,test
A/50105/2524610082/1775575796.csv,2524610082,5,30NM,train,test,train,train,train
A/50105/2546610759/1775575796.csv,2546610759,5,30NM,train,test,train,train,train
A/50105/2548610286/1775575796.csv,2548610286,5,30NM,train,test,train,train,train
A/50201/2521610325/1775575813.csv,2521610325,1,30NM,train,train,train,test,train
A/50201/2523610003/1775575814.csv,2523610003,1,30NM,train,train,test,test,train
A/50201/2523610041/1775575814.csv,2523610041,1,30NM,test,train,train,test,train
A/50201/2523610075/1775575814.csv,2523610075,1,30NM,train,train,train,test,train
A/50201/2523610126/1775575814.csv,2523610126,1,30NM,train,train,train,test,train
A/50201/2523610134/1775575813.csv,2523610134,1,30NM,test,train,train,test,train
A/50201/2523610160/1775575812.csv,2523610160,1,30NM,train,train,train,test,train
A/50201/2523610432/1775575814.csv,2523610432,1,30NM,train,train,train,test,train
A/50201/2524610033/1775575814.csv,2524610033,1,30NM,test,train,train,test,train
A/50201/2524610041/1775575814.csv,2524610041,1,30NM,train,train,train,test,train
A/50201/2524610049/1775575814.csv,2524610049,1,30NM,train,train,train,test,train
A/50201/2524610074/1775575814.csv,2524610074,1,30NM,train,train,test,test,train
A/50201/2524610082/1775575814.csv,2524610082,1,30NM,test,train,train,test,train
A/50201/2546610759/1775575814.csv,2546610759,1,30NM,train,train,train,test,train
A/50201/2548610286/1775575814.csv,2548610286,1,30NM,train,train,train,test,train
A/50202/2521610325/1775575831.csv,2521610325,2,30NM,train,train,train,test,train
A/50202/2523610003/1775575832.csv,2523610003,2,30NM,train,train,test,test,train
A/50202/2523610041/1775575832.csv,2523610041,2,30NM,test,train,train,test,train
A/50202/2523610075/1775575832.csv,2523610075,2,30NM,train,train,train,test,train
A/50202/2523610126/1775575832.csv,2523610126,2,30NM,test,train,train,test,train
A/50202/2523610134/1775575831.csv,2523610134,2,30NM,train,train,train,test,train
A/50202/2523610160/1775575829.csv,2523610160,2,30NM,train,train,train,test,train
A/50202/2523610432/1775575832.csv,2523610432,2,30NM,test,train,train,test,train
A/50202/2524610033/1775575832.csv,2524610033,2,30NM,train,train,train,test,train
A/50202/2524610041/1775575832.csv,2524610041,2,30NM,train,train,train,test,train
A/50202/2524610049/1775575832.csv,2524610049,2,30NM,test,train,train,test,train
A/50202/2524610074/1775575832.csv,2524610074,2,30NM,train,train,test,test,train
A/50202/2524610082/1775575832.csv,2524610082,2,30NM,train,train,train,test,train
A/50202/2546610759/1775575832.csv,2546610759,2,30NM,test,train,train,test,train
A/50202/2548610286/1775575832.csv,2548610286,2,30NM,train,train,train,test,train
A/50203/2521610325/1775575849.csv,2521610325,3,30NM,train,train,train,test,train
A/50203/2523610003/1775575850.csv,2523610003,3,30NM,train,train,test,test,train
A/50203/2523610041/1775575850.csv,2523610041,3,30NM,train,train,train,test,train
A/50203/2523610075/1775575850.csv,2523610075,3,30NM,train,train,train,test,train
A/50203/2523610126/1775575850.csv,2523610126,3,30NM,train,train,train,test,train
A/50203/2523610134/1775575849.csv,2523610134,3,30NM,train,train,train,test,train
A/50203/2523610160/1775575847.csv,2523610160,3,30NM,train,train,train,test,train
A/50203/2523610432/1775575850.csv,2523610432,3,30NM,train,train,train,test,train
A/50203/2524610033/1775575850.csv,2524610033,3,30NM,train,train,train,test,train
A/50203/2524610041/1775575850.csv,2524610041,3,30NM,train,train,train,test,train
A/50203/2524610049/1775575850.csv,2524610049,3,30NM,train,train,train,test,train
A/50203/2524610074/1775575850.csv,2524610074,3,30NM,train,train,test,test,train
A/50203/2524610082/1775575850.csv,2524610082,3,30NM,train,train,train,test,train
A/50203/2546610759/1775575850.csv,2546610759,3,30NM,test,train,train,test,train
A/50203/2548610286/1775575850.csv,2548610286,3,30NM,train,train,train,test,train
A/50204/2521610325/1775575867.csv,2521610325,4,30NM,train,test,train,test,train
A/50204/2523610003/1775575868.csv,2523610003,4,30NM,test,test,test,test,test
A/50204/2523610041/1775575868.csv,2523610041,4,30NM,train,test,train,test,train
A/50204/2523610075/1775575868.csv,2523610075,4,30NM,train,test,train,test,train
A/50204/2523610126/1775575868.csv,2523610126,4,30NM,train,test,train,test,train
A/50204/2523610134/1775575867.csv,2523610134,4,30NM,train,test,train,test,train
A/50204/2523610160/1775575865.csv,2523610160,4,30NM,train,test,train,test,train
A/50204/2523610432/1775575868.csv,2523610432,4,30NM,train,test,train,test,train
A/50204/2524610033/1775575868.csv,2524610033,4,30NM,train,test,train,test,train
A/50204/2524610041/1775575868.csv,2524610041,4,30NM,test,test,train,test,train
A/50204/2524610049/1775575868.csv,2524610049,4,30NM,test,test,train,test,train
A/50204/2524610074/1775575868.csv,2524610074,4,30NM,train,test,test,test,test
A/50204/2524610082/1775575868.csv,2524610082,4,30NM,train,test,train,test,train
A/50204/2546610759/1775575868.csv,2546610759,4,30NM,train,test,train,test,train
A/50204/2548610286/1775575868.csv,2548610286,4,30NM,test,test,train,test,train
A/50205/2521610325/1775575885.csv,2521610325,5,30NM,train,test,train,test,train
A/50205/2523610003/1775575886.csv,2523610003,5,30NM,train,test,test,test,test
A/50205/2523610041/1775575886.csv,2523610041,5,30NM,train,test,train,test,train
A/50205/2523610075/1775575886.csv,2523610075,5,30NM,train,test,train,test,train
A/50205/2523610126/1775575886.csv,2523610126,5,30NM,train,test,train,test,train
A/50205/2523610134/1775575885.csv,2523610134,5,30NM,train,test,train,test,train
A/50205/2523610432/1775575886.csv,2523610432,5,30NM,train,test,train,test,train
A/50205/2524610033/1775575886.csv,2524610033,5,30NM,test,test,train,test,train
A/50205/2524610041/1775575886.csv,2524610041,5,30NM,train,test,train,test,train
A/50205/2524610049/1775575886.csv,2524610049,5,30NM,train,test,train,test,train
A/50205/2524610074/1775575886.csv,2524610074,5,30NM,train,test,test,test,test
A/50205/2524610082/1775575886.csv,2524610082,5,30NM,train,test,train,test,train
A/50205/2546610759/1775575886.csv,2546610759,5,30NM,train,test,train,test,train
A/50205/2548610286/1775575886.csv,2548610286,5,30NM,train,test,train,test,train
A/50301/2521610325/1775575903.csv,2521610325,1,30NM,train,train,train,train,train
A/50301/2523610003/1775575904.csv,2523610003,1,30NM,train,train,test,train,train
A/50301/2523610041/1775575904.csv,2523610041,1,30NM,train,train,train,train,train
A/50301/2523610075/1775575904.csv,2523610075,1,30NM,train,train,train,train,train
A/50301/2523610126/1775575904.csv,2523610126,1,30NM,train,train,train,train,train
A/50301/2523610134/1775575903.csv,2523610134,1,30NM,train,train,train,train,train
A/50301/2523610432/1775575904.csv,2523610432,1,30NM,train,train,train,train,train
A/50301/2524610033/1775575904.csv,2524610033,1,30NM,train,train,train,train,train
A/50301/2524610041/1775575904.csv,2524610041,1,30NM,train,train,train,train,train
A/50301/2524610049/1775575904.csv,2524610049,1,30NM,train,train,train,train,train
A/50301/2524610074/1775575904.csv,2524610074,1,30NM,test,train,test,train,train
A/50301/2524610082/1775575904.csv,2524610082,1,30NM,test,train,train,train,train
A/50301/2546610759/1775575904.csv,2546610759,1,30NM,train,train,train,train,train
A/50301/2548610286/1775575904.csv,2548610286,1,30NM,train,train,train,train,train
A/50302/2521610325/1775575921.csv,2521610325,2,30NM,train,train,train,train,train
A/50302/2523610003/1775575922.csv,2523610003,2,30NM,train,train,test,train,train
A/50302/2523610041/1775575922.csv,2523610041,2,30NM,train,train,train,train,train
A/50302/2523610075/1775575922.csv,2523610075,2,30NM,test,train,train,train,train
A/50302/2523610126/1775575922.csv,2523610126,2,30NM,test,train,train,train,train
A/50302/2523610134/1775575921.csv,2523610134,2,30NM,train,train,train,train,train
A/50302/2523610432/1775575922.csv,2523610432,2,30NM,train,train,train,train,train
A/50302/2524610033/1775575922.csv,2524610033,2,30NM,test,train,train,train,train
A/50302/2524610041/1775575922.csv,2524610041,2,30NM,train,train,train,train,train
A/50302/2524610049/1775575922.csv,2524610049,2,30NM,test,train,train,train,train
A/50302/2524610074/1775575922.csv,2524610074,2,30NM,train,train,test,train,train
A/50302/2524610082/1775575922.csv,2524610082,2,30NM,test,train,train,train,train
A/50302/2546610759/1775575922.csv,2546610759,2,30NM,train,train,train,train,train
A/50302/2548610286/1775575922.csv,2548610286,2,30NM,train,train,train,train,train
A/50303/2521610325/1775575940.csv,2521610325,3,30NM,train,train,train,train,train
A/50303/2523610003/1775575940.csv,2523610003,3,30NM,train,train,test,train,train
A/50303/2523610041/1775575940.csv,2523610041,3,30NM,train,train,train,train,train
A/50303/2523610075/1775575940.csv,2523610075,3,30NM,train,train,train,train,train
A/50303/2523610126/1775575940.csv,2523610126,3,30NM,train,train,train,train,train
A/50303/2523610134/1775575939.csv,2523610134,3,30NM,test,train,train,train,train
A/50303/2523610432/1775575940.csv,2523610432,3,30NM,train,train,train,train,train
A/50303/2524610033/1775575940.csv,2524610033,3,30NM,train,train,train,train,train
A/50303/2524610041/1775575940.csv,2524610041,3,30NM,train,train,train,train,train
A/50303/2524610049/1775575940.csv,2524610049,3,30NM,train,train,train,train,train
A/50303/2524610074/1775575940.csv,2524610074,3,30NM,train,train,test,train,train
A/50303/2524610082/1775575940.csv,2524610082,3,30NM,train,train,train,train,train
A/50303/2546610759/1775575940.csv,2546610759,3,30NM,train,train,train,train,train
A/50303/2548610286/1775575940.csv,2548610286,3,30NM,train,train,train,train,train
A/50304/2521610325/1775575958.csv,2521610325,4,30NM,test,test,train,train,train
A/50304/2523610003/1775575958.csv,2523610003,4,30NM,train,test,test,train,test
A/50304/2523610041/1775575957.csv,2523610041,4,30NM,test,test,train,train,train
A/50304/2523610075/1775575958.csv,2523610075,4,30NM,train,test,train,train,train
A/50304/2523610126/1775575958.csv,2523610126,4,30NM,train,test,train,train,train
A/50304/2523610134/1775575957.csv,2523610134,4,30NM,train,test,train,train,train
A/50304/2523610160/1775575956.csv,2523610160,4,30NM,train,test,train,train,train
A/50304/2523610432/1775575958.csv,2523610432,4,30NM,train,test,train,train,train
A/50304/2524610033/1775575958.csv,2524610033,4,30NM,train,test,train,train,train
A/50304/2524610041/1775575958.csv,2524610041,4,30NM,train,test,train,train,train
A/50304/2524610049/1775575958.csv,2524610049,4,30NM,train,test,train,train,train
A/50304/2524610074/1775575958.csv,2524610074,4,30NM,train,test,test,train,test
A/50304/2524610082/1775575958.csv,2524610082,4,30NM,train,test,train,train,train
A/50304/2546610759/1775575958.csv,2546610759,4,30NM,test,test,train,train,train
A/50304/2548610286/1775575958.csv,2548610286,4,30NM,train,test,train,train,train
A/50305/2521610325/1775575976.csv,2521610325,5,30NM,test,test,train,train,train
A/50305/2523610003/1775575976.csv,2523610003,5,30NM,train,test,test,train,test
A/50305/2523610041/1775575975.csv,2523610041,5,30NM,test,test,train,train,train
A/50305/2523610075/1775575975.csv,2523610075,5,30NM,test,test,train,train,train
A/50305/2523610126/1775575975.csv,2523610126,5,30NM,train,test,train,train,train
A/50305/2523610134/1775575975.csv,2523610134,5,30NM,train,test,train,train,train
A/50305/2523610160/1775575974.csv,2523610160,5,30NM,train,test,train,train,train
A/50305/2523610432/1775575975.csv,2523610432,5,30NM,test,test,train,train,train
A/50305/2524610033/1775575974.csv,2524610033,5,30NM,train,test,train,train,train
A/50305/2524610041/1775575976.csv,2524610041,5,30NM,train,test,train,train,train
A/50305/2524610049/1775575976.csv,2524610049,5,30NM,test,test,train,train,train
A/50305/2524610074/1775575976.csv,2524610074,5,30NM,train,test,test,train,test
A/50305/2524610082/1775575975.csv,2524610082,5,30NM,train,test,train,train,train
A/50305/2546610759/1775575975.csv,2546610759,5,30NM,train,test,train,train,train
A/50305/2548610286/1775575975.csv,2548610286,5,30NM,train,test,train,train,train
A/50401/2521610325/1775575994.csv,2521610325,1,30NM,train,train,train,train,train
A/50401/2523610003/1775575994.csv,2523610003,1,30NM,test,train,test,train,train
A/50401/2523610041/1775575993.csv,2523610041,1,30NM,train,train,train,train,train
A/50401/2523610075/1775575993.csv,2523610075,1,30NM,train,train,train,train,train
A/50401/2523610126/1775575993.csv,2523610126,1,30NM,train,train,train,train,train
A/50401/2523610134/1775575993.csv,2523610134,1,30NM,train,train,train,train,train
A/50401/2523610160/1775575991.csv,2523610160,1,30NM,train,train,train,train,train
A/50401/2523610432/1775575993.csv,2523610432,1,30NM,test,train,train,train,train
A/50401/2524610033/1775575992.csv,2524610033,1,30NM,test,train,train,train,train
A/50401/2524610041/1775575994.csv,2524610041,1,30NM,train,train,train,train,train
A/50401/2524610049/1775575994.csv,2524610049,1,30NM,train,train,train,train,train
A/50401/2524610074/1775575994.csv,2524610074,1,30NM,train,train,test,train,train
A/50401/2524610082/1775575993.csv,2524610082,1,30NM,train,train,train,train,train
A/50401/2546610759/1775575993.csv,2546610759,1,30NM,train,train,train,train,train
A/50401/2548610286/1775575993.csv,2548610286,1,30NM,train,train,train,train,train
A/50402/2521610325/1775576012.csv,2521610325,2,30NM,train,train,train,train,train
A/50402/2523610003/1775576012.csv,2523610003,2,30NM,test,train,test,train,train
A/50402/2523610041/1775576011.csv,2523610041,2,30NM,train,train,train,train,train
A/50402/2523610075/1775576011.csv,2523610075,2,30NM,test,train,train,train,train
A/50402/2523610126/1775576011.csv,2523610126,2,30NM,train,train,train,train,train
A/50402/2523610134/1775576010.csv,2523610134,2,30NM,test,train,train,train,train
A/50402/2523610160/1775576009.csv,2523610160,2,30NM,train,train,train,train,train
A/50402/2523610432/1775576011.csv,2523610432,2,30NM,train,train,train,train,train
A/50402/2524610033/1775576010.csv,2524610033,2,30NM,test,train,train,train,train
A/50402/2524610041/1775576012.csv,2524610041,2,30NM,test,train,train,train,train
A/50402/2524610049/1775576010.csv,2524610049,2,30NM,train,train,train,train,train
A/50402/2524610074/1775576012.csv,2524610074,2,30NM,train,train,test,train,train
A/50402/2524610082/1775576011.csv,2524610082,2,30NM,train,train,train,train,train
A/50402/2546610759/1775576011.csv,2546610759,2,30NM,train,train,train,train,train
A/50402/2548610286/1775576011.csv,2548610286,2,30NM,train,train,train,train,train
A/50403/2521610325/1775576030.csv,2521610325,3,30NM,test,train,train,train,train
A/50403/2523610003/1775576030.csv,2523610003,3,30NM,train,train,test,train,train
A/50403/2523610041/1775576029.csv,2523610041,3,30NM,train,train,train,train,train
A/50403/2523610075/1775576029.csv,2523610075,3,30NM,train,train,train,train,train
A/50403/2523610126/1775576029.csv,2523610126,3,30NM,train,train,train,train,train
A/50403/2523610134/1775576028.csv,2523610134,3,30NM,train,train,train,train,train
A/50403/2523610432/1775576029.csv,2523610432,3,30NM,train,train,train,train,train
A/50403/2524610033/1775576028.csv,2524610033,3,30NM,train,train,train,train,train
A/50403/2524610041/1775576030.csv,2524610041,3,30NM,train,train,train,train,train
A/50403/2524610049/1775576028.csv,2524610049,3,30NM,test,train,train,train,train
A/50403/2524610074/1775576030.csv,2524610074,3,30NM,train,train,test,train,train
A/50403/2524610082/1775576029.csv,2524610082,3,30NM,test,train,train,train,train
A/50403/2546610759/1775576029.csv,2546610759,3,30NM,train,train,train,train,train
A/50403/2548610286/1775576029.csv,2548610286,3,30NM,train,train,train,train,train
A/50404/2521610325/1775576046.csv,2521610325,4,30NM,train,test,train,train,train
A/50404/2523610003/1775576047.csv,2523610003,4,30NM,train,test,test,train,test
A/50404/2523610041/1775576047.csv,2523610041,4,30NM,train,test,train,train,train
A/50404/2523610075/1775576047.csv,2523610075,4,30NM,train,test,train,train,train
A/50404/2523610126/1775576047.csv,2523610126,4,30NM,train,test,train,train,train
A/50404/2523610134/1775576047.csv,2523610134,4,30NM,train,test,train,train,train
A/50404/2523610432/1775576047.csv,2523610432,4,30NM,train,test,train,train,train
A/50404/2524610033/1775576047.csv,2524610033,4,30NM,train,test,train,train,train
A/50404/2524610041/1775576047.csv,2524610041,4,30NM,train,test,train,train,train
A/50404/2524610049/1775576046.csv,2524610049,4,30NM,train,test,train,train,train
A/50404/2524610074/1775576048.csv,2524610074,4,30NM,train,test,test,train,test
A/50404/2524610082/1775576047.csv,2524610082,4,30NM,train,test,train,train,train
A/50404/2546610759/1775576047.csv,2546610759,4,30NM,train,test,train,train,train
A/50404/2548610286/1775576047.csv,2548610286,4,30NM,train,test,train,train,train
A/50405/2521610325/1775576064.csv,2521610325,5,30NM,train,test,train,train,train
A/50405/2523610003/1775576065.csv,2523610003,5,30NM,train,test,test,train,test
A/50405/2523610041/1775576065.csv,2523610041,5,30NM,test,test,train,train,train
A/50405/2523610075/1775576065.csv,2523610075,5,30NM,train,test,train,train,train
A/50405/2523610126/1775576065.csv,2523610126,5,30NM,test,test,train,train,train
A/50405/2523610134/1775576065.csv,2523610134,5,30NM,train,test,train,train,train
A/50405/2523610432/1775576065.csv,2523610432,5,30NM,train,test,train,train,train
A/50405/2524610033/1775576065.csv,2524610033,5,30NM,train,test,train,train,train
A/50405/2524610041/1775576065.csv,2524610041,5,30NM,train,test,train,train,train
A/50405/2524610049/1775576064.csv,2524610049,5,30NM,test,test,train,train,train
A/50405/2524610074/1775576066.csv,2524610074,5,30NM,train,test,test,train,test
A/50405/2524610082/1775576065.csv,2524610082,5,30NM,train,test,train,train,train
A/50405/2546610759/1775576065.csv,2546610759,5,30NM,train,test,train,train,train
A/50405/2548610286/1775576065.csv,2548610286,5,30NM,train,test,train,train,train
A/50501/2521610325/1775576083.csv,2521610325,1,30NM,train,train,train,train,train
A/50501/2523610003/1775576083.csv,2523610003,1,30NM,train,train,test,train,train
A/50501/2523610041/1775576083.csv,2523610041,1,30NM,train,train,train,train,train
A/50501/2523610075/1775576083.csv,2523610075,1,30NM,test,train,train,train,train
A/50501/2523610126/1775576083.csv,2523610126,1,30NM,train,train,train,train,train
A/50501/2523610134/1775576083.csv,2523610134,1,30NM,train,train,train,train,train
A/50501/2523610432/1775576083.csv,2523610432,1,30NM,train,train,train,train,train
A/50501/2524610033/1775576083.csv,2524610033,1,30NM,test,train,train,train,train
A/50501/2524610041/1775576083.csv,2524610041,1,30NM,test,train,train,train,train
A/50501/2524610049/1775576082.csv,2524610049,1,30NM,train,train,train,train,train
A/50501/2524610074/1775576082.csv,2524610074,1,30NM,train,train,test,train,train
A/50501/2524610082/1775576083.csv,2524610082,1,30NM,train,train,train,train,train
A/50501/2546610759/1775576083.csv,2546610759,1,30NM,test,train,train,train,train
A/50501/2548610286/1775576083.csv,2548610286,1,30NM,train,train,train,train,train
A/50502/2521610325/1775576101.csv,2521610325,2,30NM,train,train,train,train,train
A/50502/2523610003/1775576101.csv,2523610003,2,30NM,train,train,test,train,train
A/50502/2523610041/1775576101.csv,2523610041,2,30NM,train,train,train,train,train
A/50502/2523610075/1775576101.csv,2523610075,2,30NM,train,train,train,train,train
A/50502/2523610126/1775576101.csv,2523610126,2,30NM,train,train,train,train,train
A/50502/2523610134/1775576101.csv,2523610134,2,30NM,train,train,train,train,train
A/50502/2523610160/1775576104.csv,2523610160,2,30NM,test,train,train,train,train
A/50502/2523610432/1775576101.csv,2523610432,2,30NM,train,train,train,train,train
A/50502/2524610033/1775576101.csv,2524610033,2,30NM,train,train,train,train,train
A/50502/2524610041/1775576101.csv,2524610041,2,30NM,train,train,train,train,train
A/50502/2524610049/1775576100.csv,2524610049,2,30NM,test,train,train,train,train
A/50502/2524610074/1775576100.csv,2524610074,2,30NM,train,train,test,train,train
A/50502/2524610082/1775576101.csv,2524610082,2,30NM,train,train,train,train,train
A/50502/2546610759/1775576101.csv,2546610759,2,30NM,train,train,train,train,train
A/50502/2548610286/1775576101.csv,2548610286,2,30NM,train,train,train,train,train
A/50503/2521610325/1775576119.csv,2521610325,3,30NM,train,train,train,train,train
A/50503/2523610003/1775576119.csv,2523610003,3,30NM,train,train,test,train,train
A/50503/2523610041/1775576119.csv,2523610041,3,30NM,train,train,train,train,train
A/50503/2523610075/1775576119.csv,2523610075,3,30NM,train,train,train,train,train
A/50503/2523610126/1775576119.csv,2523610126,3,30NM,train,train,train,train,train
A/50503/2523610134/1775576119.csv,2523610134,3,30NM,test,train,train,train,train
A/50503/2523610160/1775576122.csv,2523610160,3,30NM,train,train,train,train,train
A/50503/2523610432/1775576119.csv,2523610432,3,30NM,train,train,train,train,train
A/50503/2524610033/1775576119.csv,2524610033,3,30NM,train,train,train,train,train
A/50503/2524610041/1775576119.csv,2524610041,3,30NM,train,train,train,train,train
A/50503/2524610049/1775576118.csv,2524610049,3,30NM,train,train,train,train,train
A/50503/2524610074/1775576119.csv,2524610074,3,30NM,train,train,test,train,train
A/50503/2524610082/1775576119.csv,2524610082,3,30NM,train,train,train,train,train
A/50503/2546610759/1775576119.csv,2546610759,3,30NM,train,train,train,train,train
A/50503/2548610286/1775576119.csv,2548610286,3,30NM,test,train,train,train,train
A/50504/2521610325/1775576137.csv,2521610325,4,30NM,test,test,train,train,train
A/50504/2523610003/1775576137.csv,2523610003,4,30NM,train,test,test,train,test
A/50504/2523610041/1775576137.csv,2523610041,4,30NM,train,test,train,train,train
A/50504/2523610075/1775576137.csv,2523610075,4,30NM,train,test,train,train,train
A/50504/2523610126/1775576137.csv,2523610126,4,30NM,train,test,train,train,train
A/50504/2523610134/1775576137.csv,2523610134,4,30NM,train,test,train,train,train
A/50504/2523610432/1775576137.csv,2523610432,4,30NM,train,test,train,train,train
A/50504/2524610033/1775576137.csv,2524610033,4,30NM,train,test,train,train,train
A/50504/2524610041/1775576137.csv,2524610041,4,30NM,train,test,train,train,train
A/50504/2524610049/1775576137.csv,2524610049,4,30NM,test,test,train,train,train
A/50504/2524610074/1775576137.csv,2524610074,4,30NM,train,test,test,train,test
A/50504/2524610082/1775576137.csv,2524610082,4,30NM,train,test,train,train,train
A/50504/2546610759/1775576137.csv,2546610759,4,30NM,train,test,train,train,train
A/50504/2548610286/1775576137.csv,2548610286,4,30NM,train,test,train,train,train
A/50505/2521610325/1775576155.csv,2521610325,5,30NM,train,test,train,train,train
A/50505/2523610003/1775576155.csv,2523610003,5,30NM,test,test,test,train,test
A/50505/2523610041/1775576155.csv,2523610041,5,30NM,train,test,train,train,train
A/50505/2523610075/1775576155.csv,2523610075,5,30NM,train,test,train,train,train
A/50505/2523610126/1775576155.csv,2523610126,5,30NM,train,test,train,train,train
A/50505/2523610134/1775576155.csv,2523610134,5,30NM,train,test,train,train,train
A/50505/2523610160/1775576155.csv,2523610160,5,30NM,train,test,train,train,train
A/50505/2523610432/1775576155.csv,2523610432,5,30NM,train,test,train,train,train
A/50505/2524610033/1775576155.csv,2524610033,5,30NM,test,test,train,train,train
A/50505/2524610041/1775576155.csv,2524610041,5,30NM,train,test,train,train,train
A/50505/2524610049/1775576155.csv,2524610049,5,30NM,train,test,train,train,train
A/50505/2524610074/1775576155.csv,2524610074,5,30NM,train,test,test,train,test
A/50505/2524610082/1775576155.csv,2524610082,5,30NM,test,test,train,train,train
A/50505/2546610759/1775576155.csv,2546610759,5,30NM,train,test,train,train,train
A/50505/2548610286/1775576155.csv,2548610286,5,30NM,train,test,train,train,train
A/50601/2521610325/1775576173.csv,2521610325,1,30NM,train,train,train,train,train
A/50601/2523610003/1775576173.csv,2523610003,1,30NM,train,train,test,train,train
A/50601/2523610041/1775576173.csv,2523610041,1,30NM,train,train,train,train,train
A/50601/2523610075/1775576173.csv,2523610075,1,30NM,train,train,train,train,train
A/50601/2523610126/1775576173.csv,2523610126,1,30NM,train,train,train,train,train
A/50601/2523610134/1775576173.csv,2523610134,1,30NM,train,train,train,train,train
A/50601/2523610160/1775576173.csv,2523610160,1,30NM,train,train,train,train,train
A/50601/2523610432/1775576173.csv,2523610432,1,30NM,test,train,train,train,train
A/50601/2524610033/1775576173.csv,2524610033,1,30NM,test,train,train,train,train
A/50601/2524610041/1775576173.csv,2524610041,1,30NM,train,train,train,train,train
A/50601/2524610049/1775576174.csv,2524610049,1,30NM,train,train,train,train,train
A/50601/2524610074/1775576173.csv,2524610074,1,30NM,train,train,test,train,train
A/50601/2524610082/1775576173.csv,2524610082,1,30NM,test,train,train,train,train
A/50601/2546610759/1775576173.csv,2546610759,1,30NM,train,train,train,train,train
A/50601/2548610286/1775576173.csv,2548610286,1,30NM,train,train,train,train,train
A/50602/2521610325/1775576191.csv,2521610325,2,30NM,train,train,train,train,train
A/50602/2523610003/1775576191.csv,2523610003,2,30NM,train,train,test,train,train
A/50602/2523610041/1775576191.csv,2523610041,2,30NM,train,train,train,train,train
A/50602/2523610075/1775576191.csv,2523610075,2,30NM,train,train,train,train,train
A/50602/2523610126/1775576191.csv,2523610126,2,30NM,test,train,train,train,train
A/50602/2523610134/1775576191.csv,2523610134,2,30NM,train,train,train,train,train
A/50602/2523610160/1775576191.csv,2523610160,2,30NM,test,train,train,train,train
A/50602/2523610432/1775576191.csv,2523610432,2,30NM,train,train,train,train,train
A/50602/2524610033/1775576191.csv,2524610033,2,30NM,train,train,train,train,train
A/50602/2524610041/1775576191.csv,2524610041,2,30NM,test,train,train,train,train
A/50602/2524610049/1775576192.csv,2524610049,2,30NM,train,train,train,train,train
A/50602/2524610074/1775576191.csv,2524610074,2,30NM,train,train,test,train,train
A/50602/2524610082/1775576191.csv,2524610082,2,30NM,train,train,train,train,train
A/50602/2546610759/1775576191.csv,2546610759,2,30NM,train,train,train,train,train
A/50602/2548610286/1775576191.csv,2548610286,2,30NM,train,train,train,train,train
A/50603/2521610325/1775576209.csv,2521610325,3,30NM,train,train,train,train,train
A/50603/2523610003/1775576209.csv,2523610003,3,30NM,train,train,test,train,train
A/50603/2523610041/1775576209.csv,2523610041,3,30NM,train,train,train,train,train
A/50603/2523610075/1775576209.csv,2523610075,3,30NM,train,train,train,train,train
A/50603/2523610126/1775576209.csv,2523610126,3,30NM,train,train,train,train,train
A/50603/2523610134/1775576209.csv,2523610134,3,30NM,train,train,train,train,train
A/50603/2523610432/1775576209.csv,2523610432,3,30NM,train,train,train,train,train
A/50603/2524610033/1775576209.csv,2524610033,3,30NM,test,train,train,train,train
A/50603/2524610041/1775576209.csv,2524610041,3,30NM,train,train,train,train,train
A/50603/2524610049/1775576210.csv,2524610049,3,30NM,train,train,train,train,train
A/50603/2524610074/1775576209.csv,2524610074,3,30NM,train,train,test,train,train
A/50603/2524610082/1775576209.csv,2524610082,3,30NM,test,train,train,train,train
A/50603/2546610759/1775576209.csv,2546610759,3,30NM,train,train,train,train,train
A/50603/2548610286/1775576209.csv,2548610286,3,30NM,train,train,train,train,train
A/50604/2521610325/1775576227.csv,2521610325,4,30NM,train,test,train,train,train
A/50604/2523610003/1775576227.csv,2523610003,4,30NM,train,test,test,train,test
A/50604/2523610041/1775576227.csv,2523610041,4,30NM,train,test,train,train,train
A/50604/2523610075/1775576227.csv,2523610075,4,30NM,test,test,train,train,train
A/50604/2523610126/1775576227.csv,2523610126,4,30NM,train,test,train,train,train
A/50604/2523610134/1775576227.csv,2523610134,4,30NM,train,test,train,train,train
A/50604/2523610432/1775576227.csv,2523610432,4,30NM,train,test,train,train,train
A/50604/2524610033/1775576227.csv,2524610033,4,30NM,train,test,train,train,train
A/50604/2524610041/1775576227.csv,2524610041,4,30NM,train,test,train,train,train
A/50604/2524610049/1775576228.csv,2524610049,4,30NM,train,test,train,train,train
A/50604/2524610074/1775576227.csv,2524610074,4,30NM,train,test,test,train,test
A/50604/2524610082/1775576227.csv,2524610082,4,30NM,train,test,train,train,train
A/50604/2546610759/1775576227.csv,2546610759,4,30NM,test,test,train,train,train
A/50604/2548610286/1775576227.csv,2548610286,4,30NM,train,test,train,train,train
A/50605/2521610325/1775576245.csv,2521610325,5,30NM,train,test,train,train,train
A/50605/2523610003/1775576245.csv,2523610003,5,30NM,train,test,test,train,test
A/50605/2523610041/1775576245.csv,2523610041,5,30NM,train,test,train,train,train
A/50605/2523610075/1775576245.csv,2523610075,5,30NM,train,test,train,train,train
A/50605/2523610126/1775576245.csv,2523610126,5,30NM,train,test,train,train,train
A/50605/2523610134/1775576245.csv,2523610134,5,30NM,train,test,train,train,train
A/50605/2523610432/1775576245.csv,2523610432,5,30NM,test,test,train,train,train
A/50605/2524610033/1775576245.csv,2524610033,5,30NM,test,test,train,train,train
A/50605/2524610041/1775576245.csv,2524610041,5,30NM,train,test,train,train,train
A/50605/2524610049/1775576246.csv,2524610049,5,30NM,train,test,train,train,train
A/50605/2524610074/1775576245.csv,2524610074,5,30NM,train,test,test,train,test
A/50605/2524610082/1775576245.csv,2524610082,5,30NM,train,test,train,train,train
A/50605/2546610759/1775576245.csv,2546610759,5,30NM,test,test,train,train,train
A/50605/2548610286/1775576245.csv,2548610286,5,30NM,train,test,train,train,train
A/60001/2521610325/1775577309.csv,2521610325,1,30NM,test,train,train,train,train
A/60001/2523610003/1775577309.csv,2523610003,1,30NM,train,train,test,train,train
A/60001/2523610041/1775577309.csv,2523610041,1,30NM,train,train,train,train,train
A/60001/2523610075/1775577309.csv,2523610075,1,30NM,train,train,train,train,train
A/60001/2523610126/1775577308.csv,2523610126,1,30NM,train,train,train,train,train
A/60001/2523610134/1775577310.csv,2523610134,1,30NM,train,train,train,train,train
A/60001/2523610160/1775577308.csv,2523610160,1,30NM,train,train,train,train,train
A/60001/2523610432/1775577308.csv,2523610432,1,30NM,train,train,train,train,train
A/60001/2524610033/1775577309.csv,2524610033,1,30NM,test,train,train,train,train
A/60001/2524610041/1775577309.csv,2524610041,1,30NM,train,train,train,train,train
A/60001/2524610049/1775577309.csv,2524610049,1,30NM,train,train,train,train,train
A/60001/2524610074/1775577309.csv,2524610074,1,30NM,train,train,test,train,train
A/60001/2524610082/1775577309.csv,2524610082,1,30NM,train,train,train,train,train
A/60001/2546610759/1775577308.csv,2546610759,1,30NM,test,train,train,train,train
A/60001/2548610286/1775577309.csv,2548610286,1,30NM,train,train,train,train,train
A/60002/2521610325/1775577327.csv,2521610325,2,30NM,train,train,train,train,train
A/60002/2523610003/1775577327.csv,2523610003,2,30NM,train,train,test,train,train
A/60002/2523610041/1775577327.csv,2523610041,2,30NM,train,train,train,train,train
A/60002/2523610075/1775577327.csv,2523610075,2,30NM,train,train,train,train,train
A/60002/2523610126/1775577326.csv,2523610126,2,30NM,test,train,train,train,train
A/60002/2523610134/1775577328.csv,2523610134,2,30NM,train,train,train,train,train
A/60002/2523610160/1775577326.csv,2523610160,2,30NM,train,train,train,train,train
A/60002/2523610432/1775577326.csv,2523610432,2,30NM,train,train,train,train,train
A/60002/2524610033/1775577327.csv,2524610033,2,30NM,train,train,train,train,train
A/60002/2524610041/1775577327.csv,2524610041,2,30NM,test,train,train,train,train
A/60002/2524610049/1775577327.csv,2524610049,2,30NM,train,train,train,train,train
A/60002/2524610074/1775577327.csv,2524610074,2,30NM,train,train,test,train,train
A/60002/2524610082/1775577327.csv,2524610082,2,30NM,train,train,train,train,train
A/60002/2546610759/1775577326.csv,2546610759,2,30NM,train,train,train,train,train
A/60002/2548610286/1775577327.csv,2548610286,2,30NM,test,train,train,train,train
A/60003/2521610325/1775577345.csv,2521610325,3,30NM,train,train,train,train,train
A/60003/2523610003/1775577345.csv,2523610003,3,30NM,train,train,test,train,train
A/60003/2523610041/1775577345.csv,2523610041,3,30NM,train,train,train,train,train
A/60003/2523610075/1775577345.csv,2523610075,3,30NM,train,train,train,train,train
A/60003/2523610126/1775577345.csv,2523610126,3,30NM,train,train,train,train,train
A/60003/2523610134/1775577346.csv,2523610134,3,30NM,train,train,train,train,train
A/60003/2523610160/1775577344.csv,2523610160,3,30NM,train,train,train,train,train
A/60003/2523610432/1775577344.csv,2523610432,3,30NM,train,train,train,train,train
A/60003/2524610033/1775577345.csv,2524610033,3,30NM,train,train,train,train,train
A/60003/2524610041/1775577345.csv,2524610041,3,30NM,train,train,train,train,train
A/60003/2524610049/1775577345.csv,2524610049,3,30NM,train,train,train,train,train
A/60003/2524610074/1775577345.csv,2524610074,3,30NM,train,train,test,train,train
A/60003/2524610082/1775577345.csv,2524610082,3,30NM,train,train,train,train,train
A/60003/2546610759/1775577344.csv,2546610759,3,30NM,train,train,train,train,train
A/60003/2548610286/1775577345.csv,2548610286,3,30NM,train,train,train,train,train
A/60004/2521610325/1775577363.csv,2521610325,4,30NM,train,test,train,train,train
A/60004/2523610003/1775577363.csv,2523610003,4,30NM,train,test,test,train,test
A/60004/2523610041/1775577364.csv,2523610041,4,30NM,train,test,train,train,train
A/60004/2523610075/1775577363.csv,2523610075,4,30NM,train,test,train,train,train
A/60004/2523610126/1775577363.csv,2523610126,4,30NM,test,test,train,train,train
A/60004/2523610134/1775577364.csv,2523610134,4,30NM,train,test,train,train,train
A/60004/2523610432/1775577362.csv,2523610432,4,30NM,train,test,train,train,train
A/60004/2524610033/1775577363.csv,2524610033,4,30NM,train,test,train,train,train
A/60004/2524610041/1775577363.csv,2524610041,4,30NM,train,test,train,train,train
A/60004/2524610049/1775577363.csv,2524610049,4,30NM,train,test,train,train,train
A/60004/2524610074/1775577363.csv,2524610074,4,30NM,test,test,test,train,test
A/60004/2524610082/1775577363.csv,2524610082,4,30NM,train,test,train,train,train
A/60004/2546610759/1775577362.csv,2546610759,4,30NM,train,test,train,train,train
A/60004/2548610286/1775577363.csv,2548610286,4,30NM,train,test,train,train,train
A/60005/2521610325/1775577381.csv,2521610325,5,30NM,train,test,train,train,train
A/60005/2523610003/1775577381.csv,2523610003,5,30NM,test,test,test,train,test
A/60005/2523610041/1775577382.csv,2523610041,5,30NM,train,test,train,train,train
A/60005/2523610075/1775577381.csv,2523610075,5,30NM,train,test,train,train,train
A/60005/2523610126/1775577381.csv,2523610126,5,30NM,train,test,train,train,train
A/60005/2523610134/1775577382.csv,2523610134,5,30NM,train,test,train,train,train
A/60005/2523610432/1775577380.csv,2523610432,5,30NM,train,test,train,train,train
A/60005/2524610033/1775577381.csv,2524610033,5,30NM,train,test,train,train,train
A/60005/2524610041/1775577381.csv,2524610041,5,30NM,train,test,train,train,train
A/60005/2524610049/1775577381.csv,2524610049,5,30NM,test,test,train,train,train
A/60005/2524610074/1775577381.csv,2524610074,5,30NM,train,test,test,train,test
A/60005/2524610082/1775577381.csv,2524610082,5,30NM,train,test,train,train,train
A/60005/2546610759/1775577380.csv,2546610759,5,30NM,train,test,train,train,train
A/60005/2548610286/1775577381.csv,2548610286,5,30NM,train,test,train,train,train
A/601/2521610325/1775563889.csv,2521610325,1,30NM,test,train,train,train,train
A/601/2521610325/1775563900.csv,2521610325,1,30NM,train,train,train,train,train
A/601/2521610325/1775563910.csv,2521610325,1,30NM,train,train,train,train,train
A/601/2521610325/1775563920.csv,2521610325,1,30NM,test,train,train,train,train
A/601/2521610325/1775563931.csv,2521610325,1,30NM,train,train,train,train,train
A/601/2521610325/1775563941.csv,2521610325,1,30NM,train,train,train,train,train
A/601/2523610003/1775563890.csv,2523610003,1,30NM,test,train,test,train,train
A/601/2523610003/1775563900.csv,2523610003,1,30NM,train,train,test,train,train
A/601/2523610003/1775563910.csv,2523610003,1,30NM,train,train,test,train,train
A/601/2523610003/1775563921.csv,2523610003,1,30NM,test,train,test,train,train
A/601/2523610003/1775563931.csv,2523610003,1,30NM,test,train,test,train,train
A/601/2523610003/1775563941.csv,2523610003,1,30NM,train,train,test,train,train
A/601/2523610041/1775563889.csv,2523610041,1,30NM,train,train,train,train,train
A/601/2523610041/1775563900.csv,2523610041,1,30NM,train,train,train,train,train
A/601/2523610041/1775563910.csv,2523610041,1,30NM,test,train,train,train,train
A/601/2523610041/1775563920.csv,2523610041,1,30NM,train,train,train,train,train
A/601/2523610041/1775563930.csv,2523610041,1,30NM,train,train,train,train,train
A/601/2523610041/1775563940.csv,2523610041,1,30NM,train,train,train,train,train
A/601/2523610126/1775563890.csv,2523610126,1,30NM,test,train,train,train,train
A/601/2523610126/1775563900.csv,2523610126,1,30NM,test,train,train,train,train
A/601/2523610126/1775563910.csv,2523610126,1,30NM,train,train,train,train,train
A/601/2523610126/1775563920.csv,2523610126,1,30NM,train,train,train,train,train
A/601/2523610126/1775563931.csv,2523610126,1,30NM,test,train,train,train,train
A/601/2523610126/1775563941.csv,2523610126,1,30NM,test,train,train,train,train
A/601/2523610134/1775563890.csv,2523610134,1,30NM,train,train,train,train,train
A/601/2523610134/1775563900.csv,2523610134,1,30NM,train,train,train,train,train
A/601/2523610134/1775563910.csv,2523610134,1,30NM,train,train,train,train,train
A/601/2523610134/1775563920.csv,2523610134,1,30NM,train,train,train,train,train
A/601/2523610134/1775563930.csv,2523610134,1,30NM,train,train,train,train,train
A/601/2523610134/1775563941.csv,2523610134,1,30NM,train,train,train,train,train
A/601/2523610160/1775563889.csv,2523610160,1,30NM,train,train,train,train,train
A/601/2523610160/1775563899.csv,2523610160,1,30NM,test,train,train,train,train
A/601/2523610160/1775563910.csv,2523610160,1,30NM,train,train,train,train,train
A/601/2523610160/1775563919.csv,2523610160,1,30NM,train,train,train,train,train
A/601/2523610160/1775563930.csv,2523610160,1,30NM,train,train,train,train,train
A/601/2523610432/1775563890.csv,2523610432,1,30NM,train,train,train,train,train
A/601/2523610432/1775563900.csv,2523610432,1,30NM,train,train,train,train,train
A/601/2523610432/1775563910.csv,2523610432,1,30NM,train,train,train,train,train
A/601/2523610432/1775563920.csv,2523610432,1,30NM,train,train,train,train,train
A/601/2523610432/1775563930.csv,2523610432,1,30NM,train,train,train,train,train
A/601/2523610432/1775563941.csv,2523610432,1,30NM,test,train,train,train,train
A/601/2524610033/1775563890.csv,2524610033,1,30NM,train,train,train,train,train
A/601/2524610033/1775563900.csv,2524610033,1,30NM,test,train,train,train,train
A/601/2524610033/1775563910.csv,2524610033,1,30NM,test,train,train,train,train
A/601/2524610033/1775563920.csv,2524610033,1,30NM,test,train,train,train,train
A/601/2524610033/1775563931.csv,2524610033,1,30NM,train,train,train,train,train
A/601/2524610033/1775563941.csv,2524610033,1,30NM,train,train,train,train,train
A/601/2524610041/1775563890.csv,2524610041,1,30NM,train,train,train,train,train
A/601/2524610041/1775563900.csv,2524610041,1,30NM,train,train,train,train,train
A/601/2524610041/1775563910.csv,2524610041,1,30NM,train,train,train,train,train
A/601/2524610041/1775563920.csv,2524610041,1,30NM,test,train,train,train,train
A/601/2524610041/1775563931.csv,2524610041,1,30NM,train,train,train,train,train
A/601/2524610041/1775563941.csv,2524610041,1,30NM,train,train,train,train,train
A/601/2524610049/1775563890.csv,2524610049,1,30NM,train,train,train,train,train
A/601/2524610049/1775563900.csv,2524610049,1,30NM,train,train,train,train,train
A/601/2524610049/1775563910.csv,2524610049,1,30NM,train,train,train,train,train
A/601/2524610049/1775563921.csv,2524610049,1,30NM,train,train,train,train,train
A/601/2524610049/1775563931.csv,2524610049,1,30NM,train,train,train,train,train
A/601/2524610049/1775563941.csv,2524610049,1,30NM,train,train,train,train,train
A/601/2524610074/1775563890.csv,2524610074,1,30NM,train,train,test,train,train
A/601/2524610074/1775563900.csv,2524610074,1,30NM,train,train,test,train,train
A/601/2524610074/1775563910.csv,2524610074,1,30NM,train,train,test,train,train
A/601/2524610074/1775563920.csv,2524610074,1,30NM,test,train,test,train,train
A/601/2524610074/1775563930.csv,2524610074,1,30NM,train,train,test,train,train
A/601/2524610074/1775563941.csv,2524610074,1,30NM,train,train,test,train,train
A/601/2524610082/1775563890.csv,2524610082,1,30NM,train,train,train,train,train
A/601/2524610082/1775563900.csv,2524610082,1,30NM,train,train,train,train,train
A/601/2524610082/1775563910.csv,2524610082,1,30NM,train,train,train,train,train
A/601/2524610082/1775563920.csv,2524610082,1,30NM,train,train,train,train,train
A/601/2524610082/1775563931.csv,2524610082,1,30NM,test,train,train,train,train
A/601/2524610082/1775563941.csv,2524610082,1,30NM,train,train,train,train,train
A/601/2546610759/1775563890.csv,2546610759,1,30NM,train,train,train,train,train
A/601/2546610759/1775563900.csv,2546610759,1,30NM,train,train,train,train,train
A/601/2546610759/1775563910.csv,2546610759,1,30NM,train,train,train,train,train
A/601/2546610759/1775563921.csv,2546610759,1,30NM,train,train,train,train,train
A/601/2546610759/1775563931.csv,2546610759,1,30NM,train,train,train,train,train
A/601/2546610759/1775563942.csv,2546610759,1,30NM,train,train,train,train,train
A/60101/2521610325/1775576263.csv,2521610325,1,30NM,train,train,train,train,train
A/60101/2523610003/1775576263.csv,2523610003,1,30NM,train,train,test,train,train
A/60101/2523610041/1775576263.csv,2523610041,1,30NM,train,train,train,train,train
A/60101/2523610075/1775576263.csv,2523610075,1,30NM,train,train,train,train,train
A/60101/2523610126/1775576263.csv,2523610126,1,30NM,train,train,train,train,train
A/60101/2523610134/1775576263.csv,2523610134,1,30NM,train,train,train,train,train
A/60101/2523610432/1775576263.csv,2523610432,1,30NM,train,train,train,train,train
A/60101/2524610033/1775576263.csv,2524610033,1,30NM,train,train,train,train,train
A/60101/2524610041/1775576263.csv,2524610041,1,30NM,test,train,train,train,train
A/60101/2524610049/1775576264.csv,2524610049,1,30NM,train,train,train,train,train
A/60101/2524610074/1775576263.csv,2524610074,1,30NM,train,train,test,train,train
A/60101/2524610082/1775576263.csv,2524610082,1,30NM,train,train,train,train,train
A/60101/2546610759/1775576263.csv,2546610759,1,30NM,test,train,train,train,train
A/60101/2548610286/1775576263.csv,2548610286,1,30NM,train,train,train,train,train
A/60102/2521610325/1775576281.csv,2521610325,2,30NM,train,train,train,train,train
A/60102/2523610003/1775576281.csv,2523610003,2,30NM,train,train,test,train,train
A/60102/2523610041/1775576281.csv,2523610041,2,30NM,test,train,train,train,train
A/60102/2523610075/1775576281.csv,2523610075,2,30NM,train,train,train,train,train
A/60102/2523610126/1775576281.csv,2523610126,2,30NM,test,train,train,train,train
A/60102/2523610134/1775576281.csv,2523610134,2,30NM,train,train,train,train,train
A/60102/2523610432/1775576281.csv,2523610432,2,30NM,test,train,train,train,train
A/60102/2524610033/1775576281.csv,2524610033,2,30NM,train,train,train,train,train
A/60102/2524610041/1775576281.csv,2524610041,2,30NM,train,train,train,train,train
A/60102/2524610049/1775576282.csv,2524610049,2,30NM,train,train,train,train,train
A/60102/2524610074/1775576281.csv,2524610074,2,30NM,train,train,test,train,train
A/60102/2524610082/1775576281.csv,2524610082,2,30NM,train,train,train,train,train
A/60102/2546610759/1775576281.csv,2546610759,2,30NM,train,train,train,train,train
A/60102/2548610286/1775576281.csv,2548610286,2,30NM,train,train,train,train,train
A/60103/2521610325/1775576299.csv,2521610325,3,30NM,train,train,train,train,train
A/60103/2523610003/1775576299.csv,2523610003,3,30NM,train,train,test,train,train
A/60103/2523610041/1775576299.csv,2523610041,3,30NM,test,train,train,train,train
A/60103/2523610075/1775576299.csv,2523610075,3,30NM,train,train,train,train,train
A/60103/2523610126/1775576299.csv,2523610126,3,30NM,train,train,train,train,train
A/60103/2523610134/1775576299.csv,2523610134,3,30NM,train,train,train,train,train
A/60103/2523610160/1775576301.csv,2523610160,3,30NM,test,train,train,train,train
A/60103/2523610432/1775576299.csv,2523610432,3,30NM,train,train,train,train,train
A/60103/2524610033/1775576299.csv,2524610033,3,30NM,train,train,train,train,train
A/60103/2524610041/1775576299.csv,2524610041,3,30NM,test,train,train,train,train
A/60103/2524610049/1775576300.csv,2524610049,3,30NM,test,train,train,train,train
A/60103/2524610074/1775576299.csv,2524610074,3,30NM,train,train,test,train,train
A/60103/2524610082/1775576299.csv,2524610082,3,30NM,train,train,train,train,train
A/60103/2546610759/1775576299.csv,2546610759,3,30NM,train,train,train,train,train
A/60103/2548610286/1775576299.csv,2548610286,3,30NM,train,train,train,train,train
A/60104/2521610325/1775576317.csv,2521610325,4,30NM,train,test,train,train,train
A/60104/2523610003/1775576317.csv,2523610003,4,30NM,train,test,test,train,test
A/60104/2523610041/1775576317.csv,2523610041,4,30NM,train,test,train,train,train
A/60104/2523610075/1775576317.csv,2523610075,4,30NM,train,test,train,train,train
A/60104/2523610126/1775576317.csv,2523610126,4,30NM,train,test,train,train,train
A/60104/2523610134/1775576317.csv,2523610134,4,30NM,train,test,train,train,train
A/60104/2523610432/1775576317.csv,2523610432,4,30NM,test,test,train,train,train
A/60104/2524610033/1775576317.csv,2524610033,4,30NM,test,test,train,train,train
A/60104/2524610041/1775576317.csv,2524610041,4,30NM,train,test,train,train,train
A/60104/2524610049/1775576318.csv,2524610049,4,30NM,train,test,train,train,train
A/60104/2524610074/1775576317.csv,2524610074,4,30NM,train,test,test,train,test
A/60104/2524610082/1775576317.csv,2524610082,4,30NM,train,test,train,train,train
A/60104/2546610759/1775576317.csv,2546610759,4,30NM,train,test,train,train,train
A/60104/2548610286/1775576317.csv,2548610286,4,30NM,test,test,train,train,train
A/60105/2521610325/1775576335.csv,2521610325,5,30NM,test,test,train,train,train
A/60105/2523610003/1775576335.csv,2523610003,5,30NM,test,test,test,train,test
A/60105/2523610041/1775576335.csv,2523610041,5,30NM,test,test,train,train,train
A/60105/2523610075/1775576335.csv,2523610075,5,30NM,test,test,train,train,train
A/60105/2523610126/1775576335.csv,2523610126,5,30NM,train,test,train,train,train
A/60105/2523610134/1775576335.csv,2523610134,5,30NM,test,test,train,train,train
A/60105/2523610160/1775576335.csv,2523610160,5,30NM,train,test,train,train,train
A/60105/2523610432/1775576335.csv,2523610432,5,30NM,train,test,train,train,train
A/60105/2524610033/1775576335.csv,2524610033,5,30NM,train,test,train,train,train
A/60105/2524610041/1775576335.csv,2524610041,5,30NM,train,test,train,train,train
A/60105/2524610049/1775576336.csv,2524610049,5,30NM,train,test,train,train,train
A/60105/2524610074/1775576335.csv,2524610074,5,30NM,train,test,test,train,test
A/60105/2524610082/1775576335.csv,2524610082,5,30NM,train,test,train,train,train
A/60105/2546610759/1775576335.csv,2546610759,5,30NM,train,test,train,train,train
A/60105/2548610286/1775576335.csv,2548610286,5,30NM,test,test,train,train,train
A/60201/2521610325/1775576353.csv,2521610325,1,30NM,train,train,train,train,train
A/60201/2523610003/1775576353.csv,2523610003,1,30NM,train,train,test,train,train
A/60201/2523610041/1775576353.csv,2523610041,1,30NM,train,train,train,train,train
A/60201/2523610075/1775576353.csv,2523610075,1,30NM,train,train,train,train,train
A/60201/2523610126/1775576353.csv,2523610126,1,30NM,train,train,train,train,train
A/60201/2523610134/1775576353.csv,2523610134,1,30NM,test,train,train,train,train
A/60201/2523610160/1775576353.csv,2523610160,1,30NM,train,train,train,train,train
A/60201/2523610432/1775576353.csv,2523610432,1,30NM,train,train,train,train,train
A/60201/2524610033/1775576353.csv,2524610033,1,30NM,train,train,train,train,train
A/60201/2524610041/1775576353.csv,2524610041,1,30NM,train,train,train,train,train
A/60201/2524610049/1775576354.csv,2524610049,1,30NM,test,train,train,train,train
A/60201/2524610074/1775576353.csv,2524610074,1,30NM,train,train,test,train,train
A/60201/2524610082/1775576353.csv,2524610082,1,30NM,test,train,train,train,train
A/60201/2546610759/1775576353.csv,2546610759,1,30NM,train,train,train,train,train
A/60201/2548610286/1775576353.csv,2548610286,1,30NM,train,train,train,train,train
A/60202/2521610325/1775576371.csv,2521610325,2,30NM,train,train,train,train,train
A/60202/2523610003/1775576371.csv,2523610003,2,30NM,test,train,test,train,train
A/60202/2523610041/1775576371.csv,2523610041,2,30NM,test,train,train,train,train
A/60202/2523610075/1775576371.csv,2523610075,2,30NM,train,train,train,train,train
A/60202/2523610126/1775576371.csv,2523610126,2,30NM,test,train,train,train,train
A/60202/2523610134/1775576371.csv,2523610134,2,30NM,train,train,train,train,train
A/60202/2523610160/1775576371.csv,2523610160,2,30NM,train,train,train,train,train
A/60202/2523610432/1775576371.csv,2523610432,2,30NM,test,train,train,train,train
A/60202/2524610033/1775576371.csv,2524610033,2,30NM,train,train,train,train,train
A/60202/2524610041/1775576371.csv,2524610041,2,30NM,train,train,train,train,train
A/60202/2524610049/1775576372.csv,2524610049,2,30NM,train,train,train,train,train
A/60202/2524610074/1775576371.csv,2524610074,2,30NM,train,train,test,train,train
A/60202/2524610082/1775576371.csv,2524610082,2,30NM,test,train,train,train,train
A/60202/2546610759/1775576371.csv,2546610759,2,30NM,train,train,train,train,train
A/60202/2548610286/1775576371.csv,2548610286,2,30NM,train,train,train,train,train
A/60203/2521610325/1775576389.csv,2521610325,3,30NM,train,train,train,train,train
A/60203/2523610003/1775576389.csv,2523610003,3,30NM,train,train,test,train,train
A/60203/2523610041/1775576389.csv,2523610041,3,30NM,test,train,train,train,train
A/60203/2523610075/1775576389.csv,2523610075,3,30NM,test,train,train,train,train
A/60203/2523610126/1775576389.csv,2523610126,3,30NM,train,train,train,train,train
A/60203/2523610134/1775576389.csv,2523610134,3,30NM,train,train,train,train,train
A/60203/2523610432/1775576389.csv,2523610432,3,30NM,train,train,train,train,train
A/60203/2524610033/1775576389.csv,2524610033,3,30NM,train,train,train,train,train
A/60203/2524610041/1775576389.csv,2524610041,3,30NM,train,train,train,train,train
A/60203/2524610049/1775576390.csv,2524610049,3,30NM,train,train,train,train,train
A/60203/2524610074/1775576389.csv,2524610074,3,30NM,train,train,test,train,train
A/60203/2524610082/1775576389.csv,2524610082,3,30NM,train,train,train,train,train
A/60203/2546610759/1775576389.csv,2546610759,3,30NM,train,train,train,train,train
A/60203/2548610286/1775576389.csv,2548610286,3,30NM,train,train,train,train,train
A/60204/2521610325/1775576407.csv,2521610325,4,30NM,test,test,train,train,train
A/60204/2523610003/1775576407.csv,2523610003,4,30NM,train,test,test,train,test
A/60204/2523610041/1775576407.csv,2523610041,4,30NM,train,test,train,train,train
A/60204/2523610075/1775576407.csv,2523610075,4,30NM,test,test,train,train,train
A/60204/2523610126/1775576407.csv,2523610126,4,30NM,test,test,train,train,train
A/60204/2523610134/1775576407.csv,2523610134,4,30NM,train,test,train,train,train
A/60204/2523610432/1775576407.csv,2523610432,4,30NM,train,test,train,train,train
A/60204/2524610033/1775576407.csv,2524610033,4,30NM,train,test,train,train,train
A/60204/2524610041/1775576407.csv,2524610041,4,30NM,train,test,train,train,train
A/60204/2524610049/1775576408.csv,2524610049,4,30NM,train,test,train,train,train
A/60204/2524610074/1775576407.csv,2524610074,4,30NM,train,test,test,train,test
A/60204/2524610082/1775576407.csv,2524610082,4,30NM,train,test,train,train,train
A/60204/2546610759/1775576407.csv,2546610759,4,30NM,train,test,train,train,train
A/60204/2548610286/1775576407.csv,2548610286,4,30NM,test,test,train,train,train
A/60205/2521610325/1775576425.csv,2521610325,5,30NM,train,test,train,train,train
A/60205/2523610003/1775576425.csv,2523610003,5,30NM,test,test,test,train,test
A/60205/2523610041/1775576425.csv,2523610041,5,30NM,test,test,train,train,train
A/60205/2523610075/1775576425.csv,2523610075,5,30NM,test,test,train,train,train
A/60205/2523610126/1775576425.csv,2523610126,5,30NM,train,test,train,train,train
A/60205/2523610134/1775576425.csv,2523610134,5,30NM,test,test,train,train,train
A/60205/2523610432/1775576425.csv,2523610432,5,30NM,train,test,train,train,train
A/60205/2524610033/1775576425.csv,2524610033,5,30NM,train,test,train,train,train
A/60205/2524610041/1775576425.csv,2524610041,5,30NM,test,test,train,train,train
A/60205/2524610049/1775576425.csv,2524610049,5,30NM,train,test,train,train,train
A/60205/2524610074/1775576425.csv,2524610074,5,30NM,train,test,test,train,test
A/60205/2524610082/1775576425.csv,2524610082,5,30NM,train,test,train,train,train
A/60205/2546610759/1775576425.csv,2546610759,5,30NM,test,test,train,train,train
A/60205/2548610286/1775576425.csv,2548610286,5,30NM,train,test,train,train,train
A/60301/2521610325/1775576443.csv,2521610325,1,30NM,train,train,train,train,train
A/60301/2523610003/1775576443.csv,2523610003,1,30NM,test,train,test,train,train
A/60301/2523610041/1775576443.csv,2523610041,1,30NM,train,train,train,train,train
A/60301/2523610075/1775576443.csv,2523610075,1,30NM,train,train,train,train,train
A/60301/2523610126/1775576443.csv,2523610126,1,30NM,train,train,train,train,train
A/60301/2523610134/1775576443.csv,2523610134,1,30NM,test,train,train,train,train
A/60301/2523610432/1775576443.csv,2523610432,1,30NM,train,train,train,train,train
A/60301/2524610033/1775576443.csv,2524610033,1,30NM,train,train,train,train,train
A/60301/2524610041/1775576443.csv,2524610041,1,30NM,train,train,train,train,train
A/60301/2524610049/1775576443.csv,2524610049,1,30NM,test,train,train,train,train
A/60301/2524610074/1775576443.csv,2524610074,1,30NM,train,train,test,train,train
A/60301/2524610082/1775576443.csv,2524610082,1,30NM,train,train,train,train,train
A/60301/2546610759/1775576443.csv,2546610759,1,30NM,test,train,train,train,train
A/60301/2548610286/1775576443.csv,2548610286,1,30NM,train,train,train,train,train
A/60302/2521610325/1775576461.csv,2521610325,2,30NM,train,train,train,train,train
A/60302/2523610003/1775576461.csv,2523610003,2,30NM,train,train,test,train,train
A/60302/2523610041/1775576461.csv,2523610041,2,30NM,test,train,train,train,train
A/60302/2523610075/1775576461.csv,2523610075,2,30NM,train,train,train,train,train
A/60302/2523610126/1775576461.csv,2523610126,2,30NM,train,train,train,train,train
A/60302/2523610134/1775576461.csv,2523610134,2,30NM,train,train,train,train,train
A/60302/2523610432/1775576461.csv,2523610432,2,30NM,train,train,train,train,train
A/60302/2524610033/1775576461.csv,2524610033,2,30NM,train,train,train,train,train
A/60302/2524610041/1775576461.csv,2524610041,2,30NM,train,train,train,train,train
A/60302/2524610049/1775576461.csv,2524610049,2,30NM,train,train,train,train,train
A/60302/2524610074/1775576461.csv,2524610074,2,30NM,test,train,test,train,train
A/60302/2524610082/1775576461.csv,2524610082,2,30NM,train,train,train,train,train
A/60302/2546610759/1775576461.csv,2546610759,2,30NM,train,train,train,train,train
A/60302/2548610286/1775576461.csv,2548610286,2,30NM,train,train,train,train,train
A/60303/2521610325/1775576479.csv,2521610325,3,30NM,train,train,train,train,train
A/60303/2523610003/1775576479.csv,2523610003,3,30NM,train,train,test,train,train
A/60303/2523610041/1775576479.csv,2523610041,3,30NM,train,train,train,train,train
A/60303/2523610075/1775576479.csv,2523610075,3,30NM,train,train,train,train,train
A/60303/2523610126/1775576479.csv,2523610126,3,30NM,train,train,train,train,train
A/60303/2523610134/1775576479.csv,2523610134,3,30NM,train,train,train,train,train
A/60303/2523610432/1775576479.csv,2523610432,3,30NM,train,train,train,train,train
A/60303/2524610033/1775576479.csv,2524610033,3,30NM,train,train,train,train,train
A/60303/2524610041/1775576479.csv,2524610041,3,30NM,test,train,train,train,train
A/60303/2524610049/1775576479.csv,2524610049,3,30NM,train,train,train,train,train
A/60303/2524610074/1775576479.csv,2524610074,3,30NM,train,train,test,train,train
A/60303/2524610082/1775576479.csv,2524610082,3,30NM,train,train,train,train,train
A/60303/2546610759/1775576479.csv,2546610759,3,30NM,train,train,train,train,train
A/60303/2548610286/1775576479.csv,2548610286,3,30NM,train,train,train,train,train
A/60304/2521610325/1775576497.csv,2521610325,4,30NM,train,test,train,train,train
A/60304/2523610003/1775576497.csv,2523610003,4,30NM,train,test,test,train,test
A/60304/2523610041/1775576497.csv,2523610041,4,30NM,train,test,train,train,train
A/60304/2523610075/1775576497.csv,2523610075,4,30NM,train,test,train,train,train
A/60304/2523610126/1775576497.csv,2523610126,4,30NM,train,test,train,train,train
A/60304/2523610134/1775576497.csv,2523610134,4,30NM,test,test,train,train,train
A/60304/2523610160/1775576498.csv,2523610160,4,30NM,train,test,train,train,train
A/60304/2523610432/1775576497.csv,2523610432,4,30NM,test,test,train,train,train
A/60304/2524610033/1775576497.csv,2524610033,4,30NM,train,test,train,train,train
A/60304/2524610041/1775576497.csv,2524610041,4,30NM,test,test,train,train,train
A/60304/2524610049/1775576497.csv,2524610049,4,30NM,train,test,train,train,train
A/60304/2524610074/1775576497.csv,2524610074,4,30NM,train,test,test,train,test
A/60304/2524610082/1775576497.csv,2524610082,4,30NM,train,test,train,train,train
A/60304/2546610759/1775576497.csv,2546610759,4,30NM,train,test,train,train,train
A/60304/2548610286/1775576497.csv,2548610286,4,30NM,test,test,train,train,train
A/60305/2521610325/1775576515.csv,2521610325,5,30NM,train,test,train,train,train
A/60305/2523610003/1775576515.csv,2523610003,5,30NM,train,test,test,train,test
A/60305/2523610041/1775576516.csv,2523610041,5,30NM,train,test,train,train,train
A/60305/2523610075/1775576515.csv,2523610075,5,30NM,test,test,train,train,train
A/60305/2523610126/1775576515.csv,2523610126,5,30NM,train,test,train,train,train
A/60305/2523610134/1775576516.csv,2523610134,5,30NM,train,test,train,train,train
A/60305/2523610160/1775576513.csv,2523610160,5,30NM,test,test,train,train,train
A/60305/2523610432/1775576515.csv,2523610432,5,30NM,test,test,train,train,train
A/60305/2524610033/1775576515.csv,2524610033,5,30NM,train,test,train,train,train
A/60305/2524610041/1775576515.csv,2524610041,5,30NM,train,test,train,train,train
A/60305/2524610049/1775576516.csv,2524610049,5,30NM,test,test,train,train,train
A/60305/2524610074/1775576515.csv,2524610074,5,30NM,train,test,test,train,test
A/60305/2524610082/1775576515.csv,2524610082,5,30NM,train,test,train,train,train
A/60305/2546610759/1775576515.csv,2546610759,5,30NM,train,test,train,train,train
A/60305/2548610286/1775576515.csv,2548610286,5,30NM,train,test,train,train,train
A/60401/2521610325/1775576533.csv,2521610325,1,30NM,train,train,train,train,train
A/60401/2523610003/1775576533.csv,2523610003,1,30NM,train,train,test,train,train
A/60401/2523610041/1775576534.csv,2523610041,1,30NM,train,train,train,train,train
A/60401/2523610075/1775576533.csv,2523610075,1,30NM,train,train,train,train,train
A/60401/2523610126/1775576533.csv,2523610126,1,30NM,train,train,train,train,train
A/60401/2523610134/1775576534.csv,2523610134,1,30NM,train,train,train,train,train
A/60401/2523610160/1775576531.csv,2523610160,1,30NM,train,train,train,train,train
A/60401/2523610432/1775576533.csv,2523610432,1,30NM,train,train,train,train,train
A/60401/2524610033/1775576533.csv,2524610033,1,30NM,train,train,train,train,train
A/60401/2524610041/1775576533.csv,2524610041,1,30NM,train,train,train,train,train
A/60401/2524610049/1775576534.csv,2524610049,1,30NM,train,train,train,train,train
A/60401/2524610074/1775576533.csv,2524610074,1,30NM,test,train,test,train,train
A/60401/2524610082/1775576533.csv,2524610082,1,30NM,train,train,train,train,train
A/60401/2546610759/1775576533.csv,2546610759,1,30NM,test,train,train,train,train
A/60401/2548610286/1775576533.csv,2548610286,1,30NM,train,train,train,train,train
A/60402/2521610325/1775576551.csv,2521610325,2,30NM,train,train,train,train,train
A/60402/2523610003/1775576551.csv,2523610003,2,30NM,test,train,test,train,train
A/60402/2523610041/1775576552.csv,2523610041,2,30NM,test,train,train,train,train
A/60402/2523610075/1775576551.csv,2523610075,2,30NM,train,train,train,train,train
A/60402/2523610126/1775576551.csv,2523610126,2,30NM,train,train,train,train,train
A/60402/2523610134/1775576552.csv,2523610134,2,30NM,train,train,train,train,train
A/60402/2523610432/1775576551.csv,2523610432,2,30NM,train,train,train,train,train
A/60402/2524610033/1775576551.csv,2524610033,2,30NM,train,train,train,train,train
A/60402/2524610041/1775576551.csv,2524610041,2,30NM,test,train,train,train,train
A/60402/2524610049/1775576552.csv,2524610049,2,30NM,train,train,train,train,train
A/60402/2524610074/1775576551.csv,2524610074,2,30NM,train,train,test,train,train
A/60402/2524610082/1775576551.csv,2524610082,2,30NM,train,train,train,train,train
A/60402/2546610759/1775576551.csv,2546610759,2,30NM,train,train,train,train,train
A/60402/2548610286/1775576552.csv,2548610286,2,30NM,train,train,train,train,train
A/60403/2521610325/1775576569.csv,2521610325,3,30NM,train,train,train,train,train
A/60403/2523610003/1775576569.csv,2523610003,3,30NM,train,train,test,train,train
A/60403/2523610041/1775576570.csv,2523610041,3,30NM,train,train,train,train,train
A/60403/2523610075/1775576569.csv,2523610075,3,30NM,train,train,train,train,train
A/60403/2523610126/1775576569.csv,2523610126,3,30NM,train,train,train,train,train
A/60403/2523610134/1775576570.csv,2523610134,3,30NM,test,train,train,train,train
A/60403/2523610432/1775576569.csv,2523610432,3,30NM,train,train,train,train,train
A/60403/2524610033/1775576569.csv,2524610033,3,30NM,train,train,train,train,train
A/60403/2524610041/1775576569.csv,2524610041,3,30NM,train,train,train,train,train
A/60403/2524610049/1775576570.csv,2524610049,3,30NM,train,train,train,train,train
A/60403/2524610074/1775576569.csv,2524610074,3,30NM,train,train,test,train,train
A/60403/2524610082/1775576569.csv,2524610082,3,30NM,train,train,train,train,train
A/60403/2546610759/1775576569.csv,2546610759,3,30NM,train,train,train,train,train
A/60403/2548610286/1775576570.csv,2548610286,3,30NM,test,train,train,train,train
A/60404/2521610325/1775576587.csv,2521610325,4,30NM,train,test,train,train,train
A/60404/2523610003/1775576588.csv,2523610003,4,30NM,train,test,test,train,test
A/60404/2523610041/1775576588.csv,2523610041,4,30NM,train,test,train,train,train
A/60404/2523610075/1775576587.csv,2523610075,4,30NM,test,test,train,train,train
A/60404/2523610126/1775576587.csv,2523610126,4,30NM,test,test,train,train,train
A/60404/2523610134/1775576588.csv,2523610134,4,30NM,train,test,train,train,train
A/60404/2523610432/1775576587.csv,2523610432,4,30NM,train,test,train,train,train
A/60404/2524610033/1775576587.csv,2524610033,4,30NM,train,test,train,train,train
A/60404/2524610041/1775576587.csv,2524610041,4,30NM,test,test,train,train,train
A/60404/2524610049/1775576588.csv,2524610049,4,30NM,train,test,train,train,train
A/60404/2524610074/1775576587.csv,2524610074,4,30NM,train,test,test,train,test
A/60404/2524610082/1775576587.csv,2524610082,4,30NM,train,test,train,train,train
A/60404/2546610759/1775576587.csv,2546610759,4,30NM,train,test,train,train,train
A/60404/2548610286/1775576588.csv,2548610286,4,30NM,test,test,train,train,train
A/60405/2521610325/1775576605.csv,2521610325,5,30NM,train,test,train,train,train
A/60405/2523610003/1775576606.csv,2523610003,5,30NM,train,test,test,train,test
A/60405/2523610041/1775576606.csv,2523610041,5,30NM,train,test,train,train,train
A/60405/2523610075/1775576605.csv,2523610075,5,30NM,train,test,train,train,train
A/60405/2523610126/1775576605.csv,2523610126,5,30NM,train,test,train,train,train
A/60405/2523610134/1775576606.csv,2523610134,5,30NM,train,test,train,train,train
A/60405/2523610432/1775576605.csv,2523610432,5,30NM,train,test,train,train,train
A/60405/2524610033/1775576605.csv,2524610033,5,30NM,train,test,train,train,train
A/60405/2524610041/1775576605.csv,2524610041,5,30NM,train,test,train,train,train
A/60405/2524610049/1775576606.csv,2524610049,5,30NM,train,test,train,train,train
A/60405/2524610074/1775576605.csv,2524610074,5,30NM,train,test,test,train,test
A/60405/2524610082/1775576605.csv,2524610082,5,30NM,train,test,train,train,train
A/60405/2546610759/1775576605.csv,2546610759,5,30NM,train,test,train,train,train
A/60405/2548610286/1775576606.csv,2548610286,5,30NM,train,test,train,train,train
A/60501/2521610325/1775576623.csv,2521610325,1,30NM,train,train,train,test,train
A/60501/2523610003/1775576624.csv,2523610003,1,30NM,train,train,test,test,train
A/60501/2523610041/1775576624.csv,2523610041,1,30NM,train,train,train,test,train
A/60501/2523610075/1775576623.csv,2523610075,1,30NM,train,train,train,test,train
A/60501/2523610126/1775576624.csv,2523610126,1,30NM,test,train,train,test,train
A/60501/2523610134/1775576624.csv,2523610134,1,30NM,train,train,train,test,train
A/60501/2523610160/1775576624.csv,2523610160,1,30NM,train,train,train,test,train
A/60501/2523610432/1775576623.csv,2523610432,1,30NM,test,train,train,test,train
A/60501/2524610033/1775576624.csv,2524610033,1,30NM,train,train,train,test,train
A/60501/2524610041/1775576624.csv,2524610041,1,30NM,train,train,train,test,train
A/60501/2524610049/1775576624.csv,2524610049,1,30NM,train,train,train,test,train
A/60501/2524610074/1775576624.csv,2524610074,1,30NM,train,train,test,test,train
A/60501/2524610082/1775576623.csv,2524610082,1,30NM,train,train,train,test,train
A/60501/2546610759/1775576623.csv,2546610759,1,30NM,train,train,train,test,train
A/60501/2548610286/1775576624.csv,2548610286,1,30NM,train,train,train,test,train
A/60502/2521610325/1775576641.csv,2521610325,2,30NM,train,train,train,test,train
A/60502/2523610003/1775576642.csv,2523610003,2,30NM,train,train,test,test,train
A/60502/2523610041/1775576642.csv,2523610041,2,30NM,train,train,train,test,train
A/60502/2523610075/1775576641.csv,2523610075,2,30NM,train,train,train,test,train
A/60502/2523610126/1775576642.csv,2523610126,2,30NM,train,train,train,test,train
A/60502/2523610134/1775576642.csv,2523610134,2,30NM,test,train,train,test,train
A/60502/2523610160/1775576642.csv,2523610160,2,30NM,train,train,train,test,train
A/60502/2523610432/1775576641.csv,2523610432,2,30NM,train,train,train,test,train
A/60502/2524610033/1775576642.csv,2524610033,2,30NM,train,train,train,test,train
A/60502/2524610041/1775576642.csv,2524610041,2,30NM,train,train,train,test,train
A/60502/2524610049/1775576642.csv,2524610049,2,30NM,train,train,train,test,train
A/60502/2524610074/1775576642.csv,2524610074,2,30NM,train,train,test,test,train
A/60502/2524610082/1775576641.csv,2524610082,2,30NM,train,train,train,test,train
A/60502/2546610759/1775576641.csv,2546610759,2,30NM,train,train,train,test,train
A/60502/2548610286/1775576642.csv,2548610286,2,30NM,train,train,train,test,train
A/60503/2521610325/1775576659.csv,2521610325,3,30NM,train,train,train,test,train
A/60503/2523610003/1775576660.csv,2523610003,3,30NM,train,train,test,test,train
A/60503/2523610041/1775576660.csv,2523610041,3,30NM,train,train,train,test,train
A/60503/2523610075/1775576660.csv,2523610075,3,30NM,train,train,train,test,train
A/60503/2523610126/1775576660.csv,2523610126,3,30NM,train,train,train,test,train
A/60503/2523610134/1775576660.csv,2523610134,3,30NM,train,train,train,test,train
A/60503/2523610160/1775576660.csv,2523610160,3,30NM,train,train,train,test,train
A/60503/2523610432/1775576659.csv,2523610432,3,30NM,train,train,train,test,train
A/60503/2524610033/1775576660.csv,2524610033,3,30NM,train,train,train,test,train
A/60503/2524610041/1775576660.csv,2524610041,3,30NM,test,train,train,test,train
A/60503/2524610049/1775576659.csv,2524610049,3,30NM,train,train,train,test,train
A/60503/2524610074/1775576660.csv,2524610074,3,30NM,train,train,test,test,train
A/60503/2524610082/1775576659.csv,2524610082,3,30NM,train,train,train,test,train
A/60503/2546610759/1775576659.csv,2546610759,3,30NM,test,train,train,test,train
A/60503/2548610286/1775576660.csv,2548610286,3,30NM,train,train,train,test,train
A/60504/2521610325/1775576678.csv,2521610325,4,30NM,train,test,train,test,train
A/60504/2523610003/1775576678.csv,2523610003,4,30NM,test,test,test,test,test
A/60504/2523610041/1775576678.csv,2523610041,4,30NM,train,test,train,test,train
A/60504/2523610075/1775576678.csv,2523610075,4,30NM,test,test,train,test,train
A/60504/2523610126/1775576678.csv,2523610126,4,30NM,train,test,train,test,train
A/60504/2523610134/1775576678.csv,2523610134,4,30NM,train,test,train,test,train
A/60504/2523610160/1775576675.csv,2523610160,4,30NM,train,test,train,test,train
A/60504/2523610432/1775576678.csv,2523610432,4,30NM,train,test,train,test,train
A/60504/2524610033/1775576678.csv,2524610033,4,30NM,test,test,train,test,train
A/60504/2524610041/1775576678.csv,2524610041,4,30NM,train,test,train,test,train
A/60504/2524610049/1775576677.csv,2524610049,4,30NM,test,test,train,test,train
A/60504/2524610074/1775576678.csv,2524610074,4,30NM,train,test,test,test,test
A/60504/2524610082/1775576677.csv,2524610082,4,30NM,train,test,train,test,train
A/60504/2546610759/1775576678.csv,2546610759,4,30NM,test,test,train,test,train
A/60504/2548610286/1775576678.csv,2548610286,4,30NM,train,test,train,test,train
A/60505/2521610325/1775576695.csv,2521610325,5,30NM,test,test,train,test,train
A/60505/2523610003/1775576696.csv,2523610003,5,30NM,train,test,test,test,test
A/60505/2523610041/1775576696.csv,2523610041,5,30NM,train,test,train,test,train
A/60505/2523610075/1775576696.csv,2523610075,5,30NM,train,test,train,test,train
A/60505/2523610126/1775576696.csv,2523610126,5,30NM,train,test,train,test,train
A/60505/2523610134/1775576696.csv,2523610134,5,30NM,train,test,train,test,train
A/60505/2523610160/1775576693.csv,2523610160,5,30NM,train,test,train,test,train
A/60505/2523610432/1775576696.csv,2523610432,5,30NM,train,test,train,test,train
A/60505/2524610033/1775576696.csv,2524610033,5,30NM,train,test,train,test,train
A/60505/2524610041/1775576696.csv,2524610041,5,30NM,test,test,train,test,train
A/60505/2524610049/1775576696.csv,2524610049,5,30NM,train,test,train,test,train
A/60505/2524610074/1775576696.csv,2524610074,5,30NM,train,test,test,test,test
A/60505/2524610082/1775576695.csv,2524610082,5,30NM,test,test,train,test,train
A/60505/2546610759/1775576695.csv,2546610759,5,30NM,train,test,train,test,train
A/60505/2548610286/1775576696.csv,2548610286,5,30NM,train,test,train,test,train
A/60601/2521610325/1775576714.csv,2521610325,1,30NM,train,train,train,train,train
A/60601/2523610003/1775576714.csv,2523610003,1,30NM,train,train,test,train,train
A/60601/2523610041/1775576714.csv,2523610041,1,30NM,train,train,train,train,train
A/60601/2523610075/1775576714.csv,2523610075,1,30NM,train,train,train,train,train
A/60601/2523610126/1775576714.csv,2523610126,1,30NM,train,train,train,train,train
A/60601/2523610134/1775576714.csv,2523610134,1,30NM,train,train,train,train,train
A/60601/2523610432/1775576713.csv,2523610432,1,30NM,train,train,train,train,train
A/60601/2524610033/1775576714.csv,2524610033,1,30NM,train,train,train,train,train
A/60601/2524610041/1775576714.csv,2524610041,1,30NM,train,train,train,train,train
A/60601/2524610049/1775576714.csv,2524610049,1,30NM,train,train,train,train,train
A/60601/2524610074/1775576714.csv,2524610074,1,30NM,test,train,test,train,train
A/60601/2524610082/1775576713.csv,2524610082,1,30NM,train,train,train,train,train
A/60601/2546610759/1775576714.csv,2546610759,1,30NM,train,train,train,train,train
A/60601/2548610286/1775576714.csv,2548610286,1,30NM,train,train,train,train,train
A/60602/2521610325/1775576732.csv,2521610325,2,30NM,train,train,train,train,train
A/60602/2523610003/1775576732.csv,2523610003,2,30NM,train,train,test,train,train
A/60602/2523610041/1775576732.csv,2523610041,2,30NM,train,train,train,train,train
A/60602/2523610075/1775576732.csv,2523610075,2,30NM,test,train,train,train,train
A/60602/2523610126/1775576732.csv,2523610126,2,30NM,train,train,train,train,train
A/60602/2523610134/1775576732.csv,2523610134,2,30NM,test,train,train,train,train
A/60602/2523610432/1775576732.csv,2523610432,2,30NM,train,train,train,train,train
A/60602/2524610033/1775576732.csv,2524610033,2,30NM,train,train,train,train,train
A/60602/2524610041/1775576732.csv,2524610041,2,30NM,train,train,train,train,train
A/60602/2524610049/1775576732.csv,2524610049,2,30NM,train,train,train,train,train
A/60602/2524610074/1775576732.csv,2524610074,2,30NM,train,train,test,train,train
A/60602/2524610082/1775576731.csv,2524610082,2,30NM,test,train,train,train,train
A/60602/2546610759/1775576731.csv,2546610759,2,30NM,test,train,train,train,train
A/60602/2548610286/1775576732.csv,2548610286,2,30NM,train,train,train,train,train
A/60603/2521610325/1775576750.csv,2521610325,3,30NM,train,train,train,train,train
A/60603/2523610003/1775576750.csv,2523610003,3,30NM,train,train,test,train,train
A/60603/2523610041/1775576750.csv,2523610041,3,30NM,test,train,train,train,train
A/60603/2523610075/1775576750.csv,2523610075,3,30NM,train,train,train,train,train
A/60603/2523610126/1775576750.csv,2523610126,3,30NM,train,train,train,train,train
A/60603/2523610134/1775576750.csv,2523610134,3,30NM,train,train,train,train,train
A/60603/2523610432/1775576750.csv,2523610432,3,30NM,train,train,train,train,train
A/60603/2524610033/1775576750.csv,2524610033,3,30NM,train,train,train,train,train
A/60603/2524610041/1775576750.csv,2524610041,3,30NM,test,train,train,train,train
A/60603/2524610049/1775576750.csv,2524610049,3,30NM,train,train,train,train,train
A/60603/2524610074/1775576750.csv,2524610074,3,30NM,test,train,test,train,train
A/60603/2524610082/1775576750.csv,2524610082,3,30NM,train,train,train,train,train
A/60603/2546610759/1775576750.csv,2546610759,3,30NM,train,train,train,train,train
A/60603/2548610286/1775576750.csv,2548610286,3,30NM,train,train,train,train,train
A/60604/2521610325/1775576768.csv,2521610325,4,30NM,train,test,train,train,train
A/60604/2523610003/1775576768.csv,2523610003,4,30NM,train,test,test,train,test
A/60604/2523610041/1775576768.csv,2523610041,4,30NM,train,test,train,train,train
A/60604/2523610075/1775576768.csv,2523610075,4,30NM,train,test,train,train,train
A/60604/2523610126/1775576768.csv,2523610126,4,30NM,train,test,train,train,train
A/60604/2523610134/1775576768.csv,2523610134,4,30NM,train,test,train,train,train
A/60604/2523610160/1775576771.csv,2523610160,4,30NM,train,test,train,train,train
A/60604/2523610432/1775576768.csv,2523610432,4,30NM,train,test,train,train,train
A/60604/2524610033/1775576768.csv,2524610033,4,30NM,test,test,train,train,train
A/60604/2524610041/1775576768.csv,2524610041,4,30NM,train,test,train,train,train
A/60604/2524610049/1775576768.csv,2524610049,4,30NM,test,test,train,train,train
A/60604/2524610074/1775576768.csv,2524610074,4,30NM,train,test,test,train,test
A/60604/2524610082/1775576768.csv,2524610082,4,30NM,train,test,train,train,train
A/60604/2546610759/1775576768.csv,2546610759,4,30NM,train,test,train,train,train
A/60604/2548610286/1775576768.csv,2548610286,4,30NM,test,test,train,train,train
A/60605/2521610325/1775576786.csv,2521610325,5,30NM,train,test,train,train,train
A/60605/2523610003/1775576786.csv,2523610003,5,30NM,train,test,test,train,test
A/60605/2523610041/1775576786.csv,2523610041,5,30NM,train,test,train,train,train
A/60605/2523610075/1775576786.csv,2523610075,5,30NM,train,test,train,train,train
A/60605/2523610126/1775576786.csv,2523610126,5,30NM,train,test,train,train,train
A/60605/2523610134/1775576786.csv,2523610134,5,30NM,train,test,train,train,train
A/60605/2523610432/1775576786.csv,2523610432,5,30NM,train,test,train,train,train
A/60605/2524610033/1775576786.csv,2524610033,5,30NM,train,test,train,train,train
A/60605/2524610041/1775576786.csv,2524610041,5,30NM,train,test,train,train,train
A/60605/2524610049/1775576786.csv,2524610049,5,30NM,train,test,train,train,train
A/60605/2524610074/1775576786.csv,2524610074,5,30NM,train,test,test,train,test
A/60605/2524610082/1775576786.csv,2524610082,5,30NM,test,test,train,train,train
A/60605/2546610759/1775576786.csv,2546610759,5,30NM,train,test,train,train,train
A/60605/2548610286/1775576786.csv,2548610286,5,30NM,train,test,train,train,train
B/10001/2523610003/1775585631.csv,2523610003,1,Loose,train,train,test,train,train
B/10001/2523610075/1775585631.csv,2523610075,1,Loose,train,train,train,train,train
B/10001/2523610134/1775585631.csv,2523610134,1,Loose,train,train,train,train,train
B/10001/2523610160/1775585633.csv,2523610160,1,Loose,train,train,train,train,train
B/10001/2524610049/1775585631.csv,2524610049,1,Loose,test,train,train,train,train
B/10001/2524610074/1775585631.csv,2524610074,1,Loose,train,train,test,train,train
B/10001/2524610082/1775585632.csv,2524610082,1,Loose,test,train,train,train,train
B/10001/2546610759/1775585632.csv,2546610759,1,Loose,train,train,train,train,train
B/10001/2548610286/1775585632.csv,2548610286,1,Loose,train,train,train,train,train
B/10002/2523610003/1775585649.csv,2523610003,2,Loose,train,train,test,train,train
B/10002/2523610075/1775585649.csv,2523610075,2,Loose,train,train,train,train,train
B/10002/2523610134/1775585650.csv,2523610134,2,Loose,train,train,train,train,train
B/10002/2523610160/1775585648.csv,2523610160,2,Loose,train,train,train,train,train
B/10002/2524610074/1775585649.csv,2524610074,2,Loose,train,train,test,train,train
B/10002/2524610082/1775585649.csv,2524610082,2,Loose,train,train,train,train,train
B/10002/2546610759/1775585650.csv,2546610759,2,Loose,train,train,train,train,train
B/10002/2548610286/1775585650.csv,2548610286,2,Loose,train,train,train,train,train
B/10003/2523610003/1775585667.csv,2523610003,3,Loose,test,train,test,train,train
B/10003/2523610075/1775585667.csv,2523610075,3,Loose,train,train,train,train,train
B/10003/2523610134/1775585668.csv,2523610134,3,Loose,train,train,train,train,train
B/10003/2523610160/1775585665.csv,2523610160,3,Loose,train,train,train,train,train
B/10003/2524610049/1775585667.csv,2524610049,3,Loose,train,train,train,train,train
B/10003/2524610074/1775585667.csv,2524610074,3,Loose,test,train,test,train,train
B/10003/2524610082/1775585667.csv,2524610082,3,Loose,train,train,train,train,train
B/10003/2546610759/1775585667.csv,2546610759,3,Loose,train,train,train,train,train
B/10003/2548610286/1775585668.csv,2548610286,3,Loose,train,train,train,train,train
B/10004/2523610003/1775585685.csv,2523610003,4,Loose,train,test,test,train,test
B/10004/2523610075/1775585685.csv,2523610075,4,Loose,train,test,train,train,train
B/10004/2523610134/1775585686.csv,2523610134,4,Loose,train,test,train,train,train
B/10004/2524610041/1775585684.csv,2524610041,4,Loose,train,test,train,train,train
B/10004/2524610049/1775585685.csv,2524610049,4,Loose,train,test,train,train,train
B/10004/2524610074/1775585685.csv,2524610074,4,Loose,train,test,test,train,test
B/10004/2524610082/1775585685.csv,2524610082,4,Loose,train,test,train,train,train
B/10004/2546610759/1775585686.csv,2546610759,4,Loose,test,test,train,train,train
B/10004/2548610286/1775585686.csv,2548610286,4,Loose,train,test,train,train,train
B/10005/2523610003/1775585703.csv,2523610003,5,Loose,train,test,test,train,test
B/10005/2523610075/1775585703.csv,2523610075,5,Loose,train,test,train,train,train
B/10005/2523610134/1775585703.csv,2523610134,5,Loose,train,test,train,train,train
B/10005/2523610160/1775585701.csv,2523610160,5,Loose,train,test,train,train,train
B/10005/2524610041/1775585702.csv,2524610041,5,Loose,train,test,train,train,train
B/10005/2524610074/1775585703.csv,2524610074,5,Loose,test,test,test,train,test
B/10005/2524610082/1775585703.csv,2524610082,5,Loose,train,test,train,train,train
B/10005/2546610759/1775585703.csv,2546610759,5,Loose,train,test,train,train,train
B/10005/2548610286/1775585704.csv,2548610286,5,Loose,train,test,train,train,train
B/101/2523610003/1775562042.csv,2523610003,1,Loose,train,train,test,train,train
B/101/2523610075/1775562035.csv,2523610075,1,Loose,train,train,train,train,train
B/101/2523610075/1775562045.csv,2523610075,1,Loose,train,train,train,train,train
B/101/2523610075/1775562056.csv,2523610075,1,Loose,test,train,train,train,train
B/101/2523610075/1775562066.csv,2523610075,1,Loose,train,train,train,train,train
B/101/2523610075/1775562076.csv,2523610075,1,Loose,train,train,train,train,train
B/101/2523610432/1775562060.csv,2523610432,1,Loose,train,train,train,train,train
B/101/2524610041/1775562035.csv,2524610041,1,Loose,test,train,train,train,train
B/101/2524610041/1775562046.csv,2524610041,1,Loose,train,train,train,train,train
B/101/2524610041/1775562056.csv,2524610041,1,Loose,train,train,train,train,train
B/101/2524610041/1775562066.csv,2524610041,1,Loose,test,train,train,train,train
B/101/2524610041/1775562077.csv,2524610041,1,Loose,train,train,train,train,train
B/101/2546610759/1775562041.csv,2546610759,1,Loose,test,train,train,train,train
B/101/2548610286/1775562035.csv,2548610286,1,Loose,train,train,train,train,train
B/101/2548610286/1775562045.csv,2548610286,1,Loose,train,train,train,train,train
B/101/2548610286/1775562056.csv,2548610286,1,Loose,train,train,train,train,train
B/101/2548610286/1775562066.csv,2548610286,1,Loose,train,train,train,train,train
B/101/2548610286/1775562076.csv,2548610286,1,Loose,train,train,train,train,train
B/10102/2521610325/1775582355.csv,2521610325,2,Loose,train,train,train,test,train
B/10102/2523610003/1775582355.csv,2523610003,2,Loose,train,train,test,test,train
B/10102/2523610075/1775582355.csv,2523610075,2,Loose,train,train,train,test,train
B/10102/2523610134/1775582355.csv,2523610134,2,Loose,train,train,train,test,train
B/10102/2524610041/1775582355.csv,2524610041,2,Loose,train,train,train,test,train
B/10102/2524610049/1775582359.csv,2524610049,2,Loose,train,train,train,test,train
B/10102/2524610074/1775582355.csv,2524610074,2,Loose,train,train,test,test,train
B/10102/2524610082/1775582355.csv,2524610082,2,Loose,test,train,train,test,train
B/10102/2546610759/1775582355.csv,2546610759,2,Loose,train,train,train,test,train
B/10102/2548610286/1775582355.csv,2548610286,2,Loose,train,train,train,test,train
B/10103/2523610003/1775582373.csv,2523610003,3,Loose,train,train,test,test,train
B/10103/2523610075/1775582373.csv,2523610075,3,Loose,train,train,train,test,train
B/10103/2523610134/1775582373.csv,2523610134,3,Loose,train,train,train,test,train
B/10103/2524610041/1775582373.csv,2524610041,3,Loose,train,train,train,test,train
B/10103/2524610049/1775582377.csv,2524610049,3,Loose,train,train,train,test,train
B/10103/2524610074/1775582373.csv,2524610074,3,Loose,test,train,test,test,train
B/10103/2524610082/1775582373.csv,2524610082,3,Loose,test,train,train,test,train
B/10103/2546610759/1775582373.csv,2546610759,3,Loose,train,train,train,test,train
B/10103/2548610286/1775582373.csv,2548610286,3,Loose,test,train,train,test,train
B/10104/2521610325/1775582391.csv,2521610325,4,Loose,test,test,train,test,train
B/10104/2523610003/1775582391.csv,2523610003,4,Loose,train,test,test,test,test
B/10104/2523610075/1775582391.csv,2523610075,4,Loose,train,test,train,test,train
B/10104/2523610134/1775582391.csv,2523610134,4,Loose,train,test,train,test,train
B/10104/2523610432/1775582391.csv,2523610432,4,Loose,train,test,train,test,train
B/10104/2524610041/1775582391.csv,2524610041,4,Loose,train,test,train,test,train
B/10104/2524610049/1775582390.csv,2524610049,4,Loose,train,test,train,test,train
B/10104/2524610074/1775582391.csv,2524610074,4,Loose,train,test,test,test,test
B/10104/2524610082/1775582391.csv,2524610082,4,Loose,train,test,train,test,train
B/10104/2546610759/1775582392.csv,2546610759,4,Loose,train,test,train,test,train
B/10104/2548610286/1775582391.csv,2548610286,4,Loose,train,test,train,test,train
B/10105/2521610325/1775582410.csv,2521610325,5,Loose,train,test,train,test,train
B/10105/2523610003/1775582409.csv,2523610003,5,Loose,train,test,test,test,test
B/10105/2523610075/1775582409.csv,2523610075,5,Loose,train,test,train,test,train
B/10105/2523610134/1775582409.csv,2523610134,5,Loose,test,test,train,test,train
B/10105/2524610041/1775582409.csv,2524610041,5,Loose,test,test,train,test,train
B/10105/2524610074/1775582409.csv,2524610074,5,Loose,test,test,test,test,test
B/10105/2524610082/1775582410.csv,2524610082,5,Loose,test,test,train,test,train
B/10105/2546610759/1775582409.csv,2546610759,5,Loose,test,test,train,test,train
B/10105/2548610286/1775582409.csv,2548610286,5,Loose,train,test,train,test,train
B/10201/2523610003/1775582428.csv,2523610003,1,Loose,train,train,test,train,train
B/10201/2523610075/1775582427.csv,2523610075,1,Loose,train,train,train,train,train
B/10201/2524610041/1775582427.csv,2524610041,1,Loose,train,train,train,train,train
B/10201/2524610074/1775582428.csv,2524610074,1,Loose,train,train,test,train,train
B/10201/2524610082/1775582427.csv,2524610082,1,Loose,train,train,train,train,train
B/10201/2546610759/1775582427.csv,2546610759,1,Loose,test,train,train,train,train
B/10201/2548610286/1775582428.csv,2548610286,1,Loose,train,train,train,train,train
B/10202/2523610003/1775582446.csv,2523610003,2,Loose,test,train,test,train,train
B/10202/2523610075/1775582445.csv,2523610075,2,Loose,train,train,train,train,train
B/10202/2524610041/1775582445.csv,2524610041,2,Loose,train,train,train,train,train
B/10202/2524610074/1775582446.csv,2524610074,2,Loose,train,train,test,train,train
B/10202/2546610759/1775582445.csv,2546610759,2,Loose,train,train,train,train,train
B/10202/2548610286/1775582446.csv,2548610286,2,Loose,train,train,train,train,train
B/10203/2523610003/1775582464.csv,2523610003,3,Loose,train,train,test,train,train
B/10203/2523610075/1775582463.csv,2523610075,3,Loose,test,train,train,train,train
B/10203/2523610134/1775582465.csv,2523610134,3,Loose,train,train,train,train,train
B/10203/2524610041/1775582463.csv,2524610041,3,Loose,train,train,train,train,train
B/10203/2524610074/1775582464.csv,2524610074,3,Loose,train,train,test,train,train
B/10203/2546610759/1775582464.csv,2546610759,3,Loose,train,train,train,train,train
B/10203/2548610286/1775582464.csv,2548610286,3,Loose,train,train,train,train,train
B/10204/2523610003/1775582482.csv,2523610003,4,Loose,train,test,test,train,test
B/10204/2523610075/1775582481.csv,2523610075,4,Loose,train,test,train,train,train
B/10204/2523610160/1775582479.csv,2523610160,4,Loose,train,test,train,train,train
B/10204/2524610041/1775582481.csv,2524610041,4,Loose,train,test,train,train,train
B/10204/2524610074/1775582482.csv,2524610074,4,Loose,train,test,test,train,test
B/10204/2524610082/1775582481.csv,2524610082,4,Loose,train,test,train,train,train
B/10204/2546610759/1775582481.csv,2546610759,4,Loose,train,test,train,train,train
B/10204/2548610286/1775582482.csv,2548610286,4,Loose,train,test,train,train,train
B/10205/2523610003/1775582500.csv,2523610003,5,Loose,train,test,test,train,test
B/10205/2523610075/1775582499.csv,2523610075,5,Loose,train,test,train,train,train
B/10205/2523610134/1775582500.csv,2523610134,5,Loose,train,test,train,train,train
B/10205/2523610160/1775582498.csv,2523610160,5,Loose,train,test,train,train,train
B/10205/2524610041/1775582499.csv,2524610041,5,Loose,train,test,train,train,train
B/10205/2524610074/1775582499.csv,2524610074,5,Loose,train,test,test,train,test
B/10205/2546610759/1775582500.csv,2546610759,5,Loose,test,test,train,train,train
B/10205/2548610286/1775582500.csv,2548610286,5,Loose,train,test,train,train,train
B/10301/2523610003/1775582518.csv,2523610003,1,Loose,test,train,test,train,train
B/10301/2523610075/1775582517.csv,2523610075,1,Loose,train,train,train,train,train
B/10301/2523610160/1775582516.csv,2523610160,1,Loose,train,train,train,train,train
B/10301/2524610041/1775582517.csv,2524610041,1,Loose,train,train,train,train,train
B/10301/2524610074/1775582518.csv,2524610074,1,Loose,train,train,test,train,train
B/10301/2524610082/1775582517.csv,2524610082,1,Loose,test,train,train,train,train
B/10301/2548610286/1775582517.csv,2548610286,1,Loose,train,train,train,train,train
B/10302/2523610003/1775582536.csv,2523610003,2,Loose,train,train,test,train,train
B/10302/2523610075/1775582535.csv,2523610075,2,Loose,train,train,train,train,train
B/10302/2523610134/1775582537.csv,2523610134,2,Loose,train,train,train,train,train
B/10302/2523610160/1775582534.csv,2523610160,2,Loose,train,train,train,train,train
B/10302/2524610041/1775582535.csv,2524610041,2,Loose,test,train,train,train,train
B/10302/2524610074/1775582536.csv,2524610074,2,Loose,train,train,test,train,train
B/10302/2524610082/1775582535.csv,2524610082,2,Loose,test,train,train,train,train
B/10302/2546610759/1775582536.csv,2546610759,2,Loose,train,train,train,train,train
B/10302/2548610286/1775582536.csv,2548610286,2,Loose,train,train,train,train,train
B/10303/2523610003/1775582554.csv,2523610003,3,Loose,train,train,test,train,train
B/10303/2523610075/1775582553.csv,2523610075,3,Loose,test,train,train,train,train
B/10303/2523610160/1775582552.csv,2523610160,3,Loose,train,train,train,train,train
B/10303/2524610041/1775582553.csv,2524610041,3,Loose,train,train,train,train,train
B/10303/2524610049/1775582553.csv,2524610049,3,Loose,train,train,train,train,train
B/10303/2524610074/1775582554.csv,2524610074,3,Loose,train,train,test,train,train
B/10303/2524610082/1775582553.csv,2524610082,3,Loose,train,train,train,train,train
B/10303/2548610286/1775582553.csv,2548610286,3,Loose,train,train,train,train,train
B/10304/2523610003/1775582572.csv,2523610003,4,Loose,train,test,test,train,test
B/10304/2523610075/1775582571.csv,2523610075,4,Loose,train,test,train,train,train
B/10304/2524610041/1775582572.csv,2524610041,4,Loose,train,test,train,train,train
B/10304/2524610074/1775582572.csv,2524610074,4,Loose,test,test,test,train,test
B/10304/2546610759/1775582572.csv,2546610759,4,Loose,train,test,train,train,train
B/10304/2548610286/1775582572.csv,2548610286,4,Loose,test,test,train,train,train
B/10305/2523610003/1775582590.csv,2523610003,5,Loose,test,test,test,train,test
B/10305/2523610075/1775582589.csv,2523610075,5,Loose,train,test,train,train,train
B/10305/2524610041/1775582589.csv,2524610041,5,Loose,train,test,train,train,train
B/10305/2524610074/1775582590.csv,2524610074,5,Loose,train,test,test,train,test
B/10305/2546610759/1775582590.csv,2546610759,5,Loose,train,test,train,train,train
B/10305/2548610286/1775582590.csv,2548610286,5,Loose,train,test,train,train,train
B/10401/2521610325/1775582608.csv,2521610325,1,Loose,train,train,train,train,train
B/10401/2523610003/1775582608.csv,2523610003,1,Loose,train,train,test,train,train
B/10401/2523610075/1775582607.csv,2523610075,1,Loose,train,train,train,train,train
B/10401/2523610134/1775582607.csv,2523610134,1,Loose,test,train,train,train,train
B/10401/2524610041/1775582607.csv,2524610041,1,Loose,train,train,train,train,train
B/10401/2524610074/1775582607.csv,2524610074,1,Loose,train,train,test,train,train
B/10401/2524610082/1775582607.csv,2524610082,1,Loose,test,train,train,train,train
B/10401/2546610759/1775582607.csv,2546610759,1,Loose,train,train,train,train,train
B/10401/2548610286/1775582608.csv,2548610286,1,Loose,train,train,train,train,train
B/10402/2523610003/1775582625.csv,2523610003,2,Loose,test,train,test,train,train
B/10402/2523610075/1775582625.csv,2523610075,2,Loose,train,train,train,train,train
B/10402/2523610134/1775582626.csv,2523610134,2,Loose,train,train,train,train,train
B/10402/2523610160/1775582629.csv,2523610160,2,Loose,train,train,train,train,train
B/10402/2524610041/1775582625.csv,2524610041,2,Loose,test,train,train,train,train
B/10402/2524610074/1775582626.csv,2524610074,2,Loose,train,train,test,train,train
B/10402/2524610082/1775582625.csv,2524610082,2,Loose,train,train,train,train,train
B/10402/2546610759/1775582625.csv,2546610759,2,Loose,train,train,train,train,train
B/10402/2548610286/1775582625.csv,2548610286,2,Loose,train,train,train,train,train
B/10403/2523610003/1775582643.csv,2523610003,3,Loose,train,train,test,train,train
B/10403/2523610075/1775582643.csv,2523610075,3,Loose,train,train,train,train,train
B/10403/2523610134/1775582643.csv,2523610134,3,Loose,test,train,train,train,train
B/10403/2523610160/1775582647.csv,2523610160,3,Loose,train,train,train,train,train
B/10403/2524610041/1775582643.csv,2524610041,3,Loose,train,train,train,train,train
B/10403/2524610074/1775582644.csv,2524610074,3,Loose,train,train,test,train,train
B/10403/2524610082/1775582643.csv,2524610082,3,Loose,train,train,train,train,train
B/10403/2546610759/1775582643.csv,2546610759,3,Loose,train,train,train,train,train
B/10403/2548610286/1775582643.csv,2548610286,3,Loose,train,train,train,train,train
B/10404/2523610003/1775582662.csv,2523610003,4,Loose,train,test,test,train,test
B/10404/2523610075/1775582661.csv,2523610075,4,Loose,train,test,train,train,train
B/10404/2523610134/1775582661.csv,2523610134,4,Loose,train,test,train,train,train
B/10404/2523610160/1775582661.csv,2523610160,4,Loose,train,test,train,train,train
B/10404/2524610041/1775582661.csv,2524610041,4,Loose,train,test,train,train,train
B/10404/2524610074/1775582662.csv,2524610074,4,Loose,test,test,test,train,test
B/10404/2524610082/1775582661.csv,2524610082,4,Loose,train,test,train,train,train
B/10404/2546610759/1775582661.csv,2546610759,4,Loose,test,test,train,train,train
B/10404/2548610286/1775582661.csv,2548610286,4,Loose,test,test,train,train,train
B/10405/2523610003/1775582679.csv,2523610003,5,Loose,train,test,test,train,test
B/10405/2523610075/1775582679.csv,2523610075,5,Loose,test,test,train,train,train
B/10405/2523610134/1775582680.csv,2523610134,5,Loose,train,test,train,train,train
B/10405/2523610160/1775582679.csv,2523610160,5,Loose,train,test,train,train,train
B/10405/2524610041/1775582679.csv,2524610041,5,Loose,train,test,train,train,train
B/10405/2524610074/1775582679.csv,2524610074,5,Loose,train,test,test,train,test
B/10405/2524610082/1775582679.csv,2524610082,5,Loose,train,test,train,train,train
B/10405/2546610759/1775582680.csv,2546610759,5,Loose,train,test,train,train,train
B/10405/2548610286/1775582680.csv,2548610286,5,Loose,train,test,train,train,train
B/10501/2523610003/1775582698.csv,2523610003,1,Loose,train,train,test,train,train
B/10501/2523610075/1775582697.csv,2523610075,1,Loose,train,train,train,train,train
B/10501/2523610134/1775582697.csv,2523610134,1,Loose,train,train,train,train,train
B/10501/2524610041/1775582697.csv,2524610041,1,Loose,train,train,train,train,train
B/10501/2524610074/1775582698.csv,2524610074,1,Loose,train,train,test,train,train
B/10501/2524610082/1775582697.csv,2524610082,1,Loose,train,train,train,train,train
B/10501/2546610759/1775582697.csv,2546610759,1,Loose,train,train,train,train,train
B/10501/2548610286/1775582699.csv,2548610286,1,Loose,train,train,train,train,train
B/10502/2521610325/1775582716.csv,2521610325,2,Loose,train,train,train,train,train
B/10502/2523610003/1775582716.csv,2523610003,2,Loose,test,train,test,train,train
B/10502/2523610075/1775582715.csv,2523610075,2,Loose,train,train,train,train,train
B/10502/2523610134/1775582716.csv,2523610134,2,Loose,train,train,train,train,train
B/10502/2523610160/1775582712.csv,2523610160,2,Loose,train,train,train,train,train
B/10502/2524610041/1775582715.csv,2524610041,2,Loose,test,train,train,train,train
B/10502/2524610074/1775582716.csv,2524610074,2,Loose,train,train,test,train,train
B/10502/2524610082/1775582715.csv,2524610082,2,Loose,train,train,train,train,train
B/10502/2546610759/1775582715.csv,2546610759,2,Loose,train,train,train,train,train
B/10502/2548610286/1775582716.csv,2548610286,2,Loose,train,train,train,train,train
B/10503/2523610003/1775582734.csv,2523610003,3,Loose,train,train,test,train,train
B/10503/2523610075/1775582733.csv,2523610075,3,Loose,train,train,train,train,train
B/10503/2523610134/1775582734.csv,2523610134,3,Loose,train,train,train,train,train
B/10503/2524610041/1775582734.csv,2524610041,3,Loose,train,train,train,train,train
B/10503/2524610074/1775582734.csv,2524610074,3,Loose,train,train,test,train,train
B/10503/2546610759/1775582733.csv,2546610759,3,Loose,train,train,train,train,train
B/10503/2548610286/1775582734.csv,2548610286,3,Loose,test,train,train,train,train
B/10504/2523610003/1775582752.csv,2523610003,4,Loose,train,test,test,train,test
B/10504/2523610075/1775582751.csv,2523610075,4,Loose,train,test,train,train,train
B/10504/2524610041/1775582751.csv,2524610041,4,Loose,train,test,train,train,train
B/10504/2524610074/1775582752.csv,2524610074,4,Loose,test,test,test,train,test
B/10504/2524610082/1775582751.csv,2524610082,4,Loose,train,test,train,train,train
B/10504/2546610759/1775582751.csv,2546610759,4,Loose,test,test,train,train,train
B/10505/2521610325/1775582769.csv,2521610325,5,Loose,train,test,train,train,train
B/10505/2523610003/1775582770.csv,2523610003,5,Loose,train,test,test,train,test
B/10505/2523610075/1775582769.csv,2523610075,5,Loose,train,test,train,train,train
B/10505/2523610134/1775582770.csv,2523610134,5,Loose,train,test,train,train,train
B/10505/2524610041/1775582769.csv,2524610041,5,Loose,test,test,train,train,train
B/10505/2524610074/1775582770.csv,2524610074,5,Loose,test,test,test,train,test
B/10505/2524610082/1775582769.csv,2524610082,5,Loose,train,test,train,train,train
B/10505/2546610759/1775582769.csv,2546610759,5,Loose,test,test,train,train,train
B/10505/2548610286/1775582770.csv,2548610286,5,Loose,train,test,train,train,train
B/10601/2521610325/1775582786.csv,2521610325,1,Loose,train,train,train,train,train
B/10601/2523610003/1775582786.csv,2523610003,1,Loose,train,train,test,train,train
B/10601/2523610075/1775582786.csv,2523610075,1,Loose,train,train,train,train,train
B/10601/2523610134/1775582787.csv,2523610134,1,Loose,test,train,train,train,train
B/10601/2523610160/1775582787.csv,2523610160,1,Loose,train,train,train,train,train
B/10601/2524610041/1775582786.csv,2524610041,1,Loose,train,train,train,train,train
B/10601/2524610074/1775582787.csv,2524610074,1,Loose,train,train,test,train,train
B/10601/2524610082/1775582786.csv,2524610082,1,Loose,train,train,train,train,train
B/10601/2546610759/1775582786.csv,2546610759,1,Loose,train,train,train,train,train
B/10601/2548610286/1775582789.csv,2548610286,1,Loose,train,train,train,train,train
B/10602/2523610003/1775582804.csv,2523610003,2,Loose,train,train,test,train,train
B/10602/2523610075/1775582804.csv,2523610075,2,Loose,train,train,train,train,train
B/10602/2523610134/1775582805.csv,2523610134,2,Loose,train,train,train,train,train
B/10602/2523610160/1775582805.csv,2523610160,2,Loose,train,train,train,train,train
B/10602/2524610041/1775582804.csv,2524610041,2,Loose,train,train,train,train,train
B/10602/2524610049/1775582805.csv,2524610049,2,Loose,train,train,train,train,train
B/10602/2524610074/1775582805.csv,2524610074,2,Loose,test,train,test,train,train
B/10602/2524610082/1775582804.csv,2524610082,2,Loose,train,train,train,train,train
B/10602/2546610759/1775582804.csv,2546610759,2,Loose,test,train,train,train,train
B/10602/2548610286/1775582807.csv,2548610286,2,Loose,train,train,train,train,train
B/10603/2523610003/1775582823.csv,2523610003,3,Loose,train,train,test,train,train
B/10603/2523610075/1775582822.csv,2523610075,3,Loose,train,train,train,train,train
B/10603/2523610134/1775582823.csv,2523610134,3,Loose,train,train,train,train,train
B/10603/2524610041/1775582822.csv,2524610041,3,Loose,test,train,train,train,train
B/10603/2524610049/1775582823.csv,2524610049,3,Loose,train,train,train,train,train
B/10603/2524610074/1775582823.csv,2524610074,3,Loose,train,train,test,train,train
B/10603/2524610082/1775582824.csv,2524610082,3,Loose,train,train,train,train,train
B/10603/2546610759/1775582823.csv,2546610759,3,Loose,train,train,train,train,train
B/10603/2548610286/1775582824.csv,2548610286,3,Loose,train,train,train,train,train
B/10604/2523610003/1775582841.csv,2523610003,4,Loose,train,test,test,train,test
B/10604/2523610075/1775582840.csv,2523610075,4,Loose,train,test,train,train,train
B/10604/2523610134/1775582841.csv,2523610134,4,Loose,train,test,train,train,train
B/10604/2524610041/1775582840.csv,2524610041,4,Loose,train,test,train,train,train
B/10604/2524610074/1775582841.csv,2524610074,4,Loose,train,test,test,train,test
B/10604/2524610082/1775582842.csv,2524610082,4,Loose,train,test,train,train,train
B/10604/2546610759/1775582840.csv,2546610759,4,Loose,train,test,train,train,train
B/10604/2548610286/1775582842.csv,2548610286,4,Loose,train,test,train,train,train
B/10605/2523610003/1775582859.csv,2523610003,5,Loose,train,test,test,train,test
B/10605/2523610075/1775582858.csv,2523610075,5,Loose,train,test,train,train,train
B/10605/2524610041/1775582858.csv,2524610041,5,Loose,train,test,train,train,train
B/10605/2524610074/1775582859.csv,2524610074,5,Loose,train,test,test,train,test
B/10605/2524610082/1775582858.csv,2524610082,5,Loose,train,test,train,train,train
B/10605/2546610759/1775582858.csv,2546610759,5,Loose,train,test,train,train,train
B/10605/2548610286/1775582860.csv,2548610286,5,Loose,test,test,train,train,train
B/20001/2521610325/1775585721.csv,2521610325,1,Loose,train,train,train,train,train
B/20001/2523610003/1775585721.csv,2523610003,1,Loose,train,train,test,train,train
B/20001/2523610075/1775585721.csv,2523610075,1,Loose,train,train,train,train,train
B/20001/2523610126/1775585721.csv,2523610126,1,Loose,train,train,train,train,train
B/20001/2523610134/1775585721.csv,2523610134,1,Loose,test,train,train,train,train
B/20001/2523610432/1775585721.csv,2523610432,1,Loose,train,train,train,train,train
B/20001/2524610033/1775585721.csv,2524610033,1,Loose,train,train,train,train,train
B/20001/2524610041/1775585719.csv,2524610041,1,Loose,test,train,train,train,train
B/20001/2524610049/1775585721.csv,2524610049,1,Loose,train,train,train,train,train
B/20001/2524610074/1775585721.csv,2524610074,1,Loose,train,train,test,train,train
B/20001/2524610082/1775585721.csv,2524610082,1,Loose,train,train,train,train,train
B/20001/2546610759/1775585721.csv,2546610759,1,Loose,train,train,train,train,train
B/20001/2548610286/1775585721.csv,2548610286,1,Loose,train,train,train,train,train
B/20002/2521610325/1775585739.csv,2521610325,2,Loose,train,train,train,train,train
B/20002/2523610003/1775585739.csv,2523610003,2,Loose,test,train,test,train,train
B/20002/2523610075/1775585739.csv,2523610075,2,Loose,test,train,train,train,train
B/20002/2523610126/1775585739.csv,2523610126,2,Loose,train,train,train,train,train
B/20002/2523610134/1775585739.csv,2523610134,2,Loose,train,train,train,train,train
B/20002/2523610432/1775585739.csv,2523610432,2,Loose,train,train,train,train,train
B/20002/2524610033/1775585739.csv,2524610033,2,Loose,train,train,train,train,train
B/20002/2524610041/1775585737.csv,2524610041,2,Loose,train,train,train,train,train
B/20002/2524610049/1775585739.csv,2524610049,2,Loose,train,train,train,train,train
B/20002/2524610074/1775585740.csv,2524610074,2,Loose,train,train,test,train,train
B/20002/2524610082/1775585739.csv,2524610082,2,Loose,train,train,train,train,train
B/20002/2546610759/1775585739.csv,2546610759,2,Loose,train,train,train,train,train
B/20002/2548610286/1775585739.csv,2548610286,2,Loose,train,train,train,train,train
B/20003/2521610325/1775585757.csv,2521610325,3,Loose,train,train,train,train,train
B/20003/2523610003/1775585757.csv,2523610003,3,Loose,test,train,test,train,train
B/20003/2523610075/1775585758.csv,2523610075,3,Loose,train,train,train,train,train
B/20003/2523610126/1775585757.csv,2523610126,3,Loose,test,train,train,train,train
B/20003/2523610134/1775585758.csv,2523610134,3,Loose,train,train,train,train,train
B/20003/2523610432/1775585758.csv,2523610432,3,Loose,test,train,train,train,train
B/20003/2524610033/1775585757.csv,2524610033,3,Loose,train,train,train,train,train
B/20003/2524610041/1775585755.csv,2524610041,3,Loose,train,train,train,train,train
B/20003/2524610049/1775585756.csv,2524610049,3,Loose,test,train,train,train,train
B/20003/2524610074/1775585757.csv,2524610074,3,Loose,train,train,test,train,train
B/20003/2524610082/1775585757.csv,2524610082,3,Loose,train,train,train,train,train
B/20003/2546610759/1775585757.csv,2546610759,3,Loose,train,train,train,train,train
B/20003/2548610286/1775585757.csv,2548610286,3,Loose,train,train,train,train,train
B/20004/2521610325/1775585775.csv,2521610325,4,Loose,train,test,train,train,train
B/20004/2523610003/1775585775.csv,2523610003,4,Loose,train,test,test,train,test
B/20004/2523610075/1775585776.csv,2523610075,4,Loose,test,test,train,train,train
B/20004/2523610126/1775585775.csv,2523610126,4,Loose,train,test,train,train,train
B/20004/2523610134/1775585776.csv,2523610134,4,Loose,train,test,train,train,train
B/20004/2523610160/1775585779.csv,2523610160,4,Loose,train,test,train,train,train
B/20004/2523610432/1775585775.csv,2523610432,4,Loose,test,test,train,train,train
B/20004/2524610033/1775585775.csv,2524610033,4,Loose,train,test,train,train,train
B/20004/2524610049/1775585774.csv,2524610049,4,Loose,train,test,train,train,train
B/20004/2524610074/1775585775.csv,2524610074,4,Loose,train,test,test,train,test
B/20004/2524610082/1775585775.csv,2524610082,4,Loose,train,test,train,train,train
B/20004/2546610759/1775585775.csv,2546610759,4,Loose,train,test,train,train,train
B/20004/2548610286/1775585775.csv,2548610286,4,Loose,train,test,train,train,train
B/20005/2521610325/1775585793.csv,2521610325,5,Loose,train,test,train,train,train
B/20005/2523610003/1775585793.csv,2523610003,5,Loose,train,test,test,train,test
B/20005/2523610041/1775585796.csv,2523610041,5,Loose,train,test,train,train,train
B/20005/2523610075/1775585793.csv,2523610075,5,Loose,train,test,train,train,train
B/20005/2523610126/1775585793.csv,2523610126,5,Loose,train,test,train,train,train
B/20005/2523610134/1775585794.csv,2523610134,5,Loose,train,test,train,train,train
B/20005/2523610160/1775585797.csv,2523610160,5,Loose,train,test,train,train,train
B/20005/2523610432/1775585794.csv,2523610432,5,Loose,train,test,train,train,train
B/20005/2524610033/1775585793.csv,2524610033,5,Loose,train,test,train,train,train
B/20005/2524610049/1775585792.csv,2524610049,5,Loose,train,test,train,train,train
B/20005/2524610074/1775585793.csv,2524610074,5,Loose,train,test,test,train,test
B/20005/2524610082/1775585793.csv,2524610082,5,Loose,train,test,train,train,train
B/20005/2546610759/1775585793.csv,2546610759,5,Loose,train,test,train,train,train
B/20005/2548610286/1775585793.csv,2548610286,5,Loose,train,test,train,train,train
B/20101/2521610325/1775582876.csv,2521610325,1,Loose,train,train,train,train,train
B/20101/2523610003/1775582877.csv,2523610003,1,Loose,train,train,test,train,train
B/20101/2523610075/1775582876.csv,2523610075,1,Loose,train,train,train,train,train
B/20101/2523610134/1775582876.csv,2523610134,1,Loose,train,train,train,train,train
B/20101/2523610160/1775582880.csv,2523610160,1,Loose,train,train,train,train,train
B/20101/2523610432/1775582876.csv,2523610432,1,Loose,train,train,train,train,train
B/20101/2524610041/1775582876.csv,2524610041,1,Loose,train,train,train,train,train
B/20101/2524610074/1775582877.csv,2524610074,1,Loose,train,train,test,train,train
B/20101/2524610082/1775582876.csv,2524610082,1,Loose,test,train,train,train,train
B/20101/2546610759/1775582876.csv,2546610759,1,Loose,train,train,train,train,train
B/20101/2548610286/1775582877.csv,2548610286,1,Loose,test,train,train,train,train
B/20102/2521610325/1775582894.csv,2521610325,2,Loose,train,train,train,train,train
B/20102/2523610003/1775582894.csv,2523610003,2,Loose,train,train,test,train,train
B/20102/2523610075/1775582894.csv,2523610075,2,Loose,train,train,train,train,train
B/20102/2523610126/1775582894.csv,2523610126,2,Loose,train,train,train,train,train
B/20102/2523610134/1775582894.csv,2523610134,2,Loose,test,train,train,train,train
B/20102/2523610160/1775582898.csv,2523610160,2,Loose,train,train,train,train,train
B/20102/2523610432/1775582895.csv,2523610432,2,Loose,test,train,train,train,train
B/20102/2524610033/1775582896.csv,2524610033,2,Loose,train,train,train,train,train
B/20102/2524610041/1775582894.csv,2524610041,2,Loose,test,train,train,train,train
B/20102/2524610049/1775582898.csv,2524610049,2,Loose,test,train,train,train,train
B/20102/2524610074/1775582895.csv,2524610074,2,Loose,train,train,test,train,train
B/20102/2524610082/1775582894.csv,2524610082,2,Loose,train,train,train,train,train
B/20102/2546610759/1775582894.csv,2546610759,2,Loose,train,train,train,train,train
B/20102/2548610286/1775582895.csv,2548610286,2,Loose,train,train,train,train,train
B/20103/2521610325/1775582912.csv,2521610325,3,Loose,test,train,train,train,train
B/20103/2523610003/1775582912.csv,2523610003,3,Loose,train,train,test,train,train
B/20103/2523610075/1775582912.csv,2523610075,3,Loose,train,train,train,train,train
B/20103/2523610126/1775582913.csv,2523610126,3,Loose,train,train,train,train,train
B/20103/2523610134/1775582912.csv,2523610134,3,Loose,train,train,train,train,train
B/20103/2523610160/1775582910.csv,2523610160,3,Loose,test,train,train,train,train
B/20103/2523610432/1775582913.csv,2523610432,3,Loose,train,train,train,train,train
B/20103/2524610033/1775582914.csv,2524610033,3,Loose,train,train,train,train,train
B/20103/2524610041/1775582912.csv,2524610041,3,Loose,test,train,train,train,train
B/20103/2524610049/1775582915.csv,2524610049,3,Loose,train,train,train,train,train
B/20103/2524610074/1775582913.csv,2524610074,3,Loose,train,train,test,train,train
B/20103/2524610082/1775582912.csv,2524610082,3,Loose,train,train,train,train,train
B/20103/2546610759/1775582912.csv,2546610759,3,Loose,train,train,train,train,train
B/20103/2548610286/1775582913.csv,2548610286,3,Loose,train,train,train,train,train
B/20104/2521610325/1775582930.csv,2521610325,4,Loose,test,test,train,train,train
B/20104/2523610003/1775582930.csv,2523610003,4,Loose,train,test,test,train,test
B/20104/2523610075/1775582930.csv,2523610075,4,Loose,test,test,train,train,train
B/20104/2523610126/1775582931.csv,2523610126,4,Loose,test,test,train,train,train
B/20104/2523610134/1775582930.csv,2523610134,4,Loose,test,test,train,train,train
B/20104/2523610160/1775582928.csv,2523610160,4,Loose,train,test,train,train,train
B/20104/2523610432/1775582930.csv,2523610432,4,Loose,train,test,train,train,train
B/20104/2524610033/1775582931.csv,2524610033,4,Loose,train,test,train,train,train
B/20104/2524610041/1775582930.csv,2524610041,4,Loose,train,test,train,train,train
B/20104/2524610049/1775582929.csv,2524610049,4,Loose,train,test,train,train,train
B/20104/2524610074/1775582931.csv,2524610074,4,Loose,train,test,test,train,test
B/20104/2524610082/1775582930.csv,2524610082,4,Loose,train,test,train,train,train
B/20104/2546610759/1775582930.csv,2546610759,4,Loose,train,test,train,train,train
B/20104/2548610286/1775582931.csv,2548610286,4,Loose,train,test,train,train,train
B/20105/2521610325/1775582948.csv,2521610325,5,Loose,train,test,train,train,train
B/20105/2523610003/1775582948.csv,2523610003,5,Loose,train,test,test,train,test
B/20105/2523610075/1775582948.csv,2523610075,5,Loose,train,test,train,train,train
B/20105/2523610126/1775582949.csv,2523610126,5,Loose,train,test,train,train,train
B/20105/2523610134/1775582949.csv,2523610134,5,Loose,test,test,train,train,train
B/20105/2523610160/1775582946.csv,2523610160,5,Loose,test,test,train,train,train
B/20105/2523610432/1775582948.csv,2523610432,5,Loose,train,test,train,train,train
B/20105/2524610033/1775582949.csv,2524610033,5,Loose,train,test,train,train,train
B/20105/2524610041/1775582948.csv,2524610041,5,Loose,train,test,train,train,train
B/20105/2524610049/1775582947.csv,2524610049,5,Loose,train,test,train,train,train
B/20105/2524610074/1775582949.csv,2524610074,5,Loose,train,test,test,train,test
B/20105/2524610082/1775582948.csv,2524610082,5,Loose,train,test,train,train,train
B/20105/2546610759/1775582948.csv,2546610759,5,Loose,test,test,train,train,train
B/20105/2548610286/1775582949.csv,2548610286,5,Loose,test,test,train,train,train
B/20201/2521610325/1775582966.csv,2521610325,1,Loose,test,train,train,train,train
B/20201/2523610003/1775582967.csv,2523610003,1,Loose,train,train,test,train,train
B/20201/2523610075/1775582966.csv,2523610075,1,Loose,train,train,train,train,train
B/20201/2523610126/1775582966.csv,2523610126,1,Loose,test,train,train,train,train
B/20201/2523610134/1775582967.csv,2523610134,1,Loose,train,train,train,train,train
B/20201/2523610432/1775582967.csv,2523610432,1,Loose,train,train,train,train,train
B/20201/2524610033/1775582968.csv,2524610033,1,Loose,train,train,train,train,train
B/20201/2524610041/1775582966.csv,2524610041,1,Loose,train,train,train,train,train
B/20201/2524610074/1775582967.csv,2524610074,1,Loose,train,train,test,train,train
B/20201/2524610082/1775582966.csv,2524610082,1,Loose,train,train,train,train,train
B/20201/2546610759/1775582966.csv,2546610759,1,Loose,train,train,train,train,train
B/20201/2548610286/1775582967.csv,2548610286,1,Loose,train,train,train,train,train
B/20202/2521610325/1775582984.csv,2521610325,2,Loose,train,train,train,train,train
B/20202/2523610003/1775582985.csv,2523610003,2,Loose,train,train,test,train,train
B/20202/2523610075/1775582984.csv,2523610075,2,Loose,train,train,train,train,train
B/20202/2523610126/1775582984.csv,2523610126,2,Loose,test,train,train,train,train
B/20202/2523610134/1775582985.csv,2523610134,2,Loose,train,train,train,train,train
B/20202/2523610432/1775582985.csv,2523610432,2,Loose,train,train,train,train,train
B/20202/2524610033/1775582986.csv,2524610033,2,Loose,train,train,train,train,train
B/20202/2524610041/1775582984.csv,2524610041,2,Loose,train,train,train,train,train
B/20202/2524610074/1775582985.csv,2524610074,2,Loose,test,train,test,train,train
B/20202/2524610082/1775582984.csv,2524610082,2,Loose,train,train,train,train,train
B/20202/2546610759/1775582984.csv,2546610759,2,Loose,train,train,train,train,train
B/20202/2548610286/1775582985.csv,2548610286,2,Loose,train,train,train,train,train
B/20203/2521610325/1775583002.csv,2521610325,3,Loose,train,train,train,train,train
B/20203/2523610003/1775583003.csv,2523610003,3,Loose,test,train,test,train,train
B/20203/2523610075/1775583002.csv,2523610075,3,Loose,train,train,train,train,train
B/20203/2523610126/1775583002.csv,2523610126,3,Loose,test,train,train,train,train
B/20203/2523610134/1775583003.csv,2523610134,3,Loose,test,train,train,train,train
B/20203/2523610432/1775583003.csv,2523610432,3,Loose,train,train,train,train,train
B/20203/2524610033/1775583003.csv,2524610033,3,Loose,train,train,train,train,train
B/20203/2524610041/1775583002.csv,2524610041,3,Loose,train,train,train,train,train
B/20203/2524610074/1775583003.csv,2524610074,3,Loose,train,train,test,train,train
B/20203/2524610082/1775583002.csv,2524610082,3,Loose,train,train,train,train,train
B/20203/2546610759/1775583002.csv,2546610759,3,Loose,train,train,train,train,train
B/20203/2548610286/1775583003.csv,2548610286,3,Loose,train,train,train,train,train
B/20204/2521610325/1775583020.csv,2521610325,4,Loose,train,test,train,train,train
B/20204/2523610003/1775583021.csv,2523610003,4,Loose,train,test,test,train,test
B/20204/2523610075/1775583020.csv,2523610075,4,Loose,train,test,train,train,train
B/20204/2523610126/1775583020.csv,2523610126,4,Loose,train,test,train,train,train
B/20204/2523610134/1775583021.csv,2523610134,4,Loose,test,test,train,train,train
B/20204/2523610432/1775583020.csv,2523610432,4,Loose,train,test,train,train,train
B/20204/2524610033/1775583022.csv,2524610033,4,Loose,train,test,train,train,train
B/20204/2524610041/1775583020.csv,2524610041,4,Loose,train,test,train,train,train
B/20204/2524610074/1775583021.csv,2524610074,4,Loose,train,test,test,train,test
B/20204/2524610082/1775583020.csv,2524610082,4,Loose,train,test,train,train,train
B/20204/2546610759/1775583020.csv,2546610759,4,Loose,train,test,train,train,train
B/20204/2548610286/1775583021.csv,2548610286,4,Loose,test,test,train,train,train
B/20205/2521610325/1775583038.csv,2521610325,5,Loose,test,test,train,train,train
B/20205/2523610003/1775583039.csv,2523610003,5,Loose,test,test,test,train,test
B/20205/2523610075/1775583038.csv,2523610075,5,Loose,train,test,train,train,train
B/20205/2523610126/1775583038.csv,2523610126,5,Loose,train,test,train,train,train
B/20205/2523610134/1775583039.csv,2523610134,5,Loose,train,test,train,train,train
B/20205/2523610432/1775583039.csv,2523610432,5,Loose,test,test,train,train,train
B/20205/2524610033/1775583040.csv,2524610033,5,Loose,train,test,train,train,train
B/20205/2524610041/1775583038.csv,2524610041,5,Loose,train,test,train,train,train
B/20205/2524610074/1775583039.csv,2524610074,5,Loose,train,test,test,train,test
B/20205/2524610082/1775583038.csv,2524610082,5,Loose,train,test,train,train,train
B/20205/2546610759/1775583038.csv,2546610759,5,Loose,train,test,train,train,train
B/20205/2548610286/1775583039.csv,2548610286,5,Loose,train,test,train,train,train
B/20301/2521610325/1775583057.csv,2521610325,1,Loose,train,train,train,train,train
B/20301/2523610003/1775583057.csv,2523610003,1,Loose,train,train,test,train,train
B/20301/2523610075/1775583057.csv,2523610075,1,Loose,train,train,train,train,train
B/20301/2523610126/1775583057.csv,2523610126,1,Loose,test,train,train,train,train
B/20301/2523610134/1775583058.csv,2523610134,1,Loose,train,train,train,train,train
B/20301/2523610432/1775583058.csv,2523610432,1,Loose,train,train,train,train,train
B/20301/2524610033/1775583058.csv,2524610033,1,Loose,test,train,train,train,train
B/20301/2524610041/1775583057.csv,2524610041,1,Loose,train,train,train,train,train
B/20301/2524610074/1775583057.csv,2524610074,1,Loose,train,train,test,train,train
B/20301/2524610082/1775583057.csv,2524610082,1,Loose,train,train,train,train,train
B/20301/2546610759/1775583057.csv,2546610759,1,Loose,test,train,train,train,train
B/20301/2548610286/1775583057.csv,2548610286,1,Loose,train,train,train,train,train
B/20302/2521610325/1775583075.csv,2521610325,2,Loose,train,train,train,train,train
B/20302/2523610003/1775583075.csv,2523610003,2,Loose,train,train,test,train,train
B/20302/2523610075/1775583075.csv,2523610075,2,Loose,train,train,train,train,train
B/20302/2523610126/1775583075.csv,2523610126,2,Loose,train,train,train,train,train
B/20302/2523610134/1775583076.csv,2523610134,2,Loose,train,train,train,train,train
B/20302/2523610432/1775583075.csv,2523610432,2,Loose,train,train,train,train,train
B/20302/2524610033/1775583076.csv,2524610033,2,Loose,test,train,train,train,train
B/20302/2524610041/1775583075.csv,2524610041,2,Loose,train,train,train,train,train
B/20302/2524610074/1775583075.csv,2524610074,2,Loose,train,train,test,train,train
B/20302/2524610082/1775583075.csv,2524610082,2,Loose,test,train,train,train,train
B/20302/2546610759/1775583075.csv,2546610759,2,Loose,train,train,train,train,train
B/20302/2548610286/1775583075.csv,2548610286,2,Loose,test,train,train,train,train
B/20303/2521610325/1775583093.csv,2521610325,3,Loose,test,train,train,train,train
B/20303/2523610003/1775583093.csv,2523610003,3,Loose,test,train,test,train,train
B/20303/2523610075/1775583094.csv,2523610075,3,Loose,train,train,train,train,train
B/20303/2523610126/1775583093.csv,2523610126,3,Loose,train,train,train,train,train
B/20303/2523610134/1775583094.csv,2523610134,3,Loose,train,train,train,train,train
B/20303/2523610160/1775583093.csv,2523610160,3,Loose,train,train,train,train,train
B/20303/2523610432/1775583093.csv,2523610432,3,Loose,train,train,train,train,train
B/20303/2524610033/1775583094.csv,2524610033,3,Loose,train,train,train,train,train
B/20303/2524610041/1775583093.csv,2524610041,3,Loose,test,train,train,train,train
B/20303/2524610049/1775583093.csv,2524610049,3,Loose,train,train,train,train,train
B/20303/2524610074/1775583093.csv,2524610074,3,Loose,train,train,test,train,train
B/20303/2524610082/1775583093.csv,2524610082,3,Loose,train,train,train,train,train
B/20303/2546610759/1775583093.csv,2546610759,3,Loose,train,train,train,train,train
B/20303/2548610286/1775583093.csv,2548610286,3,Loose,train,train,train,train,train
B/20304/2521610325/1775583111.csv,2521610325,4,Loose,train,test,train,train,train
B/20304/2523610003/1775583111.csv,2523610003,4,Loose,test,test,test,train,test
B/20304/2523610075/1775583112.csv,2523610075,4,Loose,train,test,train,train,train
B/20304/2523610126/1775583111.csv,2523610126,4,Loose,train,test,train,train,train
B/20304/2523610134/1775583112.csv,2523610134,4,Loose,train,test,train,train,train
B/20304/2523610160/1775583111.csv,2523610160,4,Loose,train,test,train,train,train
B/20304/2523610432/1775583112.csv,2523610432,4,Loose,train,test,train,train,train
B/20304/2524610033/1775583112.csv,2524610033,4,Loose,train,test,train,train,train
B/20304/2524610041/1775583111.csv,2524610041,4,Loose,train,test,train,train,train
B/20304/2524610049/1775583111.csv,2524610049,4,Loose,train,test,train,train,train
B/20304/2524610074/1775583111.csv,2524610074,4,Loose,train,test,test,train,test
B/20304/2524610082/1775583111.csv,2524610082,4,Loose,train,test,train,train,train
B/20304/2546610759/1775583111.csv,2546610759,4,Loose,train,test,train,train,train
B/20304/2548610286/1775583111.csv,2548610286,4,Loose,test,test,train,train,train
B/20305/2521610325/1775583130.csv,2521610325,5,Loose,train,test,train,train,train
B/20305/2523610003/1775583129.csv,2523610003,5,Loose,test,test,test,train,test
B/20305/2523610075/1775583130.csv,2523610075,5,Loose,train,test,train,train,train
B/20305/2523610126/1775583129.csv,2523610126,5,Loose,train,test,train,train,train
B/20305/2523610134/1775583130.csv,2523610134,5,Loose,train,test,train,train,train
B/20305/2523610160/1775583127.csv,2523610160,5,Loose,train,test,train,train,train
B/20305/2523610432/1775583129.csv,2523610432,5,Loose,test,test,train,train,train
B/20305/2524610033/1775583130.csv,2524610033,5,Loose,train,test,train,train,train
B/20305/2524610041/1775583129.csv,2524610041,5,Loose,test,test,train,train,train
B/20305/2524610049/1775583127.csv,2524610049,5,Loose,test,test,train,train,train
B/20305/2524610074/1775583130.csv,2524610074,5,Loose,train,test,test,train,test
B/20305/2524610082/1775583129.csv,2524610082,5,Loose,train,test,train,train,train
B/20305/2546610759/1775583130.csv,2546610759,5,Loose,train,test,train,train,train
B/20305/2548610286/1775583129.csv,2548610286,5,Loose,train,test,train,train,train
B/20401/2521610325/1775583148.csv,2521610325,1,Loose,train,train,train,train,train
B/20401/2523610003/1775583147.csv,2523610003,1,Loose,train,train,test,train,train
B/20401/2523610075/1775583148.csv,2523610075,1,Loose,test,train,train,train,train
B/20401/2523610126/1775583147.csv,2523610126,1,Loose,train,train,train,train,train
B/20401/2523610134/1775583148.csv,2523610134,1,Loose,train,train,train,train,train
B/20401/2523610160/1775583145.csv,2523610160,1,Loose,train,train,train,train,train
B/20401/2523610432/1775583148.csv,2523610432,1,Loose,train,train,train,train,train
B/20401/2524610033/1775583148.csv,2524610033,1,Loose,test,train,train,train,train
B/20401/2524610041/1775583147.csv,2524610041,1,Loose,train,train,train,train,train
B/20401/2524610049/1775583145.csv,2524610049,1,Loose,test,train,train,train,train
B/20401/2524610074/1775583147.csv,2524610074,1,Loose,test,train,test,train,train
B/20401/2524610082/1775583147.csv,2524610082,1,Loose,test,train,train,train,train
B/20401/2546610759/1775583148.csv,2546610759,1,Loose,train,train,train,train,train
B/20401/2548610286/1775583147.csv,2548610286,1,Loose,test,train,train,train,train
B/20402/2521610325/1775583166.csv,2521610325,2,Loose,train,train,train,train,train
B/20402/2523610003/1775583165.csv,2523610003,2,Loose,train,train,test,train,train
B/20402/2523610075/1775583166.csv,2523610075,2,Loose,train,train,train,train,train
B/20402/2523610126/1775583165.csv,2523610126,2,Loose,train,train,train,train,train
B/20402/2523610134/1775583166.csv,2523610134,2,Loose,train,train,train,train,train
B/20402/2523610160/1775583162.csv,2523610160,2,Loose,train,train,train,train,train
B/20402/2523610432/1775583165.csv,2523610432,2,Loose,train,train,train,train,train
B/20402/2524610033/1775583166.csv,2524610033,2,Loose,test,train,train,train,train
B/20402/2524610041/1775583165.csv,2524610041,2,Loose,train,train,train,train,train
B/20402/2524610049/1775583162.csv,2524610049,2,Loose,train,train,train,train,train
B/20402/2524610074/1775583166.csv,2524610074,2,Loose,train,train,test,train,train
B/20402/2524610082/1775583165.csv,2524610082,2,Loose,train,train,train,train,train
B/20402/2546610759/1775583166.csv,2546610759,2,Loose,train,train,train,train,train
B/20402/2548610286/1775583165.csv,2548610286,2,Loose,train,train,train,train,train
B/20403/2521610325/1775583184.csv,2521610325,3,Loose,train,train,train,train,train
B/20403/2523610003/1775583183.csv,2523610003,3,Loose,test,train,test,train,train
B/20403/2523610075/1775583184.csv,2523610075,3,Loose,test,train,train,train,train
B/20403/2523610126/1775583183.csv,2523610126,3,Loose,train,train,train,train,train
B/20403/2523610134/1775583184.csv,2523610134,3,Loose,train,train,train,train,train
B/20403/2523610160/1775583180.csv,2523610160,3,Loose,train,train,train,train,train
B/20403/2523610432/1775583183.csv,2523610432,3,Loose,train,train,train,train,train
B/20403/2524610033/1775583184.csv,2524610033,3,Loose,test,train,train,train,train
B/20403/2524610041/1775583183.csv,2524610041,3,Loose,train,train,train,train,train
B/20403/2524610049/1775583180.csv,2524610049,3,Loose,test,train,train,train,train
B/20403/2524610074/1775583183.csv,2524610074,3,Loose,train,train,test,train,train
B/20403/2524610082/1775583183.csv,2524610082,3,Loose,train,train,train,train,train
B/20403/2546610759/1775583184.csv,2546610759,3,Loose,test,train,train,train,train
B/20403/2548610286/1775583183.csv,2548610286,3,Loose,test,train,train,train,train
B/20404/2521610325/1775583202.csv,2521610325,4,Loose,test,test,train,train,train
B/20404/2523610003/1775583201.csv,2523610003,4,Loose,test,test,test,train,test
B/20404/2523610075/1775583204.csv,2523610075,4,Loose,train,test,train,train,train
B/20404/2523610126/1775583201.csv,2523610126,4,Loose,train,test,train,train,train
B/20404/2523610134/1775583202.csv,2523610134,4,Loose,train,test,train,train,train
B/20404/2523610160/1775583198.csv,2523610160,4,Loose,train,test,train,train,train
B/20404/2523610432/1775583201.csv,2523610432,4,Loose,train,test,train,train,train
B/20404/2524610033/1775583202.csv,2524610033,4,Loose,test,test,train,train,train
B/20404/2524610041/1775583201.csv,2524610041,4,Loose,train,test,train,train,train
B/20404/2524610074/1775583201.csv,2524610074,4,Loose,train,test,test,train,test
B/20404/2524610082/1775583201.csv,2524610082,4,Loose,train,test,train,train,train
B/20404/2546610759/1775583202.csv,2546610759,4,Loose,train,test,train,train,train
B/20404/2548610286/1775583201.csv,2548610286,4,Loose,train,test,train,train,train
B/20405/2521610325/1775583220.csv,2521610325,5,Loose,train,test,train,train,train
B/20405/2523610003/1775583219.csv,2523610003,5,Loose,train,test,test,train,test
B/20405/2523610075/1775583221.csv,2523610075,5,Loose,train,test,train,train,train
B/20405/2523610126/1775583219.csv,2523610126,5,Loose,test,test,train,train,train
B/20405/2523610134/1775583220.csv,2523610134,5,Loose,train,test,train,train,train
B/20405/2523610160/1775583216.csv,2523610160,5,Loose,train,test,train,train,train
B/20405/2523610432/1775583220.csv,2523610432,5,Loose,train,test,train,train,train
B/20405/2524610033/1775583220.csv,2524610033,5,Loose,train,test,train,train,train
B/20405/2524610041/1775583219.csv,2524610041,5,Loose,train,test,train,train,train
B/20405/2524610074/1775583219.csv,2524610074,5,Loose,test,test,test,train,test
B/20405/2524610082/1775583219.csv,2524610082,5,Loose,train,test,train,train,train
B/20405/2546610759/1775583220.csv,2546610759,5,Loose,train,test,train,train,train
B/20405/2548610286/1775583219.csv,2548610286,5,Loose,train,test,train,train,train
B/20501/2521610325/1775583238.csv,2521610325,1,Loose,test,train,train,train,train
B/20501/2523610003/1775583237.csv,2523610003,1,Loose,train,train,test,train,train
B/20501/2523610126/1775583237.csv,2523610126,1,Loose,train,train,train,train,train
B/20501/2523610134/1775583238.csv,2523610134,1,Loose,test,train,train,train,train
B/20501/2523610432/1775583238.csv,2523610432,1,Loose,train,train,train,train,train
B/20501/2524610033/1775583238.csv,2524610033,1,Loose,train,train,train,train,train
B/20501/2524610041/1775583236.csv,2524610041,1,Loose,train,train,train,train,train
B/20501/2524610074/1775583238.csv,2524610074,1,Loose,train,train,test,train,train
B/20501/2524610082/1775583237.csv,2524610082,1,Loose,test,train,train,train,train
B/20501/2546610759/1775583238.csv,2546610759,1,Loose,train,train,train,train,train
B/20501/2548610286/1775583238.csv,2548610286,1,Loose,train,train,train,train,train
B/20502/2521610325/1775583256.csv,2521610325,2,Loose,train,train,train,train,train
B/20502/2523610003/1775583255.csv,2523610003,2,Loose,train,train,test,train,train
B/20502/2523610075/1775583256.csv,2523610075,2,Loose,test,train,train,train,train
B/20502/2523610126/1775583255.csv,2523610126,2,Loose,train,train,train,train,train
B/20502/2523610134/1775583256.csv,2523610134,2,Loose,test,train,train,train,train
B/20502/2523610432/1775583256.csv,2523610432,2,Loose,train,train,train,train,train
B/20502/2524610033/1775583256.csv,2524610033,2,Loose,train,train,train,train,train
B/20502/2524610041/1775583254.csv,2524610041,2,Loose,train,train,train,train,train
B/20502/2524610074/1775583256.csv,2524610074,2,Loose,test,train,test,train,train
B/20502/2524610082/1775583255.csv,2524610082,2,Loose,train,train,train,train,train
B/20502/2546610759/1775583256.csv,2546610759,2,Loose,train,train,train,train,train
B/20502/2548610286/1775583256.csv,2548610286,2,Loose,train,train,train,train,train
B/20503/2521610325/1775583274.csv,2521610325,3,Loose,train,train,train,train,train
B/20503/2523610003/1775583273.csv,2523610003,3,Loose,train,train,test,train,train
B/20503/2523610075/1775583274.csv,2523610075,3,Loose,train,train,train,train,train
B/20503/2523610126/1775583273.csv,2523610126,3,Loose,test,train,train,train,train
B/20503/2523610134/1775583274.csv,2523610134,3,Loose,train,train,train,train,train
B/20503/2523610432/1775583274.csv,2523610432,3,Loose,train,train,train,train,train
B/20503/2524610033/1775583274.csv,2524610033,3,Loose,train,train,train,train,train
B/20503/2524610041/1775583272.csv,2524610041,3,Loose,train,train,train,train,train
B/20503/2524610074/1775583274.csv,2524610074,3,Loose,train,train,test,train,train
B/20503/2524610082/1775583273.csv,2524610082,3,Loose,train,train,train,train,train
B/20503/2546610759/1775583274.csv,2546610759,3,Loose,train,train,train,train,train
B/20503/2548610286/1775583274.csv,2548610286,3,Loose,train,train,train,train,train
B/20504/2521610325/1775583292.csv,2521610325,4,Loose,test,test,train,train,train
B/20504/2523610003/1775583291.csv,2523610003,4,Loose,train,test,test,train,test
B/20504/2523610075/1775583292.csv,2523610075,4,Loose,train,test,train,train,train
B/20504/2523610126/1775583291.csv,2523610126,4,Loose,test,test,train,train,train
B/20504/2523610134/1775583292.csv,2523610134,4,Loose,test,test,train,train,train
B/20504/2523610432/1775583292.csv,2523610432,4,Loose,train,test,train,train,train
B/20504/2524610033/1775583292.csv,2524610033,4,Loose,train,test,train,train,train
B/20504/2524610041/1775583290.csv,2524610041,4,Loose,train,test,train,train,train
B/20504/2524610074/1775583292.csv,2524610074,4,Loose,train,test,test,train,test
B/20504/2524610082/1775583291.csv,2524610082,4,Loose,train,test,train,train,train
B/20504/2546610759/1775583292.csv,2546610759,4,Loose,train,test,train,train,train
B/20504/2548610286/1775583292.csv,2548610286,4,Loose,train,test,train,train,train
B/20505/2521610325/1775583310.csv,2521610325,5,Loose,train,test,train,train,train
B/20505/2523610003/1775583309.csv,2523610003,5,Loose,train,test,test,train,test
B/20505/2523610075/1775583311.csv,2523610075,5,Loose,train,test,train,train,train
B/20505/2523610126/1775583309.csv,2523610126,5,Loose,train,test,train,train,train
B/20505/2523610134/1775583310.csv,2523610134,5,Loose,train,test,train,train,train
B/20505/2523610432/1775583310.csv,2523610432,5,Loose,test,test,train,train,train
B/20505/2524610033/1775583310.csv,2524610033,5,Loose,train,test,train,train,train
B/20505/2524610041/1775583308.csv,2524610041,5,Loose,train,test,train,train,train
B/20505/2524610074/1775583310.csv,2524610074,5,Loose,train,test,test,train,test
B/20505/2524610082/1775583309.csv,2524610082,5,Loose,train,test,train,train,train
B/20505/2546610759/1775583310.csv,2546610759,5,Loose,train,test,train,train,train
B/20505/2548610286/1775583310.csv,2548610286,5,Loose,train,test,train,train,train
B/20601/2521610325/1775583328.csv,2521610325,1,Loose,train,train,train,train,train
B/20601/2523610003/1775583327.csv,2523610003,1,Loose,train,train,test,train,train
B/20601/2523610075/1775583329.csv,2523610075,1,Loose,train,train,train,train,train
B/20601/2523610126/1775583327.csv,2523610126,1,Loose,train,train,train,train,train
B/20601/2523610134/1775583328.csv,2523610134,1,Loose,train,train,train,train,train
B/20601/2523610160/1775583326.csv,2523610160,1,Loose,test,train,train,train,train
B/20601/2523610432/1775583328.csv,2523610432,1,Loose,train,train,train,train,train
B/20601/2524610033/1775583328.csv,2524610033,1,Loose,train,train,train,train,train
B/20601/2524610041/1775583327.csv,2524610041,1,Loose,train,train,train,train,train
B/20601/2524610049/1775583327.csv,2524610049,1,Loose,train,train,train,train,train
B/20601/2524610074/1775583328.csv,2524610074,1,Loose,train,train,test,train,train
B/20601/2524610082/1775583327.csv,2524610082,1,Loose,train,train,train,train,train
B/20601/2546610759/1775583328.csv,2546610759,1,Loose,train,train,train,train,train
B/20601/2548610286/1775583328.csv,2548610286,1,Loose,train,train,train,train,train
B/20602/2521610325/1775583346.csv,2521610325,2,Loose,train,train,train,train,train
B/20602/2523610003/1775583345.csv,2523610003,2,Loose,train,train,test,train,train
B/20602/2523610126/1775583345.csv,2523610126,2,Loose,train,train,train,train,train
B/20602/2523610134/1775583346.csv,2523610134,2,Loose,train,train,train,train,train
B/20602/2523610160/1775583344.csv,2523610160,2,Loose,test,train,train,train,train
B/20602/2523610432/1775583345.csv,2523610432,2,Loose,train,train,train,train,train
B/20602/2524610033/1775583346.csv,2524610033,2,Loose,train,train,train,train,train
B/20602/2524610041/1775583345.csv,2524610041,2,Loose,train,train,train,train,train
B/20602/2524610049/1775583345.csv,2524610049,2,Loose,train,train,train,train,train
B/20602/2524610074/1775583346.csv,2524610074,2,Loose,train,train,test,train,train
B/20602/2524610082/1775583345.csv,2524610082,2,Loose,train,train,train,train,train
B/20602/2546610759/1775583346.csv,2546610759,2,Loose,train,train,train,train,train
B/20602/2548610286/1775583346.csv,2548610286,2,Loose,train,train,train,train,train
B/20603/2521610325/1775583364.csv,2521610325,3,Loose,train,train,train,train,train
B/20603/2523610003/1775583363.csv,2523610003,3,Loose,test,train,test,train,train
B/20603/2523610075/1775583364.csv,2523610075,3,Loose,train,train,train,train,train
B/20603/2523610126/1775583363.csv,2523610126,3,Loose,test,train,train,train,train
B/20603/2523610134/1775583364.csv,2523610134,3,Loose,train,train,train,train,train
B/20603/2523610160/1775583362.csv,2523610160,3,Loose,test,train,train,train,train
B/20603/2523610432/1775583364.csv,2523610432,3,Loose,test,train,train,train,train
B/20603/2524610033/1775583364.csv,2524610033,3,Loose,train,train,train,train,train
B/20603/2524610041/1775583363.csv,2524610041,3,Loose,test,train,train,train,train
B/20603/2524610049/1775583361.csv,2524610049,3,Loose,test,train,train,train,train
B/20603/2524610074/1775583364.csv,2524610074,3,Loose,train,train,test,train,train
B/20603/2524610082/1775583363.csv,2524610082,3,Loose,train,train,train,train,train
B/20603/2546610759/1775583364.csv,2546610759,3,Loose,train,train,train,train,train
B/20603/2548610286/1775583364.csv,2548610286,3,Loose,test,train,train,train,train
B/20604/2521610325/1775583382.csv,2521610325,4,Loose,train,test,train,train,train
B/20604/2523610003/1775583381.csv,2523610003,4,Loose,test,test,test,train,test
B/20604/2523610075/1775583383.csv,2523610075,4,Loose,train,test,train,train,train
B/20604/2523610126/1775583381.csv,2523610126,4,Loose,test,test,train,train,train
B/20604/2523610134/1775583382.csv,2523610134,4,Loose,train,test,train,train,train
B/20604/2523610160/1775583380.csv,2523610160,4,Loose,train,test,train,train,train
B/20604/2523610432/1775583382.csv,2523610432,4,Loose,train,test,train,train,train
B/20604/2524610033/1775583382.csv,2524610033,4,Loose,test,test,train,train,train
B/20604/2524610041/1775583381.csv,2524610041,4,Loose,test,test,train,train,train
B/20604/2524610049/1775583379.csv,2524610049,4,Loose,train,test,train,train,train
B/20604/2524610074/1775583382.csv,2524610074,4,Loose,train,test,test,train,test
B/20604/2524610082/1775583381.csv,2524610082,4,Loose,train,test,train,train,train
B/20604/2546610759/1775583382.csv,2546610759,4,Loose,test,test,train,train,train
B/20604/2548610286/1775583382.csv,2548610286,4,Loose,train,test,train,train,train
B/20605/2521610325/1775583400.csv,2521610325,5,Loose,train,test,train,train,train
B/20605/2523610003/1775583399.csv,2523610003,5,Loose,train,test,test,train,test
B/20605/2523610075/1775583401.csv,2523610075,5,Loose,train,test,train,train,train
B/20605/2523610126/1775583399.csv,2523610126,5,Loose,train,test,train,train,train
B/20605/2523610134/1775583400.csv,2523610134,5,Loose,train,test,train,train,train
B/20605/2523610432/1775583400.csv,2523610432,5,Loose,test,test,train,train,train
B/20605/2524610033/1775583400.csv,2524610033,5,Loose,train,test,train,train,train
B/20605/2524610041/1775583399.csv,2524610041,5,Loose,train,test,train,train,train
B/20605/2524610074/1775583400.csv,2524610074,5,Loose,train,test,test,train,test
B/20605/2524610082/1775583399.csv,2524610082,5,Loose,train,test,train,train,train
B/20605/2546610759/1775583400.csv,2546610759,5,Loose,test,test,train,train,train
B/20605/2548610286/1775583400.csv,2548610286,5,Loose,train,test,train,train,train
B/30001/2521610325/1775585811.csv,2521610325,1,Loose,train,train,train,train,train
B/30001/2523610003/1775585811.csv,2523610003,1,Loose,train,train,test,train,train
B/30001/2523610041/1775585814.csv,2523610041,1,Loose,train,train,train,train,train
B/30001/2523610075/1775585811.csv,2523610075,1,Loose,train,train,train,train,train
B/30001/2523610126/1775585811.csv,2523610126,1,Loose,train,train,train,train,train
B/30001/2523610134/1775585812.csv,2523610134,1,Loose,train,train,train,train,train
B/30001/2523610160/1775585812.csv,2523610160,1,Loose,train,train,train,train,train
B/30001/2523610432/1775585812.csv,2523610432,1,Loose,train,train,train,train,train
B/30001/2524610033/1775585811.csv,2524610033,1,Loose,train,train,train,train,train
B/30001/2524610049/1775585810.csv,2524610049,1,Loose,test,train,train,train,train
B/30001/2524610074/1775585812.csv,2524610074,1,Loose,train,train,test,train,train
B/30001/2524610082/1775585811.csv,2524610082,1,Loose,test,train,train,train,train
B/30001/2546610759/1775585811.csv,2546610759,1,Loose,train,train,train,train,train
B/30001/2548610286/1775585811.csv,2548610286,1,Loose,train,train,train,train,train
B/30002/2521610325/1775585829.csv,2521610325,2,Loose,train,train,train,train,train
B/30002/2523610003/1775585829.csv,2523610003,2,Loose,train,train,test,train,train
B/30002/2523610041/1775585827.csv,2523610041,2,Loose,train,train,train,train,train
B/30002/2523610075/1775585829.csv,2523610075,2,Loose,train,train,train,train,train
B/30002/2523610126/1775585830.csv,2523610126,2,Loose,train,train,train,train,train
B/30002/2523610134/1775585830.csv,2523610134,2,Loose,train,train,train,train,train
B/30002/2523610160/1775585830.csv,2523610160,2,Loose,train,train,train,train,train
B/30002/2523610432/1775585830.csv,2523610432,2,Loose,test,train,train,train,train
B/30002/2524610033/1775585829.csv,2524610033,2,Loose,test,train,train,train,train
B/30002/2524610074/1775585830.csv,2524610074,2,Loose,train,train,test,train,train
B/30002/2524610082/1775585830.csv,2524610082,2,Loose,test,train,train,train,train
B/30002/2546610759/1775585829.csv,2546610759,2,Loose,train,train,train,train,train
B/30002/2548610286/1775585829.csv,2548610286,2,Loose,train,train,train,train,train
B/30003/2521610325/1775585847.csv,2521610325,3,Loose,train,train,train,train,train
B/30003/2523610003/1775585847.csv,2523610003,3,Loose,train,train,test,train,train
B/30003/2523610041/1775585845.csv,2523610041,3,Loose,train,train,train,train,train
B/30003/2523610075/1775585847.csv,2523610075,3,Loose,test,train,train,train,train
B/30003/2523610126/1775585848.csv,2523610126,3,Loose,train,train,train,train,train
B/30003/2523610134/1775585848.csv,2523610134,3,Loose,test,train,train,train,train
B/30003/2523610432/1775585848.csv,2523610432,3,Loose,test,train,train,train,train
B/30003/2524610033/1775585847.csv,2524610033,3,Loose,train,train,train,train,train
B/30003/2524610074/1775585848.csv,2524610074,3,Loose,train,train,test,train,train
B/30003/2524610082/1775585848.csv,2524610082,3,Loose,test,train,train,train,train
B/30003/2546610759/1775585848.csv,2546610759,3,Loose,test,train,train,train,train
B/30003/2548610286/1775585847.csv,2548610286,3,Loose,train,train,train,train,train
B/30004/2521610325/1775585865.csv,2521610325,4,Loose,train,test,train,train,train
B/30004/2523610003/1775585865.csv,2523610003,4,Loose,train,test,test,train,test
B/30004/2523610075/1775585865.csv,2523610075,4,Loose,train,test,train,train,train
B/30004/2523610126/1775585866.csv,2523610126,4,Loose,train,test,train,train,train
B/30004/2523610134/1775585866.csv,2523610134,4,Loose,train,test,train,train,train
B/30004/2523610160/1775585863.csv,2523610160,4,Loose,train,test,train,train,train
B/30004/2523610432/1775585866.csv,2523610432,4,Loose,train,test,train,train,train
B/30004/2524610033/1775585865.csv,2524610033,4,Loose,train,test,train,train,train
B/30004/2524610049/1775585865.csv,2524610049,4,Loose,train,test,train,train,train
B/30004/2524610074/1775585866.csv,2524610074,4,Loose,train,test,test,train,test
B/30004/2524610082/1775585866.csv,2524610082,4,Loose,train,test,train,train,train
B/30004/2546610759/1775585865.csv,2546610759,4,Loose,train,test,train,train,train
B/30004/2548610286/1775585865.csv,2548610286,4,Loose,train,test,train,train,train
B/30005/2521610325/1775585883.csv,2521610325,5,Loose,train,test,train,train,train
B/30005/2523610003/1775585883.csv,2523610003,5,Loose,train,test,test,train,test
B/30005/2523610041/1775585882.csv,2523610041,5,Loose,train,test,train,train,train
B/30005/2523610075/1775585884.csv,2523610075,5,Loose,train,test,train,train,train
B/30005/2523610126/1775585884.csv,2523610126,5,Loose,train,test,train,train,train
B/30005/2523610134/1775585884.csv,2523610134,5,Loose,train,test,train,train,train
B/30005/2523610160/1775585881.csv,2523610160,5,Loose,train,test,train,train,train
B/30005/2523610432/1775585884.csv,2523610432,5,Loose,test,test,train,train,train
B/30005/2524610033/1775585883.csv,2524610033,5,Loose,train,test,train,train,train
B/30005/2524610041/1775585883.csv,2524610041,5,Loose,train,test,train,train,train
B/30005/2524610049/1775585883.csv,2524610049,5,Loose,train,test,train,train,train
B/30005/2524610074/1775585884.csv,2524610074,5,Loose,train,test,test,train,test
B/30005/2524610082/1775585884.csv,2524610082,5,Loose,train,test,train,train,train
B/30005/2546610759/1775585883.csv,2546610759,5,Loose,train,test,train,train,train
B/30005/2548610286/1775585883.csv,2548610286,5,Loose,train,test,train,train,train
B/30101/2521610325/1775583418.csv,2521610325,1,Loose,train,train,train,train,train
B/30101/2523610003/1775583417.csv,2523610003,1,Loose,train,train,test,train,train
B/30101/2523610075/1775583418.csv,2523610075,1,Loose,train,train,train,train,train
B/30101/2523610126/1775583418.csv,2523610126,1,Loose,test,train,train,train,train
B/30101/2523610134/1775583418.csv,2523610134,1,Loose,train,train,train,train,train
B/30101/2523610160/1775583422.csv,2523610160,1,Loose,train,train,train,train,train
B/30101/2523610432/1775583418.csv,2523610432,1,Loose,train,train,train,train,train
B/30101/2524610033/1775583418.csv,2524610033,1,Loose,train,train,train,train,train
B/30101/2524610041/1775583417.csv,2524610041,1,Loose,train,train,train,train,train
B/30101/2524610074/1775583418.csv,2524610074,1,Loose,train,train,test,train,train
B/30101/2524610082/1775583417.csv,2524610082,1,Loose,train,train,train,train,train
B/30101/2546610759/1775583418.csv,2546610759,1,Loose,train,train,train,train,train
B/30101/2548610286/1775583418.csv,2548610286,1,Loose,test,train,train,train,train
B/30102/2521610325/1775583436.csv,2521610325,2,Loose,train,train,train,train,train
B/30102/2523610003/1775583435.csv,2523610003,2,Loose,train,train,test,train,train
B/30102/2523610075/1775583436.csv,2523610075,2,Loose,train,train,train,train,train
B/30102/2523610126/1775583436.csv,2523610126,2,Loose,train,train,train,train,train
B/30102/2523610134/1775583436.csv,2523610134,2,Loose,train,train,train,train,train
B/30102/2523610160/1775583440.csv,2523610160,2,Loose,train,train,train,train,train
B/30102/2523610432/1775583436.csv,2523610432,2,Loose,train,train,train,train,train
B/30102/2524610033/1775583436.csv,2524610033,2,Loose,train,train,train,train,train
B/30102/2524610041/1775583435.csv,2524610041,2,Loose,train,train,train,train,train
B/30102/2524610074/1775583436.csv,2524610074,2,Loose,train,train,test,train,train
B/30102/2524610082/1775583435.csv,2524610082,2,Loose,train,train,train,train,train
B/30102/2546610759/1775583436.csv,2546610759,2,Loose,train,train,train,train,train
B/30102/2548610286/1775583436.csv,2548610286,2,Loose,train,train,train,train,train
B/30103/2521610325/1775583454.csv,2521610325,3,Loose,train,train,train,train,train
B/30103/2523610003/1775583453.csv,2523610003,3,Loose,train,train,test,train,train
B/30103/2523610075/1775583454.csv,2523610075,3,Loose,test,train,train,train,train
B/30103/2523610126/1775583454.csv,2523610126,3,Loose,train,train,train,train,train
B/30103/2523610134/1775583454.csv,2523610134,3,Loose,train,train,train,train,train
B/30103/2523610432/1775583454.csv,2523610432,3,Loose,train,train,train,train,train
B/30103/2524610033/1775583454.csv,2524610033,3,Loose,train,train,train,train,train
B/30103/2524610041/1775583453.csv,2524610041,3,Loose,train,train,train,train,train
B/30103/2524610049/1775583456.csv,2524610049,3,Loose,train,train,train,train,train
B/30103/2524610074/1775583454.csv,2524610074,3,Loose,train,train,test,train,train
B/30103/2524610082/1775583453.csv,2524610082,3,Loose,train,train,train,train,train
B/30103/2546610759/1775583454.csv,2546610759,3,Loose,train,train,train,train,train
B/30103/2548610286/1775583454.csv,2548610286,3,Loose,train,train,train,train,train
B/30104/2521610325/1775583472.csv,2521610325,4,Loose,train,test,train,train,train
B/30104/2523610003/1775583472.csv,2523610003,4,Loose,test,test,test,train,test
B/30104/2523610075/1775583472.csv,2523610075,4,Loose,train,test,train,train,train
B/30104/2523610126/1775583472.csv,2523610126,4,Loose,train,test,train,train,train
B/30104/2523610134/1775583472.csv,2523610134,4,Loose,train,test,train,train,train
B/30104/2523610160/1775583470.csv,2523610160,4,Loose,train,test,train,train,train
B/30104/2523610432/1775583472.csv,2523610432,4,Loose,train,test,train,train,train
B/30104/2524610033/1775583472.csv,2524610033,4,Loose,train,test,train,train,train
B/30104/2524610041/1775583470.csv,2524610041,4,Loose,train,test,train,train,train
B/30104/2524610049/1775583474.csv,2524610049,4,Loose,test,test,train,train,train
B/30104/2524610074/1775583472.csv,2524610074,4,Loose,train,test,test,train,test
B/30104/2524610082/1775583472.csv,2524610082,4,Loose,train,test,train,train,train
B/30104/2546610759/1775583472.csv,2546610759,4,Loose,train,test,train,train,train
B/30104/2548610286/1775583472.csv,2548610286,4,Loose,train,test,train,train,train
B/30105/2521610325/1775583490.csv,2521610325,5,Loose,train,test,train,train,train
B/30105/2523610003/1775583490.csv,2523610003,5,Loose,train,test,test,train,test
B/30105/2523610041/1775583488.csv,2523610041,5,Loose,train,test,train,train,train
B/30105/2523610075/1775583490.csv,2523610075,5,Loose,train,test,train,train,train
B/30105/2523610126/1775583490.csv,2523610126,5,Loose,train,test,train,train,train
B/30105/2523610134/1775583490.csv,2523610134,5,Loose,test,test,train,train,train
B/30105/2523610160/1775583488.csv,2523610160,5,Loose,train,test,train,train,train
B/30105/2523610432/1775583490.csv,2523610432,5,Loose,train,test,train,train,train
B/30105/2524610033/1775583490.csv,2524610033,5,Loose,test,test,train,train,train
B/30105/2524610041/1775583488.csv,2524610041,5,Loose,train,test,train,train,train
B/30105/2524610074/1775583490.csv,2524610074,5,Loose,train,test,test,train,test
B/30105/2524610082/1775583490.csv,2524610082,5,Loose,train,test,train,train,train
B/30105/2546610759/1775583490.csv,2546610759,5,Loose,test,test,train,train,train
B/30105/2548610286/1775583490.csv,2548610286,5,Loose,train,test,train,train,train
B/30201/2521610325/1775583508.csv,2521610325,1,Loose,train,train,train,train,train
B/30201/2523610003/1775583508.csv,2523610003,1,Loose,test,train,test,train,train
B/30201/2523610041/1775583506.csv,2523610041,1,Loose,train,train,train,train,train
B/30201/2523610075/1775583508.csv,2523610075,1,Loose,test,train,train,train,train
B/30201/2523610126/1775583508.csv,2523610126,1,Loose,test,train,train,train,train
B/30201/2523610134/1775583507.csv,2523610134,1,Loose,test,train,train,train,train
B/30201/2523610160/1775583506.csv,2523610160,1,Loose,train,train,train,train,train
B/30201/2523610432/1775583508.csv,2523610432,1,Loose,train,train,train,train,train
B/30201/2524610033/1775583508.csv,2524610033,1,Loose,train,train,train,train,train
B/30201/2524610041/1775583507.csv,2524610041,1,Loose,train,train,train,train,train
B/30201/2524610049/1775583505.csv,2524610049,1,Loose,train,train,train,train,train
B/30201/2524610074/1775583508.csv,2524610074,1,Loose,test,train,test,train,train
B/30201/2524610082/1775583508.csv,2524610082,1,Loose,train,train,train,train,train
B/30201/2546610759/1775583508.csv,2546610759,1,Loose,train,train,train,train,train
B/30201/2548610286/1775583508.csv,2548610286,1,Loose,train,train,train,train,train
B/30202/2521610325/1775583526.csv,2521610325,2,Loose,train,train,train,train,train
B/30202/2523610003/1775583526.csv,2523610003,2,Loose,train,train,test,train,train
B/30202/2523610041/1775583524.csv,2523610041,2,Loose,train,train,train,train,train
B/30202/2523610075/1775583526.csv,2523610075,2,Loose,test,train,train,train,train
B/30202/2523610126/1775583526.csv,2523610126,2,Loose,train,train,train,train,train
B/30202/2523610134/1775583526.csv,2523610134,2,Loose,train,train,train,train,train
B/30202/2523610432/1775583526.csv,2523610432,2,Loose,train,train,train,train,train
B/30202/2524610033/1775583526.csv,2524610033,2,Loose,train,train,train,train,train
B/30202/2524610041/1775583525.csv,2524610041,2,Loose,test,train,train,train,train
B/30202/2524610074/1775583526.csv,2524610074,2,Loose,test,train,test,train,train
B/30202/2524610082/1775583526.csv,2524610082,2,Loose,train,train,train,train,train
B/30202/2546610759/1775583526.csv,2546610759,2,Loose,test,train,train,train,train
B/30202/2548610286/1775583526.csv,2548610286,2,Loose,train,train,train,train,train
B/30203/2521610325/1775583544.csv,2521610325,3,Loose,train,train,train,train,train
B/30203/2523610003/1775583544.csv,2523610003,3,Loose,test,train,test,train,train
B/30203/2523610075/1775583544.csv,2523610075,3,Loose,train,train,train,train,train
B/30203/2523610126/1775583544.csv,2523610126,3,Loose,train,train,train,train,train
B/30203/2523610134/1775583544.csv,2523610134,3,Loose,train,train,train,train,train
B/30203/2523610432/1775583544.csv,2523610432,3,Loose,train,train,train,train,train
B/30203/2524610033/1775583544.csv,2524610033,3,Loose,train,train,train,train,train
B/30203/2524610041/1775583543.csv,2524610041,3,Loose,train,train,train,train,train
B/30203/2524610074/1775583544.csv,2524610074,3,Loose,train,train,test,train,train
B/30203/2524610082/1775583544.csv,2524610082,3,Loose,train,train,train,train,train
B/30203/2546610759/1775583544.csv,2546610759,3,Loose,test,train,train,train,train
B/30203/2548610286/1775583544.csv,2548610286,3,Loose,train,train,train,train,train
B/30204/2521610325/1775583562.csv,2521610325,4,Loose,test,test,train,train,train
B/30204/2523610003/1775583562.csv,2523610003,4,Loose,train,test,test,train,test
B/30204/2523610075/1775583562.csv,2523610075,4,Loose,train,test,train,train,train
B/30204/2523610126/1775583562.csv,2523610126,4,Loose,train,test,train,train,train
B/30204/2523610134/1775583562.csv,2523610134,4,Loose,test,test,train,train,train
B/30204/2523610432/1775583562.csv,2523610432,4,Loose,train,test,train,train,train
B/30204/2524610033/1775583562.csv,2524610033,4,Loose,test,test,train,train,train
B/30204/2524610041/1775583561.csv,2524610041,4,Loose,train,test,train,train,train
B/30204/2524610074/1775583562.csv,2524610074,4,Loose,train,test,test,train,test
B/30204/2524610082/1775583562.csv,2524610082,4,Loose,train,test,train,train,train
B/30204/2546610759/1775583562.csv,2546610759,4,Loose,train,test,train,train,train
B/30204/2548610286/1775583562.csv,2548610286,4,Loose,train,test,train,train,train
B/30205/2521610325/1775583580.csv,2521610325,5,Loose,train,test,train,train,train
B/30205/2523610003/1775583580.csv,2523610003,5,Loose,train,test,test,train,test
B/30205/2523610075/1775583580.csv,2523610075,5,Loose,train,test,train,train,train
B/30205/2523610126/1775583580.csv,2523610126,5,Loose,train,test,train,train,train
B/30205/2523610134/1775583580.csv,2523610134,5,Loose,train,test,train,train,train
B/30205/2523610432/1775583580.csv,2523610432,5,Loose,train,test,train,train,train
B/30205/2524610033/1775583580.csv,2524610033,5,Loose,train,test,train,train,train
B/30205/2524610041/1775583579.csv,2524610041,5,Loose,train,test,train,train,train
B/30205/2524610074/1775583580.csv,2524610074,5,Loose,train,test,test,train,test
B/30205/2524610082/1775583580.csv,2524610082,5,Loose,train,test,train,train,train
B/30205/2546610759/1775583580.csv,2546610759,5,Loose,test,test,train,train,train
B/30205/2548610286/1775583580.csv,2548610286,5,Loose,train,test,train,train,train
B/30301/2521610325/1775583598.csv,2521610325,1,Loose,train,train,train,train,train
B/30301/2523610003/1775583598.csv,2523610003,1,Loose,test,train,test,train,train
B/30301/2523610075/1775583598.csv,2523610075,1,Loose,train,train,train,train,train
B/30301/2523610126/1775583598.csv,2523610126,1,Loose,train,train,train,train,train
B/30301/2523610134/1775583598.csv,2523610134,1,Loose,test,train,train,train,train
B/30301/2523610432/1775583598.csv,2523610432,1,Loose,test,train,train,train,train
B/30301/2524610033/1775583598.csv,2524610033,1,Loose,train,train,train,train,train
B/30301/2524610041/1775583597.csv,2524610041,1,Loose,train,train,train,train,train
B/30301/2524610049/1775583597.csv,2524610049,1,Loose,train,train,train,train,train
B/30301/2524610074/1775583598.csv,2524610074,1,Loose,test,train,test,train,train
B/30301/2524610082/1775583598.csv,2524610082,1,Loose,test,train,train,train,train
B/30301/2546610759/1775583598.csv,2546610759,1,Loose,train,train,train,train,train
B/30301/2548610286/1775583598.csv,2548610286,1,Loose,train,train,train,train,train
B/30302/2521610325/1775583616.csv,2521610325,2,Loose,train,train,train,train,train
B/30302/2523610003/1775583616.csv,2523610003,2,Loose,train,train,test,train,train
B/30302/2523610041/1775583615.csv,2523610041,2,Loose,train,train,train,train,train
B/30302/2523610075/1775583616.csv,2523610075,2,Loose,train,train,train,train,train
B/30302/2523610126/1775583616.csv,2523610126,2,Loose,train,train,train,train,train
B/30302/2523610134/1775583616.csv,2523610134,2,Loose,train,train,train,train,train
B/30302/2523610160/1775583614.csv,2523610160,2,Loose,train,train,train,train,train
B/30302/2523610432/1775583616.csv,2523610432,2,Loose,train,train,train,train,train
B/30302/2524610033/1775583616.csv,2524610033,2,Loose,train,train,train,train,train
B/30302/2524610041/1775583615.csv,2524610041,2,Loose,train,train,train,train,train
B/30302/2524610049/1775583613.csv,2524610049,2,Loose,test,train,train,train,train
B/30302/2524610074/1775583616.csv,2524610074,2,Loose,train,train,test,train,train
B/30302/2524610082/1775583616.csv,2524610082,2,Loose,train,train,train,train,train
B/30302/2546610759/1775583616.csv,2546610759,2,Loose,train,train,train,train,train
B/30302/2548610286/1775583616.csv,2548610286,2,Loose,train,train,train,train,train
B/30303/2521610325/1775583634.csv,2521610325,3,Loose,train,train,train,train,train
B/30303/2523610003/1775583634.csv,2523610003,3,Loose,train,train,test,train,train
B/30303/2523610041/1775583633.csv,2523610041,3,Loose,train,train,train,train,train
B/30303/2523610075/1775583634.csv,2523610075,3,Loose,train,train,train,train,train
B/30303/2523610126/1775583634.csv,2523610126,3,Loose,train,train,train,train,train
B/30303/2523610134/1775583634.csv,2523610134,3,Loose,train,train,train,train,train
B/30303/2523610160/1775583631.csv,2523610160,3,Loose,train,train,train,train,train
B/30303/2523610432/1775583634.csv,2523610432,3,Loose,train,train,train,train,train
B/30303/2524610033/1775583634.csv,2524610033,3,Loose,train,train,train,train,train
B/30303/2524610041/1775583633.csv,2524610041,3,Loose,train,train,train,train,train
B/30303/2524610049/1775583631.csv,2524610049,3,Loose,train,train,train,train,train
B/30303/2524610074/1775583634.csv,2524610074,3,Loose,train,train,test,train,train
B/30303/2524610082/1775583634.csv,2524610082,3,Loose,train,train,train,train,train
B/30303/2546610759/1775583634.csv,2546610759,3,Loose,test,train,train,train,train
B/30303/2548610286/1775583634.csv,2548610286,3,Loose,test,train,train,train,train
B/30304/2521610325/1775583652.csv,2521610325,4,Loose,test,test,train,train,train
B/30304/2523610003/1775583652.csv,2523610003,4,Loose,train,test,test,train,test
B/30304/2523610041/1775583651.csv,2523610041,4,Loose,train,test,train,train,train
B/30304/2523610075/1775583652.csv,2523610075,4,Loose,train,test,train,train,train
B/30304/2523610126/1775583652.csv,2523610126,4,Loose,train,test,train,train,train
B/30304/2523610134/1775583652.csv,2523610134,4,Loose,train,test,train,train,train
B/30304/2523610160/1775583649.csv,2523610160,4,Loose,train,test,train,train,train
B/30304/2523610432/1775583652.csv,2523610432,4,Loose,train,test,train,train,train
B/30304/2524610033/1775583652.csv,2524610033,4,Loose,train,test,train,train,train
B/30304/2524610041/1775583651.csv,2524610041,4,Loose,train,test,train,train,train
B/30304/2524610074/1775583652.csv,2524610074,4,Loose,train,test,test,train,test
B/30304/2524610082/1775583652.csv,2524610082,4,Loose,train,test,train,train,train
B/30304/2546610759/1775583652.csv,2546610759,4,Loose,test,test,train,train,train
B/30304/2548610286/1775583652.csv,2548610286,4,Loose,train,test,train,train,train
B/30305/2521610325/1775583670.csv,2521610325,5,Loose,train,test,train,train,train
B/30305/2523610003/1775583670.csv,2523610003,5,Loose,train,test,test,train,test
B/30305/2523610041/1775583669.csv,2523610041,5,Loose,train,test,train,train,train
B/30305/2523610075/1775583670.csv,2523610075,5,Loose,train,test,train,train,train
B/30305/2523610126/1775583670.csv,2523610126,5,Loose,train,test,train,train,train
B/30305/2523610134/1775583670.csv,2523610134,5,Loose,train,test,train,train,train
B/30305/2523610432/1775583670.csv,2523610432,5,Loose,train,test,train,train,train
B/30305/2524610033/1775583670.csv,2524610033,5,Loose,train,test,train,train,train
B/30305/2524610041/1775583669.csv,2524610041,5,Loose,test,test,train,train,train
B/30305/2524610074/1775583670.csv,2524610074,5,Loose,train,test,test,train,test
B/30305/2524610082/1775583670.csv,2524610082,5,Loose,train,test,train,train,train
B/30305/2546610759/1775583670.csv,2546610759,5,Loose,train,test,train,train,train
B/30305/2548610286/1775583670.csv,2548610286,5,Loose,train,test,train,train,train
B/30401/2521610325/1775583688.csv,2521610325,1,Loose,train,train,train,train,train
B/30401/2523610003/1775583688.csv,2523610003,1,Loose,train,train,test,train,train
B/30401/2523610041/1775583685.csv,2523610041,1,Loose,train,train,train,train,train
B/30401/2523610075/1775583688.csv,2523610075,1,Loose,train,train,train,train,train
B/30401/2523610126/1775583688.csv,2523610126,1,Loose,train,train,train,train,train
B/30401/2523610134/1775583688.csv,2523610134,1,Loose,train,train,train,train,train
B/30401/2523610432/1775583688.csv,2523610432,1,Loose,test,train,train,train,train
B/30401/2524610033/1775583688.csv,2524610033,1,Loose,train,train,train,train,train
B/30401/2524610041/1775583687.csv,2524610041,1,Loose,test,train,train,train,train
B/30401/2524610074/1775583688.csv,2524610074,1,Loose,train,train,test,train,train
B/30401/2524610082/1775583688.csv,2524610082,1,Loose,train,train,train,train,train
B/30401/2546610759/1775583688.csv,2546610759,1,Loose,train,train,train,train,train
B/30401/2548610286/1775583688.csv,2548610286,1,Loose,test,train,train,train,train
B/30402/2521610325/1775583706.csv,2521610325,2,Loose,train,train,train,train,train
B/30402/2523610003/1775583706.csv,2523610003,2,Loose,train,train,test,train,train
B/30402/2523610041/1775583703.csv,2523610041,2,Loose,train,train,train,train,train
B/30402/2523610075/1775583706.csv,2523610075,2,Loose,train,train,train,train,train
B/30402/2523610126/1775583706.csv,2523610126,2,Loose,train,train,train,train,train
B/30402/2523610134/1775583706.csv,2523610134,2,Loose,train,train,train,train,train
B/30402/2523610432/1775583706.csv,2523610432,2,Loose,train,train,train,train,train
B/30402/2524610033/1775583706.csv,2524610033,2,Loose,test,train,train,train,train
B/30402/2524610041/1775583705.csv,2524610041,2,Loose,train,train,train,train,train
B/30402/2524610074/1775583706.csv,2524610074,2,Loose,test,train,test,train,train
B/30402/2524610082/1775583706.csv,2524610082,2,Loose,train,train,train,train,train
B/30402/2546610759/1775583706.csv,2546610759,2,Loose,train,train,train,train,train
B/30402/2548610286/1775583706.csv,2548610286,2,Loose,train,train,train,train,train
B/30403/2521610325/1775583724.csv,2521610325,3,Loose,test,train,train,train,train
B/30403/2523610003/1775583724.csv,2523610003,3,Loose,train,train,test,train,train
B/30403/2523610041/1775583721.csv,2523610041,3,Loose,train,train,train,train,train
B/30403/2523610075/1775583724.csv,2523610075,3,Loose,train,train,train,train,train
B/30403/2523610126/1775583724.csv,2523610126,3,Loose,train,train,train,train,train
B/30403/2523610134/1775583724.csv,2523610134,3,Loose,train,train,train,train,train
B/30403/2523610432/1775583724.csv,2523610432,3,Loose,train,train,train,train,train
B/30403/2524610033/1775583724.csv,2524610033,3,Loose,test,train,train,train,train
B/30403/2524610041/1775583723.csv,2524610041,3,Loose,train,train,train,train,train
B/30403/2524610074/1775583724.csv,2524610074,3,Loose,train,train,test,train,train
B/30403/2524610082/1775583724.csv,2524610082,3,Loose,train,train,train,train,train
B/30403/2546610759/1775583724.csv,2546610759,3,Loose,test,train,train,train,train
B/30403/2548610286/1775583724.csv,2548610286,3,Loose,test,train,train,train,train
B/30404/2521610325/1775583742.csv,2521610325,4,Loose,train,test,train,train,train
B/30404/2523610003/1775583742.csv,2523610003,4,Loose,test,test,test,train,test
B/30404/2523610075/1775583742.csv,2523610075,4,Loose,train,test,train,train,train
B/30404/2523610126/1775583742.csv,2523610126,4,Loose,test,test,train,train,train
B/30404/2523610134/1775583742.csv,2523610134,4,Loose,test,test,train,train,train
B/30404/2523610432/1775583742.csv,2523610432,4,Loose,train,test,train,train,train
B/30404/2524610033/1775583742.csv,2524610033,4,Loose,train,test,train,train,train
B/30404/2524610041/1775583741.csv,2524610041,4,Loose,train,test,train,train,train
B/30404/2524610049/1775583745.csv,2524610049,4,Loose,train,test,train,train,train
B/30404/2524610074/1775583742.csv,2524610074,4,Loose,train,test,test,train,test
B/30404/2524610082/1775583742.csv,2524610082,4,Loose,train,test,train,train,train
B/30404/2546610759/1775583742.csv,2546610759,4,Loose,train,test,train,train,train
B/30404/2548610286/1775583742.csv,2548610286,4,Loose,test,test,train,train,train
B/30405/2521610325/1775583760.csv,2521610325,5,Loose,train,test,train,train,train
B/30405/2523610003/1775583760.csv,2523610003,5,Loose,train,test,test,train,test
B/30405/2523610075/1775583760.csv,2523610075,5,Loose,train,test,train,train,train
B/30405/2523610126/1775583760.csv,2523610126,5,Loose,train,test,train,train,train
B/30405/2523610134/1775583760.csv,2523610134,5,Loose,train,test,train,train,train
B/30405/2523610160/1775583762.csv,2523610160,5,Loose,train,test,train,train,train
B/30405/2523610432/1775583760.csv,2523610432,5,Loose,train,test,train,train,train
B/30405/2524610033/1775583760.csv,2524610033,5,Loose,train,test,train,train,train
B/30405/2524610041/1775583759.csv,2524610041,5,Loose,train,test,train,train,train
B/30405/2524610049/1775583763.csv,2524610049,5,Loose,train,test,train,train,train
B/30405/2524610074/1775583760.csv,2524610074,5,Loose,train,test,test,train,test
B/30405/2524610082/1775583760.csv,2524610082,5,Loose,train,test,train,train,train
B/30405/2546610759/1775583760.csv,2546610759,5,Loose,train,test,train,train,train
B/30405/2548610286/1775583760.csv,2548610286,5,Loose,train,test,train,train,train
B/30501/2521610325/1775583778.csv,2521610325,1,Loose,train,train,train,train,train
B/30501/2523610003/1775583778.csv,2523610003,1,Loose,train,train,test,train,train
B/30501/2523610075/1775583778.csv,2523610075,1,Loose,test,train,train,train,train
B/30501/2523610126/1775583778.csv,2523610126,1,Loose,train,train,train,train,train
B/30501/2523610134/1775583778.csv,2523610134,1,Loose,train,train,train,train,train
B/30501/2523610160/1775583777.csv,2523610160,1,Loose,train,train,train,train,train
B/30501/2523610432/1775583778.csv,2523610432,1,Loose,train,train,train,train,train
B/30501/2524610033/1775583778.csv,2524610033,1,Loose,train,train,train,train,train
B/30501/2524610041/1775583777.csv,2524610041,1,Loose,train,train,train,train,train
B/30501/2524610049/1775583777.csv,2524610049,1,Loose,test,train,train,train,train
B/30501/2524610074/1775583778.csv,2524610074,1,Loose,train,train,test,train,train
B/30501/2524610082/1775583778.csv,2524610082,1,Loose,train,train,train,train,train
B/30501/2546610759/1775583778.csv,2546610759,1,Loose,train,train,train,train,train
B/30501/2548610286/1775583778.csv,2548610286,1,Loose,train,train,train,train,train
B/30502/2521610325/1775583796.csv,2521610325,2,Loose,train,train,train,train,train
B/30502/2523610003/1775583796.csv,2523610003,2,Loose,train,train,test,train,train
B/30502/2523610075/1775583796.csv,2523610075,2,Loose,test,train,train,train,train
B/30502/2523610126/1775583796.csv,2523610126,2,Loose,train,train,train,train,train
B/30502/2523610134/1775583796.csv,2523610134,2,Loose,train,train,train,train,train
B/30502/2523610160/1775583795.csv,2523610160,2,Loose,train,train,train,train,train
B/30502/2523610432/1775583796.csv,2523610432,2,Loose,train,train,train,train,train
B/30502/2524610033/1775583796.csv,2524610033,2,Loose,test,train,train,train,train
B/30502/2524610041/1775583795.csv,2524610041,2,Loose,train,train,train,train,train
B/30502/2524610049/1775583795.csv,2524610049,2,Loose,train,train,train,train,train
B/30502/2524610074/1775583796.csv,2524610074,2,Loose,train,train,test,train,train
B/30502/2524610082/1775583796.csv,2524610082,2,Loose,test,train,train,train,train
B/30502/2546610759/1775583796.csv,2546610759,2,Loose,train,train,train,train,train
B/30502/2548610286/1775583796.csv,2548610286,2,Loose,train,train,train,train,train
B/30503/2521610325/1775583814.csv,2521610325,3,Loose,test,train,train,train,train
B/30503/2523610003/1775583814.csv,2523610003,3,Loose,train,train,test,train,train
B/30503/2523610075/1775583814.csv,2523610075,3,Loose,train,train,train,train,train
B/30503/2523610126/1775583814.csv,2523610126,3,Loose,train,train,train,train,train
B/30503/2523610134/1775583814.csv,2523610134,3,Loose,train,train,train,train,train
B/30503/2523610432/1775583814.csv,2523610432,3,Loose,train,train,train,train,train
B/30503/2524610033/1775583814.csv,2524610033,3,Loose,test,train,train,train,train
B/30503/2524610041/1775583813.csv,2524610041,3,Loose,train,train,train,train,train
B/30503/2524610074/1775583814.csv,2524610074,3,Loose,train,train,test,train,train
B/30503/2524610082/1775583814.csv,2524610082,3,Loose,test,train,train,train,train
B/30503/2546610759/1775583814.csv,2546610759,3,Loose,train,train,train,train,train
B/30503/2548610286/1775583814.csv,2548610286,3,Loose,test,train,train,train,train
B/30504/2521610325/1775583832.csv,2521610325,4,Loose,train,test,train,train,train
B/30504/2523610003/1775583832.csv,2523610003,4,Loose,test,test,test,train,test
B/30504/2523610075/1775583832.csv,2523610075,4,Loose,train,test,train,train,train
B/30504/2523610126/1775583832.csv,2523610126,4,Loose,train,test,train,train,train
B/30504/2523610134/1775583832.csv,2523610134,4,Loose,train,test,train,train,train
B/30504/2523610160/1775583831.csv,2523610160,4,Loose,train,test,train,train,train
B/30504/2523610432/1775583832.csv,2523610432,4,Loose,test,test,train,train,train
B/30504/2524610033/1775583832.csv,2524610033,4,Loose,train,test,train,train,train
B/30504/2524610041/1775583831.csv,2524610041,4,Loose,train,test,train,train,train
B/30504/2524610074/1775583832.csv,2524610074,4,Loose,train,test,test,train,test
B/30504/2524610082/1775583832.csv,2524610082,4,Loose,train,test,train,train,train
B/30504/2546610759/1775583832.csv,2546610759,4,Loose,train,test,train,train,train
B/30504/2548610286/1775583832.csv,2548610286,4,Loose,train,test,train,train,train
B/30505/2521610325/1775583850.csv,2521610325,5,Loose,train,test,train,train,train
B/30505/2523610003/1775583850.csv,2523610003,5,Loose,test,test,test,train,test
B/30505/2523610041/1775583849.csv,2523610041,5,Loose,train,test,train,train,train
B/30505/2523610075/1775583850.csv,2523610075,5,Loose,train,test,train,train,train
B/30505/2523610126/1775583850.csv,2523610126,5,Loose,train,test,train,train,train
B/30505/2523610134/1775583850.csv,2523610134,5,Loose,train,test,train,train,train
B/30505/2523610160/1775583848.csv,2523610160,5,Loose,train,test,train,train,train
B/30505/2523610432/1775583850.csv,2523610432,5,Loose,train,test,train,train,train
B/30505/2524610033/1775583850.csv,2524610033,5,Loose,train,test,train,train,train
B/30505/2524610041/1775583850.csv,2524610041,5,Loose,train,test,train,train,train
B/30505/2524610074/1775583850.csv,2524610074,5,Loose,train,test,test,train,test
B/30505/2524610082/1775583850.csv,2524610082,5,Loose,train,test,train,train,train
B/30505/2546610759/1775583850.csv,2546610759,5,Loose,train,test,train,train,train
B/30505/2548610286/1775583850.csv,2548610286,5,Loose,train,test,train,train,train
B/30601/2521610325/1775583868.csv,2521610325,1,Loose,train,train,train,train,train
B/30601/2523610003/1775583868.csv,2523610003,1,Loose,train,train,test,train,train
B/30601/2523610041/1775583867.csv,2523610041,1,Loose,train,train,train,train,train
B/30601/2523610075/1775583868.csv,2523610075,1,Loose,train,train,train,train,train
B/30601/2523610126/1775583868.csv,2523610126,1,Loose,train,train,train,train,train
B/30601/2523610134/1775583868.csv,2523610134,1,Loose,train,train,train,train,train
B/30601/2523610160/1775583866.csv,2523610160,1,Loose,test,train,train,train,train
B/30601/2523610432/1775583868.csv,2523610432,1,Loose,train,train,train,train,train
B/30601/2524610033/1775583868.csv,2524610033,1,Loose,train,train,train,train,train
B/30601/2524610041/1775583868.csv,2524610041,1,Loose,train,train,train,train,train
B/30601/2524610074/1775583868.csv,2524610074,1,Loose,train,train,test,train,train
B/30601/2524610082/1775583868.csv,2524610082,1,Loose,train,train,train,train,train
B/30601/2546610759/1775583868.csv,2546610759,1,Loose,test,train,train,train,train
B/30601/2548610286/1775583868.csv,2548610286,1,Loose,train,train,train,train,train
B/30602/2521610325/1775583886.csv,2521610325,2,Loose,train,train,train,train,train
B/30602/2523610003/1775583886.csv,2523610003,2,Loose,train,train,test,train,train
B/30602/2523610041/1775583885.csv,2523610041,2,Loose,train,train,train,train,train
B/30602/2523610075/1775583886.csv,2523610075,2,Loose,train,train,train,train,train
B/30602/2523610126/1775583886.csv,2523610126,2,Loose,train,train,train,train,train
B/30602/2523610134/1775583886.csv,2523610134,2,Loose,train,train,train,train,train
B/30602/2523610432/1775583886.csv,2523610432,2,Loose,test,train,train,train,train
B/30602/2524610033/1775583886.csv,2524610033,2,Loose,train,train,train,train,train
B/30602/2524610041/1775583886.csv,2524610041,2,Loose,test,train,train,train,train
B/30602/2524610074/1775583886.csv,2524610074,2,Loose,train,train,test,train,train
B/30602/2524610082/1775583886.csv,2524610082,2,Loose,train,train,train,train,train
B/30602/2546610759/1775583886.csv,2546610759,2,Loose,train,train,train,train,train
B/30602/2548610286/1775583886.csv,2548610286,2,Loose,train,train,train,train,train
B/30603/2521610325/1775583904.csv,2521610325,3,Loose,test,train,train,train,train
B/30603/2523610003/1775583904.csv,2523610003,3,Loose,train,train,test,train,train
B/30603/2523610041/1775583903.csv,2523610041,3,Loose,test,train,train,train,train
B/30603/2523610075/1775583904.csv,2523610075,3,Loose,train,train,train,train,train
B/30603/2523610126/1775583904.csv,2523610126,3,Loose,train,train,train,train,train
B/30603/2523610134/1775583904.csv,2523610134,3,Loose,train,train,train,train,train
B/30603/2523610432/1775583904.csv,2523610432,3,Loose,train,train,train,train,train
B/30603/2524610033/1775583904.csv,2524610033,3,Loose,test,train,train,train,train
B/30603/2524610041/1775583904.csv,2524610041,3,Loose,test,train,train,train,train
B/30603/2524610074/1775583904.csv,2524610074,3,Loose,train,train,test,train,train
B/30603/2524610082/1775583904.csv,2524610082,3,Loose,train,train,train,train,train
B/30603/2546610759/1775583904.csv,2546610759,3,Loose,train,train,train,train,train
B/30603/2548610286/1775583904.csv,2548610286,3,Loose,train,train,train,train,train
B/30604/2521610325/1775583922.csv,2521610325,4,Loose,train,test,train,train,train
B/30604/2523610003/1775583922.csv,2523610003,4,Loose,train,test,test,train,test
B/30604/2523610041/1775583921.csv,2523610041,4,Loose,train,test,train,train,train
B/30604/2523610075/1775583922.csv,2523610075,4,Loose,test,test,train,train,train
B/30604/2523610126/1775583922.csv,2523610126,4,Loose,train,test,train,train,train
B/30604/2523610134/1775583922.csv,2523610134,4,Loose,train,test,train,train,train
B/30604/2523610432/1775583922.csv,2523610432,4,Loose,train,test,train,train,train
B/30604/2524610033/1775583922.csv,2524610033,4,Loose,test,test,train,train,train
B/30604/2524610041/1775583922.csv,2524610041,4,Loose,train,test,train,train,train
B/30604/2524610074/1775583922.csv,2524610074,4,Loose,train,test,test,train,test
B/30604/2524610082/1775583922.csv,2524610082,4,Loose,train,test,train,train,train
B/30604/2546610759/1775583922.csv,2546610759,4,Loose,test,test,train,train,train
B/30604/2548610286/1775583922.csv,2548610286,4,Loose,train,test,train,train,train
B/30605/2521610325/1775583940.csv,2521610325,5,Loose,train,test,train,train,train
B/30605/2523610003/1775583940.csv,2523610003,5,Loose,train,test,test,train,test
B/30605/2523610041/1775583937.csv,2523610041,5,Loose,train,test,train,train,train
B/30605/2523610075/1775583940.csv,2523610075,5,Loose,train,test,train,train,train
B/30605/2523610126/1775583940.csv,2523610126,5,Loose,train,test,train,train,train
B/30605/2523610134/1775583940.csv,2523610134,5,Loose,train,test,train,train,train
B/30605/2523610432/1775583940.csv,2523610432,5,Loose,train,test,train,train,train
B/30605/2524610033/1775583940.csv,2524610033,5,Loose,train,test,train,train,train
B/30605/2524610041/1775583940.csv,2524610041,5,Loose,train,test,train,train,train
B/30605/2524610074/1775583940.csv,2524610074,5,Loose,train,test,test,train,test
B/30605/2524610082/1775583940.csv,2524610082,5,Loose,train,test,train,train,train
B/30605/2546610759/1775583940.csv,2546610759,5,Loose,train,test,train,train,train
B/30605/2548610286/1775583940.csv,2548610286,5,Loose,train,test,train,train,train
B/40001/2521610325/1775585902.csv,2521610325,1,Loose,train,train,train,train,train
B/40001/2523610003/1775585901.csv,2523610003,1,Loose,train,train,test,train,train
B/40001/2523610075/1775585902.csv,2523610075,1,Loose,test,train,train,train,train
B/40001/2523610126/1775585902.csv,2523610126,1,Loose,train,train,train,train,train
B/40001/2523610134/1775585902.csv,2523610134,1,Loose,train,train,train,train,train
B/40001/2523610160/1775585899.csv,2523610160,1,Loose,train,train,train,train,train
B/40001/2523610432/1775585902.csv,2523610432,1,Loose,train,train,train,train,train
B/40001/2524610033/1775585901.csv,2524610033,1,Loose,train,train,train,train,train
B/40001/2524610041/1775585899.csv,2524610041,1,Loose,train,train,train,train,train
B/40001/2524610049/1775585901.csv,2524610049,1,Loose,test,train,train,train,train
B/40001/2524610074/1775585902.csv,2524610074,1,Loose,train,train,test,train,train
B/40001/2524610082/1775585902.csv,2524610082,1,Loose,train,train,train,train,train
B/40001/2546610759/1775585902.csv,2546610759,1,Loose,train,train,train,train,train
B/40001/2548610286/1775585901.csv,2548610286,1,Loose,train,train,train,train,train
B/40002/2521610325/1775585919.csv,2521610325,2,Loose,test,train,train,train,train
B/40002/2523610003/1775585919.csv,2523610003,2,Loose,train,train,test,train,train
B/40002/2523610075/1775585920.csv,2523610075,2,Loose,train,train,train,train,train
B/40002/2523610134/1775585920.csv,2523610134,2,Loose,train,train,train,train,train
B/40002/2523610432/1775585919.csv,2523610432,2,Loose,train,train,train,train,train
B/40002/2524610033/1775585919.csv,2524610033,2,Loose,train,train,train,train,train
B/40002/2524610041/1775585917.csv,2524610041,2,Loose,train,train,train,train,train
B/40002/2524610049/1775585919.csv,2524610049,2,Loose,test,train,train,train,train
B/40002/2524610074/1775585920.csv,2524610074,2,Loose,train,train,test,train,train
B/40002/2524610082/1775585920.csv,2524610082,2,Loose,train,train,train,train,train
B/40002/2546610759/1775585919.csv,2546610759,2,Loose,train,train,train,train,train
B/40002/2548610286/1775585919.csv,2548610286,2,Loose,test,train,train,train,train
B/40003/2521610325/1775585938.csv,2521610325,3,Loose,train,train,train,train,train
B/40003/2523610003/1775585938.csv,2523610003,3,Loose,train,train,test,train,train
B/40003/2523610075/1775585938.csv,2523610075,3,Loose,train,train,train,train,train
B/40003/2523610126/1775585938.csv,2523610126,3,Loose,train,train,train,train,train
B/40003/2523610134/1775585938.csv,2523610134,3,Loose,test,train,train,train,train
B/40003/2523610432/1775585938.csv,2523610432,3,Loose,train,train,train,train,train
B/40003/2524610033/1775585938.csv,2524610033,3,Loose,train,train,train,train,train
B/40003/2524610049/1775585937.csv,2524610049,3,Loose,test,train,train,train,train
B/40003/2524610074/1775585938.csv,2524610074,3,Loose,train,train,test,train,train
B/40003/2524610082/1775585938.csv,2524610082,3,Loose,train,train,train,train,train
B/40003/2546610759/1775585938.csv,2546610759,3,Loose,train,train,train,train,train
B/40003/2548610286/1775585937.csv,2548610286,3,Loose,train,train,train,train,train
B/40004/2521610325/1775585956.csv,2521610325,4,Loose,test,test,train,train,train
B/40004/2523610003/1775585956.csv,2523610003,4,Loose,train,test,test,train,test
B/40004/2523610075/1775585956.csv,2523610075,4,Loose,train,test,train,train,train
B/40004/2523610134/1775585956.csv,2523610134,4,Loose,train,test,train,train,train
B/40004/2523610160/1775585960.csv,2523610160,4,Loose,test,test,train,train,train
B/40004/2523610432/1775585956.csv,2523610432,4,Loose,train,test,train,train,train
B/40004/2524610033/1775585956.csv,2524610033,4,Loose,test,test,train,train,train
B/40004/2524610049/1775585953.csv,2524610049,4,Loose,test,test,train,train,train
B/40004/2524610074/1775585956.csv,2524610074,4,Loose,train,test,test,train,test
B/40004/2524610082/1775585956.csv,2524610082,4,Loose,test,test,train,train,train
B/40004/2546610759/1775585956.csv,2546610759,4,Loose,train,test,train,train,train
B/40004/2548610286/1775585955.csv,2548610286,4,Loose,train,test,train,train,train
B/40005/2521610325/1775585974.csv,2521610325,5,Loose,train,test,train,train,train
B/40005/2523610003/1775585974.csv,2523610003,5,Loose,test,test,test,train,test
B/40005/2523610075/1775585974.csv,2523610075,5,Loose,train,test,train,train,train
B/40005/2523610134/1775585974.csv,2523610134,5,Loose,train,test,train,train,train
B/40005/2523610160/1775585978.csv,2523610160,5,Loose,test,test,train,train,train
B/40005/2523610432/1775585974.csv,2523610432,5,Loose,train,test,train,train,train
B/40005/2524610033/1775585973.csv,2524610033,5,Loose,test,test,train,train,train
B/40005/2524610049/1775585971.csv,2524610049,5,Loose,test,test,train,train,train
B/40005/2524610074/1775585974.csv,2524610074,5,Loose,train,test,test,train,test
B/40005/2524610082/1775585974.csv,2524610082,5,Loose,train,test,train,train,train
B/40005/2546610759/1775585974.csv,2546610759,5,Loose,train,test,train,train,train
B/40005/2548610286/1775585973.csv,2548610286,5,Loose,test,test,train,train,train
B/401/2523610075/1775562250.csv,2523610075,1,Loose,train,train,train,train,train
B/401/2523610075/1775562260.csv,2523610075,1,Loose,train,train,train,train,train
B/401/2523610075/1775562271.csv,2523610075,1,Loose,train,train,train,train,train
B/401/2523610075/1775562281.csv,2523610075,1,Loose,train,train,train,train,train
B/401/2523610075/1775562291.csv,2523610075,1,Loose,train,train,train,train,train
B/401/2523610075/1775562301.csv,2523610075,1,Loose,train,train,train,train,train
B/401/2524610041/1775562250.csv,2524610041,1,Loose,test,train,train,train,train
B/401/2524610041/1775562260.csv,2524610041,1,Loose,train,train,train,train,train
B/401/2524610041/1775562271.csv,2524610041,1,Loose,test,train,train,train,train
B/401/2524610041/1775562281.csv,2524610041,1,Loose,train,train,train,train,train
B/401/2524610041/1775562291.csv,2524610041,1,Loose,test,train,train,train,train
B/401/2524610041/1775562301.csv,2524610041,1,Loose,train,train,train,train,train
B/401/2546610759/1775562251.csv,2546610759,1,Loose,train,train,train,train,train
B/401/2548610286/1775562250.csv,2548610286,1,Loose,train,train,train,train,train
B/401/2548610286/1775562261.csv,2548610286,1,Loose,train,train,train,train,train
B/401/2548610286/1775562271.csv,2548610286,1,Loose,train,train,train,train,train
B/401/2548610286/1775562281.csv,2548610286,1,Loose,test,train,train,train,train
B/401/2548610286/1775562291.csv,2548610286,1,Loose,train,train,train,train,train
B/401/2548610286/1775562302.csv,2548610286,1,Loose,train,train,train,train,train
B/40101/2521610325/1775583958.csv,2521610325,1,Loose,train,train,train,train,train
B/40101/2523610003/1775583958.csv,2523610003,1,Loose,train,train,test,train,train
B/40101/2523610075/1775583958.csv,2523610075,1,Loose,train,train,train,train,train
B/40101/2523610134/1775583958.csv,2523610134,1,Loose,train,train,train,train,train
B/40101/2523610432/1775583958.csv,2523610432,1,Loose,train,train,train,train,train
B/40101/2524610033/1775583958.csv,2524610033,1,Loose,test,train,train,train,train
B/40101/2524610041/1775583958.csv,2524610041,1,Loose,train,train,train,train,train
B/40101/2524610074/1775583958.csv,2524610074,1,Loose,train,train,test,train,train
B/40101/2524610082/1775583958.csv,2524610082,1,Loose,train,train,train,train,train
B/40101/2546610759/1775583958.csv,2546610759,1,Loose,train,train,train,train,train
B/40101/2548610286/1775583958.csv,2548610286,1,Loose,train,train,train,train,train
B/40102/2521610325/1775583976.csv,2521610325,2,Loose,test,train,train,train,train
B/40102/2523610003/1775583976.csv,2523610003,2,Loose,train,train,test,train,train
B/40102/2523610075/1775583976.csv,2523610075,2,Loose,train,train,train,train,train
B/40102/2523610126/1775583976.csv,2523610126,2,Loose,train,train,train,train,train
B/40102/2523610134/1775583976.csv,2523610134,2,Loose,train,train,train,train,train
B/40102/2523610432/1775583976.csv,2523610432,2,Loose,test,train,train,train,train
B/40102/2524610033/1775583976.csv,2524610033,2,Loose,train,train,train,train,train
B/40102/2524610041/1775583975.csv,2524610041,2,Loose,train,train,train,train,train
B/40102/2524610074/1775583976.csv,2524610074,2,Loose,test,train,test,train,train
B/40102/2524610082/1775583976.csv,2524610082,2,Loose,train,train,train,train,train
B/40102/2546610759/1775583976.csv,2546610759,2,Loose,test,train,train,train,train
B/40102/2548610286/1775583976.csv,2548610286,2,Loose,train,train,train,train,train
B/40103/2521610325/1775583994.csv,2521610325,3,Loose,test,train,train,train,train
B/40103/2523610003/1775583994.csv,2523610003,3,Loose,train,train,test,train,train
B/40103/2523610075/1775583994.csv,2523610075,3,Loose,train,train,train,train,train
B/40103/2523610126/1775583994.csv,2523610126,3,Loose,train,train,train,train,train
B/40103/2523610134/1775583994.csv,2523610134,3,Loose,train,train,train,train,train
B/40103/2523610432/1775583994.csv,2523610432,3,Loose,train,train,train,train,train
B/40103/2524610033/1775583994.csv,2524610033,3,Loose,train,train,train,train,train
B/40103/2524610041/1775583993.csv,2524610041,3,Loose,train,train,train,train,train
B/40103/2524610049/1775583997.csv,2524610049,3,Loose,test,train,train,train,train
B/40103/2524610074/1775583994.csv,2524610074,3,Loose,test,train,test,train,train
B/40103/2524610082/1775583994.csv,2524610082,3,Loose,train,train,train,train,train
B/40103/2546610759/1775583994.csv,2546610759,3,Loose,test,train,train,train,train
B/40103/2548610286/1775583994.csv,2548610286,3,Loose,train,train,train,train,train
B/40104/2521610325/1775584012.csv,2521610325,4,Loose,train,test,train,train,train
B/40104/2523610003/1775584012.csv,2523610003,4,Loose,test,test,test,train,test
B/40104/2523610075/1775584012.csv,2523610075,4,Loose,train,test,train,train,train
B/40104/2523610126/1775584012.csv,2523610126,4,Loose,train,test,train,train,train
B/40104/2523610134/1775584012.csv,2523610134,4,Loose,train,test,train,train,train
B/40104/2523610432/1775584012.csv,2523610432,4,Loose,train,test,train,train,train
B/40104/2524610033/1775584012.csv,2524610033,4,Loose,test,test,train,train,train
B/40104/2524610041/1775584011.csv,2524610041,4,Loose,train,test,train,train,train
B/40104/2524610049/1775584015.csv,2524610049,4,Loose,train,test,train,train,train
B/40104/2524610074/1775584012.csv,2524610074,4,Loose,train,test,test,train,test
B/40104/2524610082/1775584012.csv,2524610082,4,Loose,train,test,train,train,train
B/40104/2546610759/1775584012.csv,2546610759,4,Loose,train,test,train,train,train
B/40104/2548610286/1775584012.csv,2548610286,4,Loose,test,test,train,train,train
B/40105/2521610325/1775584030.csv,2521610325,5,Loose,train,test,train,train,train
B/40105/2523610003/1775584030.csv,2523610003,5,Loose,test,test,test,train,test
B/40105/2523610075/1775584030.csv,2523610075,5,Loose,train,test,train,train,train
B/40105/2523610126/1775584030.csv,2523610126,5,Loose,test,test,train,train,train
B/40105/2523610134/1775584030.csv,2523610134,5,Loose,train,test,train,train,train
B/40105/2523610160/1775584033.csv,2523610160,5,Loose,train,test,train,train,train
B/40105/2523610432/1775584030.csv,2523610432,5,Loose,train,test,train,train,train
B/40105/2524610033/1775584030.csv,2524610033,5,Loose,train,test,train,train,train
B/40105/2524610041/1775584029.csv,2524610041,5,Loose,test,test,train,train,train
B/40105/2524610049/1775584028.csv,2524610049,5,Loose,train,test,train,train,train
B/40105/2524610074/1775584030.csv,2524610074,5,Loose,test,test,test,train,test
B/40105/2524610082/1775584030.csv,2524610082,5,Loose,train,test,train,train,train
B/40105/2546610759/1775584030.csv,2546610759,5,Loose,train,test,train,train,train
B/40105/2548610286/1775584030.csv,2548610286,5,Loose,train,test,train,train,train
B/40201/2521610325/1775584048.csv,2521610325,1,Loose,train,train,train,test,train
B/40201/2523610003/1775584048.csv,2523610003,1,Loose,train,train,test,test,train
B/40201/2523610075/1775584048.csv,2523610075,1,Loose,train,train,train,test,train
B/40201/2523610126/1775584049.csv,2523610126,1,Loose,test,train,train,test,train
B/40201/2523610134/1775584048.csv,2523610134,1,Loose,train,train,train,test,train
B/40201/2523610160/1775584051.csv,2523610160,1,Loose,train,train,train,test,train
B/40201/2523610432/1775584048.csv,2523610432,1,Loose,train,train,train,test,train
B/40201/2524610033/1775584048.csv,2524610033,1,Loose,train,train,train,test,train
B/40201/2524610041/1775584047.csv,2524610041,1,Loose,train,train,train,test,train
B/40201/2524610049/1775584046.csv,2524610049,1,Loose,train,train,train,test,train
B/40201/2524610074/1775584048.csv,2524610074,1,Loose,train,train,test,test,train
B/40201/2524610082/1775584048.csv,2524610082,1,Loose,train,train,train,test,train
B/40201/2546610759/1775584048.csv,2546610759,1,Loose,train,train,train,test,train
B/40201/2548610286/1775584048.csv,2548610286,1,Loose,train,train,train,test,train
B/40202/2523610003/1775584066.csv,2523610003,2,Loose,train,train,test,test,train
B/40202/2523610075/1775584066.csv,2523610075,2,Loose,train,train,train,test,train
B/40202/2523610134/1775584066.csv,2523610134,2,Loose,train,train,train,test,train
B/40202/2523610432/1775584066.csv,2523610432,2,Loose,train,train,train,test,train
B/40202/2524610033/1775584066.csv,2524610033,2,Loose,test,train,train,test,train
B/40202/2524610041/1775584065.csv,2524610041,2,Loose,train,train,train,test,train
B/40202/2524610074/1775584066.csv,2524610074,2,Loose,train,train,test,test,train
B/40202/2524610082/1775584066.csv,2524610082,2,Loose,train,train,train,test,train
B/40202/2546610759/1775584066.csv,2546610759,2,Loose,train,train,train,test,train
B/40202/2548610286/1775584066.csv,2548610286,2,Loose,train,train,train,test,train
B/40203/2521610325/1775584085.csv,2521610325,3,Loose,test,train,train,test,train
B/40203/2523610003/1775584084.csv,2523610003,3,Loose,test,train,test,test,train
B/40203/2523610075/1775584084.csv,2523610075,3,Loose,train,train,train,test,train
B/40203/2523610134/1775584084.csv,2523610134,3,Loose,train,train,train,test,train
B/40203/2523610160/1775584082.csv,2523610160,3,Loose,train,train,train,test,train
B/40203/2523610432/1775584084.csv,2523610432,3,Loose,train,train,train,test,train
B/40203/2524610033/1775584084.csv,2524610033,3,Loose,train,train,train,test,train
B/40203/2524610041/1775584083.csv,2524610041,3,Loose,train,train,train,test,train
B/40203/2524610049/1775584081.csv,2524610049,3,Loose,train,train,train,test,train
B/40203/2524610074/1775584084.csv,2524610074,3,Loose,train,train,test,test,train
B/40203/2524610082/1775584084.csv,2524610082,3,Loose,train,train,train,test,train
B/40203/2546610759/1775584084.csv,2546610759,3,Loose,train,train,train,test,train
B/40203/2548610286/1775584084.csv,2548610286,3,Loose,train,train,train,test,train
B/40204/2521610325/1775584102.csv,2521610325,4,Loose,train,test,train,test,train
B/40204/2523610003/1775584102.csv,2523610003,4,Loose,train,test,test,test,test
B/40204/2523610075/1775584102.csv,2523610075,4,Loose,train,test,train,test,train
B/40204/2523610126/1775584104.csv,2523610126,4,Loose,train,test,train,test,train
B/40204/2523610134/1775584102.csv,2523610134,4,Loose,train,test,train,test,train
B/40204/2523610160/1775584101.csv,2523610160,4,Loose,train,test,train,test,train
B/40204/2523610432/1775584102.csv,2523610432,4,Loose,train,test,train,test,train
B/40204/2524610033/1775584104.csv,2524610033,4,Loose,train,test,train,test,train
B/40204/2524610041/1775584101.csv,2524610041,4,Loose,train,test,train,test,train
B/40204/2524610074/1775584102.csv,2524610074,4,Loose,test,test,test,test,test
B/40204/2524610082/1775584102.csv,2524610082,4,Loose,train,test,train,test,train
B/40204/2546610759/1775584102.csv,2546610759,4,Loose,test,test,train,test,train
B/40204/2548610286/1775584102.csv,2548610286,4,Loose,train,test,train,test,train
B/40205/2521610325/1775584121.csv,2521610325,5,Loose,train,test,train,test,train
B/40205/2523610003/1775584120.csv,2523610003,5,Loose,train,test,test,test,test
B/40205/2523610075/1775584120.csv,2523610075,5,Loose,train,test,train,test,train
B/40205/2523610134/1775584120.csv,2523610134,5,Loose,train,test,train,test,train
B/40205/2523610432/1775584120.csv,2523610432,5,Loose,train,test,train,test,train
B/40205/2524610041/1775584119.csv,2524610041,5,Loose,train,test,train,test,train
B/40205/2524610074/1775584120.csv,2524610074,5,Loose,train,test,test,test,test
B/40205/2524610082/1775584120.csv,2524610082,5,Loose,train,test,train,test,train
B/40205/2546610759/1775584120.csv,2546610759,5,Loose,train,test,train,test,train
B/40205/2548610286/1775584120.csv,2548610286,5,Loose,train,test,train,test,train
B/40301/2521610325/1775584139.csv,2521610325,1,Loose,train,train,train,train,train
B/40301/2523610003/1775584138.csv,2523610003,1,Loose,train,train,test,train,train
B/40301/2523610075/1775584138.csv,2523610075,1,Loose,train,train,train,train,train
B/40301/2523610134/1775584138.csv,2523610134,1,Loose,train,train,train,train,train
B/40301/2523610432/1775584138.csv,2523610432,1,Loose,train,train,train,train,train
B/40301/2524610033/1775584138.csv,2524610033,1,Loose,train,train,train,train,train
B/40301/2524610041/1775584137.csv,2524610041,1,Loose,train,train,train,train,train
B/40301/2524610074/1775584138.csv,2524610074,1,Loose,train,train,test,train,train
B/40301/2524610082/1775584138.csv,2524610082,1,Loose,train,train,train,train,train
B/40301/2546610759/1775584138.csv,2546610759,1,Loose,train,train,train,train,train
B/40301/2548610286/1775584138.csv,2548610286,1,Loose,train,train,train,train,train
B/40302/2523610003/1775584156.csv,2523610003,2,Loose,test,train,test,train,train
B/40302/2523610075/1775584156.csv,2523610075,2,Loose,test,train,train,train,train
B/40302/2523610134/1775584156.csv,2523610134,2,Loose,train,train,train,train,train
B/40302/2523610432/1775584156.csv,2523610432,2,Loose,train,train,train,train,train
B/40302/2524610033/1775584157.csv,2524610033,2,Loose,train,train,train,train,train
B/40302/2524610041/1775584155.csv,2524610041,2,Loose,test,train,train,train,train
B/40302/2524610049/1775584159.csv,2524610049,2,Loose,train,train,train,train,train
B/40302/2524610074/1775584156.csv,2524610074,2,Loose,train,train,test,train,train
B/40302/2524610082/1775584156.csv,2524610082,2,Loose,train,train,train,train,train
B/40302/2546610759/1775584156.csv,2546610759,2,Loose,train,train,train,train,train
B/40302/2548610286/1775584156.csv,2548610286,2,Loose,train,train,train,train,train
B/40303/2521610325/1775584175.csv,2521610325,3,Loose,test,train,train,train,train
B/40303/2523610003/1775584174.csv,2523610003,3,Loose,test,train,test,train,train
B/40303/2523610075/1775584174.csv,2523610075,3,Loose,train,train,train,train,train
B/40303/2523610126/1775584174.csv,2523610126,3,Loose,train,train,train,train,train
B/40303/2523610134/1775584174.csv,2523610134,3,Loose,train,train,train,train,train
B/40303/2523610432/1775584174.csv,2523610432,3,Loose,train,train,train,train,train
B/40303/2524610033/1775584175.csv,2524610033,3,Loose,train,train,train,train,train
B/40303/2524610041/1775584173.csv,2524610041,3,Loose,train,train,train,train,train
B/40303/2524610049/1775584177.csv,2524610049,3,Loose,test,train,train,train,train
B/40303/2524610074/1775584174.csv,2524610074,3,Loose,test,train,test,train,train
B/40303/2524610082/1775584174.csv,2524610082,3,Loose,train,train,train,train,train
B/40303/2546610759/1775584174.csv,2546610759,3,Loose,train,train,train,train,train
B/40303/2548610286/1775584174.csv,2548610286,3,Loose,train,train,train,train,train
B/40304/2521610325/1775584193.csv,2521610325,4,Loose,train,test,train,train,train
B/40304/2523610003/1775584192.csv,2523610003,4,Loose,train,test,test,train,test
B/40304/2523610075/1775584192.csv,2523610075,4,Loose,train,test,train,train,train
B/40304/2523610126/1775584192.csv,2523610126,4,Loose,train,test,train,train,train
B/40304/2523610134/1775584192.csv,2523610134,4,Loose,test,test,train,train,train
B/40304/2523610432/1775584192.csv,2523610432,4,Loose,train,test,train,train,train
B/40304/2524610033/1775584192.csv,2524610033,4,Loose,train,test,train,train,train
B/40304/2524610041/1775584190.csv,2524610041,4,Loose,train,test,train,train,train
B/40304/2524610074/1775584192.csv,2524610074,4,Loose,test,test,test,train,test
B/40304/2524610082/1775584192.csv,2524610082,4,Loose,train,test,train,train,train
B/40304/2546610759/1775584192.csv,2546610759,4,Loose,train,test,train,train,train
B/40304/2548610286/1775584192.csv,2548610286,4,Loose,train,test,train,train,train
B/40305/2521610325/1775584210.csv,2521610325,5,Loose,train,test,train,train,train
B/40305/2523610003/1775584210.csv,2523610003,5,Loose,test,test,test,train,test
B/40305/2523610075/1775584210.csv,2523610075,5,Loose,train,test,train,train,train
B/40305/2523610134/1775584210.csv,2523610134,5,Loose,test,test,train,train,train
B/40305/2523610160/1775584209.csv,2523610160,5,Loose,train,test,train,train,train
B/40305/2523610432/1775584210.csv,2523610432,5,Loose,train,test,train,train,train
B/40305/2524610033/1775584210.csv,2524610033,5,Loose,train,test,train,train,train
B/40305/2524610041/1775584208.csv,2524610041,5,Loose,train,test,train,train,train
B/40305/2524610049/1775584210.csv,2524610049,5,Loose,train,test,train,train,train
B/40305/2524610074/1775584210.csv,2524610074,5,Loose,train,test,test,train,test
B/40305/2524610082/1775584210.csv,2524610082,5,Loose,train,test,train,train,train
B/40305/2546610759/1775584210.csv,2546610759,5,Loose,test,test,train,train,train
B/40305/2548610286/1775584210.csv,2548610286,5,Loose,test,test,train,train,train
B/40401/2521610325/1775584229.csv,2521610325,1,Loose,train,train,train,train,train
B/40401/2523610003/1775584228.csv,2523610003,1,Loose,train,train,test,train,train
B/40401/2523610075/1775584228.csv,2523610075,1,Loose,train,train,train,train,train
B/40401/2523610126/1775584228.csv,2523610126,1,Loose,train,train,train,train,train
B/40401/2523610134/1775584228.csv,2523610134,1,Loose,test,train,train,train,train
B/40401/2523610160/1775584227.csv,2523610160,1,Loose,train,train,train,train,train
B/40401/2523610432/1775584228.csv,2523610432,1,Loose,train,train,train,train,train
B/40401/2524610033/1775584229.csv,2524610033,1,Loose,train,train,train,train,train
B/40401/2524610041/1775584227.csv,2524610041,1,Loose,train,train,train,train,train
B/40401/2524610049/1775584228.csv,2524610049,1,Loose,train,train,train,train,train
B/40401/2524610074/1775584228.csv,2524610074,1,Loose,train,train,test,train,train
B/40401/2524610082/1775584228.csv,2524610082,1,Loose,test,train,train,train,train
B/40401/2546610759/1775584228.csv,2546610759,1,Loose,test,train,train,train,train
B/40401/2548610286/1775584228.csv,2548610286,1,Loose,train,train,train,train,train
B/40402/2521610325/1775584246.csv,2521610325,2,Loose,train,train,train,train,train
B/40402/2523610003/1775584246.csv,2523610003,2,Loose,train,train,test,train,train
B/40402/2523610075/1775584246.csv,2523610075,2,Loose,train,train,train,train,train
B/40402/2523610126/1775584247.csv,2523610126,2,Loose,train,train,train,train,train
B/40402/2523610134/1775584246.csv,2523610134,2,Loose,test,train,train,train,train
B/40402/2523610160/1775584245.csv,2523610160,2,Loose,train,train,train,train,train
B/40402/2523610432/1775584246.csv,2523610432,2,Loose,train,train,train,train,train
B/40402/2524610033/1775584246.csv,2524610033,2,Loose,train,train,train,train,train
B/40402/2524610041/1775584246.csv,2524610041,2,Loose,train,train,train,train,train
B/40402/2524610049/1775584246.csv,2524610049,2,Loose,train,train,train,train,train
B/40402/2524610074/1775584246.csv,2524610074,2,Loose,train,train,test,train,train
B/40402/2524610082/1775584246.csv,2524610082,2,Loose,train,train,train,train,train
B/40402/2546610759/1775584246.csv,2546610759,2,Loose,train,train,train,train,train
B/40402/2548610286/1775584246.csv,2548610286,2,Loose,train,train,train,train,train
B/40403/2521610325/1775584265.csv,2521610325,3,Loose,train,train,train,train,train
B/40403/2523610003/1775584264.csv,2523610003,3,Loose,train,train,test,train,train
B/40403/2523610075/1775584264.csv,2523610075,3,Loose,train,train,train,train,train
B/40403/2523610126/1775584264.csv,2523610126,3,Loose,train,train,train,train,train
B/40403/2523610134/1775584264.csv,2523610134,3,Loose,test,train,train,train,train
B/40403/2523610160/1775584263.csv,2523610160,3,Loose,train,train,train,train,train
B/40403/2523610432/1775584264.csv,2523610432,3,Loose,train,train,train,train,train
B/40403/2524610033/1775584264.csv,2524610033,3,Loose,train,train,train,train,train
B/40403/2524610041/1775584264.csv,2524610041,3,Loose,train,train,train,train,train
B/40403/2524610049/1775584264.csv,2524610049,3,Loose,train,train,train,train,train
B/40403/2524610074/1775584264.csv,2524610074,3,Loose,train,train,test,train,train
B/40403/2524610082/1775584264.csv,2524610082,3,Loose,train,train,train,train,train
B/40403/2546610759/1775584264.csv,2546610759,3,Loose,train,train,train,train,train
B/40403/2548610286/1775584264.csv,2548610286,3,Loose,train,train,train,train,train
B/40404/2521610325/1775584283.csv,2521610325,4,Loose,train,test,train,train,train
B/40404/2523610003/1775584282.csv,2523610003,4,Loose,test,test,test,train,test
B/40404/2523610075/1775584282.csv,2523610075,4,Loose,train,test,train,train,train
B/40404/2523610126/1775584283.csv,2523610126,4,Loose,train,test,train,train,train
B/40404/2523610134/1775584282.csv,2523610134,4,Loose,train,test,train,train,train
B/40404/2523610160/1775584281.csv,2523610160,4,Loose,train,test,train,train,train
B/40404/2523610432/1775584282.csv,2523610432,4,Loose,train,test,train,train,train
B/40404/2524610033/1775584282.csv,2524610033,4,Loose,train,test,train,train,train
B/40404/2524610041/1775584282.csv,2524610041,4,Loose,train,test,train,train,train
B/40404/2524610049/1775584282.csv,2524610049,4,Loose,train,test,train,train,train
B/40404/2524610074/1775584282.csv,2524610074,4,Loose,train,test,test,train,test
B/40404/2524610082/1775584282.csv,2524610082,4,Loose,train,test,train,train,train
B/40404/2546610759/1775584282.csv,2546610759,4,Loose,train,test,train,train,train
B/40404/2548610286/1775584282.csv,2548610286,4,Loose,train,test,train,train,train
B/40405/2521610325/1775584301.csv,2521610325,5,Loose,train,test,train,train,train
B/40405/2523610003/1775584300.csv,2523610003,5,Loose,test,test,test,train,test
B/40405/2523610075/1775584300.csv,2523610075,5,Loose,train,test,train,train,train
B/40405/2523610126/1775584301.csv,2523610126,5,Loose,train,test,train,train,train
B/40405/2523610134/1775584300.csv,2523610134,5,Loose,train,test,train,train,train
B/40405/2523610160/1775584297.csv,2523610160,5,Loose,train,test,train,train,train
B/40405/2523610432/1775584300.csv,2523610432,5,Loose,test,test,train,train,train
B/40405/2524610033/1775584301.csv,2524610033,5,Loose,train,test,train,train,train
B/40405/2524610041/1775584300.csv,2524610041,5,Loose,train,test,train,train,train
B/40405/2524610074/1775584300.csv,2524610074,5,Loose,train,test,test,train,test
B/40405/2524610082/1775584300.csv,2524610082,5,Loose,test,test,train,train,train
B/40405/2546610759/1775584300.csv,2546610759,5,Loose,train,test,train,train,train
B/40405/2548610286/1775584300.csv,2548610286,5,Loose,train,test,train,train,train
B/40501/2521610325/1775584319.csv,2521610325,1,Loose,train,train,train,train,train
B/40501/2523610003/1775584318.csv,2523610003,1,Loose,train,train,test,train,train
B/40501/2523610075/1775584318.csv,2523610075,1,Loose,train,train,train,train,train
B/40501/2523610126/1775584319.csv,2523610126,1,Loose,train,train,train,train,train
B/40501/2523610134/1775584318.csv,2523610134,1,Loose,train,train,train,train,train
B/40501/2523610160/1775584315.csv,2523610160,1,Loose,train,train,train,train,train
B/40501/2523610432/1775584318.csv,2523610432,1,Loose,train,train,train,train,train
B/40501/2524610033/1775584319.csv,2524610033,1,Loose,train,train,train,train,train
B/40501/2524610041/1775584318.csv,2524610041,1,Loose,train,train,train,train,train
B/40501/2524610074/1775584319.csv,2524610074,1,Loose,train,train,test,train,train
B/40501/2524610082/1775584319.csv,2524610082,1,Loose,train,train,train,train,train
B/40501/2546610759/1775584318.csv,2546610759,1,Loose,test,train,train,train,train
B/40501/2548610286/1775584318.csv,2548610286,1,Loose,train,train,train,train,train
B/40502/2521610325/1775584337.csv,2521610325,2,Loose,train,train,train,train,train
B/40502/2523610003/1775584336.csv,2523610003,2,Loose,test,train,test,train,train
B/40502/2523610075/1775584336.csv,2523610075,2,Loose,train,train,train,train,train
B/40502/2523610126/1775584337.csv,2523610126,2,Loose,train,train,train,train,train
B/40502/2523610134/1775584336.csv,2523610134,2,Loose,train,train,train,train,train
B/40502/2523610432/1775584336.csv,2523610432,2,Loose,train,train,train,train,train
B/40502/2524610033/1775584336.csv,2524610033,2,Loose,train,train,train,train,train
B/40502/2524610041/1775584336.csv,2524610041,2,Loose,train,train,train,train,train
B/40502/2524610074/1775584336.csv,2524610074,2,Loose,train,train,test,train,train
B/40502/2524610082/1775584336.csv,2524610082,2,Loose,test,train,train,train,train
B/40502/2546610759/1775584336.csv,2546610759,2,Loose,train,train,train,train,train
B/40502/2548610286/1775584336.csv,2548610286,2,Loose,train,train,train,train,train
B/40503/2521610325/1775584354.csv,2521610325,3,Loose,test,train,train,train,train
B/40503/2523610003/1775584354.csv,2523610003,3,Loose,train,train,test,train,train
B/40503/2523610075/1775584354.csv,2523610075,3,Loose,test,train,train,train,train
B/40503/2523610126/1775584355.csv,2523610126,3,Loose,train,train,train,train,train
B/40503/2523610134/1775584354.csv,2523610134,3,Loose,train,train,train,train,train
B/40503/2523610432/1775584354.csv,2523610432,3,Loose,train,train,train,train,train
B/40503/2524610033/1775584354.csv,2524610033,3,Loose,train,train,train,train,train
B/40503/2524610041/1775584354.csv,2524610041,3,Loose,train,train,train,train,train
B/40503/2524610074/1775584355.csv,2524610074,3,Loose,test,train,test,train,train
B/40503/2524610082/1775584354.csv,2524610082,3,Loose,test,train,train,train,train
B/40503/2546610759/1775584354.csv,2546610759,3,Loose,train,train,train,train,train
B/40503/2548610286/1775584354.csv,2548610286,3,Loose,train,train,train,train,train
B/40504/2521610325/1775584373.csv,2521610325,4,Loose,train,test,train,train,train
B/40504/2523610003/1775584372.csv,2523610003,4,Loose,test,test,test,train,test
B/40504/2523610075/1775584372.csv,2523610075,4,Loose,train,test,train,train,train
B/40504/2523610126/1775584373.csv,2523610126,4,Loose,test,test,train,train,train
B/40504/2523610134/1775584372.csv,2523610134,4,Loose,train,test,train,train,train
B/40504/2523610432/1775584372.csv,2523610432,4,Loose,train,test,train,train,train
B/40504/2524610033/1775584373.csv,2524610033,4,Loose,train,test,train,train,train
B/40504/2524610041/1775584372.csv,2524610041,4,Loose,train,test,train,train,train
B/40504/2524610049/1775584373.csv,2524610049,4,Loose,train,test,train,train,train
B/40504/2524610074/1775584373.csv,2524610074,4,Loose,test,test,test,train,test
B/40504/2524610082/1775584372.csv,2524610082,4,Loose,train,test,train,train,train
B/40504/2546610759/1775584372.csv,2546610759,4,Loose,train,test,train,train,train
B/40504/2548610286/1775584372.csv,2548610286,4,Loose,train,test,train,train,train
B/40505/2521610325/1775584390.csv,2521610325,5,Loose,train,test,train,train,train
B/40505/2523610003/1775584390.csv,2523610003,5,Loose,train,test,test,train,test
B/40505/2523610075/1775584390.csv,2523610075,5,Loose,test,test,train,train,train
B/40505/2523610126/1775584390.csv,2523610126,5,Loose,test,test,train,train,train
B/40505/2523610134/1775584390.csv,2523610134,5,Loose,train,test,train,train,train
B/40505/2523610432/1775584390.csv,2523610432,5,Loose,train,test,train,train,train
B/40505/2524610033/1775584390.csv,2524610033,5,Loose,train,test,train,train,train
B/40505/2524610041/1775584390.csv,2524610041,5,Loose,test,test,train,train,train
B/40505/2524610049/1775584391.csv,2524610049,5,Loose,train,test,train,train,train
B/40505/2524610074/1775584390.csv,2524610074,5,Loose,train,test,test,train,test
B/40505/2524610082/1775584390.csv,2524610082,5,Loose,test,test,train,train,train
B/40505/2546610759/1775584390.csv,2546610759,5,Loose,test,test,train,train,train
B/40505/2548610286/1775584390.csv,2548610286,5,Loose,train,test,train,train,train
B/40601/2521610325/1775584409.csv,2521610325,1,Loose,train,train,train,train,train
B/40601/2523610003/1775584408.csv,2523610003,1,Loose,train,train,test,train,train
B/40601/2523610075/1775584408.csv,2523610075,1,Loose,train,train,train,train,train
B/40601/2523610126/1775584409.csv,2523610126,1,Loose,train,train,train,train,train
B/40601/2523610134/1775584408.csv,2523610134,1,Loose,train,train,train,train,train
B/40601/2523610432/1775584408.csv,2523610432,1,Loose,train,train,train,train,train
B/40601/2524610033/1775584409.csv,2524610033,1,Loose,train,train,train,train,train
B/40601/2524610041/1775584408.csv,2524610041,1,Loose,train,train,train,train,train
B/40601/2524610074/1775584409.csv,2524610074,1,Loose,train,train,test,train,train
B/40601/2524610082/1775584408.csv,2524610082,1,Loose,test,train,train,train,train
B/40601/2546610759/1775584408.csv,2546610759,1,Loose,train,train,train,train,train
B/40601/2548610286/1775584408.csv,2548610286,1,Loose,test,train,train,train,train
B/40602/2521610325/1775584427.csv,2521610325,2,Loose,train,train,train,train,train
B/40602/2523610003/1775584426.csv,2523610003,2,Loose,train,train,test,train,train
B/40602/2523610075/1775584426.csv,2523610075,2,Loose,test,train,train,train,train
B/40602/2523610126/1775584427.csv,2523610126,2,Loose,train,train,train,train,train
B/40602/2523610134/1775584426.csv,2523610134,2,Loose,train,train,train,train,train
B/40602/2523610160/1775584428.csv,2523610160,2,Loose,train,train,train,train,train
B/40602/2523610432/1775584427.csv,2523610432,2,Loose,train,train,train,train,train
B/40602/2524610033/1775584427.csv,2524610033,2,Loose,train,train,train,train,train
B/40602/2524610041/1775584426.csv,2524610041,2,Loose,train,train,train,train,train
B/40602/2524610074/1775584427.csv,2524610074,2,Loose,train,train,test,train,train
B/40602/2524610082/1775584426.csv,2524610082,2,Loose,train,train,train,train,train
B/40602/2546610759/1775584426.csv,2546610759,2,Loose,train,train,train,train,train
B/40602/2548610286/1775584426.csv,2548610286,2,Loose,train,train,train,train,train
B/40603/2521610325/1775584445.csv,2521610325,3,Loose,train,train,train,train,train
B/40603/2523610003/1775584444.csv,2523610003,3,Loose,train,train,test,train,train
B/40603/2523610075/1775584444.csv,2523610075,3,Loose,train,train,train,train,train
B/40603/2523610126/1775584445.csv,2523610126,3,Loose,train,train,train,train,train
B/40603/2523610134/1775584444.csv,2523610134,3,Loose,train,train,train,train,train
B/40603/2523610160/1775584446.csv,2523610160,3,Loose,train,train,train,train,train
B/40603/2523610432/1775584444.csv,2523610432,3,Loose,train,train,train,train,train
B/40603/2524610033/1775584444.csv,2524610033,3,Loose,train,train,train,train,train
B/40603/2524610041/1775584444.csv,2524610041,3,Loose,test,train,train,train,train
B/40603/2524610074/1775584445.csv,2524610074,3,Loose,test,train,test,train,train
B/40603/2524610082/1775584444.csv,2524610082,3,Loose,train,train,train,train,train
B/40603/2546610759/1775584444.csv,2546610759,3,Loose,train,train,train,train,train
B/40603/2548610286/1775584444.csv,2548610286,3,Loose,train,train,train,train,train
B/40604/2521610325/1775584463.csv,2521610325,4,Loose,test,test,train,train,train
B/40604/2523610003/1775584462.csv,2523610003,4,Loose,test,test,test,train,test
B/40604/2523610075/1775584462.csv,2523610075,4,Loose,train,test,train,train,train
B/40604/2523610134/1775584462.csv,2523610134,4,Loose,train,test,train,train,train
B/40604/2523610160/1775584461.csv,2523610160,4,Loose,train,test,train,train,train
B/40604/2523610432/1775584462.csv,2523610432,4,Loose,test,test,train,train,train
B/40604/2524610033/1775584463.csv,2524610033,4,Loose,test,test,train,train,train
B/40604/2524610041/1775584462.csv,2524610041,4,Loose,train,test,train,train,train
B/40604/2524610074/1775584462.csv,2524610074,4,Loose,train,test,test,train,test
B/40604/2524610082/1775584462.csv,2524610082,4,Loose,train,test,train,train,train
B/40604/2546610759/1775584462.csv,2546610759,4,Loose,train,test,train,train,train
B/40604/2548610286/1775584462.csv,2548610286,4,Loose,test,test,train,train,train
B/40605/2521610325/1775584481.csv,2521610325,5,Loose,train,test,train,train,train
B/40605/2523610003/1775584480.csv,2523610003,5,Loose,train,test,test,train,test
B/40605/2523610075/1775584480.csv,2523610075,5,Loose,train,test,train,train,train
B/40605/2523610134/1775584480.csv,2523610134,5,Loose,train,test,train,train,train
B/40605/2523610160/1775584479.csv,2523610160,5,Loose,test,test,train,train,train
B/40605/2523610432/1775584480.csv,2523610432,5,Loose,train,test,train,train,train
B/40605/2524610033/1775584480.csv,2524610033,5,Loose,test,test,train,train,train
B/40605/2524610041/1775584480.csv,2524610041,5,Loose,train,test,train,train,train
B/40605/2524610074/1775584481.csv,2524610074,5,Loose,train,test,test,train,test
B/40605/2524610082/1775584480.csv,2524610082,5,Loose,train,test,train,train,train
B/40605/2546610759/1775584480.csv,2546610759,5,Loose,train,test,train,train,train
B/40605/2548610286/1775584480.csv,2548610286,5,Loose,train,test,train,train,train
B/50001/2521610325/1775585991.csv,2521610325,1,Loose,train,train,train,train,train
B/50001/2523610003/1775585992.csv,2523610003,1,Loose,train,train,test,train,train
B/50001/2523610041/1775585991.csv,2523610041,1,Loose,train,train,train,train,train
B/50001/2523610075/1775585992.csv,2523610075,1,Loose,train,train,train,train,train
B/50001/2523610126/1775585992.csv,2523610126,1,Loose,train,train,train,train,train
B/50001/2523610134/1775585992.csv,2523610134,1,Loose,test,train,train,train,train
B/50001/2523610432/1775585992.csv,2523610432,1,Loose,test,train,train,train,train
B/50001/2524610033/1775585992.csv,2524610033,1,Loose,train,train,train,train,train
B/50001/2524610049/1775585991.csv,2524610049,1,Loose,train,train,train,train,train
B/50001/2524610074/1775585992.csv,2524610074,1,Loose,train,train,test,train,train
B/50001/2524610082/1775585992.csv,2524610082,1,Loose,test,train,train,train,train
B/50001/2546610759/1775585992.csv,2546610759,1,Loose,train,train,train,train,train
B/50001/2548610286/1775585991.csv,2548610286,1,Loose,train,train,train,train,train
B/50002/2521610325/1775586009.csv,2521610325,2,Loose,train,train,train,train,train
B/50002/2523610003/1775586010.csv,2523610003,2,Loose,test,train,test,train,train
B/50002/2523610041/1775586007.csv,2523610041,2,Loose,train,train,train,train,train
B/50002/2523610075/1775586010.csv,2523610075,2,Loose,train,train,train,train,train
B/50002/2523610126/1775586010.csv,2523610126,2,Loose,train,train,train,train,train
B/50002/2523610134/1775586010.csv,2523610134,2,Loose,train,train,train,train,train
B/50002/2523610160/1775586008.csv,2523610160,2,Loose,test,train,train,train,train
B/50002/2523610432/1775586010.csv,2523610432,2,Loose,train,train,train,train,train
B/50002/2524610033/1775586010.csv,2524610033,2,Loose,train,train,train,train,train
B/50002/2524610041/1775586009.csv,2524610041,2,Loose,train,train,train,train,train
B/50002/2524610049/1775586009.csv,2524610049,2,Loose,train,train,train,train,train
B/50002/2524610074/1775586010.csv,2524610074,2,Loose,train,train,test,train,train
B/50002/2524610082/1775586010.csv,2524610082,2,Loose,train,train,train,train,train
B/50002/2546610759/1775586010.csv,2546610759,2,Loose,test,train,train,train,train
B/50002/2548610286/1775586009.csv,2548610286,2,Loose,train,train,train,train,train
B/50003/2521610325/1775586027.csv,2521610325,3,Loose,train,train,train,train,train
B/50003/2523610003/1775586028.csv,2523610003,3,Loose,train,train,test,train,train
B/50003/2523610041/1775586025.csv,2523610041,3,Loose,train,train,train,train,train
B/50003/2523610075/1775586028.csv,2523610075,3,Loose,train,train,train,train,train
B/50003/2523610126/1775586028.csv,2523610126,3,Loose,train,train,train,train,train
B/50003/2523610134/1775586028.csv,2523610134,3,Loose,train,train,train,train,train
B/50003/2523610432/1775586028.csv,2523610432,3,Loose,train,train,train,train,train
B/50003/2524610033/1775586028.csv,2524610033,3,Loose,train,train,train,train,train
B/50003/2524610041/1775586026.csv,2524610041,3,Loose,train,train,train,train,train
B/50003/2524610049/1775586027.csv,2524610049,3,Loose,train,train,train,train,train
B/50003/2524610074/1775586028.csv,2524610074,3,Loose,train,train,test,train,train
B/50003/2524610082/1775586028.csv,2524610082,3,Loose,test,train,train,train,train
B/50003/2546610759/1775586028.csv,2546610759,3,Loose,train,train,train,train,train
B/50003/2548610286/1775586027.csv,2548610286,3,Loose,train,train,train,train,train
B/50004/2521610325/1775586045.csv,2521610325,4,Loose,train,test,train,train,train
B/50004/2523610003/1775586046.csv,2523610003,4,Loose,train,test,test,train,test
B/50004/2523610075/1775586046.csv,2523610075,4,Loose,train,test,train,train,train
B/50004/2523610126/1775586046.csv,2523610126,4,Loose,train,test,train,train,train
B/50004/2523610134/1775586046.csv,2523610134,4,Loose,train,test,train,train,train
B/50004/2523610432/1775586046.csv,2523610432,4,Loose,train,test,train,train,train
B/50004/2524610033/1775586046.csv,2524610033,4,Loose,train,test,train,train,train
B/50004/2524610041/1775586044.csv,2524610041,4,Loose,train,test,train,train,train
B/50004/2524610049/1775586044.csv,2524610049,4,Loose,train,test,train,train,train
B/50004/2524610074/1775586046.csv,2524610074,4,Loose,train,test,test,train,test
B/50004/2524610082/1775586046.csv,2524610082,4,Loose,test,test,train,train,train
B/50004/2546610759/1775586046.csv,2546610759,4,Loose,train,test,train,train,train
B/50004/2548610286/1775586045.csv,2548610286,4,Loose,train,test,train,train,train
B/50005/2521610325/1775586063.csv,2521610325,5,Loose,train,test,train,train,train
B/50005/2523610003/1775586064.csv,2523610003,5,Loose,train,test,test,train,test
B/50005/2523610075/1775586064.csv,2523610075,5,Loose,test,test,train,train,train
B/50005/2523610126/1775586064.csv,2523610126,5,Loose,train,test,train,train,train
B/50005/2523610134/1775586064.csv,2523610134,5,Loose,train,test,train,train,train
B/50005/2523610432/1775586064.csv,2523610432,5,Loose,test,test,train,train,train
B/50005/2524610033/1775586064.csv,2524610033,5,Loose,train,test,train,train,train
B/50005/2524610049/1775586062.csv,2524610049,5,Loose,train,test,train,train,train
B/50005/2524610074/1775586064.csv,2524610074,5,Loose,train,test,test,train,test
B/50005/2524610082/1775586064.csv,2524610082,5,Loose,train,test,train,train,train
B/50005/2546610759/1775586064.csv,2546610759,5,Loose,train,test,train,train,train
B/50005/2548610286/1775586063.csv,2548610286,5,Loose,train,test,train,train,train
B/50101/2521610325/1775584499.csv,2521610325,1,Loose,train,train,train,train,train
B/50101/2523610003/1775584498.csv,2523610003,1,Loose,train,train,test,train,train
B/50101/2523610075/1775584498.csv,2523610075,1,Loose,train,train,train,train,train
B/50101/2523610126/1775584498.csv,2523610126,1,Loose,train,train,train,train,train
B/50101/2523610134/1775584498.csv,2523610134,1,Loose,train,train,train,train,train
B/50101/2523610432/1775584498.csv,2523610432,1,Loose,train,train,train,train,train
B/50101/2524610033/1775584498.csv,2524610033,1,Loose,train,train,train,train,train
B/50101/2524610041/1775584497.csv,2524610041,1,Loose,test,train,train,train,train
B/50101/2524610074/1775584498.csv,2524610074,1,Loose,train,train,test,train,train
B/50101/2524610082/1775584498.csv,2524610082,1,Loose,train,train,train,train,train
B/50101/2546610759/1775584498.csv,2546610759,1,Loose,train,train,train,train,train
B/50101/2548610286/1775584498.csv,2548610286,1,Loose,train,train,train,train,train
B/50102/2521610325/1775584517.csv,2521610325,2,Loose,train,train,train,train,train
B/50102/2523610003/1775584516.csv,2523610003,2,Loose,test,train,test,train,train
B/50102/2523610041/1775584516.csv,2523610041,2,Loose,train,train,train,train,train
B/50102/2523610075/1775584516.csv,2523610075,2,Loose,train,train,train,train,train
B/50102/2523610126/1775584517.csv,2523610126,2,Loose,test,train,train,train,train
B/50102/2523610134/1775584516.csv,2523610134,2,Loose,train,train,train,train,train
B/50102/2523610160/1775584516.csv,2523610160,2,Loose,test,train,train,train,train
B/50102/2523610432/1775584516.csv,2523610432,2,Loose,train,train,train,train,train
B/50102/2524610033/1775584516.csv,2524610033,2,Loose,train,train,train,train,train
B/50102/2524610041/1775584515.csv,2524610041,2,Loose,test,train,train,train,train
B/50102/2524610049/1775584514.csv,2524610049,2,Loose,train,train,train,train,train
B/50102/2524610074/1775584516.csv,2524610074,2,Loose,train,train,test,train,train
B/50102/2524610082/1775584516.csv,2524610082,2,Loose,train,train,train,train,train
B/50102/2546610759/1775584516.csv,2546610759,2,Loose,train,train,train,train,train
B/50102/2548610286/1775584516.csv,2548610286,2,Loose,train,train,train,train,train
B/50103/2521610325/1775584535.csv,2521610325,3,Loose,train,train,train,train,train
B/50103/2523610003/1775584534.csv,2523610003,3,Loose,train,train,test,train,train
B/50103/2523610041/1775584534.csv,2523610041,3,Loose,train,train,train,train,train
B/50103/2523610075/1775584534.csv,2523610075,3,Loose,train,train,train,train,train
B/50103/2523610126/1775584535.csv,2523610126,3,Loose,train,train,train,train,train
B/50103/2523610134/1775584534.csv,2523610134,3,Loose,train,train,train,train,train
B/50103/2523610160/1775584534.csv,2523610160,3,Loose,train,train,train,train,train
B/50103/2523610432/1775584534.csv,2523610432,3,Loose,train,train,train,train,train
B/50103/2524610033/1775584534.csv,2524610033,3,Loose,train,train,train,train,train
B/50103/2524610041/1775584534.csv,2524610041,3,Loose,train,train,train,train,train
B/50103/2524610049/1775584532.csv,2524610049,3,Loose,train,train,train,train,train
B/50103/2524610074/1775584534.csv,2524610074,3,Loose,train,train,test,train,train
B/50103/2524610082/1775584534.csv,2524610082,3,Loose,train,train,train,train,train
B/50103/2546610759/1775584534.csv,2546610759,3,Loose,test,train,train,train,train
B/50103/2548610286/1775584534.csv,2548610286,3,Loose,test,train,train,train,train
B/50104/2521610325/1775584553.csv,2521610325,4,Loose,train,test,train,train,train
B/50104/2523610003/1775584552.csv,2523610003,4,Loose,test,test,test,train,test
B/50104/2523610041/1775584552.csv,2523610041,4,Loose,test,test,train,train,train
B/50104/2523610075/1775584552.csv,2523610075,4,Loose,train,test,train,train,train
B/50104/2523610126/1775584553.csv,2523610126,4,Loose,train,test,train,train,train
B/50104/2523610134/1775584552.csv,2523610134,4,Loose,train,test,train,train,train
B/50104/2523610160/1775584552.csv,2523610160,4,Loose,train,test,train,train,train
B/50104/2523610432/1775584552.csv,2523610432,4,Loose,train,test,train,train,train
B/50104/2524610033/1775584552.csv,2524610033,4,Loose,train,test,train,train,train
B/50104/2524610041/1775584552.csv,2524610041,4,Loose,train,test,train,train,train
B/50104/2524610049/1775584552.csv,2524610049,4,Loose,test,test,train,train,train
B/50104/2524610074/1775584552.csv,2524610074,4,Loose,train,test,test,train,test
B/50104/2524610082/1775584552.csv,2524610082,4,Loose,train,test,train,train,train
B/50104/2546610759/1775584552.csv,2546610759,4,Loose,train,test,train,train,train
B/50104/2548610286/1775584552.csv,2548610286,4,Loose,train,test,train,train,train
B/50105/2521610325/1775584571.csv,2521610325,5,Loose,test,test,train,train,train
B/50105/2523610003/1775584570.csv,2523610003,5,Loose,train,test,test,train,test
B/50105/2523610041/1775584570.csv,2523610041,5,Loose,train,test,train,train,train
B/50105/2523610075/1775584570.csv,2523610075,5,Loose,train,test,train,train,train
B/50105/2523610126/1775584571.csv,2523610126,5,Loose,train,test,train,train,train
B/50105/2523610134/1775584570.csv,2523610134,5,Loose,train,test,train,train,train
B/50105/2523610160/1775584570.csv,2523610160,5,Loose,test,test,train,train,train
B/50105/2523610432/1775584570.csv,2523610432,5,Loose,train,test,train,train,train
B/50105/2524610033/1775584570.csv,2524610033,5,Loose,train,test,train,train,train
B/50105/2524610041/1775584570.csv,2524610041,5,Loose,train,test,train,train,train
B/50105/2524610049/1775584570.csv,2524610049,5,Loose,train,test,train,train,train
B/50105/2524610074/1775584570.csv,2524610074,5,Loose,train,test,test,train,test
B/50105/2524610082/1775584570.csv,2524610082,5,Loose,train,test,train,train,train
B/50105/2546610759/1775584570.csv,2546610759,5,Loose,train,test,train,train,train
B/50105/2548610286/1775584570.csv,2548610286,5,Loose,train,test,train,train,train
B/50201/2521610325/1775584589.csv,2521610325,1,Loose,test,train,train,test,train
B/50201/2523610003/1775584588.csv,2523610003,1,Loose,train,train,test,test,train
B/50201/2523610041/1775584588.csv,2523610041,1,Loose,train,train,train,test,train
B/50201/2523610075/1775584588.csv,2523610075,1,Loose,train,train,train,test,train
B/50201/2523610126/1775584589.csv,2523610126,1,Loose,train,train,train,test,train
B/50201/2523610134/1775584588.csv,2523610134,1,Loose,train,train,train,test,train
B/50201/2523610160/1775584587.csv,2523610160,1,Loose,train,train,train,test,train
B/50201/2523610432/1775584588.csv,2523610432,1,Loose,train,train,train,test,train
B/50201/2524610033/1775584588.csv,2524610033,1,Loose,train,train,train,test,train
B/50201/2524610041/1775584588.csv,2524610041,1,Loose,train,train,train,test,train
B/50201/2524610074/1775584588.csv,2524610074,1,Loose,train,train,test,test,train
B/50201/2524610082/1775584588.csv,2524610082,1,Loose,train,train,train,test,train
B/50201/2546610759/1775584588.csv,2546610759,1,Loose,train,train,train,test,train
B/50201/2548610286/1775584588.csv,2548610286,1,Loose,train,train,train,test,train
B/50202/2521610325/1775584607.csv,2521610325,2,Loose,train,train,train,test,train
B/50202/2523610003/1775584606.csv,2523610003,2,Loose,train,train,test,test,train
B/50202/2523610041/1775584605.csv,2523610041,2,Loose,test,train,train,test,train
B/50202/2523610075/1775584606.csv,2523610075,2,Loose,train,train,train,test,train
B/50202/2523610126/1775584607.csv,2523610126,2,Loose,train,train,train,test,train
B/50202/2523610134/1775584606.csv,2523610134,2,Loose,train,train,train,test,train
B/50202/2523610160/1775584605.csv,2523610160,2,Loose,train,train,train,test,train
B/50202/2523610432/1775584606.csv,2523610432,2,Loose,train,train,train,test,train
B/50202/2524610033/1775584606.csv,2524610033,2,Loose,test,train,train,test,train
B/50202/2524610041/1775584606.csv,2524610041,2,Loose,train,train,train,test,train
B/50202/2524610074/1775584606.csv,2524610074,2,Loose,train,train,test,test,train
B/50202/2524610082/1775584606.csv,2524610082,2,Loose,train,train,train,test,train
B/50202/2546610759/1775584606.csv,2546610759,2,Loose,train,train,train,test,train
B/50202/2548610286/1775584606.csv,2548610286,2,Loose,test,train,train,test,train
B/50203/2521610325/1775584625.csv,2521610325,3,Loose,train,train,train,test,train
B/50203/2523610003/1775584624.csv,2523610003,3,Loose,train,train,test,test,train
B/50203/2523610041/1775584623.csv,2523610041,3,Loose,train,train,train,test,train
B/50203/2523610075/1775584624.csv,2523610075,3,Loose,train,train,train,test,train
B/50203/2523610126/1775584625.csv,2523610126,3,Loose,train,train,train,test,train
B/50203/2523610134/1775584624.csv,2523610134,3,Loose,train,train,train,test,train
B/50203/2523610160/1775584621.csv,2523610160,3,Loose,train,train,train,test,train
B/50203/2523610432/1775584624.csv,2523610432,3,Loose,train,train,train,test,train
B/50203/2524610033/1775584624.csv,2524610033,3,Loose,train,train,train,test,train
B/50203/2524610041/1775584624.csv,2524610041,3,Loose,train,train,train,test,train
B/50203/2524610074/1775584624.csv,2524610074,3,Loose,train,train,test,test,train
B/50203/2524610082/1775584625.csv,2524610082,3,Loose,test,train,train,test,train
B/50203/2546610759/1775584624.csv,2546610759,3,Loose,train,train,train,test,train
B/50203/2548610286/1775584624.csv,2548610286,3,Loose,train,train,train,test,train
B/50204/2521610325/1775584643.csv,2521610325,4,Loose,test,test,train,test,train
B/50204/2523610003/1775584642.csv,2523610003,4,Loose,train,test,test,test,test
B/50204/2523610041/1775584641.csv,2523610041,4,Loose,train,test,train,test,train
B/50204/2523610075/1775584642.csv,2523610075,4,Loose,train,test,train,test,train
B/50204/2523610126/1775584643.csv,2523610126,4,Loose,train,test,train,test,train
B/50204/2523610134/1775584642.csv,2523610134,4,Loose,train,test,train,test,train
B/50204/2523610160/1775584639.csv,2523610160,4,Loose,test,test,train,test,train
B/50204/2523610432/1775584642.csv,2523610432,4,Loose,train,test,train,test,train
B/50204/2524610033/1775584643.csv,2524610033,4,Loose,train,test,train,test,train
B/50204/2524610041/1775584642.csv,2524610041,4,Loose,train,test,train,test,train
B/50204/2524610049/1775584645.csv,2524610049,4,Loose,train,test,train,test,train
B/50204/2524610074/1775584642.csv,2524610074,4,Loose,train,test,test,test,test
B/50204/2524610082/1775584643.csv,2524610082,4,Loose,train,test,train,test,train
B/50204/2546610759/1775584642.csv,2546610759,4,Loose,train,test,train,test,train
B/50204/2548610286/1775584642.csv,2548610286,4,Loose,train,test,train,test,train
B/50205/2521610325/1775584661.csv,2521610325,5,Loose,train,test,train,test,train
B/50205/2523610003/1775584661.csv,2523610003,5,Loose,train,test,test,test,test
B/50205/2523610041/1775584657.csv,2523610041,5,Loose,train,test,train,test,train
B/50205/2523610075/1775584660.csv,2523610075,5,Loose,train,test,train,test,train
B/50205/2523610126/1775584661.csv,2523610126,5,Loose,train,test,train,test,train
B/50205/2523610134/1775584661.csv,2523610134,5,Loose,train,test,train,test,train
B/50205/2523610160/1775584657.csv,2523610160,5,Loose,train,test,train,test,train
B/50205/2523610432/1775584661.csv,2523610432,5,Loose,train,test,train,test,train
B/50205/2524610033/1775584661.csv,2524610033,5,Loose,train,test,train,test,train
B/50205/2524610041/1775584660.csv,2524610041,5,Loose,train,test,train,test,train
B/50205/2524610049/1775584663.csv,2524610049,5,Loose,train,test,train,test,train
B/50205/2524610074/1775584661.csv,2524610074,5,Loose,train,test,test,test,test
B/50205/2524610082/1775584661.csv,2524610082,5,Loose,train,test,train,test,train
B/50205/2546610759/1775584660.csv,2546610759,5,Loose,train,test,train,test,train
B/50205/2548610286/1775584660.csv,2548610286,5,Loose,test,test,train,test,train
B/50301/2521610325/1775584679.csv,2521610325,1,Loose,test,train,train,train,train
B/50301/2523610003/1775584679.csv,2523610003,1,Loose,train,train,test,train,train
B/50301/2523610041/1775584675.csv,2523610041,1,Loose,train,train,train,train,train
B/50301/2523610075/1775584678.csv,2523610075,1,Loose,train,train,train,train,train
B/50301/2523610126/1775584679.csv,2523610126,1,Loose,test,train,train,train,train
B/50301/2523610134/1775584679.csv,2523610134,1,Loose,train,train,train,train,train
B/50301/2523610160/1775584675.csv,2523610160,1,Loose,train,train,train,train,train
B/50301/2523610432/1775584679.csv,2523610432,1,Loose,train,train,train,train,train
B/50301/2524610033/1775584679.csv,2524610033,1,Loose,train,train,train,train,train
B/50301/2524610041/1775584678.csv,2524610041,1,Loose,train,train,train,train,train
B/50301/2524610049/1775584675.csv,2524610049,1,Loose,train,train,train,train,train
B/50301/2524610074/1775584679.csv,2524610074,1,Loose,train,train,test,train,train
B/50301/2524610082/1775584679.csv,2524610082,1,Loose,train,train,train,train,train
B/50301/2546610759/1775584678.csv,2546610759,1,Loose,test,train,train,train,train
B/50301/2548610286/1775584678.csv,2548610286,1,Loose,train,train,train,train,train
B/50302/2521610325/1775584697.csv,2521610325,2,Loose,train,train,train,train,train
B/50302/2523610003/1775584697.csv,2523610003,2,Loose,train,train,test,train,train
B/50302/2523610075/1775584697.csv,2523610075,2,Loose,train,train,train,train,train
B/50302/2523610126/1775584697.csv,2523610126,2,Loose,test,train,train,train,train
B/50302/2523610134/1775584697.csv,2523610134,2,Loose,train,train,train,train,train
B/50302/2523610432/1775584697.csv,2523610432,2,Loose,train,train,train,train,train
B/50302/2524610033/1775584697.csv,2524610033,2,Loose,test,train,train,train,train
B/50302/2524610041/1775584696.csv,2524610041,2,Loose,train,train,train,train,train
B/50302/2524610049/1775584693.csv,2524610049,2,Loose,train,train,train,train,train
B/50302/2524610074/1775584697.csv,2524610074,2,Loose,train,train,test,train,train
B/50302/2524610082/1775584697.csv,2524610082,2,Loose,train,train,train,train,train
B/50302/2546610759/1775584696.csv,2546610759,2,Loose,train,train,train,train,train
B/50302/2548610286/1775584696.csv,2548610286,2,Loose,train,train,train,train,train
B/50303/2521610325/1775584715.csv,2521610325,3,Loose,test,train,train,train,train
B/50303/2523610003/1775584715.csv,2523610003,3,Loose,train,train,test,train,train
B/50303/2523610075/1775584715.csv,2523610075,3,Loose,test,train,train,train,train
B/50303/2523610126/1775584715.csv,2523610126,3,Loose,train,train,train,train,train
B/50303/2523610134/1775584715.csv,2523610134,3,Loose,train,train,train,train,train
B/50303/2523610432/1775584715.csv,2523610432,3,Loose,test,train,train,train,train
B/50303/2524610033/1775584715.csv,2524610033,3,Loose,train,train,train,train,train
B/50303/2524610041/1775584714.csv,2524610041,3,Loose,train,train,train,train,train
B/50303/2524610074/1775584715.csv,2524610074,3,Loose,train,train,test,train,train
B/50303/2524610082/1775584715.csv,2524610082,3,Loose,train,train,train,train,train
B/50303/2546610759/1775584714.csv,2546610759,3,Loose,test,train,train,train,train
B/50303/2548610286/1775584714.csv,2548610286,3,Loose,train,train,train,train,train
B/50304/2521610325/1775584733.csv,2521610325,4,Loose,train,test,train,train,train
B/50304/2523610003/1775584733.csv,2523610003,4,Loose,train,test,test,train,test
B/50304/2523610041/1775584732.csv,2523610041,4,Loose,train,test,train,train,train
B/50304/2523610075/1775584733.csv,2523610075,4,Loose,train,test,train,train,train
B/50304/2523610126/1775584733.csv,2523610126,4,Loose,train,test,train,train,train
B/50304/2523610134/1775584733.csv,2523610134,4,Loose,train,test,train,train,train
B/50304/2523610160/1775584732.csv,2523610160,4,Loose,train,test,train,train,train
B/50304/2523610432/1775584733.csv,2523610432,4,Loose,train,test,train,train,train
B/50304/2524610033/1775584733.csv,2524610033,4,Loose,train,test,train,train,train
B/50304/2524610041/1775584732.csv,2524610041,4,Loose,train,test,train,train,train
B/50304/2524610049/1775584730.csv,2524610049,4,Loose,train,test,train,train,train
B/50304/2524610074/1775584733.csv,2524610074,4,Loose,train,test,test,train,test
B/50304/2524610082/1775584733.csv,2524610082,4,Loose,train,test,train,train,train
B/50304/2546610759/1775584732.csv,2546610759,4,Loose,train,test,train,train,train
B/50304/2548610286/1775584732.csv,2548610286,4,Loose,train,test,train,train,train
B/50305/2521610325/1775584751.csv,2521610325,5,Loose,test,test,train,train,train
B/50305/2523610003/1775584751.csv,2523610003,5,Loose,train,test,test,train,test
B/50305/2523610041/1775584750.csv,2523610041,5,Loose,train,test,train,train,train
B/50305/2523610075/1775584751.csv,2523610075,5,Loose,test,test,train,train,train
B/50305/2523610126/1775584751.csv,2523610126,5,Loose,train,test,train,train,train
B/50305/2523610134/1775584751.csv,2523610134,5,Loose,test,test,train,train,train
B/50305/2523610160/1775584748.csv,2523610160,5,Loose,train,test,train,train,train
B/50305/2523610432/1775584751.csv,2523610432,5,Loose,train,test,train,train,train
B/50305/2524610033/1775584751.csv,2524610033,5,Loose,train,test,train,train,train
B/50305/2524610041/1775584750.csv,2524610041,5,Loose,train,test,train,train,train
B/50305/2524610074/1775584751.csv,2524610074,5,Loose,train,test,test,train,test
B/50305/2524610082/1775584751.csv,2524610082,5,Loose,train,test,train,train,train
B/50305/2546610759/1775584750.csv,2546610759,5,Loose,train,test,train,train,train
B/50305/2548610286/1775584751.csv,2548610286,5,Loose,test,test,train,train,train
B/50401/2521610325/1775584769.csv,2521610325,1,Loose,train,train,train,train,train
B/50401/2523610003/1775584769.csv,2523610003,1,Loose,train,train,test,train,train
B/50401/2523610041/1775584767.csv,2523610041,1,Loose,test,train,train,train,train
B/50401/2523610075/1775584769.csv,2523610075,1,Loose,train,train,train,train,train
B/50401/2523610126/1775584769.csv,2523610126,1,Loose,train,train,train,train,train
B/50401/2523610134/1775584769.csv,2523610134,1,Loose,train,train,train,train,train
B/50401/2523610160/1775584766.csv,2523610160,1,Loose,train,train,train,train,train
B/50401/2523610432/1775584769.csv,2523610432,1,Loose,train,train,train,train,train
B/50401/2524610033/1775584769.csv,2524610033,1,Loose,train,train,train,train,train
B/50401/2524610041/1775584768.csv,2524610041,1,Loose,train,train,train,train,train
B/50401/2524610074/1775584769.csv,2524610074,1,Loose,train,train,test,train,train
B/50401/2524610082/1775584769.csv,2524610082,1,Loose,train,train,train,train,train
B/50401/2546610759/1775584768.csv,2546610759,1,Loose,train,train,train,train,train
B/50401/2548610286/1775584768.csv,2548610286,1,Loose,train,train,train,train,train
B/50402/2521610325/1775584787.csv,2521610325,2,Loose,train,train,train,train,train
B/50402/2523610003/1775584787.csv,2523610003,2,Loose,train,train,test,train,train
B/50402/2523610041/1775584785.csv,2523610041,2,Loose,train,train,train,train,train
B/50402/2523610075/1775584787.csv,2523610075,2,Loose,train,train,train,train,train
B/50402/2523610126/1775584787.csv,2523610126,2,Loose,train,train,train,train,train
B/50402/2523610134/1775584787.csv,2523610134,2,Loose,test,train,train,train,train
B/50402/2523610432/1775584787.csv,2523610432,2,Loose,train,train,train,train,train
B/50402/2524610033/1775584787.csv,2524610033,2,Loose,train,train,train,train,train
B/50402/2524610041/1775584786.csv,2524610041,2,Loose,train,train,train,train,train
B/50402/2524610074/1775584787.csv,2524610074,2,Loose,train,train,test,train,train
B/50402/2524610082/1775584787.csv,2524610082,2,Loose,test,train,train,train,train
B/50402/2546610759/1775584786.csv,2546610759,2,Loose,test,train,train,train,train
B/50402/2548610286/1775584786.csv,2548610286,2,Loose,test,train,train,train,train
B/50403/2521610325/1775584805.csv,2521610325,3,Loose,train,train,train,train,train
B/50403/2523610003/1775584805.csv,2523610003,3,Loose,train,train,test,train,train
B/50403/2523610041/1775584801.csv,2523610041,3,Loose,train,train,train,train,train
B/50403/2523610075/1775584805.csv,2523610075,3,Loose,train,train,train,train,train
B/50403/2523610126/1775584805.csv,2523610126,3,Loose,train,train,train,train,train
B/50403/2523610134/1775584805.csv,2523610134,3,Loose,train,train,train,train,train
B/50403/2523610432/1775584805.csv,2523610432,3,Loose,train,train,train,train,train
B/50403/2524610033/1775584805.csv,2524610033,3,Loose,test,train,train,train,train
B/50403/2524610041/1775584804.csv,2524610041,3,Loose,train,train,train,train,train
B/50403/2524610074/1775584805.csv,2524610074,3,Loose,train,train,test,train,train
B/50403/2524610082/1775584805.csv,2524610082,3,Loose,test,train,train,train,train
B/50403/2546610759/1775584804.csv,2546610759,3,Loose,train,train,train,train,train
B/50403/2548610286/1775584804.csv,2548610286,3,Loose,train,train,train,train,train
B/50404/2521610325/1775584823.csv,2521610325,4,Loose,train,test,train,train,train
B/50404/2523610003/1775584823.csv,2523610003,4,Loose,train,test,test,train,test
B/50404/2523610041/1775584819.csv,2523610041,4,Loose,train,test,train,train,train
B/50404/2523610075/1775584823.csv,2523610075,4,Loose,train,test,train,train,train
B/50404/2523610126/1775584823.csv,2523610126,4,Loose,train,test,train,train,train
B/50404/2523610134/1775584823.csv,2523610134,4,Loose,train,test,train,train,train
B/50404/2523610432/1775584823.csv,2523610432,4,Loose,train,test,train,train,train
B/50404/2524610033/1775584823.csv,2524610033,4,Loose,train,test,train,train,train
B/50404/2524610041/1775584822.csv,2524610041,4,Loose,train,test,train,train,train
B/50404/2524610074/1775584823.csv,2524610074,4,Loose,train,test,test,train,test
B/50404/2524610082/1775584823.csv,2524610082,4,Loose,train,test,train,train,train
B/50404/2546610759/1775584822.csv,2546610759,4,Loose,train,test,train,train,train
B/50404/2548610286/1775584823.csv,2548610286,4,Loose,train,test,train,train,train
B/50405/2521610325/1775584841.csv,2521610325,5,Loose,train,test,train,train,train
B/50405/2523610003/1775584841.csv,2523610003,5,Loose,train,test,test,train,test
B/50405/2523610075/1775584841.csv,2523610075,5,Loose,train,test,train,train,train
B/50405/2523610126/1775584841.csv,2523610126,5,Loose,train,test,train,train,train
B/50405/2523610134/1775584841.csv,2523610134,5,Loose,train,test,train,train,train
B/50405/2523610432/1775584841.csv,2523610432,5,Loose,train,test,train,train,train
B/50405/2524610033/1775584841.csv,2524610033,5,Loose,train,test,train,train,train
B/50405/2524610041/1775584840.csv,2524610041,5,Loose,train,test,train,train,train
B/50405/2524610049/1775584842.csv,2524610049,5,Loose,train,test,train,train,train
B/50405/2524610074/1775584841.csv,2524610074,5,Loose,train,test,test,train,test
B/50405/2524610082/1775584841.csv,2524610082,5,Loose,train,test,train,train,train
B/50405/2546610759/1775584841.csv,2546610759,5,Loose,train,test,train,train,train
B/50405/2548610286/1775584841.csv,2548610286,5,Loose,train,test,train,train,train
B/50501/2521610325/1775584859.csv,2521610325,1,Loose,test,train,train,train,train
B/50501/2523610003/1775584859.csv,2523610003,1,Loose,test,train,test,train,train
B/50501/2523610075/1775584859.csv,2523610075,1,Loose,test,train,train,train,train
B/50501/2523610126/1775584859.csv,2523610126,1,Loose,train,train,train,train,train
B/50501/2523610134/1775584859.csv,2523610134,1,Loose,train,train,train,train,train
B/50501/2523610432/1775584859.csv,2523610432,1,Loose,train,train,train,train,train
B/50501/2524610033/1775584859.csv,2524610033,1,Loose,train,train,train,train,train
B/50501/2524610041/1775584857.csv,2524610041,1,Loose,train,train,train,train,train
B/50501/2524610049/1775584860.csv,2524610049,1,Loose,train,train,train,train,train
B/50501/2524610074/1775584859.csv,2524610074,1,Loose,train,train,test,train,train
B/50501/2524610082/1775584859.csv,2524610082,1,Loose,train,train,train,train,train
B/50501/2546610759/1775584859.csv,2546610759,1,Loose,test,train,train,train,train
B/50501/2548610286/1775584859.csv,2548610286,1,Loose,train,train,train,train,train
B/50502/2521610325/1775584877.csv,2521610325,2,Loose,train,train,train,train,train
B/50502/2523610003/1775584877.csv,2523610003,2,Loose,train,train,test,train,train
B/50502/2523610041/1775584880.csv,2523610041,2,Loose,train,train,train,train,train
B/50502/2523610075/1775584877.csv,2523610075,2,Loose,test,train,train,train,train
B/50502/2523610126/1775584877.csv,2523610126,2,Loose,train,train,train,train,train
B/50502/2523610134/1775584877.csv,2523610134,2,Loose,test,train,train,train,train
B/50502/2523610160/1775584880.csv,2523610160,2,Loose,train,train,train,train,train
B/50502/2523610432/1775584877.csv,2523610432,2,Loose,train,train,train,train,train
B/50502/2524610033/1775584877.csv,2524610033,2,Loose,train,train,train,train,train
B/50502/2524610041/1775584875.csv,2524610041,2,Loose,train,train,train,train,train
B/50502/2524610049/1775584878.csv,2524610049,2,Loose,train,train,train,train,train
B/50502/2524610074/1775584877.csv,2524610074,2,Loose,train,train,test,train,train
B/50502/2524610082/1775584877.csv,2524610082,2,Loose,test,train,train,train,train
B/50502/2546610759/1775584877.csv,2546610759,2,Loose,train,train,train,train,train
B/50502/2548610286/1775584877.csv,2548610286,2,Loose,test,train,train,train,train
B/50503/2521610325/1775584895.csv,2521610325,3,Loose,train,train,train,train,train
B/50503/2523610003/1775584895.csv,2523610003,3,Loose,test,train,test,train,train
B/50503/2523610041/1775584898.csv,2523610041,3,Loose,train,train,train,train,train
B/50503/2523610075/1775584895.csv,2523610075,3,Loose,train,train,train,train,train
B/50503/2523610126/1775584895.csv,2523610126,3,Loose,train,train,train,train,train
B/50503/2523610134/1775584895.csv,2523610134,3,Loose,train,train,train,train,train
B/50503/2523610160/1775584898.csv,2523610160,3,Loose,test,train,train,train,train
B/50503/2523610432/1775584895.csv,2523610432,3,Loose,train,train,train,train,train
B/50503/2524610033/1775584895.csv,2524610033,3,Loose,train,train,train,train,train
B/50503/2524610041/1775584891.csv,2524610041,3,Loose,train,train,train,train,train
B/50503/2524610049/1775584896.csv,2524610049,3,Loose,train,train,train,train,train
B/50503/2524610074/1775584895.csv,2524610074,3,Loose,train,train,test,train,train
B/50503/2524610082/1775584895.csv,2524610082,3,Loose,train,train,train,train,train
B/50503/2546610759/1775584895.csv,2546610759,3,Loose,train,train,train,train,train
B/50503/2548610286/1775584895.csv,2548610286,3,Loose,train,train,train,train,train
B/50504/2521610325/1775584913.csv,2521610325,4,Loose,train,test,train,train,train
B/50504/2523610003/1775584913.csv,2523610003,4,Loose,test,test,test,train,test
B/50504/2523610041/1775584912.csv,2523610041,4,Loose,train,test,train,train,train
B/50504/2523610075/1775584913.csv,2523610075,4,Loose,train,test,train,train,train
B/50504/2523610126/1775584913.csv,2523610126,4,Loose,train,test,train,train,train
B/50504/2523610134/1775584913.csv,2523610134,4,Loose,train,test,train,train,train
B/50504/2523610160/1775584909.csv,2523610160,4,Loose,train,test,train,train,train
B/50504/2523610432/1775584913.csv,2523610432,4,Loose,train,test,train,train,train
B/50504/2524610033/1775584913.csv,2524610033,4,Loose,train,test,train,train,train
B/50504/2524610041/1775584909.csv,2524610041,4,Loose,train,test,train,train,train
B/50504/2524610049/1775584914.csv,2524610049,4,Loose,train,test,train,train,train
B/50504/2524610074/1775584913.csv,2524610074,4,Loose,test,test,test,train,test
B/50504/2524610082/1775584913.csv,2524610082,4,Loose,train,test,train,train,train
B/50504/2546610759/1775584913.csv,2546610759,4,Loose,train,test,train,train,train
B/50504/2548610286/1775584913.csv,2548610286,4,Loose,train,test,train,train,train
B/50505/2521610325/1775584931.csv,2521610325,5,Loose,train,test,train,train,train
B/50505/2523610003/1775584931.csv,2523610003,5,Loose,train,test,test,train,test
B/50505/2523610041/1775584930.csv,2523610041,5,Loose,train,test,train,train,train
B/50505/2523610075/1775584931.csv,2523610075,5,Loose,train,test,train,train,train
B/50505/2523610126/1775584931.csv,2523610126,5,Loose,train,test,train,train,train
B/50505/2523610134/1775584931.csv,2523610134,5,Loose,train,test,train,train,train
B/50505/2523610160/1775584927.csv,2523610160,5,Loose,test,test,train,train,train
B/50505/2523610432/1775584931.csv,2523610432,5,Loose,train,test,train,train,train
B/50505/2524610033/1775584931.csv,2524610033,5,Loose,train,test,train,train,train
B/50505/2524610049/1775584932.csv,2524610049,5,Loose,train,test,train,train,train
B/50505/2524610074/1775584931.csv,2524610074,5,Loose,test,test,test,train,test
B/50505/2524610082/1775584931.csv,2524610082,5,Loose,train,test,train,train,train
B/50505/2546610759/1775584931.csv,2546610759,5,Loose,train,test,train,train,train
B/50505/2548610286/1775584931.csv,2548610286,5,Loose,train,test,train,train,train
B/50601/2521610325/1775584949.csv,2521610325,1,Loose,train,train,train,train,train
B/50601/2523610003/1775584949.csv,2523610003,1,Loose,train,train,test,train,train
B/50601/2523610075/1775584949.csv,2523610075,1,Loose,test,train,train,train,train
B/50601/2523610126/1775584949.csv,2523610126,1,Loose,train,train,train,train,train
B/50601/2523610134/1775584949.csv,2523610134,1,Loose,train,train,train,train,train
B/50601/2523610432/1775584949.csv,2523610432,1,Loose,train,train,train,train,train
B/50601/2524610033/1775584949.csv,2524610033,1,Loose,test,train,train,train,train
B/50601/2524610049/1775584948.csv,2524610049,1,Loose,test,train,train,train,train
B/50601/2524610074/1775584949.csv,2524610074,1,Loose,train,train,test,train,train
B/50601/2524610082/1775584949.csv,2524610082,1,Loose,train,train,train,train,train
B/50601/2546610759/1775584949.csv,2546610759,1,Loose,train,train,train,train,train
B/50601/2548610286/1775584949.csv,2548610286,1,Loose,train,train,train,train,train
B/50602/2521610325/1775584967.csv,2521610325,2,Loose,test,train,train,train,train
B/50602/2523610003/1775584965.csv,2523610003,2,Loose,train,train,test,train,train
B/50602/2523610041/1775584965.csv,2523610041,2,Loose,train,train,train,train,train
B/50602/2523610075/1775584967.csv,2523610075,2,Loose,train,train,train,train,train
B/50602/2523610126/1775584967.csv,2523610126,2,Loose,train,train,train,train,train
B/50602/2523610134/1775584967.csv,2523610134,2,Loose,test,train,train,train,train
B/50602/2523610160/1775584965.csv,2523610160,2,Loose,train,train,train,train,train
B/50602/2523610432/1775584965.csv,2523610432,2,Loose,train,train,train,train,train
B/50602/2524610033/1775584965.csv,2524610033,2,Loose,train,train,train,train,train
B/50602/2524610041/1775584965.csv,2524610041,2,Loose,test,train,train,train,train
B/50602/2524610049/1775584966.csv,2524610049,2,Loose,train,train,train,train,train
B/50602/2524610074/1775584965.csv,2524610074,2,Loose,test,train,test,train,train
B/50602/2524610082/1775584965.csv,2524610082,2,Loose,train,train,train,train,train
B/50602/2546610759/1775584965.csv,2546610759,2,Loose,train,train,train,train,train
B/50602/2548610286/1775584965.csv,2548610286,2,Loose,train,train,train,train,train
B/50603/2521610325/1775584985.csv,2521610325,3,Loose,train,train,train,train,train
B/50603/2523610003/1775584983.csv,2523610003,3,Loose,train,train,test,train,train
B/50603/2523610041/1775584981.csv,2523610041,3,Loose,train,train,train,train,train
B/50603/2523610075/1775584985.csv,2523610075,3,Loose,train,train,train,train,train
B/50603/2523610126/1775584985.csv,2523610126,3,Loose,train,train,train,train,train
B/50603/2523610134/1775584985.csv,2523610134,3,Loose,train,train,train,train,train
B/50603/2523610160/1775584981.csv,2523610160,3,Loose,train,train,train,train,train
B/50603/2523610432/1775584983.csv,2523610432,3,Loose,train,train,train,train,train
B/50603/2524610033/1775584983.csv,2524610033,3,Loose,train,train,train,train,train
B/50603/2524610041/1775584983.csv,2524610041,3,Loose,test,train,train,train,train
B/50603/2524610074/1775584983.csv,2524610074,3,Loose,test,train,test,train,train
B/50603/2524610082/1775584984.csv,2524610082,3,Loose,train,train,train,train,train
B/50603/2546610759/1775584983.csv,2546610759,3,Loose,train,train,train,train,train
B/50603/2548610286/1775584983.csv,2548610286,3,Loose,train,train,train,train,train
B/50604/2521610325/1775585002.csv,2521610325,4,Loose,train,test,train,train,train
B/50604/2523610003/1775585001.csv,2523610003,4,Loose,test,test,test,train,test
B/50604/2523610041/1775584999.csv,2523610041,4,Loose,train,test,train,train,train
B/50604/2523610075/1775585001.csv,2523610075,4,Loose,train,test,train,train,train
B/50604/2523610126/1775585002.csv,2523610126,4,Loose,train,test,train,train,train
B/50604/2523610134/1775585001.csv,2523610134,4,Loose,train,test,train,train,train
B/50604/2523610160/1775584999.csv,2523610160,4,Loose,test,test,train,train,train
B/50604/2523610432/1775585001.csv,2523610432,4,Loose,train,test,train,train,train
B/50604/2524610033/1775585001.csv,2524610033,4,Loose,train,test,train,train,train
B/50604/2524610041/1775584999.csv,2524610041,4,Loose,train,test,train,train,train
B/50604/2524610049/1775585000.csv,2524610049,4,Loose,test,test,train,train,train
B/50604/2524610074/1775585001.csv,2524610074,4,Loose,train,test,test,train,test
B/50604/2524610082/1775585002.csv,2524610082,4,Loose,test,test,train,train,train
B/50604/2546610759/1775585001.csv,2546610759,4,Loose,test,test,train,train,train
B/50604/2548610286/1775585001.csv,2548610286,4,Loose,train,test,train,train,train
B/50605/2521610325/1775585020.csv,2521610325,5,Loose,test,test,train,train,train
B/50605/2523610003/1775585019.csv,2523610003,5,Loose,train,test,test,train,test
B/50605/2523610075/1775585019.csv,2523610075,5,Loose,train,test,train,train,train
B/50605/2523610126/1775585020.csv,2523610126,5,Loose,train,test,train,train,train
B/50605/2523610134/1775585019.csv,2523610134,5,Loose,train,test,train,train,train
B/50605/2523610432/1775585019.csv,2523610432,5,Loose,train,test,train,train,train
B/50605/2524610033/1775585019.csv,2524610033,5,Loose,train,test,train,train,train
B/50605/2524610041/1775585017.csv,2524610041,5,Loose,train,test,train,train,train
B/50605/2524610049/1775585019.csv,2524610049,5,Loose,train,test,train,train,train
B/50605/2524610074/1775585019.csv,2524610074,5,Loose,train,test,test,train,test
B/50605/2524610082/1775585020.csv,2524610082,5,Loose,train,test,train,train,train
B/50605/2546610759/1775585019.csv,2546610759,5,Loose,train,test,train,train,train
B/50605/2548610286/1775585019.csv,2548610286,5,Loose,test,test,train,train,train
B/60001/2523610003/1775586082.csv,2523610003,1,Loose,test,train,test,train,train
B/60001/2523610075/1775586082.csv,2523610075,1,Loose,train,train,train,train,train
B/60001/2523610134/1775586082.csv,2523610134,1,Loose,train,train,train,train,train
B/60001/2523610432/1775586082.csv,2523610432,1,Loose,train,train,train,train,train
B/60001/2524610049/1775586080.csv,2524610049,1,Loose,train,train,train,train,train
B/60001/2524610074/1775586082.csv,2524610074,1,Loose,train,train,test,train,train
B/60001/2524610082/1775586082.csv,2524610082,1,Loose,train,train,train,train,train
B/60001/2546610759/1775586082.csv,2546610759,1,Loose,train,train,train,train,train
B/60001/2548610286/1775586083.csv,2548610286,1,Loose,train,train,train,train,train
B/60002/2521610325/1775586101.csv,2521610325,2,Loose,train,train,train,train,train
B/60002/2523610003/1775586100.csv,2523610003,2,Loose,train,train,test,train,train
B/60002/2523610075/1775586100.csv,2523610075,2,Loose,test,train,train,train,train
B/60002/2523610134/1775586100.csv,2523610134,2,Loose,train,train,train,train,train
B/60002/2523610160/1775586098.csv,2523610160,2,Loose,train,train,train,train,train
B/60002/2523610432/1775586100.csv,2523610432,2,Loose,train,train,train,train,train
B/60002/2524610033/1775586100.csv,2524610033,2,Loose,train,train,train,train,train
B/60002/2524610041/1775586099.csv,2524610041,2,Loose,train,train,train,train,train
B/60002/2524610049/1775586098.csv,2524610049,2,Loose,train,train,train,train,train
B/60002/2524610074/1775586100.csv,2524610074,2,Loose,train,train,test,train,train
B/60002/2524610082/1775586100.csv,2524610082,2,Loose,train,train,train,train,train
B/60002/2546610759/1775586100.csv,2546610759,2,Loose,train,train,train,train,train
B/60002/2548610286/1775586100.csv,2548610286,2,Loose,train,train,train,train,train
B/60003/2521610325/1775586118.csv,2521610325,3,Loose,train,train,train,train,train
B/60003/2523610003/1775586118.csv,2523610003,3,Loose,train,train,test,train,train
B/60003/2523610075/1775586118.csv,2523610075,3,Loose,test,train,train,train,train
B/60003/2523610134/1775586118.csv,2523610134,3,Loose,train,train,train,train,train
B/60003/2523610160/1775586116.csv,2523610160,3,Loose,train,train,train,train,train
B/60003/2523610432/1775586118.csv,2523610432,3,Loose,test,train,train,train,train
B/60003/2524610033/1775586118.csv,2524610033,3,Loose,train,train,train,train,train
B/60003/2524610041/1775586117.csv,2524610041,3,Loose,train,train,train,train,train
B/60003/2524610049/1775586117.csv,2524610049,3,Loose,train,train,train,train,train
B/60003/2524610074/1775586118.csv,2524610074,3,Loose,train,train,test,train,train
B/60003/2524610082/1775586118.csv,2524610082,3,Loose,train,train,train,train,train
B/60003/2546610759/1775586118.csv,2546610759,3,Loose,test,train,train,train,train
B/60003/2548610286/1775586118.csv,2548610286,3,Loose,test,train,train,train,train
B/60004/2523610003/1775586136.csv,2523610003,4,Loose,train,test,test,train,test
B/60004/2523610075/1775586136.csv,2523610075,4,Loose,train,test,train,train,train
B/60004/2523610126/1775586136.csv,2523610126,4,Loose,train,test,train,train,train
B/60004/2523610134/1775586136.csv,2523610134,4,Loose,train,test,train,train,train
B/60004/2523610160/1775586134.csv,2523610160,4,Loose,train,test,train,train,train
B/60004/2523610432/1775586136.csv,2523610432,4,Loose,train,test,train,train,train
B/60004/2524610033/1775586136.csv,2524610033,4,Loose,train,test,train,train,train
B/60004/2524610041/1775586135.csv,2524610041,4,Loose,train,test,train,train,train
B/60004/2524610049/1775586135.csv,2524610049,4,Loose,train,test,train,train,train
B/60004/2524610074/1775586136.csv,2524610074,4,Loose,train,test,test,train,test
B/60004/2524610082/1775586136.csv,2524610082,4,Loose,train,test,train,train,train
B/60004/2546610759/1775586136.csv,2546610759,4,Loose,test,test,train,train,train
B/60004/2548610286/1775586137.csv,2548610286,4,Loose,train,test,train,train,train
B/60005/2523610003/1775586154.csv,2523610003,5,Loose,train,test,test,train,test
B/60005/2523610075/1775586154.csv,2523610075,5,Loose,train,test,train,train,train
B/60005/2523610126/1775586154.csv,2523610126,5,Loose,train,test,train,train,train
B/60005/2523610134/1775586154.csv,2523610134,5,Loose,test,test,train,train,train
B/60005/2523610160/1775586152.csv,2523610160,5,Loose,test,test,train,train,train
B/60005/2523610432/1775586154.csv,2523610432,5,Loose,train,test,train,train,train
B/60005/2524610033/1775586154.csv,2524610033,5,Loose,train,test,train,train,train
B/60005/2524610041/1775586153.csv,2524610041,5,Loose,train,test,train,train,train
B/60005/2524610049/1775586153.csv,2524610049,5,Loose,train,test,train,train,train
B/60005/2524610074/1775586154.csv,2524610074,5,Loose,train,test,test,train,test
B/60005/2524610082/1775586154.csv,2524610082,5,Loose,train,test,train,train,train
B/60005/2546610759/1775586154.csv,2546610759,5,Loose,train,test,train,train,train
B/60005/2548610286/1775586155.csv,2548610286,5,Loose,train,test,train,train,train
B/60101/2521610325/1775585038.csv,2521610325,1,Loose,train,train,train,train,train
B/60101/2523610003/1775585037.csv,2523610003,1,Loose,train,train,test,train,train
B/60101/2523610075/1775585037.csv,2523610075,1,Loose,train,train,train,train,train
B/60101/2523610126/1775585038.csv,2523610126,1,Loose,train,train,train,train,train
B/60101/2523610134/1775585037.csv,2523610134,1,Loose,train,train,train,train,train
B/60101/2523610160/1775585042.csv,2523610160,1,Loose,train,train,train,train,train
B/60101/2523610432/1775585037.csv,2523610432,1,Loose,train,train,train,train,train
B/60101/2524610033/1775585037.csv,2524610033,1,Loose,train,train,train,train,train
B/60101/2524610049/1775585037.csv,2524610049,1,Loose,test,train,train,train,train
B/60101/2524610074/1775585038.csv,2524610074,1,Loose,test,train,test,train,train
B/60101/2524610082/1775585038.csv,2524610082,1,Loose,train,train,train,train,train
B/60101/2546610759/1775585037.csv,2546610759,1,Loose,train,train,train,train,train
B/60101/2548610286/1775585038.csv,2548610286,1,Loose,train,train,train,train,train
B/60102/2521610325/1775585056.csv,2521610325,2,Loose,train,train,train,train,train
B/60102/2523610003/1775585055.csv,2523610003,2,Loose,train,train,test,train,train
B/60102/2523610075/1775585055.csv,2523610075,2,Loose,train,train,train,train,train
B/60102/2523610126/1775585056.csv,2523610126,2,Loose,train,train,train,train,train
B/60102/2523610134/1775585055.csv,2523610134,2,Loose,train,train,train,train,train
B/60102/2523610160/1775585060.csv,2523610160,2,Loose,train,train,train,train,train
B/60102/2523610432/1775585055.csv,2523610432,2,Loose,train,train,train,train,train
B/60102/2524610033/1775585055.csv,2524610033,2,Loose,train,train,train,train,train
B/60102/2524610049/1775585055.csv,2524610049,2,Loose,train,train,train,train,train
B/60102/2524610074/1775585055.csv,2524610074,2,Loose,train,train,test,train,train
B/60102/2524610082/1775585056.csv,2524610082,2,Loose,train,train,train,train,train
B/60102/2546610759/1775585055.csv,2546610759,2,Loose,train,train,train,train,train
B/60102/2548610286/1775585055.csv,2548610286,2,Loose,train,train,train,train,train
B/60103/2521610325/1775585074.csv,2521610325,3,Loose,train,train,train,train,train
B/60103/2523610003/1775585073.csv,2523610003,3,Loose,test,train,test,train,train
B/60103/2523610075/1775585073.csv,2523610075,3,Loose,train,train,train,train,train
B/60103/2523610126/1775585074.csv,2523610126,3,Loose,train,train,train,train,train
B/60103/2523610134/1775585073.csv,2523610134,3,Loose,train,train,train,train,train
B/60103/2523610160/1775585072.csv,2523610160,3,Loose,test,train,train,train,train
B/60103/2523610432/1775585074.csv,2523610432,3,Loose,train,train,train,train,train
B/60103/2524610033/1775585074.csv,2524610033,3,Loose,test,train,train,train,train
B/60103/2524610049/1775585071.csv,2524610049,3,Loose,train,train,train,train,train
B/60103/2524610074/1775585073.csv,2524610074,3,Loose,train,train,test,train,train
B/60103/2524610082/1775585074.csv,2524610082,3,Loose,train,train,train,train,train
B/60103/2546610759/1775585073.csv,2546610759,3,Loose,train,train,train,train,train
B/60103/2548610286/1775585073.csv,2548610286,3,Loose,train,train,train,train,train
B/60104/2521610325/1775585092.csv,2521610325,4,Loose,train,test,train,train,train
B/60104/2523610003/1775585091.csv,2523610003,4,Loose,train,test,test,train,test
B/60104/2523610075/1775585091.csv,2523610075,4,Loose,test,test,train,train,train
B/60104/2523610126/1775585092.csv,2523610126,4,Loose,train,test,train,train,train
B/60104/2523610134/1775585091.csv,2523610134,4,Loose,train,test,train,train,train
B/60104/2523610160/1775585090.csv,2523610160,4,Loose,train,test,train,train,train
B/60104/2523610432/1775585092.csv,2523610432,4,Loose,test,test,train,train,train
B/60104/2524610033/1775585092.csv,2524610033,4,Loose,test,test,train,train,train
B/60104/2524610049/1775585089.csv,2524610049,4,Loose,train,test,train,train,train
B/60104/2524610074/1775585091.csv,2524610074,4,Loose,test,test,test,train,test
B/60104/2524610082/1775585092.csv,2524610082,4,Loose,test,test,train,train,train
B/60104/2546610759/1775585091.csv,2546610759,4,Loose,test,test,train,train,train
B/60104/2548610286/1775585091.csv,2548610286,4,Loose,test,test,train,train,train
B/60105/2521610325/1775585110.csv,2521610325,5,Loose,train,test,train,train,train
B/60105/2523610003/1775585109.csv,2523610003,5,Loose,train,test,test,train,test
B/60105/2523610075/1775585110.csv,2523610075,5,Loose,train,test,train,train,train
B/60105/2523610126/1775585110.csv,2523610126,5,Loose,train,test,train,train,train
B/60105/2523610134/1775585109.csv,2523610134,5,Loose,train,test,train,train,train
B/60105/2523610160/1775585108.csv,2523610160,5,Loose,train,test,train,train,train
B/60105/2523610432/1775585110.csv,2523610432,5,Loose,test,test,train,train,train
B/60105/2524610033/1775585110.csv,2524610033,5,Loose,train,test,train,train,train
B/60105/2524610049/1775585109.csv,2524610049,5,Loose,test,test,train,train,train
B/60105/2524610074/1775585109.csv,2524610074,5,Loose,train,test,test,train,test
B/60105/2524610082/1775585110.csv,2524610082,5,Loose,train,test,train,train,train
B/60105/2546610759/1775585109.csv,2546610759,5,Loose,train,test,train,train,train
B/60105/2548610286/1775585109.csv,2548610286,5,Loose,train,test,train,train,train
B/60201/2521610325/1775585128.csv,2521610325,1,Loose,train,train,train,train,train
B/60201/2523610003/1775585127.csv,2523610003,1,Loose,train,train,test,train,train
B/60201/2523610075/1775585128.csv,2523610075,1,Loose,train,train,train,train,train
B/60201/2523610134/1775585127.csv,2523610134,1,Loose,train,train,train,train,train
B/60201/2523610432/1775585128.csv,2523610432,1,Loose,train,train,train,train,train
B/60201/2524610033/1775585128.csv,2524610033,1,Loose,test,train,train,train,train
B/60201/2524610041/1775585127.csv,2524610041,1,Loose,train,train,train,train,train
B/60201/2524610049/1775585127.csv,2524610049,1,Loose,train,train,train,train,train
B/60201/2524610074/1775585127.csv,2524610074,1,Loose,train,train,test,train,train
B/60201/2524610082/1775585128.csv,2524610082,1,Loose,test,train,train,train,train
B/60201/2546610759/1775585127.csv,2546610759,1,Loose,train,train,train,train,train
B/60201/2548610286/1775585129.csv,2548610286,1,Loose,train,train,train,train,train
B/60202/2521610325/1775585146.csv,2521610325,2,Loose,train,train,train,train,train
B/60202/2523610003/1775585146.csv,2523610003,2,Loose,train,train,test,train,train
B/60202/2523610075/1775585146.csv,2523610075,2,Loose,train,train,train,train,train
B/60202/2523610134/1775585145.csv,2523610134,2,Loose,train,train,train,train,train
B/60202/2523610160/1775585146.csv,2523610160,2,Loose,train,train,train,train,train
B/60202/2523610432/1775585146.csv,2523610432,2,Loose,train,train,train,train,train
B/60202/2524610041/1775585145.csv,2524610041,2,Loose,train,train,train,train,train
B/60202/2524610049/1775585147.csv,2524610049,2,Loose,test,train,train,train,train
B/60202/2524610074/1775585145.csv,2524610074,2,Loose,train,train,test,train,train
B/60202/2524610082/1775585146.csv,2524610082,2,Loose,train,train,train,train,train
B/60202/2546610759/1775585145.csv,2546610759,2,Loose,train,train,train,train,train
B/60202/2548610286/1775585147.csv,2548610286,2,Loose,train,train,train,train,train
B/60203/2521610325/1775585166.csv,2521610325,3,Loose,train,train,train,train,train
B/60203/2523610003/1775585163.csv,2523610003,3,Loose,train,train,test,train,train
B/60203/2523610075/1775585164.csv,2523610075,3,Loose,train,train,train,train,train
B/60203/2523610134/1775585164.csv,2523610134,3,Loose,train,train,train,train,train
B/60203/2523610160/1775585164.csv,2523610160,3,Loose,train,train,train,train,train
B/60203/2523610432/1775585164.csv,2523610432,3,Loose,train,train,train,train,train
B/60203/2524610033/1775585164.csv,2524610033,3,Loose,test,train,train,train,train
B/60203/2524610041/1775585164.csv,2524610041,3,Loose,train,train,train,train,train
B/60203/2524610049/1775585165.csv,2524610049,3,Loose,train,train,train,train,train
B/60203/2524610074/1775585163.csv,2524610074,3,Loose,train,train,test,train,train
B/60203/2524610082/1775585164.csv,2524610082,3,Loose,train,train,train,train,train
B/60203/2546610759/1775585163.csv,2546610759,3,Loose,test,train,train,train,train
B/60203/2548610286/1775585165.csv,2548610286,3,Loose,train,train,train,train,train
B/60204/2521610325/1775585184.csv,2521610325,4,Loose,train,test,train,train,train
B/60204/2523610003/1775585182.csv,2523610003,4,Loose,train,test,test,train,test
B/60204/2523610075/1775585182.csv,2523610075,4,Loose,train,test,train,train,train
B/60204/2523610126/1775585183.csv,2523610126,4,Loose,test,test,train,train,train
B/60204/2523610134/1775585182.csv,2523610134,4,Loose,train,test,train,train,train
B/60204/2523610160/1775585182.csv,2523610160,4,Loose,train,test,train,train,train
B/60204/2523610432/1775585182.csv,2523610432,4,Loose,train,test,train,train,train
B/60204/2524610041/1775585182.csv,2524610041,4,Loose,train,test,train,train,train
B/60204/2524610049/1775585181.csv,2524610049,4,Loose,train,test,train,train,train
B/60204/2524610074/1775585182.csv,2524610074,4,Loose,train,test,test,train,test
B/60204/2524610082/1775585182.csv,2524610082,4,Loose,train,test,train,train,train
B/60204/2546610759/1775585181.csv,2546610759,4,Loose,train,test,train,train,train
B/60204/2548610286/1775585182.csv,2548610286,4,Loose,train,test,train,train,train
B/60205/2521610325/1775585200.csv,2521610325,5,Loose,train,test,train,train,train
B/60205/2523610003/1775585200.csv,2523610003,5,Loose,test,test,test,train,test
B/60205/2523610075/1775585200.csv,2523610075,5,Loose,train,test,train,train,train
B/60205/2523610134/1775585200.csv,2523610134,5,Loose,train,test,train,train,train
B/60205/2523610160/1775585199.csv,2523610160,5,Loose,train,test,train,train,train
B/60205/2523610432/1775585200.csv,2523610432,5,Loose,test,test,train,train,train
B/60205/2524610041/1775585200.csv,2524610041,5,Loose,train,test,train,train,train
B/60205/2524610049/1775585199.csv,2524610049,5,Loose,train,test,train,train,train
B/60205/2524610074/1775585200.csv,2524610074,5,Loose,train,test,test,train,test
B/60205/2524610082/1775585200.csv,2524610082,5,Loose,train,test,train,train,train
B/60205/2546610759/1775585200.csv,2546610759,5,Loose,train,test,train,train,train
B/60205/2548610286/1775585199.csv,2548610286,5,Loose,train,test,train,train,train
B/60301/2521610325/1775585218.csv,2521610325,1,Loose,train,train,train,train,train
B/60301/2523610003/1775585218.csv,2523610003,1,Loose,test,train,test,train,train
B/60301/2523610075/1775585218.csv,2523610075,1,Loose,train,train,train,train,train
B/60301/2523610126/1775585219.csv,2523610126,1,Loose,train,train,train,train,train
B/60301/2523610134/1775585218.csv,2523610134,1,Loose,train,train,train,train,train
B/60301/2523610432/1775585218.csv,2523610432,1,Loose,test,train,train,train,train
B/60301/2524610033/1775585219.csv,2524610033,1,Loose,test,train,train,train,train
B/60301/2524610041/1775585218.csv,2524610041,1,Loose,train,train,train,train,train
B/60301/2524610049/1775585217.csv,2524610049,1,Loose,train,train,train,train,train
B/60301/2524610074/1775585218.csv,2524610074,1,Loose,train,train,test,train,train
B/60301/2524610082/1775585218.csv,2524610082,1,Loose,test,train,train,train,train
B/60301/2546610759/1775585218.csv,2546610759,1,Loose,train,train,train,train,train
B/60301/2548610286/1775585218.csv,2548610286,1,Loose,train,train,train,train,train
B/60302/2521610325/1775585236.csv,2521610325,2,Loose,train,train,train,train,train
B/60302/2523610003/1775585236.csv,2523610003,2,Loose,test,train,test,train,train
B/60302/2523610075/1775585236.csv,2523610075,2,Loose,test,train,train,train,train
B/60302/2523610134/1775585236.csv,2523610134,2,Loose,test,train,train,train,train
B/60302/2523610432/1775585236.csv,2523610432,2,Loose,train,train,train,train,train
B/60302/2524610041/1775585234.csv,2524610041,2,Loose,train,train,train,train,train
B/60302/2524610049/1775585235.csv,2524610049,2,Loose,test,train,train,train,train
B/60302/2524610074/1775585236.csv,2524610074,2,Loose,train,train,test,train,train
B/60302/2524610082/1775585236.csv,2524610082,2,Loose,train,train,train,train,train
B/60302/2546610759/1775585236.csv,2546610759,2,Loose,test,train,train,train,train
B/60302/2548610286/1775585236.csv,2548610286,2,Loose,train,train,train,train,train
B/60303/2521610325/1775585255.csv,2521610325,3,Loose,train,train,train,train,train
B/60303/2523610003/1775585254.csv,2523610003,3,Loose,train,train,test,train,train
B/60303/2523610075/1775585254.csv,2523610075,3,Loose,train,train,train,train,train
B/60303/2523610126/1775585255.csv,2523610126,3,Loose,train,train,train,train,train
B/60303/2523610134/1775585254.csv,2523610134,3,Loose,train,train,train,train,train
B/60303/2523610432/1775585254.csv,2523610432,3,Loose,train,train,train,train,train
B/60303/2524610033/1775585256.csv,2524610033,3,Loose,test,train,train,train,train
B/60303/2524610049/1775585252.csv,2524610049,3,Loose,train,train,train,train,train
B/60303/2524610074/1775585254.csv,2524610074,3,Loose,train,train,test,train,train
B/60303/2524610082/1775585254.csv,2524610082,3,Loose,train,train,train,train,train
B/60303/2546610759/1775585254.csv,2546610759,3,Loose,train,train,train,train,train
B/60303/2548610286/1775585254.csv,2548610286,3,Loose,train,train,train,train,train
B/60304/2521610325/1775585274.csv,2521610325,4,Loose,train,test,train,train,train
B/60304/2523610003/1775585272.csv,2523610003,4,Loose,train,test,test,train,test
B/60304/2523610075/1775585272.csv,2523610075,4,Loose,train,test,train,train,train
B/60304/2523610126/1775585273.csv,2523610126,4,Loose,train,test,train,train,train
B/60304/2523610134/1775585272.csv,2523610134,4,Loose,test,test,train,train,train
B/60304/2523610432/1775585272.csv,2523610432,4,Loose,train,test,train,train,train
B/60304/2524610033/1775585273.csv,2524610033,4,Loose,train,test,train,train,train
B/60304/2524610049/1775585270.csv,2524610049,4,Loose,test,test,train,train,train
B/60304/2524610074/1775585272.csv,2524610074,4,Loose,train,test,test,train,test
B/60304/2524610082/1775585272.csv,2524610082,4,Loose,train,test,train,train,train
B/60304/2546610759/1775585272.csv,2546610759,4,Loose,train,test,train,train,train
B/60304/2548610286/1775585272.csv,2548610286,4,Loose,train,test,train,train,train
B/60305/2523610003/1775585290.csv,2523610003,5,Loose,train,test,test,train,test
B/60305/2523610075/1775585290.csv,2523610075,5,Loose,train,test,train,train,train
B/60305/2523610126/1775585291.csv,2523610126,5,Loose,train,test,train,train,train
B/60305/2523610134/1775585290.csv,2523610134,5,Loose,train,test,train,train,train
B/60305/2523610432/1775585290.csv,2523610432,5,Loose,train,test,train,train,train
B/60305/2524610074/1775585290.csv,2524610074,5,Loose,train,test,test,train,test
B/60305/2524610082/1775585290.csv,2524610082,5,Loose,train,test,train,train,train
B/60305/2546610759/1775585290.csv,2546610759,5,Loose,train,test,train,train,train
B/60305/2548610286/1775585290.csv,2548610286,5,Loose,train,test,train,train,train
B/60401/2521610325/1775585308.csv,2521610325,1,Loose,train,train,train,train,train
B/60401/2523610003/1775585308.csv,2523610003,1,Loose,train,train,test,train,train
B/60401/2523610075/1775585308.csv,2523610075,1,Loose,train,train,train,train,train
B/60401/2523610126/1775585309.csv,2523610126,1,Loose,test,train,train,train,train
B/60401/2523610134/1775585308.csv,2523610134,1,Loose,train,train,train,train,train
B/60401/2523610160/1775585307.csv,2523610160,1,Loose,train,train,train,train,train
B/60401/2523610432/1775585308.csv,2523610432,1,Loose,train,train,train,train,train
B/60401/2524610033/1775585308.csv,2524610033,1,Loose,train,train,train,train,train
B/60401/2524610074/1775585308.csv,2524610074,1,Loose,train,train,test,train,train
B/60401/2524610082/1775585308.csv,2524610082,1,Loose,train,train,train,train,train
B/60401/2546610759/1775585308.csv,2546610759,1,Loose,train,train,train,train,train
B/60401/2548610286/1775585308.csv,2548610286,1,Loose,test,train,train,train,train
B/60402/2521610325/1775585326.csv,2521610325,2,Loose,train,train,train,train,train
B/60402/2523610003/1775585326.csv,2523610003,2,Loose,train,train,test,train,train
B/60402/2523610075/1775585326.csv,2523610075,2,Loose,train,train,train,train,train
B/60402/2523610126/1775585327.csv,2523610126,2,Loose,train,train,train,train,train
B/60402/2523610134/1775585326.csv,2523610134,2,Loose,train,train,train,train,train
B/60402/2523610160/1775585325.csv,2523610160,2,Loose,train,train,train,train,train
B/60402/2523610432/1775585326.csv,2523610432,2,Loose,test,train,train,train,train
B/60402/2524610033/1775585327.csv,2524610033,2,Loose,train,train,train,train,train
B/60402/2524610074/1775585326.csv,2524610074,2,Loose,test,train,test,train,train
B/60402/2524610082/1775585326.csv,2524610082,2,Loose,test,train,train,train,train
B/60402/2546610759/1775585326.csv,2546610759,2,Loose,test,train,train,train,train
B/60402/2548610286/1775585326.csv,2548610286,2,Loose,train,train,train,train,train
B/60403/2521610325/1775585344.csv,2521610325,3,Loose,train,train,train,train,train
B/60403/2523610003/1775585344.csv,2523610003,3,Loose,train,train,test,train,train
B/60403/2523610075/1775585344.csv,2523610075,3,Loose,train,train,train,train,train
B/60403/2523610126/1775585345.csv,2523610126,3,Loose,train,train,train,train,train
B/60403/2523610134/1775585344.csv,2523610134,3,Loose,train,train,train,train,train
B/60403/2523610160/1775585343.csv,2523610160,3,Loose,train,train,train,train,train
B/60403/2523610432/1775585344.csv,2523610432,3,Loose,test,train,train,train,train
B/60403/2524610033/1775585344.csv,2524610033,3,Loose,train,train,train,train,train
B/60403/2524610074/1775585344.csv,2524610074,3,Loose,test,train,test,train,train
B/60403/2524610082/1775585344.csv,2524610082,3,Loose,train,train,train,train,train
B/60403/2546610759/1775585344.csv,2546610759,3,Loose,train,train,train,train,train
B/60403/2548610286/1775585344.csv,2548610286,3,Loose,test,train,train,train,train
B/60404/2521610325/1775585362.csv,2521610325,4,Loose,test,test,train,train,train
B/60404/2523610003/1775585362.csv,2523610003,4,Loose,train,test,test,train,test
B/60404/2523610075/1775585362.csv,2523610075,4,Loose,test,test,train,train,train
B/60404/2523610126/1775585363.csv,2523610126,4,Loose,train,test,train,train,train
B/60404/2523610134/1775585362.csv,2523610134,4,Loose,test,test,train,train,train
B/60404/2523610432/1775585362.csv,2523610432,4,Loose,train,test,train,train,train
B/60404/2524610033/1775585362.csv,2524610033,4,Loose,train,test,train,train,train
B/60404/2524610074/1775585362.csv,2524610074,4,Loose,train,test,test,train,test
B/60404/2524610082/1775585362.csv,2524610082,4,Loose,train,test,train,train,train
B/60404/2546610759/1775585362.csv,2546610759,4,Loose,train,test,train,train,train
B/60404/2548610286/1775585362.csv,2548610286,4,Loose,train,test,train,train,train
B/60405/2521610325/1775585380.csv,2521610325,5,Loose,train,test,train,train,train
B/60405/2523610003/1775585380.csv,2523610003,5,Loose,test,test,test,train,test
B/60405/2523610075/1775585380.csv,2523610075,5,Loose,train,test,train,train,train
B/60405/2523610126/1775585380.csv,2523610126,5,Loose,train,test,train,train,train
B/60405/2523610134/1775585380.csv,2523610134,5,Loose,train,test,train,train,train
B/60405/2523610432/1775585380.csv,2523610432,5,Loose,train,test,train,train,train
B/60405/2524610033/1775585380.csv,2524610033,5,Loose,train,test,train,train,train
B/60405/2524610074/1775585380.csv,2524610074,5,Loose,train,test,test,train,test
B/60405/2524610082/1775585380.csv,2524610082,5,Loose,train,test,train,train,train
B/60405/2546610759/1775585380.csv,2546610759,5,Loose,train,test,train,train,train
B/60405/2548610286/1775585380.csv,2548610286,5,Loose,train,test,train,train,train
B/60501/2521610325/1775585398.csv,2521610325,1,Loose,train,train,train,test,train
B/60501/2523610003/1775585398.csv,2523610003,1,Loose,test,train,test,test,train
B/60501/2523610075/1775585398.csv,2523610075,1,Loose,train,train,train,test,train
B/60501/2523610126/1775585398.csv,2523610126,1,Loose,train,train,train,test,train
B/60501/2523610134/1775585398.csv,2523610134,1,Loose,train,train,train,test,train
B/60501/2523610432/1775585398.csv,2523610432,1,Loose,train,train,train,test,train
B/60501/2524610033/1775585398.csv,2524610033,1,Loose,train,train,train,test,train
B/60501/2524610074/1775585398.csv,2524610074,1,Loose,train,train,test,test,train
B/60501/2524610082/1775585398.csv,2524610082,1,Loose,test,train,train,test,train
B/60501/2546610759/1775585398.csv,2546610759,1,Loose,train,train,train,test,train
B/60501/2548610286/1775585399.csv,2548610286,1,Loose,train,train,train,test,train
B/60502/2521610325/1775585416.csv,2521610325,2,Loose,train,train,train,test,train
B/60502/2523610003/1775585416.csv,2523610003,2,Loose,train,train,test,test,train
B/60502/2523610075/1775585416.csv,2523610075,2,Loose,train,train,train,test,train
B/60502/2523610126/1775585416.csv,2523610126,2,Loose,train,train,train,test,train
B/60502/2523610134/1775585416.csv,2523610134,2,Loose,test,train,train,test,train
B/60502/2523610432/1775585416.csv,2523610432,2,Loose,train,train,train,test,train
B/60502/2524610033/1775585417.csv,2524610033,2,Loose,train,train,train,test,train
B/60502/2524610041/1775585421.csv,2524610041,2,Loose,train,train,train,test,train
B/60502/2524610074/1775585416.csv,2524610074,2,Loose,train,train,test,test,train
B/60502/2524610082/1775585416.csv,2524610082,2,Loose,test,train,train,test,train
B/60502/2546610759/1775585416.csv,2546610759,2,Loose,test,train,train,test,train
B/60502/2548610286/1775585416.csv,2548610286,2,Loose,test,train,train,test,train
B/60503/2521610325/1775585435.csv,2521610325,3,Loose,train,train,train,test,train
B/60503/2523610003/1775585434.csv,2523610003,3,Loose,train,train,test,test,train
B/60503/2523610075/1775585434.csv,2523610075,3,Loose,train,train,train,test,train
B/60503/2523610126/1775585434.csv,2523610126,3,Loose,train,train,train,test,train
B/60503/2523610134/1775585434.csv,2523610134,3,Loose,train,train,train,test,train
B/60503/2523610432/1775585434.csv,2523610432,3,Loose,train,train,train,test,train
B/60503/2524610041/1775585439.csv,2524610041,3,Loose,train,train,train,test,train
B/60503/2524610074/1775585434.csv,2524610074,3,Loose,test,train,test,test,train
B/60503/2524610082/1775585434.csv,2524610082,3,Loose,train,train,train,test,train
B/60503/2546610759/1775585435.csv,2546610759,3,Loose,test,train,train,test,train
B/60503/2548610286/1775585435.csv,2548610286,3,Loose,train,train,train,test,train
B/60504/2521610325/1775585452.csv,2521610325,4,Loose,train,test,train,test,train
B/60504/2523610003/1775585452.csv,2523610003,4,Loose,train,test,test,test,test
B/60504/2523610075/1775585452.csv,2523610075,4,Loose,train,test,train,test,train
B/60504/2523610134/1775585452.csv,2523610134,4,Loose,train,test,train,test,train
B/60504/2523610160/1775585450.csv,2523610160,4,Loose,train,test,train,test,train
B/60504/2523610432/1775585452.csv,2523610432,4,Loose,train,test,train,test,train
B/60504/2524610033/1775585453.csv,2524610033,4,Loose,test,test,train,test,train
B/60504/2524610049/1775585452.csv,2524610049,4,Loose,train,test,train,test,train
B/60504/2524610074/1775585452.csv,2524610074,4,Loose,train,test,test,test,test
B/60504/2524610082/1775585452.csv,2524610082,4,Loose,train,test,train,test,train
B/60504/2546610759/1775585452.csv,2546610759,4,Loose,train,test,train,test,train
B/60504/2548610286/1775585452.csv,2548610286,4,Loose,train,test,train,test,train
B/60505/2521610325/1775585470.csv,2521610325,5,Loose,train,test,train,test,train
B/60505/2523610003/1775585470.csv,2523610003,5,Loose,train,test,test,test,test
B/60505/2523610075/1775585470.csv,2523610075,5,Loose,train,test,train,test,train
B/60505/2523610126/1775585470.csv,2523610126,5,Loose,train,test,train,test,train
B/60505/2523610134/1775585470.csv,2523610134,5,Loose,train,test,train,test,train
B/60505/2523610160/1775585468.csv,2523610160,5,Loose,test,test,train,test,train
B/60505/2523610432/1775585470.csv,2523610432,5,Loose,train,test,train,test,train
B/60505/2524610033/1775585470.csv,2524610033,5,Loose,train,test,train,test,train
B/60505/2524610041/1775585468.csv,2524610041,5,Loose,train,test,train,test,train
B/60505/2524610049/1775585470.csv,2524610049,5,Loose,train,test,train,test,train
B/60505/2524610074/1775585470.csv,2524610074,5,Loose,train,test,test,test,test
B/60505/2524610082/1775585470.csv,2524610082,5,Loose,train,test,train,test,train
B/60505/2546610759/1775585470.csv,2546610759,5,Loose,train,test,train,test,train
B/60505/2548610286/1775585471.csv,2548610286,5,Loose,train,test,train,test,train
B/60601/2521610325/1775585488.csv,2521610325,1,Loose,train,train,train,train,train
B/60601/2523610003/1775585488.csv,2523610003,1,Loose,test,train,test,train,train
B/60601/2523610075/1775585488.csv,2523610075,1,Loose,train,train,train,train,train
B/60601/2523610134/1775585488.csv,2523610134,1,Loose,train,train,train,train,train
B/60601/2523610160/1775585486.csv,2523610160,1,Loose,test,train,train,train,train
B/60601/2523610432/1775585488.csv,2523610432,1,Loose,test,train,train,train,train
B/60601/2524610033/1775585489.csv,2524610033,1,Loose,train,train,train,train,train
B/60601/2524610041/1775585487.csv,2524610041,1,Loose,test,train,train,train,train
B/60601/2524610049/1775585488.csv,2524610049,1,Loose,train,train,train,train,train
B/60601/2524610074/1775585488.csv,2524610074,1,Loose,train,train,test,train,train
B/60601/2524610082/1775585488.csv,2524610082,1,Loose,test,train,train,train,train
B/60601/2546610759/1775585488.csv,2546610759,1,Loose,train,train,train,train,train
B/60601/2548610286/1775585488.csv,2548610286,1,Loose,train,train,train,train,train
B/60602/2521610325/1775585506.csv,2521610325,2,Loose,train,train,train,train,train
B/60602/2523610003/1775585506.csv,2523610003,2,Loose,train,train,test,train,train
B/60602/2523610075/1775585506.csv,2523610075,2,Loose,train,train,train,train,train
B/60602/2523610134/1775585506.csv,2523610134,2,Loose,test,train,train,train,train
B/60602/2523610160/1775585505.csv,2523610160,2,Loose,train,train,train,train,train
B/60602/2523610432/1775585506.csv,2523610432,2,Loose,train,train,train,train,train
B/60602/2524610033/1775585507.csv,2524610033,2,Loose,train,train,train,train,train
B/60602/2524610041/1775585505.csv,2524610041,2,Loose,train,train,train,train,train
B/60602/2524610049/1775585506.csv,2524610049,2,Loose,train,train,train,train,train
B/60602/2524610074/1775585506.csv,2524610074,2,Loose,test,train,test,train,train
B/60602/2524610082/1775585506.csv,2524610082,2,Loose,train,train,train,train,train
B/60602/2546610759/1775585506.csv,2546610759,2,Loose,train,train,train,train,train
B/60602/2548610286/1775585506.csv,2548610286,2,Loose,train,train,train,train,train
B/60603/2521610325/1775585524.csv,2521610325,3,Loose,train,train,train,train,train
B/60603/2523610003/1775585524.csv,2523610003,3,Loose,train,train,test,train,train
B/60603/2523610075/1775585524.csv,2523610075,3,Loose,train,train,train,train,train
B/60603/2523610126/1775585524.csv,2523610126,3,Loose,train,train,train,train,train
B/60603/2523610134/1775585524.csv,2523610134,3,Loose,train,train,train,train,train
B/60603/2523610432/1775585524.csv,2523610432,3,Loose,test,train,train,train,train
B/60603/2524610033/1775585525.csv,2524610033,3,Loose,train,train,train,train,train
B/60603/2524610041/1775585523.csv,2524610041,3,Loose,train,train,train,train,train
B/60603/2524610049/1775585524.csv,2524610049,3,Loose,train,train,train,train,train
B/60603/2524610074/1775585524.csv,2524610074,3,Loose,train,train,test,train,train
B/60603/2524610082/1775585524.csv,2524610082,3,Loose,test,train,train,train,train
B/60603/2546610759/1775585524.csv,2546610759,3,Loose,train,train,train,train,train
B/60603/2548610286/1775585524.csv,2548610286,3,Loose,train,train,train,train,train
B/60604/2521610325/1775585542.csv,2521610325,4,Loose,train,test,train,train,train
B/60604/2523610003/1775585542.csv,2523610003,4,Loose,test,test,test,train,test
B/60604/2523610075/1775585542.csv,2523610075,4,Loose,train,test,train,train,train
B/60604/2523610134/1775585542.csv,2523610134,4,Loose,train,test,train,train,train
B/60604/2523610432/1775585542.csv,2523610432,4,Loose,train,test,train,train,train
B/60604/2524610033/1775585543.csv,2524610033,4,Loose,train,test,train,train,train
B/60604/2524610041/1775585541.csv,2524610041,4,Loose,test,test,train,train,train
B/60604/2524610049/1775585542.csv,2524610049,4,Loose,train,test,train,train,train
B/60604/2524610074/1775585542.csv,2524610074,4,Loose,train,test,test,train,test
B/60604/2524610082/1775585542.csv,2524610082,4,Loose,train,test,train,train,train
B/60604/2546610759/1775585542.csv,2546610759,4,Loose,test,test,train,train,train
B/60604/2548610286/1775585542.csv,2548610286,4,Loose,train,test,train,train,train
B/60605/2521610325/1775585560.csv,2521610325,5,Loose,train,test,train,train,train
B/60605/2523610003/1775585560.csv,2523610003,5,Loose,test,test,test,train,test
B/60605/2523610075/1775585560.csv,2523610075,5,Loose,train,test,train,train,train
B/60605/2523610126/1775585560.csv,2523610126,5,Loose,test,test,train,train,train
B/60605/2523610134/1775585560.csv,2523610134,5,Loose,train,test,train,train,train
B/60605/2523610432/1775585560.csv,2523610432,5,Loose,train,test,train,train,train
B/60605/2524610033/1775585560.csv,2524610033,5,Loose,train,test,train,train,train
B/60605/2524610049/1775585560.csv,2524610049,5,Loose,train,test,train,train,train
B/60605/2524610074/1775585560.csv,2524610074,5,Loose,train,test,test,train,test
B/60605/2524610082/1775585560.csv,2524610082,5,Loose,train,test,train,train,train
B/60605/2546610759/1775585560.csv,2546610759,5,Loose,test,test,train,train,train
B/60605/2548610286/1775585561.csv,2548610286,5,Loose,train,test,train,train,train
C/10002/2521610325/1775577923.csv,2521610325,2,Mix-45,train,train,train,train,train
C/10002/2523610003/1775577923.csv,2523610003,2,Mix-45,train,train,test,train,train
C/10002/2523610075/1775577923.csv,2523610075,2,Mix-45,train,train,train,train,train
C/10002/2523610126/1775577923.csv,2523610126,2,Mix-45,train,train,train,train,train
C/10002/2523610134/1775577923.csv,2523610134,2,Mix-45,train,train,train,train,train
C/10002/2523610432/1775577924.csv,2523610432,2,Mix-45,train,train,train,train,train
C/10002/2524610033/1775577923.csv,2524610033,2,Mix-45,train,train,train,train,train
C/10002/2524610041/1775577923.csv,2524610041,2,Mix-45,train,train,train,train,train
C/10002/2524610074/1775577923.csv,2524610074,2,Mix-45,train,train,test,train,train
C/10002/2524610082/1775577923.csv,2524610082,2,Mix-45,test,train,train,train,train
C/10002/2546610759/1775577923.csv,2546610759,2,Mix-45,train,train,train,train,train
C/10002/2548610286/1775577923.csv,2548610286,2,Mix-45,train,train,train,train,train
C/10003/2521610325/1775577941.csv,2521610325,3,Mix-45,train,train,train,train,train
C/10003/2523610003/1775577941.csv,2523610003,3,Mix-45,train,train,test,train,train
C/10003/2523610041/1775577941.csv,2523610041,3,Mix-45,train,train,train,train,train
C/10003/2523610075/1775577941.csv,2523610075,3,Mix-45,test,train,train,train,train
C/10003/2523610126/1775577941.csv,2523610126,3,Mix-45,test,train,train,train,train
C/10003/2523610134/1775577941.csv,2523610134,3,Mix-45,train,train,train,train,train
C/10003/2523610432/1775577942.csv,2523610432,3,Mix-45,train,train,train,train,train
C/10003/2524610033/1775577941.csv,2524610033,3,Mix-45,train,train,train,train,train
C/10003/2524610041/1775577941.csv,2524610041,3,Mix-45,train,train,train,train,train
C/10003/2524610074/1775577941.csv,2524610074,3,Mix-45,train,train,test,train,train
C/10003/2524610082/1775577941.csv,2524610082,3,Mix-45,train,train,train,train,train
C/10003/2546610759/1775577941.csv,2546610759,3,Mix-45,train,train,train,train,train
C/10003/2548610286/1775577941.csv,2548610286,3,Mix-45,train,train,train,train,train
C/10004/2521610325/1775577959.csv,2521610325,4,Mix-45,train,test,train,train,train
C/10004/2523610003/1775577959.csv,2523610003,4,Mix-45,train,test,test,train,test
C/10004/2523610075/1775577959.csv,2523610075,4,Mix-45,train,test,train,train,train
C/10004/2523610126/1775577959.csv,2523610126,4,Mix-45,train,test,train,train,train
C/10004/2523610134/1775577959.csv,2523610134,4,Mix-45,train,test,train,train,train
C/10004/2523610432/1775577959.csv,2523610432,4,Mix-45,test,test,train,train,train
C/10004/2524610033/1775577959.csv,2524610033,4,Mix-45,train,test,train,train,train
C/10004/2524610041/1775577959.csv,2524610041,4,Mix-45,train,test,train,train,train
C/10004/2524610049/1775577960.csv,2524610049,4,Mix-45,train,test,train,train,train
C/10004/2524610074/1775577959.csv,2524610074,4,Mix-45,train,test,test,train,test
C/10004/2524610082/1775577959.csv,2524610082,4,Mix-45,train,test,train,train,train
C/10004/2546610759/1775577959.csv,2546610759,4,Mix-45,train,test,train,train,train
C/10004/2548610286/1775577959.csv,2548610286,4,Mix-45,train,test,train,train,train
C/10005/2521610325/1775577977.csv,2521610325,5,Mix-45,train,test,train,train,train
C/10005/2523610003/1775577977.csv,2523610003,5,Mix-45,train,test,test,train,test
C/10005/2523610075/1775577977.csv,2523610075,5,Mix-45,train,test,train,train,train
C/10005/2523610126/1775577977.csv,2523610126,5,Mix-45,train,test,train,train,train
C/10005/2523610134/1775577977.csv,2523610134,5,Mix-45,train,test,train,train,train
C/10005/2523610432/1775577977.csv,2523610432,5,Mix-45,train,test,train,train,train
C/10005/2524610033/1775577977.csv,2524610033,5,Mix-45,train,test,train,train,train
C/10005/2524610041/1775577977.csv,2524610041,5,Mix-45,train,test,train,train,train
C/10005/2524610049/1775577978.csv,2524610049,5,Mix-45,train,test,train,train,train
C/10005/2524610074/1775577977.csv,2524610074,5,Mix-45,train,test,test,train,test
C/10005/2524610082/1775577977.csv,2524610082,5,Mix-45,train,test,train,train,train
C/10005/2546610759/1775577977.csv,2546610759,5,Mix-45,train,test,train,train,train
C/10005/2548610286/1775577977.csv,2548610286,5,Mix-45,train,test,train,train,train
C/101/2521610325/1775560714.csv,2521610325,1,Mix-45,train,train,train,train,train
C/101/2521610325/1775560724.csv,2521610325,1,Mix-45,train,train,train,train,train
C/101/2521610325/1775560734.csv,2521610325,1,Mix-45,train,train,train,train,train
C/101/2521610325/1775560744.csv,2521610325,1,Mix-45,train,train,train,train,train
C/101/2521610325/1775560754.csv,2521610325,1,Mix-45,train,train,train,train,train
C/101/2523610003/1775560714.csv,2523610003,1,Mix-45,train,train,test,train,train
C/101/2523610003/1775560725.csv,2523610003,1,Mix-45,train,train,test,train,train
C/101/2523610003/1775560735.csv,2523610003,1,Mix-45,train,train,test,train,train
C/101/2523610003/1775560745.csv,2523610003,1,Mix-45,train,train,test,train,train
C/101/2523610003/1775560755.csv,2523610003,1,Mix-45,train,train,test,train,train
C/101/2523610041/1775560714.csv,2523610041,1,Mix-45,train,train,train,train,train
C/101/2523610041/1775560724.csv,2523610041,1,Mix-45,train,train,train,train,train
C/101/2523610041/1775560734.csv,2523610041,1,Mix-45,test,train,train,train,train
C/101/2523610041/1775560744.csv,2523610041,1,Mix-45,train,train,train,train,train
C/101/2523610041/1775560755.csv,2523610041,1,Mix-45,train,train,train,train,train
C/101/2523610126/1775560714.csv,2523610126,1,Mix-45,train,train,train,train,train
C/101/2523610126/1775560724.csv,2523610126,1,Mix-45,train,train,train,train,train
C/101/2523610126/1775560734.csv,2523610126,1,Mix-45,train,train,train,train,train
C/101/2523610126/1775560744.csv,2523610126,1,Mix-45,test,train,train,train,train
C/101/2523610126/1775560755.csv,2523610126,1,Mix-45,train,train,train,train,train
C/101/2523610134/1775560714.csv,2523610134,1,Mix-45,train,train,train,train,train
C/101/2523610134/1775560724.csv,2523610134,1,Mix-45,train,train,train,train,train
C/101/2523610134/1775560734.csv,2523610134,1,Mix-45,train,train,train,train,train
C/101/2523610134/1775560744.csv,2523610134,1,Mix-45,train,train,train,train,train
C/101/2523610134/1775560754.csv,2523610134,1,Mix-45,train,train,train,train,train
C/101/2523610432/1775560714.csv,2523610432,1,Mix-45,train,train,train,train,train
C/101/2523610432/1775560724.csv,2523610432,1,Mix-45,train,train,train,train,train
C/101/2523610432/1775560734.csv,2523610432,1,Mix-45,train,train,train,train,train
C/101/2523610432/1775560744.csv,2523610432,1,Mix-45,train,train,train,train,train
C/101/2523610432/1775560755.csv,2523610432,1,Mix-45,test,train,train,train,train
C/101/2524610033/1775560714.csv,2524610033,1,Mix-45,train,train,train,train,train
C/101/2524610033/1775560724.csv,2524610033,1,Mix-45,test,train,train,train,train
C/101/2524610033/1775560734.csv,2524610033,1,Mix-45,train,train,train,train,train
C/101/2524610033/1775560744.csv,2524610033,1,Mix-45,test,train,train,train,train
C/101/2524610033/1775560754.csv,2524610033,1,Mix-45,train,train,train,train,train
C/101/2524610041/1775560714.csv,2524610041,1,Mix-45,train,train,train,train,train
C/101/2524610041/1775560724.csv,2524610041,1,Mix-45,train,train,train,train,train
C/101/2524610041/1775560734.csv,2524610041,1,Mix-45,test,train,train,train,train
C/101/2524610041/1775560744.csv,2524610041,1,Mix-45,train,train,train,train,train
C/101/2524610041/1775560754.csv,2524610041,1,Mix-45,train,train,train,train,train
C/101/2524610074/1775560714.csv,2524610074,1,Mix-45,train,train,test,train,train
C/101/2524610074/1775560724.csv,2524610074,1,Mix-45,train,train,test,train,train
C/101/2524610074/1775560734.csv,2524610074,1,Mix-45,test,train,test,train,train
C/101/2524610074/1775560745.csv,2524610074,1,Mix-45,train,train,test,train,train
C/101/2524610074/1775560755.csv,2524610074,1,Mix-45,train,train,test,train,train
C/101/2524610082/1775560714.csv,2524610082,1,Mix-45,train,train,train,train,train
C/101/2524610082/1775560724.csv,2524610082,1,Mix-45,train,train,train,train,train
C/101/2524610082/1775560735.csv,2524610082,1,Mix-45,train,train,train,train,train
C/101/2524610082/1775560745.csv,2524610082,1,Mix-45,train,train,train,train,train
C/101/2524610082/1775560755.csv,2524610082,1,Mix-45,train,train,train,train,train
C/101/2546610759/1775560714.csv,2546610759,1,Mix-45,train,train,train,train,train
C/101/2546610759/1775560724.csv,2546610759,1,Mix-45,test,train,train,train,train
C/101/2546610759/1775560734.csv,2546610759,1,Mix-45,train,train,train,train,train
C/101/2546610759/1775560744.csv,2546610759,1,Mix-45,train,train,train,train,train
C/101/2546610759/1775560755.csv,2546610759,1,Mix-45,train,train,train,train,train
C/10101/2521610325/1775578586.csv,2521610325,1,Mix-45,test,train,train,test,train
C/10101/2523610003/1775578586.csv,2523610003,1,Mix-45,train,train,test,test,train
C/10101/2523610041/1775578586.csv,2523610041,1,Mix-45,train,train,train,test,train
C/10101/2523610075/1775578586.csv,2523610075,1,Mix-45,train,train,train,test,train
C/10101/2523610126/1775578586.csv,2523610126,1,Mix-45,test,train,train,test,train
C/10101/2523610134/1775578586.csv,2523610134,1,Mix-45,test,train,train,test,train
C/10101/2523610160/1775578587.csv,2523610160,1,Mix-45,train,train,train,test,train
C/10101/2523610432/1775578585.csv,2523610432,1,Mix-45,test,train,train,test,train
C/10101/2524610033/1775578586.csv,2524610033,1,Mix-45,train,train,train,test,train
C/10101/2524610041/1775578586.csv,2524610041,1,Mix-45,train,train,train,test,train
C/10101/2524610049/1775578586.csv,2524610049,1,Mix-45,train,train,train,test,train
C/10101/2524610074/1775578586.csv,2524610074,1,Mix-45,train,train,test,test,train
C/10101/2524610082/1775578586.csv,2524610082,1,Mix-45,train,train,train,test,train
C/10101/2546610759/1775578586.csv,2546610759,1,Mix-45,test,train,train,test,train
C/10101/2548610286/1775578586.csv,2548610286,1,Mix-45,test,train,train,test,train
C/10102/2521610325/1775578604.csv,2521610325,2,Mix-45,train,train,train,test,train
C/10102/2523610003/1775578604.csv,2523610003,2,Mix-45,train,train,test,test,train
C/10102/2523610041/1775578607.csv,2523610041,2,Mix-45,train,train,train,test,train
C/10102/2523610075/1775578604.csv,2523610075,2,Mix-45,train,train,train,test,train
C/10102/2523610126/1775578604.csv,2523610126,2,Mix-45,test,train,train,test,train
C/10102/2523610134/1775578604.csv,2523610134,2,Mix-45,train,train,train,test,train
C/10102/2523610160/1775578605.csv,2523610160,2,Mix-45,train,train,train,test,train
C/10102/2523610432/1775578603.csv,2523610432,2,Mix-45,train,train,train,test,train
C/10102/2524610033/1775578604.csv,2524610033,2,Mix-45,test,train,train,test,train
C/10102/2524610041/1775578604.csv,2524610041,2,Mix-45,test,train,train,test,train
C/10102/2524610049/1775578604.csv,2524610049,2,Mix-45,train,train,train,test,train
C/10102/2524610074/1775578604.csv,2524610074,2,Mix-45,train,train,test,test,train
C/10102/2524610082/1775578604.csv,2524610082,2,Mix-45,train,train,train,test,train
C/10102/2546610759/1775578604.csv,2546610759,2,Mix-45,train,train,train,test,train
C/10102/2548610286/1775578604.csv,2548610286,2,Mix-45,train,train,train,test,train
C/10103/2521610325/1775578622.csv,2521610325,3,Mix-45,test,train,train,test,train
C/10103/2523610003/1775578622.csv,2523610003,3,Mix-45,test,train,test,test,train
C/10103/2523610041/1775578625.csv,2523610041,3,Mix-45,test,train,train,test,train
C/10103/2523610075/1775578622.csv,2523610075,3,Mix-45,train,train,train,test,train
C/10103/2523610126/1775578622.csv,2523610126,3,Mix-45,train,train,train,test,train
C/10103/2523610134/1775578622.csv,2523610134,3,Mix-45,test,train,train,test,train
C/10103/2523610160/1775578623.csv,2523610160,3,Mix-45,train,train,train,test,train
C/10103/2523610432/1775578621.csv,2523610432,3,Mix-45,train,train,train,test,train
C/10103/2524610033/1775578622.csv,2524610033,3,Mix-45,test,train,train,test,train
C/10103/2524610041/1775578622.csv,2524610041,3,Mix-45,train,train,train,test,train
C/10103/2524610049/1775578623.csv,2524610049,3,Mix-45,test,train,train,test,train
C/10103/2524610074/1775578622.csv,2524610074,3,Mix-45,train,train,test,test,train
C/10103/2524610082/1775578622.csv,2524610082,3,Mix-45,test,train,train,test,train
C/10103/2546610759/1775578622.csv,2546610759,3,Mix-45,train,train,train,test,train
C/10103/2548610286/1775578622.csv,2548610286,3,Mix-45,train,train,train,test,train
C/10104/2521610325/1775578640.csv,2521610325,4,Mix-45,test,test,train,test,train
C/10104/2523610003/1775578640.csv,2523610003,4,Mix-45,train,test,test,test,test
C/10104/2523610075/1775578640.csv,2523610075,4,Mix-45,train,test,train,test,train
C/10104/2523610126/1775578640.csv,2523610126,4,Mix-45,train,test,train,test,train
C/10104/2523610134/1775578640.csv,2523610134,4,Mix-45,train,test,train,test,train
C/10104/2523610160/1775578641.csv,2523610160,4,Mix-45,test,test,train,test,train
C/10104/2523610432/1775578640.csv,2523610432,4,Mix-45,train,test,train,test,train
C/10104/2524610033/1775578640.csv,2524610033,4,Mix-45,train,test,train,test,train
C/10104/2524610041/1775578640.csv,2524610041,4,Mix-45,train,test,train,test,train
C/10104/2524610049/1775578641.csv,2524610049,4,Mix-45,test,test,train,test,train
C/10104/2524610074/1775578640.csv,2524610074,4,Mix-45,test,test,test,test,test
C/10104/2524610082/1775578640.csv,2524610082,4,Mix-45,test,test,train,test,train
C/10104/2546610759/1775578640.csv,2546610759,4,Mix-45,train,test,train,test,train
C/10104/2548610286/1775578640.csv,2548610286,4,Mix-45,train,test,train,test,train
C/10105/2521610325/1775578658.csv,2521610325,5,Mix-45,train,test,train,test,train
C/10105/2523610003/1775578658.csv,2523610003,5,Mix-45,train,test,test,test,test
C/10105/2523610075/1775578658.csv,2523610075,5,Mix-45,train,test,train,test,train
C/10105/2523610126/1775578658.csv,2523610126,5,Mix-45,train,test,train,test,train
C/10105/2523610134/1775578658.csv,2523610134,5,Mix-45,train,test,train,test,train
C/10105/2523610160/1775578656.csv,2523610160,5,Mix-45,train,test,train,test,train
C/10105/2523610432/1775578658.csv,2523610432,5,Mix-45,train,test,train,test,train
C/10105/2524610033/1775578658.csv,2524610033,5,Mix-45,train,test,train,test,train
C/10105/2524610041/1775578658.csv,2524610041,5,Mix-45,train,test,train,test,train
C/10105/2524610049/1775578659.csv,2524610049,5,Mix-45,test,test,train,test,train
C/10105/2524610074/1775578658.csv,2524610074,5,Mix-45,train,test,test,test,test
C/10105/2524610082/1775578658.csv,2524610082,5,Mix-45,test,test,train,test,train
C/10105/2546610759/1775578658.csv,2546610759,5,Mix-45,train,test,train,test,train
C/10105/2548610286/1775578658.csv,2548610286,5,Mix-45,train,test,train,test,train
C/10201/2521610325/1775578676.csv,2521610325,1,Mix-45,train,train,train,train,train
C/10201/2523610003/1775578676.csv,2523610003,1,Mix-45,train,train,test,train,train
C/10201/2523610075/1775578676.csv,2523610075,1,Mix-45,train,train,train,train,train
C/10201/2523610126/1775578676.csv,2523610126,1,Mix-45,train,train,train,train,train
C/10201/2523610134/1775578676.csv,2523610134,1,Mix-45,test,train,train,train,train
C/10201/2523610160/1775578674.csv,2523610160,1,Mix-45,test,train,train,train,train
C/10201/2523610432/1775578676.csv,2523610432,1,Mix-45,train,train,train,train,train
C/10201/2524610033/1775578676.csv,2524610033,1,Mix-45,train,train,train,train,train
C/10201/2524610041/1775578676.csv,2524610041,1,Mix-45,train,train,train,train,train
C/10201/2524610049/1775578677.csv,2524610049,1,Mix-45,train,train,train,train,train
C/10201/2524610074/1775578676.csv,2524610074,1,Mix-45,train,train,test,train,train
C/10201/2524610082/1775578676.csv,2524610082,1,Mix-45,train,train,train,train,train
C/10201/2546610759/1775578676.csv,2546610759,1,Mix-45,train,train,train,train,train
C/10201/2548610286/1775578676.csv,2548610286,1,Mix-45,train,train,train,train,train
C/10202/2521610325/1775578694.csv,2521610325,2,Mix-45,test,train,train,train,train
C/10202/2523610003/1775578694.csv,2523610003,2,Mix-45,test,train,test,train,train
C/10202/2523610075/1775578694.csv,2523610075,2,Mix-45,train,train,train,train,train
C/10202/2523610126/1775578694.csv,2523610126,2,Mix-45,test,train,train,train,train
C/10202/2523610134/1775578694.csv,2523610134,2,Mix-45,train,train,train,train,train
C/10202/2523610160/1775578692.csv,2523610160,2,Mix-45,train,train,train,train,train
C/10202/2523610432/1775578694.csv,2523610432,2,Mix-45,test,train,train,train,train
C/10202/2524610033/1775578694.csv,2524610033,2,Mix-45,test,train,train,train,train
C/10202/2524610041/1775578694.csv,2524610041,2,Mix-45,test,train,train,train,train
C/10202/2524610049/1775578696.csv,2524610049,2,Mix-45,train,train,train,train,train
C/10202/2524610074/1775578694.csv,2524610074,2,Mix-45,test,train,test,train,train
C/10202/2524610082/1775578694.csv,2524610082,2,Mix-45,train,train,train,train,train
C/10202/2546610759/1775578694.csv,2546610759,2,Mix-45,train,train,train,train,train
C/10202/2548610286/1775578694.csv,2548610286,2,Mix-45,train,train,train,train,train
C/10203/2521610325/1775578712.csv,2521610325,3,Mix-45,train,train,train,train,train
C/10203/2523610003/1775578712.csv,2523610003,3,Mix-45,train,train,test,train,train
C/10203/2523610075/1775578712.csv,2523610075,3,Mix-45,train,train,train,train,train
C/10203/2523610126/1775578712.csv,2523610126,3,Mix-45,test,train,train,train,train
C/10203/2523610134/1775578712.csv,2523610134,3,Mix-45,train,train,train,train,train
C/10203/2523610160/1775578710.csv,2523610160,3,Mix-45,train,train,train,train,train
C/10203/2523610432/1775578712.csv,2523610432,3,Mix-45,train,train,train,train,train
C/10203/2524610033/1775578712.csv,2524610033,3,Mix-45,train,train,train,train,train
C/10203/2524610041/1775578712.csv,2524610041,3,Mix-45,train,train,train,train,train
C/10203/2524610049/1775578714.csv,2524610049,3,Mix-45,train,train,train,train,train
C/10203/2524610074/1775578712.csv,2524610074,3,Mix-45,train,train,test,train,train
C/10203/2524610082/1775578712.csv,2524610082,3,Mix-45,train,train,train,train,train
C/10203/2546610759/1775578712.csv,2546610759,3,Mix-45,train,train,train,train,train
C/10203/2548610286/1775578712.csv,2548610286,3,Mix-45,test,train,train,train,train
C/10204/2521610325/1775578730.csv,2521610325,4,Mix-45,train,test,train,train,train
C/10204/2523610003/1775578730.csv,2523610003,4,Mix-45,train,test,test,train,test
C/10204/2523610041/1775578731.csv,2523610041,4,Mix-45,train,test,train,train,train
C/10204/2523610075/1775578730.csv,2523610075,4,Mix-45,train,test,train,train,train
C/10204/2523610126/1775578730.csv,2523610126,4,Mix-45,train,test,train,train,train
C/10204/2523610134/1775578730.csv,2523610134,4,Mix-45,train,test,train,train,train
C/10204/2523610160/1775578730.csv,2523610160,4,Mix-45,train,test,train,train,train
C/10204/2523610432/1775578730.csv,2523610432,4,Mix-45,train,test,train,train,train
C/10204/2524610033/1775578730.csv,2524610033,4,Mix-45,train,test,train,train,train
C/10204/2524610041/1775578730.csv,2524610041,4,Mix-45,train,test,train,train,train
C/10204/2524610049/1775578730.csv,2524610049,4,Mix-45,train,test,train,train,train
C/10204/2524610074/1775578730.csv,2524610074,4,Mix-45,train,test,test,train,test
C/10204/2524610082/1775578730.csv,2524610082,4,Mix-45,train,test,train,train,train
C/10204/2546610759/1775578730.csv,2546610759,4,Mix-45,test,test,train,train,train
C/10204/2548610286/1775578730.csv,2548610286,4,Mix-45,train,test,train,train,train
C/10205/2521610325/1775578748.csv,2521610325,5,Mix-45,train,test,train,train,train
C/10205/2523610003/1775578748.csv,2523610003,5,Mix-45,train,test,test,train,test
C/10205/2523610041/1775578749.csv,2523610041,5,Mix-45,train,test,train,train,train
C/10205/2523610075/1775578748.csv,2523610075,5,Mix-45,train,test,train,train,train
C/10205/2523610126/1775578748.csv,2523610126,5,Mix-45,train,test,train,train,train
C/10205/2523610134/1775578748.csv,2523610134,5,Mix-45,train,test,train,train,train
C/10205/2523610160/1775578748.csv,2523610160,5,Mix-45,train,test,train,train,train
C/10205/2523610432/1775578748.csv,2523610432,5,Mix-45,train,test,train,train,train
C/10205/2524610033/1775578749.csv,2524610033,5,Mix-45,train,test,train,train,train
C/10205/2524610041/1775578748.csv,2524610041,5,Mix-45,train,test,train,train,train
C/10205/2524610049/1775578748.csv,2524610049,5,Mix-45,train,test,train,train,train
C/10205/2524610074/1775578748.csv,2524610074,5,Mix-45,train,test,test,train,test
C/10205/2524610082/1775578748.csv,2524610082,5,Mix-45,train,test,train,train,train
C/10205/2546610759/1775578748.csv,2546610759,5,Mix-45,test,test,train,train,train
C/10205/2548610286/1775578748.csv,2548610286,5,Mix-45,train,test,train,train,train
C/10301/2521610325/1775578766.csv,2521610325,1,Mix-45,train,train,train,train,train
C/10301/2523610003/1775578766.csv,2523610003,1,Mix-45,train,train,test,train,train
C/10301/2523610041/1775578767.csv,2523610041,1,Mix-45,train,train,train,train,train
C/10301/2523610075/1775578766.csv,2523610075,1,Mix-45,train,train,train,train,train
C/10301/2523610126/1775578766.csv,2523610126,1,Mix-45,train,train,train,train,train
C/10301/2523610134/1775578766.csv,2523610134,1,Mix-45,train,train,train,train,train
C/10301/2523610160/1775578766.csv,2523610160,1,Mix-45,train,train,train,train,train
C/10301/2523610432/1775578766.csv,2523610432,1,Mix-45,test,train,train,train,train
C/10301/2524610033/1775578767.csv,2524610033,1,Mix-45,test,train,train,train,train
C/10301/2524610041/1775578766.csv,2524610041,1,Mix-45,train,train,train,train,train
C/10301/2524610049/1775578766.csv,2524610049,1,Mix-45,train,train,train,train,train
C/10301/2524610074/1775578766.csv,2524610074,1,Mix-45,train,train,test,train,train
C/10301/2524610082/1775578766.csv,2524610082,1,Mix-45,test,train,train,train,train
C/10301/2546610759/1775578766.csv,2546610759,1,Mix-45,test,train,train,train,train
C/10301/2548610286/1775578766.csv,2548610286,1,Mix-45,train,train,train,train,train
C/10302/2521610325/1775578784.csv,2521610325,2,Mix-45,train,train,train,train,train
C/10302/2523610003/1775578784.csv,2523610003,2,Mix-45,train,train,test,train,train
C/10302/2523610041/1775578787.csv,2523610041,2,Mix-45,test,train,train,train,train
C/10302/2523610075/1775578784.csv,2523610075,2,Mix-45,train,train,train,train,train
C/10302/2523610126/1775578784.csv,2523610126,2,Mix-45,train,train,train,train,train
C/10302/2523610134/1775578784.csv,2523610134,2,Mix-45,train,train,train,train,train
C/10302/2523610160/1775578784.csv,2523610160,2,Mix-45,train,train,train,train,train
C/10302/2523610432/1775578784.csv,2523610432,2,Mix-45,train,train,train,train,train
C/10302/2524610033/1775578785.csv,2524610033,2,Mix-45,train,train,train,train,train
C/10302/2524610041/1775578784.csv,2524610041,2,Mix-45,train,train,train,train,train
C/10302/2524610049/1775578785.csv,2524610049,2,Mix-45,train,train,train,train,train
C/10302/2524610074/1775578784.csv,2524610074,2,Mix-45,train,train,test,train,train
C/10302/2524610082/1775578784.csv,2524610082,2,Mix-45,train,train,train,train,train
C/10302/2546610759/1775578784.csv,2546610759,2,Mix-45,test,train,train,train,train
C/10302/2548610286/1775578784.csv,2548610286,2,Mix-45,train,train,train,train,train
C/10303/2521610325/1775578802.csv,2521610325,3,Mix-45,train,train,train,train,train
C/10303/2523610003/1775578802.csv,2523610003,3,Mix-45,train,train,test,train,train
C/10303/2523610041/1775578807.csv,2523610041,3,Mix-45,train,train,train,train,train
C/10303/2523610075/1775578802.csv,2523610075,3,Mix-45,train,train,train,train,train
C/10303/2523610126/1775578802.csv,2523610126,3,Mix-45,train,train,train,train,train
C/10303/2523610134/1775578802.csv,2523610134,3,Mix-45,train,train,train,train,train
C/10303/2523610160/1775578802.csv,2523610160,3,Mix-45,train,train,train,train,train
C/10303/2523610432/1775578802.csv,2523610432,3,Mix-45,train,train,train,train,train
C/10303/2524610033/1775578803.csv,2524610033,3,Mix-45,train,train,train,train,train
C/10303/2524610041/1775578802.csv,2524610041,3,Mix-45,train,train,train,train,train
C/10303/2524610049/1775578803.csv,2524610049,3,Mix-45,train,train,train,train,train
C/10303/2524610074/1775578802.csv,2524610074,3,Mix-45,train,train,test,train,train
C/10303/2524610082/1775578802.csv,2524610082,3,Mix-45,train,train,train,train,train
C/10303/2546610759/1775578802.csv,2546610759,3,Mix-45,train,train,train,train,train
C/10303/2548610286/1775578802.csv,2548610286,3,Mix-45,train,train,train,train,train
C/10304/2521610325/1775578820.csv,2521610325,4,Mix-45,test,test,train,train,train
C/10304/2523610003/1775578820.csv,2523610003,4,Mix-45,train,test,test,train,test
C/10304/2523610041/1775578825.csv,2523610041,4,Mix-45,train,test,train,train,train
C/10304/2523610075/1775578820.csv,2523610075,4,Mix-45,train,test,train,train,train
C/10304/2523610126/1775578820.csv,2523610126,4,Mix-45,train,test,train,train,train
C/10304/2523610134/1775578820.csv,2523610134,4,Mix-45,test,test,train,train,train
C/10304/2523610432/1775578820.csv,2523610432,4,Mix-45,train,test,train,train,train
C/10304/2524610033/1775578821.csv,2524610033,4,Mix-45,test,test,train,train,train
C/10304/2524610041/1775578820.csv,2524610041,4,Mix-45,train,test,train,train,train
C/10304/2524610049/1775578822.csv,2524610049,4,Mix-45,train,test,train,train,train
C/10304/2524610074/1775578820.csv,2524610074,4,Mix-45,test,test,test,train,test
C/10304/2524610082/1775578820.csv,2524610082,4,Mix-45,train,test,train,train,train
C/10304/2546610759/1775578820.csv,2546610759,4,Mix-45,train,test,train,train,train
C/10304/2548610286/1775578820.csv,2548610286,4,Mix-45,train,test,train,train,train
C/10305/2521610325/1775578838.csv,2521610325,5,Mix-45,test,test,train,train,train
C/10305/2523610003/1775578838.csv,2523610003,5,Mix-45,train,test,test,train,test
C/10305/2523610075/1775578838.csv,2523610075,5,Mix-45,train,test,train,train,train
C/10305/2523610126/1775578838.csv,2523610126,5,Mix-45,test,test,train,train,train
C/10305/2523610134/1775578838.csv,2523610134,5,Mix-45,train,test,train,train,train
C/10305/2523610432/1775578838.csv,2523610432,5,Mix-45,train,test,train,train,train
C/10305/2524610033/1775578839.csv,2524610033,5,Mix-45,train,test,train,train,train
C/10305/2524610041/1775578838.csv,2524610041,5,Mix-45,train,test,train,train,train
C/10305/2524610049/1775578840.csv,2524610049,5,Mix-45,test,test,train,train,train
C/10305/2524610074/1775578838.csv,2524610074,5,Mix-45,train,test,test,train,test
C/10305/2524610082/1775578838.csv,2524610082,5,Mix-45,train,test,train,train,train
C/10305/2546610759/1775578838.csv,2546610759,5,Mix-45,train,test,train,train,train
C/10305/2548610286/1775578838.csv,2548610286,5,Mix-45,train,test,train,train,train
C/10401/2521610325/1775578856.csv,2521610325,1,Mix-45,test,train,train,train,train
C/10401/2523610003/1775578856.csv,2523610003,1,Mix-45,train,train,test,train,train
C/10401/2523610075/1775578856.csv,2523610075,1,Mix-45,train,train,train,train,train
C/10401/2523610126/1775578856.csv,2523610126,1,Mix-45,train,train,train,train,train
C/10401/2523610134/1775578856.csv,2523610134,1,Mix-45,train,train,train,train,train
C/10401/2523610432/1775578856.csv,2523610432,1,Mix-45,train,train,train,train,train
C/10401/2524610033/1775578857.csv,2524610033,1,Mix-45,train,train,train,train,train
C/10401/2524610041/1775578857.csv,2524610041,1,Mix-45,train,train,train,train,train
C/10401/2524610049/1775578858.csv,2524610049,1,Mix-45,test,train,train,train,train
C/10401/2524610074/1775578856.csv,2524610074,1,Mix-45,train,train,test,train,train
C/10401/2524610082/1775578856.csv,2524610082,1,Mix-45,train,train,train,train,train
C/10401/2546610759/1775578856.csv,2546610759,1,Mix-45,train,train,train,train,train
C/10401/2548610286/1775578856.csv,2548610286,1,Mix-45,train,train,train,train,train
C/10402/2521610325/1775578874.csv,2521610325,2,Mix-45,train,train,train,train,train
C/10402/2523610003/1775578874.csv,2523610003,2,Mix-45,train,train,test,train,train
C/10402/2523610075/1775578874.csv,2523610075,2,Mix-45,train,train,train,train,train
C/10402/2523610126/1775578874.csv,2523610126,2,Mix-45,test,train,train,train,train
C/10402/2523610134/1775578874.csv,2523610134,2,Mix-45,test,train,train,train,train
C/10402/2523610432/1775578874.csv,2523610432,2,Mix-45,test,train,train,train,train
C/10402/2524610033/1775578875.csv,2524610033,2,Mix-45,train,train,train,train,train
C/10402/2524610041/1775578875.csv,2524610041,2,Mix-45,test,train,train,train,train
C/10402/2524610049/1775578876.csv,2524610049,2,Mix-45,train,train,train,train,train
C/10402/2524610074/1775578874.csv,2524610074,2,Mix-45,train,train,test,train,train
C/10402/2524610082/1775578874.csv,2524610082,2,Mix-45,train,train,train,train,train
C/10402/2546610759/1775578874.csv,2546610759,2,Mix-45,train,train,train,train,train
C/10402/2548610286/1775578874.csv,2548610286,2,Mix-45,train,train,train,train,train
C/10403/2521610325/1775578892.csv,2521610325,3,Mix-45,train,train,train,train,train
C/10403/2523610003/1775578892.csv,2523610003,3,Mix-45,train,train,test,train,train
C/10403/2523610075/1775578892.csv,2523610075,3,Mix-45,train,train,train,train,train
C/10403/2523610126/1775578892.csv,2523610126,3,Mix-45,test,train,train,train,train
C/10403/2523610134/1775578892.csv,2523610134,3,Mix-45,train,train,train,train,train
C/10403/2523610432/1775578892.csv,2523610432,3,Mix-45,train,train,train,train,train
C/10403/2524610033/1775578893.csv,2524610033,3,Mix-45,train,train,train,train,train
C/10403/2524610041/1775578891.csv,2524610041,3,Mix-45,test,train,train,train,train
C/10403/2524610049/1775578895.csv,2524610049,3,Mix-45,train,train,train,train,train
C/10403/2524610074/1775578892.csv,2524610074,3,Mix-45,train,train,test,train,train
C/10403/2524610082/1775578892.csv,2524610082,3,Mix-45,train,train,train,train,train
C/10403/2546610759/1775578892.csv,2546610759,3,Mix-45,train,train,train,train,train
C/10403/2548610286/1775578892.csv,2548610286,3,Mix-45,train,train,train,train,train
C/10404/2521610325/1775578911.csv,2521610325,4,Mix-45,train,test,train,train,train
C/10404/2523610003/1775578911.csv,2523610003,4,Mix-45,train,test,test,train,test
C/10404/2523610041/1775578912.csv,2523610041,4,Mix-45,train,test,train,train,train
C/10404/2523610075/1775578911.csv,2523610075,4,Mix-45,train,test,train,train,train
C/10404/2523610126/1775578911.csv,2523610126,4,Mix-45,train,test,train,train,train
C/10404/2523610134/1775578911.csv,2523610134,4,Mix-45,train,test,train,train,train
C/10404/2523610432/1775578911.csv,2523610432,4,Mix-45,train,test,train,train,train
C/10404/2524610033/1775578911.csv,2524610033,4,Mix-45,train,test,train,train,train
C/10404/2524610041/1775578910.csv,2524610041,4,Mix-45,train,test,train,train,train
C/10404/2524610049/1775578913.csv,2524610049,4,Mix-45,train,test,train,train,train
C/10404/2524610074/1775578911.csv,2524610074,4,Mix-45,train,test,test,train,test
C/10404/2524610082/1775578911.csv,2524610082,4,Mix-45,train,test,train,train,train
C/10404/2546610759/1775578911.csv,2546610759,4,Mix-45,train,test,train,train,train
C/10404/2548610286/1775578911.csv,2548610286,4,Mix-45,train,test,train,train,train
C/10405/2521610325/1775578929.csv,2521610325,5,Mix-45,train,test,train,train,train
C/10405/2523610003/1775578929.csv,2523610003,5,Mix-45,train,test,test,train,test
C/10405/2523610041/1775578930.csv,2523610041,5,Mix-45,train,test,train,train,train
C/10405/2523610075/1775578929.csv,2523610075,5,Mix-45,train,test,train,train,train
C/10405/2523610126/1775578929.csv,2523610126,5,Mix-45,train,test,train,train,train
C/10405/2523610134/1775578929.csv,2523610134,5,Mix-45,train,test,train,train,train
C/10405/2523610160/1775578929.csv,2523610160,5,Mix-45,train,test,train,train,train
C/10405/2523610432/1775578929.csv,2523610432,5,Mix-45,train,test,train,train,train
C/10405/2524610033/1775578929.csv,2524610033,5,Mix-45,train,test,train,train,train
C/10405/2524610041/1775578928.csv,2524610041,5,Mix-45,train,test,train,train,train
C/10405/2524610049/1775578929.csv,2524610049,5,Mix-45,test,test,train,train,train
C/10405/2524610074/1775578929.csv,2524610074,5,Mix-45,test,test,test,train,test
C/10405/2524610082/1775578929.csv,2524610082,5,Mix-45,train,test,train,train,train
C/10405/2546610759/1775578929.csv,2546610759,5,Mix-45,train,test,train,train,train
C/10405/2548610286/1775578929.csv,2548610286,5,Mix-45,train,test,train,train,train
C/10501/2521610325/1775578946.csv,2521610325,1,Mix-45,train,train,train,train,train
C/10501/2523610003/1775578946.csv,2523610003,1,Mix-45,train,train,test,train,train
C/10501/2523610041/1775578948.csv,2523610041,1,Mix-45,train,train,train,train,train
C/10501/2523610075/1775578947.csv,2523610075,1,Mix-45,train,train,train,train,train
C/10501/2523610126/1775578946.csv,2523610126,1,Mix-45,test,train,train,train,train
C/10501/2523610134/1775578947.csv,2523610134,1,Mix-45,train,train,train,train,train
C/10501/2523610160/1775578947.csv,2523610160,1,Mix-45,train,train,train,train,train
C/10501/2523610432/1775578946.csv,2523610432,1,Mix-45,train,train,train,train,train
C/10501/2524610033/1775578947.csv,2524610033,1,Mix-45,train,train,train,train,train
C/10501/2524610041/1775578946.csv,2524610041,1,Mix-45,train,train,train,train,train
C/10501/2524610049/1775578947.csv,2524610049,1,Mix-45,test,train,train,train,train
C/10501/2524610074/1775578946.csv,2524610074,1,Mix-45,train,train,test,train,train
C/10501/2524610082/1775578946.csv,2524610082,1,Mix-45,train,train,train,train,train
C/10501/2546610759/1775578946.csv,2546610759,1,Mix-45,train,train,train,train,train
C/10501/2548610286/1775578945.csv,2548610286,1,Mix-45,test,train,train,train,train
C/10502/2521610325/1775578964.csv,2521610325,2,Mix-45,test,train,train,train,train
C/10502/2523610003/1775578964.csv,2523610003,2,Mix-45,train,train,test,train,train
C/10502/2523610041/1775578966.csv,2523610041,2,Mix-45,train,train,train,train,train
C/10502/2523610075/1775578965.csv,2523610075,2,Mix-45,train,train,train,train,train
C/10502/2523610126/1775578964.csv,2523610126,2,Mix-45,test,train,train,train,train
C/10502/2523610134/1775578965.csv,2523610134,2,Mix-45,test,train,train,train,train
C/10502/2523610160/1775578965.csv,2523610160,2,Mix-45,test,train,train,train,train
C/10502/2523610432/1775578964.csv,2523610432,2,Mix-45,train,train,train,train,train
C/10502/2524610033/1775578965.csv,2524610033,2,Mix-45,train,train,train,train,train
C/10502/2524610041/1775578964.csv,2524610041,2,Mix-45,train,train,train,train,train
C/10502/2524610049/1775578969.csv,2524610049,2,Mix-45,train,train,train,train,train
C/10502/2524610074/1775578964.csv,2524610074,2,Mix-45,train,train,test,train,train
C/10502/2524610082/1775578964.csv,2524610082,2,Mix-45,train,train,train,train,train
C/10502/2546610759/1775578963.csv,2546610759,2,Mix-45,train,train,train,train,train
C/10502/2548610286/1775578963.csv,2548610286,2,Mix-45,test,train,train,train,train
C/10503/2521610325/1775578982.csv,2521610325,3,Mix-45,train,train,train,train,train
C/10503/2523610003/1775578982.csv,2523610003,3,Mix-45,test,train,test,train,train
C/10503/2523610041/1775578984.csv,2523610041,3,Mix-45,train,train,train,train,train
C/10503/2523610075/1775578983.csv,2523610075,3,Mix-45,train,train,train,train,train
C/10503/2523610126/1775578982.csv,2523610126,3,Mix-45,train,train,train,train,train
C/10503/2523610134/1775578983.csv,2523610134,3,Mix-45,train,train,train,train,train
C/10503/2523610160/1775578983.csv,2523610160,3,Mix-45,train,train,train,train,train
C/10503/2523610432/1775578982.csv,2523610432,3,Mix-45,train,train,train,train,train
C/10503/2524610033/1775578983.csv,2524610033,3,Mix-45,train,train,train,train,train
C/10503/2524610041/1775578982.csv,2524610041,3,Mix-45,test,train,train,train,train
C/10503/2524610049/1775578987.csv,2524610049,3,Mix-45,train,train,train,train,train
C/10503/2524610074/1775578982.csv,2524610074,3,Mix-45,test,train,test,train,train
C/10503/2524610082/1775578982.csv,2524610082,3,Mix-45,test,train,train,train,train
C/10503/2546610759/1775578982.csv,2546610759,3,Mix-45,test,train,train,train,train
C/10503/2548610286/1775578982.csv,2548610286,3,Mix-45,train,train,train,train,train
C/10504/2521610325/1775579000.csv,2521610325,4,Mix-45,test,test,train,train,train
C/10504/2523610003/1775579000.csv,2523610003,4,Mix-45,test,test,test,train,test
C/10504/2523610041/1775579002.csv,2523610041,4,Mix-45,test,test,train,train,train
C/10504/2523610075/1775579001.csv,2523610075,4,Mix-45,train,test,train,train,train
C/10504/2523610126/1775579000.csv,2523610126,4,Mix-45,train,test,train,train,train
C/10504/2523610134/1775579001.csv,2523610134,4,Mix-45,test,test,train,train,train
C/10504/2523610160/1775579001.csv,2523610160,4,Mix-45,train,test,train,train,train
C/10504/2523610432/1775579000.csv,2523610432,4,Mix-45,train,test,train,train,train
C/10504/2524610033/1775579001.csv,2524610033,4,Mix-45,train,test,train,train,train
C/10504/2524610041/1775579000.csv,2524610041,4,Mix-45,train,test,train,train,train
C/10504/2524610049/1775579005.csv,2524610049,4,Mix-45,train,test,train,train,train
C/10504/2524610074/1775579000.csv,2524610074,4,Mix-45,test,test,test,train,test
C/10504/2524610082/1775579000.csv,2524610082,4,Mix-45,test,test,train,train,train
C/10504/2546610759/1775579000.csv,2546610759,4,Mix-45,test,test,train,train,train
C/10504/2548610286/1775579000.csv,2548610286,4,Mix-45,train,test,train,train,train
C/10505/2521610325/1775579018.csv,2521610325,5,Mix-45,train,test,train,train,train
C/10505/2523610003/1775579018.csv,2523610003,5,Mix-45,train,test,test,train,test
C/10505/2523610041/1775579020.csv,2523610041,5,Mix-45,train,test,train,train,train
C/10505/2523610075/1775579019.csv,2523610075,5,Mix-45,train,test,train,train,train
C/10505/2523610126/1775579018.csv,2523610126,5,Mix-45,train,test,train,train,train
C/10505/2523610134/1775579019.csv,2523610134,5,Mix-45,test,test,train,train,train
C/10505/2523610160/1775579017.csv,2523610160,5,Mix-45,train,test,train,train,train
C/10505/2523610432/1775579018.csv,2523610432,5,Mix-45,train,test,train,train,train
C/10505/2524610033/1775579019.csv,2524610033,5,Mix-45,train,test,train,train,train
C/10505/2524610041/1775579018.csv,2524610041,5,Mix-45,train,test,train,train,train
C/10505/2524610074/1775579018.csv,2524610074,5,Mix-45,train,test,test,train,test
C/10505/2524610082/1775579018.csv,2524610082,5,Mix-45,train,test,train,train,train
C/10505/2546610759/1775579018.csv,2546610759,5,Mix-45,train,test,train,train,train
C/10505/2548610286/1775579018.csv,2548610286,5,Mix-45,train,test,train,train,train
C/10601/2521610325/1775579036.csv,2521610325,1,Mix-45,test,train,train,train,train
C/10601/2523610003/1775579036.csv,2523610003,1,Mix-45,train,train,test,train,train
C/10601/2523610041/1775579039.csv,2523610041,1,Mix-45,train,train,train,train,train
C/10601/2523610075/1775579037.csv,2523610075,1,Mix-45,train,train,train,train,train
C/10601/2523610126/1775579036.csv,2523610126,1,Mix-45,train,train,train,train,train
C/10601/2523610134/1775579037.csv,2523610134,1,Mix-45,train,train,train,train,train
C/10601/2523610160/1775579035.csv,2523610160,1,Mix-45,test,train,train,train,train
C/10601/2523610432/1775579036.csv,2523610432,1,Mix-45,test,train,train,train,train
C/10601/2524610033/1775579037.csv,2524610033,1,Mix-45,train,train,train,train,train
C/10601/2524610041/1775579036.csv,2524610041,1,Mix-45,train,train,train,train,train
C/10601/2524610074/1775579036.csv,2524610074,1,Mix-45,train,train,test,train,train
C/10601/2524610082/1775579036.csv,2524610082,1,Mix-45,train,train,train,train,train
C/10601/2546610759/1775579036.csv,2546610759,1,Mix-45,train,train,train,train,train
C/10601/2548610286/1775579036.csv,2548610286,1,Mix-45,test,train,train,train,train
C/10602/2521610325/1775579054.csv,2521610325,2,Mix-45,train,train,train,train,train
C/10602/2523610003/1775579054.csv,2523610003,2,Mix-45,train,train,test,train,train
C/10602/2523610041/1775579057.csv,2523610041,2,Mix-45,train,train,train,train,train
C/10602/2523610075/1775579055.csv,2523610075,2,Mix-45,train,train,train,train,train
C/10602/2523610126/1775579054.csv,2523610126,2,Mix-45,test,train,train,train,train
C/10602/2523610134/1775579055.csv,2523610134,2,Mix-45,train,train,train,train,train
C/10602/2523610432/1775579054.csv,2523610432,2,Mix-45,train,train,train,train,train
C/10602/2524610033/1775579055.csv,2524610033,2,Mix-45,train,train,train,train,train
C/10602/2524610041/1775579054.csv,2524610041,2,Mix-45,test,train,train,train,train
C/10602/2524610074/1775579054.csv,2524610074,2,Mix-45,train,train,test,train,train
C/10602/2524610082/1775579054.csv,2524610082,2,Mix-45,train,train,train,train,train
C/10602/2546610759/1775579054.csv,2546610759,2,Mix-45,train,train,train,train,train
C/10602/2548610286/1775579054.csv,2548610286,2,Mix-45,train,train,train,train,train
C/10603/2521610325/1775579072.csv,2521610325,3,Mix-45,test,train,train,train,train
C/10603/2523610003/1775579072.csv,2523610003,3,Mix-45,train,train,test,train,train
C/10603/2523610075/1775579073.csv,2523610075,3,Mix-45,train,train,train,train,train
C/10603/2523610126/1775579072.csv,2523610126,3,Mix-45,train,train,train,train,train
C/10603/2523610134/1775579073.csv,2523610134,3,Mix-45,train,train,train,train,train
C/10603/2523610432/1775579072.csv,2523610432,3,Mix-45,train,train,train,train,train
C/10603/2524610033/1775579073.csv,2524610033,3,Mix-45,test,train,train,train,train
C/10603/2524610041/1775579072.csv,2524610041,3,Mix-45,train,train,train,train,train
C/10603/2524610074/1775579072.csv,2524610074,3,Mix-45,train,train,test,train,train
C/10603/2524610082/1775579072.csv,2524610082,3,Mix-45,train,train,train,train,train
C/10603/2546610759/1775579072.csv,2546610759,3,Mix-45,train,train,train,train,train
C/10603/2548610286/1775579072.csv,2548610286,3,Mix-45,train,train,train,train,train
C/10604/2521610325/1775579090.csv,2521610325,4,Mix-45,train,test,train,train,train
C/10604/2523610003/1775579090.csv,2523610003,4,Mix-45,train,test,test,train,test
C/10604/2523610075/1775579091.csv,2523610075,4,Mix-45,train,test,train,train,train
C/10604/2523610126/1775579090.csv,2523610126,4,Mix-45,test,test,train,train,train
C/10604/2523610134/1775579090.csv,2523610134,4,Mix-45,train,test,train,train,train
C/10604/2523610432/1775579090.csv,2523610432,4,Mix-45,train,test,train,train,train
C/10604/2524610033/1775579091.csv,2524610033,4,Mix-45,train,test,train,train,train
C/10604/2524610041/1775579090.csv,2524610041,4,Mix-45,train,test,train,train,train
C/10604/2524610074/1775579090.csv,2524610074,4,Mix-45,train,test,test,train,test
C/10604/2524610082/1775579090.csv,2524610082,4,Mix-45,train,test,train,train,train
C/10604/2546610759/1775579090.csv,2546610759,4,Mix-45,train,test,train,train,train
C/10604/2548610286/1775579090.csv,2548610286,4,Mix-45,test,test,train,train,train
C/10605/2521610325/1775579108.csv,2521610325,5,Mix-45,test,test,train,train,train
C/10605/2523610003/1775579108.csv,2523610003,5,Mix-45,train,test,test,train,test
C/10605/2523610075/1775579109.csv,2523610075,5,Mix-45,test,test,train,train,train
C/10605/2523610126/1775579108.csv,2523610126,5,Mix-45,test,test,train,train,train
C/10605/2523610134/1775579108.csv,2523610134,5,Mix-45,train,test,train,train,train
C/10605/2523610432/1775579108.csv,2523610432,5,Mix-45,train,test,train,train,train
C/10605/2524610033/1775579109.csv,2524610033,5,Mix-45,train,test,train,train,train
C/10605/2524610041/1775579108.csv,2524610041,5,Mix-45,train,test,train,train,train
C/10605/2524610074/1775579108.csv,2524610074,5,Mix-45,train,test,test,train,test
C/10605/2524610082/1775579108.csv,2524610082,5,Mix-45,train,test,train,train,train
C/10605/2546610759/1775579108.csv,2546610759,5,Mix-45,test,test,train,train,train
C/10605/2548610286/1775579108.csv,2548610286,5,Mix-45,train,test,train,train,train
C/20001/2521610325/1775577996.csv,2521610325,1,Mix-45,train,train,train,train,train
C/20001/2523610126/1775577996.csv,2523610126,1,Mix-45,train,train,train,train,train
C/20001/2523610134/1775577996.csv,2523610134,1,Mix-45,train,train,train,train,train
C/20001/2523610432/1775577995.csv,2523610432,1,Mix-45,test,train,train,train,train
C/20001/2524610033/1775577996.csv,2524610033,1,Mix-45,train,train,train,train,train
C/20001/2524610041/1775577996.csv,2524610041,1,Mix-45,train,train,train,train,train
C/20001/2524610074/1775577996.csv,2524610074,1,Mix-45,train,train,test,train,train
C/20001/2524610082/1775577996.csv,2524610082,1,Mix-45,train,train,train,train,train
C/20001/2548610286/1775577996.csv,2548610286,1,Mix-45,train,train,train,train,train
C/20002/2521610325/1775578014.csv,2521610325,2,Mix-45,train,train,train,train,train
C/20002/2523610126/1775578014.csv,2523610126,2,Mix-45,train,train,train,train,train
C/20002/2523610134/1775578014.csv,2523610134,2,Mix-45,train,train,train,train,train
C/20002/2523610432/1775578013.csv,2523610432,2,Mix-45,train,train,train,train,train
C/20002/2524610033/1775578014.csv,2524610033,2,Mix-45,train,train,train,train,train
C/20002/2524610041/1775578014.csv,2524610041,2,Mix-45,train,train,train,train,train
C/20002/2524610074/1775578014.csv,2524610074,2,Mix-45,train,train,test,train,train
C/20002/2524610082/1775578014.csv,2524610082,2,Mix-45,train,train,train,train,train
C/20002/2548610286/1775578014.csv,2548610286,2,Mix-45,train,train,train,train,train
C/20003/2521610325/1775578032.csv,2521610325,3,Mix-45,train,train,train,train,train
C/20003/2523610041/1775578029.csv,2523610041,3,Mix-45,train,train,train,train,train
C/20003/2523610126/1775578032.csv,2523610126,3,Mix-45,train,train,train,train,train
C/20003/2523610134/1775578032.csv,2523610134,3,Mix-45,test,train,train,train,train
C/20003/2523610432/1775578031.csv,2523610432,3,Mix-45,train,train,train,train,train
C/20003/2524610033/1775578032.csv,2524610033,3,Mix-45,train,train,train,train,train
C/20003/2524610041/1775578032.csv,2524610041,3,Mix-45,train,train,train,train,train
C/20003/2524610074/1775578032.csv,2524610074,3,Mix-45,train,train,test,train,train
C/20003/2524610082/1775578032.csv,2524610082,3,Mix-45,train,train,train,train,train
C/20003/2548610286/1775578032.csv,2548610286,3,Mix-45,train,train,train,train,train
C/20004/2521610325/1775578050.csv,2521610325,4,Mix-45,train,test,train,train,train
C/20004/2523610041/1775578047.csv,2523610041,4,Mix-45,train,test,train,train,train
C/20004/2523610126/1775578050.csv,2523610126,4,Mix-45,train,test,train,train,train
C/20004/2523610134/1775578050.csv,2523610134,4,Mix-45,train,test,train,train,train
C/20004/2523610432/1775578049.csv,2523610432,4,Mix-45,train,test,train,train,train
C/20004/2524610033/1775578050.csv,2524610033,4,Mix-45,test,test,train,train,train
C/20004/2524610041/1775578050.csv,2524610041,4,Mix-45,train,test,train,train,train
C/20004/2524610074/1775578050.csv,2524610074,4,Mix-45,test,test,test,train,test
C/20004/2524610082/1775578050.csv,2524610082,4,Mix-45,train,test,train,train,train
C/20005/2521610325/1775578068.csv,2521610325,5,Mix-45,train,test,train,train,train
C/20005/2523610126/1775578068.csv,2523610126,5,Mix-45,train,test,train,train,train
C/20005/2523610134/1775578068.csv,2523610134,5,Mix-45,train,test,train,train,train
C/20005/2523610432/1775578067.csv,2523610432,5,Mix-45,train,test,train,train,train
C/20005/2524610033/1775578068.csv,2524610033,5,Mix-45,train,test,train,train,train
C/20005/2524610041/1775578068.csv,2524610041,5,Mix-45,train,test,train,train,train
C/20005/2524610074/1775578068.csv,2524610074,5,Mix-45,train,test,test,train,test
C/20005/2524610082/1775578068.csv,2524610082,5,Mix-45,test,test,train,train,train
C/20005/2548610286/1775578068.csv,2548610286,5,Mix-45,train,test,train,train,train
C/20104/2521610325/1775579182.csv,2521610325,4,Mix-45,train,test,train,train,train
C/30001/2521610325/1775578086.csv,2521610325,1,Mix-45,train,train,train,train,train
C/30001/2523610003/1775578086.csv,2523610003,1,Mix-45,train,train,test,train,train
C/30001/2523610075/1775578086.csv,2523610075,1,Mix-45,test,train,train,train,train
C/30001/2523610126/1775578085.csv,2523610126,1,Mix-45,train,train,train,train,train
C/30001/2523610134/1775578086.csv,2523610134,1,Mix-45,train,train,train,train,train
C/30001/2523610432/1775578085.csv,2523610432,1,Mix-45,train,train,train,train,train
C/30001/2524610033/1775578086.csv,2524610033,1,Mix-45,train,train,train,train,train
C/30001/2524610041/1775578086.csv,2524610041,1,Mix-45,train,train,train,train,train
C/30001/2524610074/1775578086.csv,2524610074,1,Mix-45,test,train,test,train,train
C/30001/2524610082/1775578086.csv,2524610082,1,Mix-45,train,train,train,train,train
C/30001/2546610759/1775578086.csv,2546610759,1,Mix-45,train,train,train,train,train
C/30001/2548610286/1775578086.csv,2548610286,1,Mix-45,train,train,train,train,train
C/30002/2521610325/1775578104.csv,2521610325,2,Mix-45,train,train,train,train,train
C/30002/2523610003/1775578104.csv,2523610003,2,Mix-45,test,train,test,train,train
C/30002/2523610041/1775578102.csv,2523610041,2,Mix-45,train,train,train,train,train
C/30002/2523610075/1775578104.csv,2523610075,2,Mix-45,train,train,train,train,train
C/30002/2523610126/1775578104.csv,2523610126,2,Mix-45,train,train,train,train,train
C/30002/2523610134/1775578104.csv,2523610134,2,Mix-45,train,train,train,train,train
C/30002/2523610432/1775578103.csv,2523610432,2,Mix-45,train,train,train,train,train
C/30002/2524610033/1775578104.csv,2524610033,2,Mix-45,train,train,train,train,train
C/30002/2524610041/1775578104.csv,2524610041,2,Mix-45,test,train,train,train,train
C/30002/2524610049/1775578101.csv,2524610049,2,Mix-45,train,train,train,train,train
C/30002/2524610074/1775578104.csv,2524610074,2,Mix-45,train,train,test,train,train
C/30002/2524610082/1775578104.csv,2524610082,2,Mix-45,train,train,train,train,train
C/30002/2546610759/1775578104.csv,2546610759,2,Mix-45,train,train,train,train,train
C/30002/2548610286/1775578104.csv,2548610286,2,Mix-45,train,train,train,train,train
C/30003/2521610325/1775578122.csv,2521610325,3,Mix-45,train,train,train,train,train
C/30003/2523610003/1775578122.csv,2523610003,3,Mix-45,train,train,test,train,train
C/30003/2523610041/1775578124.csv,2523610041,3,Mix-45,test,train,train,train,train
C/30003/2523610075/1775578122.csv,2523610075,3,Mix-45,train,train,train,train,train
C/30003/2523610126/1775578122.csv,2523610126,3,Mix-45,train,train,train,train,train
C/30003/2523610134/1775578122.csv,2523610134,3,Mix-45,train,train,train,train,train
C/30003/2523610432/1775578121.csv,2523610432,3,Mix-45,train,train,train,train,train
C/30003/2524610033/1775578122.csv,2524610033,3,Mix-45,train,train,train,train,train
C/30003/2524610041/1775578122.csv,2524610041,3,Mix-45,train,train,train,train,train
C/30003/2524610049/1775578122.csv,2524610049,3,Mix-45,train,train,train,train,train
C/30003/2524610074/1775578122.csv,2524610074,3,Mix-45,train,train,test,train,train
C/30003/2524610082/1775578122.csv,2524610082,3,Mix-45,test,train,train,train,train
C/30003/2546610759/1775578122.csv,2546610759,3,Mix-45,train,train,train,train,train
C/30003/2548610286/1775578122.csv,2548610286,3,Mix-45,train,train,train,train,train
C/30004/2521610325/1775578140.csv,2521610325,4,Mix-45,train,test,train,train,train
C/30004/2523610003/1775578140.csv,2523610003,4,Mix-45,train,test,test,train,test
C/30004/2523610041/1775578142.csv,2523610041,4,Mix-45,train,test,train,train,train
C/30004/2523610075/1775578140.csv,2523610075,4,Mix-45,train,test,train,train,train
C/30004/2523610126/1775578140.csv,2523610126,4,Mix-45,train,test,train,train,train
C/30004/2523610134/1775578140.csv,2523610134,4,Mix-45,train,test,train,train,train
C/30004/2523610160/1775578140.csv,2523610160,4,Mix-45,train,test,train,train,train
C/30004/2523610432/1775578139.csv,2523610432,4,Mix-45,test,test,train,train,train
C/30004/2524610033/1775578140.csv,2524610033,4,Mix-45,train,test,train,train,train
C/30004/2524610041/1775578140.csv,2524610041,4,Mix-45,train,test,train,train,train
C/30004/2524610049/1775578140.csv,2524610049,4,Mix-45,train,test,train,train,train
C/30004/2524610074/1775578140.csv,2524610074,4,Mix-45,train,test,test,train,test
C/30004/2524610082/1775578140.csv,2524610082,4,Mix-45,train,test,train,train,train
C/30004/2546610759/1775578140.csv,2546610759,4,Mix-45,train,test,train,train,train
C/30004/2548610286/1775578140.csv,2548610286,4,Mix-45,train,test,train,train,train
C/30005/2521610325/1775578158.csv,2521610325,5,Mix-45,train,test,train,train,train
C/30005/2523610003/1775578158.csv,2523610003,5,Mix-45,train,test,test,train,test
C/30005/2523610075/1775578158.csv,2523610075,5,Mix-45,train,test,train,train,train
C/30005/2523610126/1775578158.csv,2523610126,5,Mix-45,train,test,train,train,train
C/30005/2523610134/1775578158.csv,2523610134,5,Mix-45,train,test,train,train,train
C/30005/2523610160/1775578158.csv,2523610160,5,Mix-45,train,test,train,train,train
C/30005/2523610432/1775578157.csv,2523610432,5,Mix-45,train,test,train,train,train
C/30005/2524610033/1775578158.csv,2524610033,5,Mix-45,train,test,train,train,train
C/30005/2524610041/1775578158.csv,2524610041,5,Mix-45,train,test,train,train,train
C/30005/2524610074/1775578158.csv,2524610074,5,Mix-45,train,test,test,train,test
C/30005/2524610082/1775578158.csv,2524610082,5,Mix-45,train,test,train,train,train
C/30005/2546610759/1775578158.csv,2546610759,5,Mix-45,train,test,train,train,train
C/30005/2548610286/1775578158.csv,2548610286,5,Mix-45,train,test,train,train,train
C/30101/2521610325/1775579668.csv,2521610325,1,Mix-45,test,train,train,train,train
C/30101/2523610003/1775579668.csv,2523610003,1,Mix-45,train,train,test,train,train
C/30101/2523610075/1775579668.csv,2523610075,1,Mix-45,test,train,train,train,train
C/30101/2523610126/1775579668.csv,2523610126,1,Mix-45,train,train,train,train,train
C/30101/2523610134/1775579668.csv,2523610134,1,Mix-45,train,train,train,train,train
C/30101/2523610432/1775579668.csv,2523610432,1,Mix-45,train,train,train,train,train
C/30101/2524610033/1775579668.csv,2524610033,1,Mix-45,train,train,train,train,train
C/30101/2524610041/1775579668.csv,2524610041,1,Mix-45,train,train,train,train,train
C/30101/2524610049/1775579668.csv,2524610049,1,Mix-45,test,train,train,train,train
C/30101/2524610074/1775579668.csv,2524610074,1,Mix-45,train,train,test,train,train
C/30101/2524610082/1775579668.csv,2524610082,1,Mix-45,train,train,train,train,train
C/30101/2546610759/1775579668.csv,2546610759,1,Mix-45,train,train,train,train,train
C/30101/2548610286/1775579668.csv,2548610286,1,Mix-45,train,train,train,train,train
C/30102/2521610325/1775579686.csv,2521610325,2,Mix-45,train,train,train,train,train
C/30102/2523610003/1775579686.csv,2523610003,2,Mix-45,train,train,test,train,train
C/30102/2523610075/1775579686.csv,2523610075,2,Mix-45,train,train,train,train,train
C/30102/2523610126/1775579686.csv,2523610126,2,Mix-45,test,train,train,train,train
C/30102/2523610134/1775579686.csv,2523610134,2,Mix-45,test,train,train,train,train
C/30102/2523610432/1775579686.csv,2523610432,2,Mix-45,train,train,train,train,train
C/30102/2524610033/1775579686.csv,2524610033,2,Mix-45,train,train,train,train,train
C/30102/2524610041/1775579686.csv,2524610041,2,Mix-45,test,train,train,train,train
C/30102/2524610049/1775579686.csv,2524610049,2,Mix-45,train,train,train,train,train
C/30102/2524610074/1775579686.csv,2524610074,2,Mix-45,train,train,test,train,train
C/30102/2524610082/1775579686.csv,2524610082,2,Mix-45,train,train,train,train,train
C/30102/2546610759/1775579686.csv,2546610759,2,Mix-45,test,train,train,train,train
C/30102/2548610286/1775579686.csv,2548610286,2,Mix-45,test,train,train,train,train
C/30103/2521610325/1775579704.csv,2521610325,3,Mix-45,train,train,train,train,train
C/30103/2523610003/1775579704.csv,2523610003,3,Mix-45,train,train,test,train,train
C/30103/2523610075/1775579704.csv,2523610075,3,Mix-45,train,train,train,train,train
C/30103/2523610126/1775579704.csv,2523610126,3,Mix-45,train,train,train,train,train
C/30103/2523610134/1775579704.csv,2523610134,3,Mix-45,test,train,train,train,train
C/30103/2523610432/1775579704.csv,2523610432,3,Mix-45,train,train,train,train,train
C/30103/2524610033/1775579704.csv,2524610033,3,Mix-45,train,train,train,train,train
C/30103/2524610041/1775579704.csv,2524610041,3,Mix-45,train,train,train,train,train
C/30103/2524610049/1775579705.csv,2524610049,3,Mix-45,train,train,train,train,train
C/30103/2524610074/1775579704.csv,2524610074,3,Mix-45,test,train,test,train,train
C/30103/2524610082/1775579704.csv,2524610082,3,Mix-45,train,train,train,train,train
C/30103/2546610759/1775579704.csv,2546610759,3,Mix-45,test,train,train,train,train
C/30103/2548610286/1775579704.csv,2548610286,3,Mix-45,train,train,train,train,train
C/30104/2521610325/1775579722.csv,2521610325,4,Mix-45,train,test,train,train,train
C/30104/2523610003/1775579722.csv,2523610003,4,Mix-45,train,test,test,train,test
C/30104/2523610075/1775579722.csv,2523610075,4,Mix-45,train,test,train,train,train
C/30104/2523610126/1775579722.csv,2523610126,4,Mix-45,train,test,train,train,train
C/30104/2523610134/1775579722.csv,2523610134,4,Mix-45,train,test,train,train,train
C/30104/2523610432/1775579722.csv,2523610432,4,Mix-45,train,test,train,train,train
C/30104/2524610033/1775579722.csv,2524610033,4,Mix-45,train,test,train,train,train
C/30104/2524610041/1775579722.csv,2524610041,4,Mix-45,train,test,train,train,train
C/30104/2524610049/1775579723.csv,2524610049,4,Mix-45,train,test,train,train,train
C/30104/2524610074/1775579722.csv,2524610074,4,Mix-45,train,test,test,train,test
C/30104/2524610082/1775579722.csv,2524610082,4,Mix-45,train,test,train,train,train
C/30104/2546610759/1775579722.csv,2546610759,4,Mix-45,train,test,train,train,train
C/30104/2548610286/1775579722.csv,2548610286,4,Mix-45,train,test,train,train,train
C/30105/2521610325/1775579740.csv,2521610325,5,Mix-45,train,test,train,train,train
C/30105/2523610003/1775579740.csv,2523610003,5,Mix-45,train,test,test,train,test
C/30105/2523610075/1775579740.csv,2523610075,5,Mix-45,test,test,train,train,train
C/30105/2523610126/1775579740.csv,2523610126,5,Mix-45,train,test,train,train,train
C/30105/2523610134/1775579740.csv,2523610134,5,Mix-45,train,test,train,train,train
C/30105/2523610432/1775579740.csv,2523610432,5,Mix-45,test,test,train,train,train
C/30105/2524610033/1775579740.csv,2524610033,5,Mix-45,train,test,train,train,train
C/30105/2524610041/1775579740.csv,2524610041,5,Mix-45,test,test,train,train,train
C/30105/2524610049/1775579743.csv,2524610049,5,Mix-45,train,test,train,train,train
C/30105/2524610074/1775579740.csv,2524610074,5,Mix-45,test,test,test,train,test
C/30105/2524610082/1775579740.csv,2524610082,5,Mix-45,test,test,train,train,train
C/30105/2546610759/1775579740.csv,2546610759,5,Mix-45,test,test,train,train,train
C/30105/2548610286/1775579740.csv,2548610286,5,Mix-45,train,test,train,train,train
C/30201/2521610325/1775579758.csv,2521610325,1,Mix-45,train,train,train,train,train
C/30201/2523610003/1775579758.csv,2523610003,1,Mix-45,test,train,test,train,train
C/30201/2523610075/1775579758.csv,2523610075,1,Mix-45,train,train,train,train,train
C/30201/2523610126/1775579758.csv,2523610126,1,Mix-45,train,train,train,train,train
C/30201/2523610134/1775579758.csv,2523610134,1,Mix-45,test,train,train,train,train
C/30201/2523610432/1775579758.csv,2523610432,1,Mix-45,train,train,train,train,train
C/30201/2524610033/1775579758.csv,2524610033,1,Mix-45,train,train,train,train,train
C/30201/2524610041/1775579758.csv,2524610041,1,Mix-45,train,train,train,train,train
C/30201/2524610049/1775579761.csv,2524610049,1,Mix-45,train,train,train,train,train
C/30201/2524610074/1775579758.csv,2524610074,1,Mix-45,train,train,test,train,train
C/30201/2524610082/1775579758.csv,2524610082,1,Mix-45,train,train,train,train,train
C/30201/2546610759/1775579758.csv,2546610759,1,Mix-45,train,train,train,train,train
C/30201/2548610286/1775579758.csv,2548610286,1,Mix-45,test,train,train,train,train
C/30202/2521610325/1775579776.csv,2521610325,2,Mix-45,train,train,train,train,train
C/30202/2523610003/1775579776.csv,2523610003,2,Mix-45,train,train,test,train,train
C/30202/2523610075/1775579776.csv,2523610075,2,Mix-45,train,train,train,train,train
C/30202/2523610126/1775579776.csv,2523610126,2,Mix-45,test,train,train,train,train
C/30202/2523610134/1775579776.csv,2523610134,2,Mix-45,test,train,train,train,train
C/30202/2523610432/1775579776.csv,2523610432,2,Mix-45,train,train,train,train,train
C/30202/2524610033/1775579776.csv,2524610033,2,Mix-45,train,train,train,train,train
C/30202/2524610041/1775579776.csv,2524610041,2,Mix-45,train,train,train,train,train
C/30202/2524610074/1775579776.csv,2524610074,2,Mix-45,train,train,test,train,train
C/30202/2524610082/1775579776.csv,2524610082,2,Mix-45,train,train,train,train,train
C/30202/2546610759/1775579776.csv,2546610759,2,Mix-45,train,train,train,train,train
C/30202/2548610286/1775579776.csv,2548610286,2,Mix-45,train,train,train,train,train
C/30203/2521610325/1775579794.csv,2521610325,3,Mix-45,train,train,train,train,train
C/30203/2523610003/1775579794.csv,2523610003,3,Mix-45,train,train,test,train,train
C/30203/2523610075/1775579794.csv,2523610075,3,Mix-45,test,train,train,train,train
C/30203/2523610126/1775579794.csv,2523610126,3,Mix-45,train,train,train,train,train
C/30203/2523610134/1775579794.csv,2523610134,3,Mix-45,train,train,train,train,train
C/30203/2523610432/1775579794.csv,2523610432,3,Mix-45,train,train,train,train,train
C/30203/2524610033/1775579794.csv,2524610033,3,Mix-45,test,train,train,train,train
C/30203/2524610041/1775579794.csv,2524610041,3,Mix-45,train,train,train,train,train
C/30203/2524610074/1775579794.csv,2524610074,3,Mix-45,train,train,test,train,train
C/30203/2524610082/1775579794.csv,2524610082,3,Mix-45,train,train,train,train,train
C/30203/2546610759/1775579794.csv,2546610759,3,Mix-45,train,train,train,train,train
C/30203/2548610286/1775579794.csv,2548610286,3,Mix-45,test,train,train,train,train
C/30204/2521610325/1775579812.csv,2521610325,4,Mix-45,train,test,train,train,train
C/30204/2523610003/1775579812.csv,2523610003,4,Mix-45,train,test,test,train,test
C/30204/2523610075/1775579812.csv,2523610075,4,Mix-45,train,test,train,train,train
C/30204/2523610126/1775579812.csv,2523610126,4,Mix-45,train,test,train,train,train
C/30204/2523610134/1775579812.csv,2523610134,4,Mix-45,train,test,train,train,train
C/30204/2523610432/1775579812.csv,2523610432,4,Mix-45,train,test,train,train,train
C/30204/2524610033/1775579812.csv,2524610033,4,Mix-45,train,test,train,train,train
C/30204/2524610041/1775579812.csv,2524610041,4,Mix-45,train,test,train,train,train
C/30204/2524610074/1775579812.csv,2524610074,4,Mix-45,test,test,test,train,test
C/30204/2524610082/1775579812.csv,2524610082,4,Mix-45,test,test,train,train,train
C/30204/2546610759/1775579812.csv,2546610759,4,Mix-45,test,test,train,train,train
C/30204/2548610286/1775579812.csv,2548610286,4,Mix-45,train,test,train,train,train
C/30205/2521610325/1775579830.csv,2521610325,5,Mix-45,train,test,train,train,train
C/30205/2523610003/1775579830.csv,2523610003,5,Mix-45,train,test,test,train,test
C/30205/2523610041/1775579826.csv,2523610041,5,Mix-45,test,test,train,train,train
C/30205/2523610075/1775579830.csv,2523610075,5,Mix-45,train,test,train,train,train
C/30205/2523610126/1775579830.csv,2523610126,5,Mix-45,train,test,train,train,train
C/30205/2523610134/1775579830.csv,2523610134,5,Mix-45,train,test,train,train,train
C/30205/2523610432/1775579830.csv,2523610432,5,Mix-45,train,test,train,train,train
C/30205/2524610033/1775579830.csv,2524610033,5,Mix-45,test,test,train,train,train
C/30205/2524610041/1775579830.csv,2524610041,5,Mix-45,train,test,train,train,train
C/30205/2524610074/1775579830.csv,2524610074,5,Mix-45,train,test,test,train,test
C/30205/2524610082/1775579830.csv,2524610082,5,Mix-45,train,test,train,train,train
C/30205/2546610759/1775579830.csv,2546610759,5,Mix-45,train,test,train,train,train
C/30205/2548610286/1775579830.csv,2548610286,5,Mix-45,train,test,train,train,train
C/30301/2521610325/1775579848.csv,2521610325,1,Mix-45,test,train,train,train,train
C/30301/2523610003/1775579848.csv,2523610003,1,Mix-45,train,train,test,train,train
C/30301/2523610041/1775579844.csv,2523610041,1,Mix-45,train,train,train,train,train
C/30301/2523610075/1775579848.csv,2523610075,1,Mix-45,train,train,train,train,train
C/30301/2523610126/1775579848.csv,2523610126,1,Mix-45,train,train,train,train,train
C/30301/2523610134/1775579848.csv,2523610134,1,Mix-45,train,train,train,train,train
C/30301/2523610432/1775579848.csv,2523610432,1,Mix-45,train,train,train,train,train
C/30301/2524610033/1775579848.csv,2524610033,1,Mix-45,test,train,train,train,train
C/30301/2524610041/1775579848.csv,2524610041,1,Mix-45,train,train,train,train,train
C/30301/2524610074/1775579848.csv,2524610074,1,Mix-45,train,train,test,train,train
C/30301/2524610082/1775579848.csv,2524610082,1,Mix-45,train,train,train,train,train
C/30301/2546610759/1775579848.csv,2546610759,1,Mix-45,train,train,train,train,train
C/30301/2548610286/1775579848.csv,2548610286,1,Mix-45,train,train,train,train,train
C/30302/2521610325/1775579866.csv,2521610325,2,Mix-45,test,train,train,train,train
C/30302/2523610003/1775579866.csv,2523610003,2,Mix-45,train,train,test,train,train
C/30302/2523610041/1775579863.csv,2523610041,2,Mix-45,test,train,train,train,train
C/30302/2523610075/1775579866.csv,2523610075,2,Mix-45,train,train,train,train,train
C/30302/2523610126/1775579866.csv,2523610126,2,Mix-45,train,train,train,train,train
C/30302/2523610134/1775579866.csv,2523610134,2,Mix-45,train,train,train,train,train
C/30302/2523610160/1775579865.csv,2523610160,2,Mix-45,train,train,train,train,train
C/30302/2523610432/1775579866.csv,2523610432,2,Mix-45,test,train,train,train,train
C/30302/2524610033/1775579866.csv,2524610033,2,Mix-45,train,train,train,train,train
C/30302/2524610041/1775579866.csv,2524610041,2,Mix-45,train,train,train,train,train
C/30302/2524610049/1775579867.csv,2524610049,2,Mix-45,train,train,train,train,train
C/30302/2524610074/1775579866.csv,2524610074,2,Mix-45,test,train,test,train,train
C/30302/2524610082/1775579866.csv,2524610082,2,Mix-45,train,train,train,train,train
C/30302/2546610759/1775579866.csv,2546610759,2,Mix-45,train,train,train,train,train
C/30302/2548610286/1775579866.csv,2548610286,2,Mix-45,train,train,train,train,train
C/30303/2521610325/1775579884.csv,2521610325,3,Mix-45,test,train,train,train,train
C/30303/2523610003/1775579884.csv,2523610003,3,Mix-45,train,train,test,train,train
C/30303/2523610041/1775579881.csv,2523610041,3,Mix-45,train,train,train,train,train
C/30303/2523610041/1775579884.csv,2523610041,3,Mix-45,test,train,train,train,train
C/30303/2523610075/1775579884.csv,2523610075,3,Mix-45,train,train,train,train,train
C/30303/2523610126/1775579884.csv,2523610126,3,Mix-45,train,train,train,train,train
C/30303/2523610134/1775579884.csv,2523610134,3,Mix-45,train,train,train,train,train
C/30303/2523610160/1775579883.csv,2523610160,3,Mix-45,train,train,train,train,train
C/30303/2523610432/1775579884.csv,2523610432,3,Mix-45,train,train,train,train,train
C/30303/2524610033/1775579884.csv,2524610033,3,Mix-45,train,train,train,train,train
C/30303/2524610041/1775579884.csv,2524610041,3,Mix-45,train,train,train,train,train
C/30303/2524610049/1775579885.csv,2524610049,3,Mix-45,train,train,train,train,train
C/30303/2524610074/1775579884.csv,2524610074,3,Mix-45,train,train,test,train,train
C/30303/2524610082/1775579884.csv,2524610082,3,Mix-45,train,train,train,train,train
C/30303/2546610759/1775579884.csv,2546610759,3,Mix-45,test,train,train,train,train
C/30303/2548610286/1775579884.csv,2548610286,3,Mix-45,train,train,train,train,train
C/30304/2521610325/1775579902.csv,2521610325,4,Mix-45,train,test,train,train,train
C/30304/2523610003/1775579902.csv,2523610003,4,Mix-45,train,test,test,train,test
C/30304/2523610041/1775579902.csv,2523610041,4,Mix-45,train,test,train,train,train
C/30304/2523610075/1775579902.csv,2523610075,4,Mix-45,train,test,train,train,train
C/30304/2523610126/1775579902.csv,2523610126,4,Mix-45,train,test,train,train,train
C/30304/2523610134/1775579902.csv,2523610134,4,Mix-45,test,test,train,train,train
C/30304/2523610160/1775579901.csv,2523610160,4,Mix-45,train,test,train,train,train
C/30304/2523610432/1775579902.csv,2523610432,4,Mix-45,train,test,train,train,train
C/30304/2524610033/1775579902.csv,2524610033,4,Mix-45,train,test,train,train,train
C/30304/2524610041/1775579902.csv,2524610041,4,Mix-45,train,test,train,train,train
C/30304/2524610049/1775579906.csv,2524610049,4,Mix-45,train,test,train,train,train
C/30304/2524610074/1775579902.csv,2524610074,4,Mix-45,train,test,test,train,test
C/30304/2524610082/1775579902.csv,2524610082,4,Mix-45,test,test,train,train,train
C/30304/2546610759/1775579902.csv,2546610759,4,Mix-45,train,test,train,train,train
C/30304/2548610286/1775579902.csv,2548610286,4,Mix-45,train,test,train,train,train
C/30305/2521610325/1775579920.csv,2521610325,5,Mix-45,train,test,train,train,train
C/30305/2523610003/1775579920.csv,2523610003,5,Mix-45,train,test,test,train,test
C/30305/2523610041/1775579920.csv,2523610041,5,Mix-45,test,test,train,train,train
C/30305/2523610075/1775579920.csv,2523610075,5,Mix-45,train,test,train,train,train
C/30305/2523610126/1775579920.csv,2523610126,5,Mix-45,train,test,train,train,train
C/30305/2523610134/1775579920.csv,2523610134,5,Mix-45,train,test,train,train,train
C/30305/2523610160/1775579919.csv,2523610160,5,Mix-45,train,test,train,train,train
C/30305/2523610432/1775579920.csv,2523610432,5,Mix-45,train,test,train,train,train
C/30305/2524610033/1775579920.csv,2524610033,5,Mix-45,train,test,train,train,train
C/30305/2524610041/1775579920.csv,2524610041,5,Mix-45,train,test,train,train,train
C/30305/2524610049/1775579924.csv,2524610049,5,Mix-45,train,test,train,train,train
C/30305/2524610074/1775579920.csv,2524610074,5,Mix-45,train,test,test,train,test
C/30305/2524610082/1775579920.csv,2524610082,5,Mix-45,train,test,train,train,train
C/30305/2546610759/1775579920.csv,2546610759,5,Mix-45,train,test,train,train,train
C/30305/2548610286/1775579920.csv,2548610286,5,Mix-45,train,test,train,train,train
C/30401/2521610325/1775579938.csv,2521610325,1,Mix-45,train,train,train,train,train
C/30401/2523610003/1775579938.csv,2523610003,1,Mix-45,train,train,test,train,train
C/30401/2523610041/1775579938.csv,2523610041,1,Mix-45,test,train,train,train,train
C/30401/2523610075/1775579938.csv,2523610075,1,Mix-45,train,train,train,train,train
C/30401/2523610126/1775579938.csv,2523610126,1,Mix-45,train,train,train,train,train
C/30401/2523610134/1775579938.csv,2523610134,1,Mix-45,train,train,train,train,train
C/30401/2523610160/1775579937.csv,2523610160,1,Mix-45,train,train,train,train,train
C/30401/2523610432/1775579938.csv,2523610432,1,Mix-45,test,train,train,train,train
C/30401/2524610033/1775579938.csv,2524610033,1,Mix-45,train,train,train,train,train
C/30401/2524610041/1775579938.csv,2524610041,1,Mix-45,train,train,train,train,train
C/30401/2524610074/1775579938.csv,2524610074,1,Mix-45,test,train,test,train,train
C/30401/2524610082/1775579938.csv,2524610082,1,Mix-45,test,train,train,train,train
C/30401/2546610759/1775579938.csv,2546610759,1,Mix-45,test,train,train,train,train
C/30401/2548610286/1775579938.csv,2548610286,1,Mix-45,train,train,train,train,train
C/30402/2521610325/1775579956.csv,2521610325,2,Mix-45,train,train,train,train,train
C/30402/2523610003/1775579956.csv,2523610003,2,Mix-45,train,train,test,train,train
C/30402/2523610041/1775579957.csv,2523610041,2,Mix-45,train,train,train,train,train
C/30402/2523610075/1775579956.csv,2523610075,2,Mix-45,train,train,train,train,train
C/30402/2523610126/1775579956.csv,2523610126,2,Mix-45,train,train,train,train,train
C/30402/2523610134/1775579956.csv,2523610134,2,Mix-45,train,train,train,train,train
C/30402/2523610160/1775579956.csv,2523610160,2,Mix-45,train,train,train,train,train
C/30402/2523610432/1775579956.csv,2523610432,2,Mix-45,train,train,train,train,train
C/30402/2524610033/1775579956.csv,2524610033,2,Mix-45,train,train,train,train,train
C/30402/2524610041/1775579956.csv,2524610041,2,Mix-45,train,train,train,train,train
C/30402/2524610049/1775579956.csv,2524610049,2,Mix-45,train,train,train,train,train
C/30402/2524610074/1775579956.csv,2524610074,2,Mix-45,train,train,test,train,train
C/30402/2524610082/1775579956.csv,2524610082,2,Mix-45,train,train,train,train,train
C/30402/2546610759/1775579956.csv,2546610759,2,Mix-45,train,train,train,train,train
C/30402/2548610286/1775579956.csv,2548610286,2,Mix-45,train,train,train,train,train
C/30403/2521610325/1775579974.csv,2521610325,3,Mix-45,train,train,train,train,train
C/30403/2523610003/1775579974.csv,2523610003,3,Mix-45,train,train,test,train,train
C/30403/2523610041/1775579975.csv,2523610041,3,Mix-45,train,train,train,train,train
C/30403/2523610075/1775579974.csv,2523610075,3,Mix-45,train,train,train,train,train
C/30403/2523610126/1775579974.csv,2523610126,3,Mix-45,train,train,train,train,train
C/30403/2523610134/1775579974.csv,2523610134,3,Mix-45,test,train,train,train,train
C/30403/2523610160/1775579974.csv,2523610160,3,Mix-45,train,train,train,train,train
C/30403/2523610432/1775579974.csv,2523610432,3,Mix-45,train,train,train,train,train
C/30403/2524610033/1775579974.csv,2524610033,3,Mix-45,test,train,train,train,train
C/30403/2524610041/1775579974.csv,2524610041,3,Mix-45,test,train,train,train,train
C/30403/2524610049/1775579974.csv,2524610049,3,Mix-45,train,train,train,train,train
C/30403/2524610074/1775579974.csv,2524610074,3,Mix-45,train,train,test,train,train
C/30403/2524610082/1775579974.csv,2524610082,3,Mix-45,test,train,train,train,train
C/30403/2546610759/1775579974.csv,2546610759,3,Mix-45,train,train,train,train,train
C/30403/2548610286/1775579974.csv,2548610286,3,Mix-45,train,train,train,train,train
C/30404/2521610325/1775579992.csv,2521610325,4,Mix-45,train,test,train,train,train
C/30404/2523610003/1775579992.csv,2523610003,4,Mix-45,train,test,test,train,test
C/30404/2523610041/1775579993.csv,2523610041,4,Mix-45,train,test,train,train,train
C/30404/2523610075/1775579992.csv,2523610075,4,Mix-45,train,test,train,train,train
C/30404/2523610126/1775579992.csv,2523610126,4,Mix-45,train,test,train,train,train
C/30404/2523610134/1775579992.csv,2523610134,4,Mix-45,train,test,train,train,train
C/30404/2523610160/1775579990.csv,2523610160,4,Mix-45,train,test,train,train,train
C/30404/2523610432/1775579992.csv,2523610432,4,Mix-45,test,test,train,train,train
C/30404/2524610033/1775579992.csv,2524610033,4,Mix-45,train,test,train,train,train
C/30404/2524610041/1775579992.csv,2524610041,4,Mix-45,test,test,train,train,train
C/30404/2524610049/1775579992.csv,2524610049,4,Mix-45,test,test,train,train,train
C/30404/2524610074/1775579992.csv,2524610074,4,Mix-45,train,test,test,train,test
C/30404/2524610082/1775579992.csv,2524610082,4,Mix-45,train,test,train,train,train
C/30404/2546610759/1775579992.csv,2546610759,4,Mix-45,train,test,train,train,train
C/30404/2548610286/1775579992.csv,2548610286,4,Mix-45,test,test,train,train,train
C/30405/2521610325/1775580010.csv,2521610325,5,Mix-45,train,test,train,train,train
C/30405/2523610003/1775580010.csv,2523610003,5,Mix-45,train,test,test,train,test
C/30405/2523610041/1775580011.csv,2523610041,5,Mix-45,test,test,train,train,train
C/30405/2523610075/1775580010.csv,2523610075,5,Mix-45,train,test,train,train,train
C/30405/2523610126/1775580010.csv,2523610126,5,Mix-45,test,test,train,train,train
C/30405/2523610134/1775580010.csv,2523610134,5,Mix-45,train,test,train,train,train
C/30405/2523610160/1775580008.csv,2523610160,5,Mix-45,train,test,train,train,train
C/30405/2523610432/1775580010.csv,2523610432,5,Mix-45,train,test,train,train,train
C/30405/2524610033/1775580010.csv,2524610033,5,Mix-45,train,test,train,train,train
C/30405/2524610041/1775580010.csv,2524610041,5,Mix-45,train,test,train,train,train
C/30405/2524610049/1775580010.csv,2524610049,5,Mix-45,test,test,train,train,train
C/30405/2524610074/1775580010.csv,2524610074,5,Mix-45,train,test,test,train,test
C/30405/2524610082/1775580010.csv,2524610082,5,Mix-45,train,test,train,train,train
C/30405/2546610759/1775580010.csv,2546610759,5,Mix-45,test,test,train,train,train
C/30405/2548610286/1775580010.csv,2548610286,5,Mix-45,train,test,train,train,train
C/30501/2521610325/1775580028.csv,2521610325,1,Mix-45,train,train,train,train,train
C/30501/2523610003/1775580028.csv,2523610003,1,Mix-45,test,train,test,train,train
C/30501/2523610041/1775580030.csv,2523610041,1,Mix-45,train,train,train,train,train
C/30501/2523610075/1775580028.csv,2523610075,1,Mix-45,train,train,train,train,train
C/30501/2523610126/1775580028.csv,2523610126,1,Mix-45,train,train,train,train,train
C/30501/2523610134/1775580028.csv,2523610134,1,Mix-45,train,train,train,train,train
C/30501/2523610160/1775580026.csv,2523610160,1,Mix-45,train,train,train,train,train
C/30501/2523610432/1775580028.csv,2523610432,1,Mix-45,train,train,train,train,train
C/30501/2524610033/1775580028.csv,2524610033,1,Mix-45,train,train,train,train,train
C/30501/2524610041/1775580028.csv,2524610041,1,Mix-45,train,train,train,train,train
C/30501/2524610049/1775580029.csv,2524610049,1,Mix-45,train,train,train,train,train
C/30501/2524610074/1775580028.csv,2524610074,1,Mix-45,train,train,test,train,train
C/30501/2524610082/1775580028.csv,2524610082,1,Mix-45,train,train,train,train,train
C/30501/2546610759/1775580028.csv,2546610759,1,Mix-45,train,train,train,train,train
C/30501/2548610286/1775580028.csv,2548610286,1,Mix-45,train,train,train,train,train
C/30502/2521610325/1775580046.csv,2521610325,2,Mix-45,test,train,train,train,train
C/30502/2523610003/1775580046.csv,2523610003,2,Mix-45,train,train,test,train,train
C/30502/2523610041/1775580049.csv,2523610041,2,Mix-45,train,train,train,train,train
C/30502/2523610075/1775580046.csv,2523610075,2,Mix-45,train,train,train,train,train
C/30502/2523610126/1775580046.csv,2523610126,2,Mix-45,train,train,train,train,train
C/30502/2523610134/1775580046.csv,2523610134,2,Mix-45,test,train,train,train,train
C/30502/2523610160/1775580044.csv,2523610160,2,Mix-45,train,train,train,train,train
C/30502/2523610432/1775580046.csv,2523610432,2,Mix-45,train,train,train,train,train
C/30502/2524610033/1775580046.csv,2524610033,2,Mix-45,train,train,train,train,train
C/30502/2524610041/1775580045.csv,2524610041,2,Mix-45,train,train,train,train,train
C/30502/2524610049/1775580047.csv,2524610049,2,Mix-45,train,train,train,train,train
C/30502/2524610074/1775580046.csv,2524610074,2,Mix-45,test,train,test,train,train
C/30502/2524610082/1775580046.csv,2524610082,2,Mix-45,train,train,train,train,train
C/30502/2546610759/1775580046.csv,2546610759,2,Mix-45,train,train,train,train,train
C/30502/2548610286/1775580046.csv,2548610286,2,Mix-45,train,train,train,train,train
C/30503/2521610325/1775580064.csv,2521610325,3,Mix-45,train,train,train,train,train
C/30503/2523610003/1775580064.csv,2523610003,3,Mix-45,train,train,test,train,train
C/30503/2523610041/1775580068.csv,2523610041,3,Mix-45,train,train,train,train,train
C/30503/2523610075/1775580064.csv,2523610075,3,Mix-45,train,train,train,train,train
C/30503/2523610126/1775580064.csv,2523610126,3,Mix-45,train,train,train,train,train
C/30503/2523610134/1775580064.csv,2523610134,3,Mix-45,test,train,train,train,train
C/30503/2523610432/1775580064.csv,2523610432,3,Mix-45,train,train,train,train,train
C/30503/2524610033/1775580064.csv,2524610033,3,Mix-45,test,train,train,train,train
C/30503/2524610041/1775580063.csv,2524610041,3,Mix-45,train,train,train,train,train
C/30503/2524610049/1775580067.csv,2524610049,3,Mix-45,train,train,train,train,train
C/30503/2524610074/1775580064.csv,2524610074,3,Mix-45,test,train,test,train,train
C/30503/2524610082/1775580064.csv,2524610082,3,Mix-45,train,train,train,train,train
C/30503/2546610759/1775580064.csv,2546610759,3,Mix-45,train,train,train,train,train
C/30503/2548610286/1775580064.csv,2548610286,3,Mix-45,train,train,train,train,train
C/30504/2521610325/1775580082.csv,2521610325,4,Mix-45,train,test,train,train,train
C/30504/2523610003/1775580082.csv,2523610003,4,Mix-45,test,test,test,train,test
C/30504/2523610041/1775580086.csv,2523610041,4,Mix-45,train,test,train,train,train
C/30504/2523610075/1775580082.csv,2523610075,4,Mix-45,test,test,train,train,train
C/30504/2523610126/1775580082.csv,2523610126,4,Mix-45,train,test,train,train,train
C/30504/2523610134/1775580082.csv,2523610134,4,Mix-45,train,test,train,train,train
C/30504/2523610432/1775580082.csv,2523610432,4,Mix-45,train,test,train,train,train
C/30504/2524610033/1775580082.csv,2524610033,4,Mix-45,test,test,train,train,train
C/30504/2524610041/1775580081.csv,2524610041,4,Mix-45,train,test,train,train,train
C/30504/2524610049/1775580085.csv,2524610049,4,Mix-45,test,test,train,train,train
C/30504/2524610074/1775580082.csv,2524610074,4,Mix-45,train,test,test,train,test
C/30504/2524610082/1775580082.csv,2524610082,4,Mix-45,train,test,train,train,train
C/30504/2546610759/1775580082.csv,2546610759,4,Mix-45,train,test,train,train,train
C/30504/2548610286/1775580082.csv,2548610286,4,Mix-45,train,test,train,train,train
C/30505/2521610325/1775580100.csv,2521610325,5,Mix-45,test,test,train,train,train
C/30505/2523610003/1775580100.csv,2523610003,5,Mix-45,train,test,test,train,test
C/30505/2523610041/1775580104.csv,2523610041,5,Mix-45,train,test,train,train,train
C/30505/2523610075/1775580100.csv,2523610075,5,Mix-45,train,test,train,train,train
C/30505/2523610126/1775580100.csv,2523610126,5,Mix-45,train,test,train,train,train
C/30505/2523610134/1775580100.csv,2523610134,5,Mix-45,train,test,train,train,train
C/30505/2523610432/1775580100.csv,2523610432,5,Mix-45,test,test,train,train,train
C/30505/2524610033/1775580100.csv,2524610033,5,Mix-45,train,test,train,train,train
C/30505/2524610041/1775580099.csv,2524610041,5,Mix-45,train,test,train,train,train
C/30505/2524610049/1775580104.csv,2524610049,5,Mix-45,train,test,train,train,train
C/30505/2524610074/1775580100.csv,2524610074,5,Mix-45,train,test,test,train,test
C/30505/2524610082/1775580100.csv,2524610082,5,Mix-45,train,test,train,train,train
C/30505/2546610759/1775580100.csv,2546610759,5,Mix-45,train,test,train,train,train
C/30505/2548610286/1775580100.csv,2548610286,5,Mix-45,train,test,train,train,train
C/30601/2521610325/1775580118.csv,2521610325,1,Mix-45,train,train,train,train,train
C/30601/2523610003/1775580118.csv,2523610003,1,Mix-45,test,train,test,train,train
C/30601/2523610041/1775580122.csv,2523610041,1,Mix-45,test,train,train,train,train
C/30601/2523610075/1775580118.csv,2523610075,1,Mix-45,test,train,train,train,train
C/30601/2523610126/1775580118.csv,2523610126,1,Mix-45,train,train,train,train,train
C/30601/2523610134/1775580118.csv,2523610134,1,Mix-45,train,train,train,train,train
C/30601/2523610432/1775580118.csv,2523610432,1,Mix-45,train,train,train,train,train
C/30601/2524610033/1775580118.csv,2524610033,1,Mix-45,train,train,train,train,train
C/30601/2524610041/1775580117.csv,2524610041,1,Mix-45,train,train,train,train,train
C/30601/2524610049/1775580122.csv,2524610049,1,Mix-45,train,train,train,train,train
C/30601/2524610074/1775580118.csv,2524610074,1,Mix-45,test,train,test,train,train
C/30601/2524610082/1775580118.csv,2524610082,1,Mix-45,test,train,train,train,train
C/30601/2546610759/1775580118.csv,2546610759,1,Mix-45,train,train,train,train,train
C/30601/2548610286/1775580117.csv,2548610286,1,Mix-45,train,train,train,train,train
C/30602/2521610325/1775580136.csv,2521610325,2,Mix-45,train,train,train,train,train
C/30602/2523610003/1775580136.csv,2523610003,2,Mix-45,train,train,test,train,train
C/30602/2523610075/1775580136.csv,2523610075,2,Mix-45,test,train,train,train,train
C/30602/2523610126/1775580136.csv,2523610126,2,Mix-45,test,train,train,train,train
C/30602/2523610134/1775580136.csv,2523610134,2,Mix-45,train,train,train,train,train
C/30602/2523610432/1775580136.csv,2523610432,2,Mix-45,train,train,train,train,train
C/30602/2524610033/1775580136.csv,2524610033,2,Mix-45,train,train,train,train,train
C/30602/2524610041/1775580135.csv,2524610041,2,Mix-45,train,train,train,train,train
C/30602/2524610074/1775580136.csv,2524610074,2,Mix-45,train,train,test,train,train
C/30602/2524610082/1775580136.csv,2524610082,2,Mix-45,train,train,train,train,train
C/30602/2546610759/1775580136.csv,2546610759,2,Mix-45,train,train,train,train,train
C/30602/2548610286/1775580136.csv,2548610286,2,Mix-45,train,train,train,train,train
C/30603/2521610325/1775580154.csv,2521610325,3,Mix-45,train,train,train,train,train
C/30603/2523610003/1775580154.csv,2523610003,3,Mix-45,train,train,test,train,train
C/30603/2523610075/1775580154.csv,2523610075,3,Mix-45,train,train,train,train,train
C/30603/2523610126/1775580154.csv,2523610126,3,Mix-45,test,train,train,train,train
C/30603/2523610134/1775580154.csv,2523610134,3,Mix-45,train,train,train,train,train
C/30603/2523610432/1775580154.csv,2523610432,3,Mix-45,train,train,train,train,train
C/30603/2524610033/1775580154.csv,2524610033,3,Mix-45,train,train,train,train,train
C/30603/2524610041/1775580153.csv,2524610041,3,Mix-45,train,train,train,train,train
C/30603/2524610074/1775580154.csv,2524610074,3,Mix-45,train,train,test,train,train
C/30603/2524610082/1775580154.csv,2524610082,3,Mix-45,train,train,train,train,train
C/30603/2546610759/1775580154.csv,2546610759,3,Mix-45,train,train,train,train,train
C/30603/2548610286/1775580154.csv,2548610286,3,Mix-45,test,train,train,train,train
C/30604/2521610325/1775580172.csv,2521610325,4,Mix-45,train,test,train,train,train
C/30604/2523610003/1775580172.csv,2523610003,4,Mix-45,train,test,test,train,test
C/30604/2523610075/1775580172.csv,2523610075,4,Mix-45,test,test,train,train,train
C/30604/2523610126/1775580172.csv,2523610126,4,Mix-45,train,test,train,train,train
C/30604/2523610134/1775580172.csv,2523610134,4,Mix-45,train,test,train,train,train
C/30604/2523610432/1775580172.csv,2523610432,4,Mix-45,test,test,train,train,train
C/30604/2524610033/1775580172.csv,2524610033,4,Mix-45,train,test,train,train,train
C/30604/2524610041/1775580171.csv,2524610041,4,Mix-45,train,test,train,train,train
C/30604/2524610074/1775580172.csv,2524610074,4,Mix-45,train,test,test,train,test
C/30604/2524610082/1775580172.csv,2524610082,4,Mix-45,train,test,train,train,train
C/30604/2546610759/1775580172.csv,2546610759,4,Mix-45,test,test,train,train,train
C/30604/2548610286/1775580172.csv,2548610286,4,Mix-45,train,test,train,train,train
C/30605/2521610325/1775580190.csv,2521610325,5,Mix-45,train,test,train,train,train
C/30605/2523610003/1775580190.csv,2523610003,5,Mix-45,train,test,test,train,test
C/30605/2523610075/1775580190.csv,2523610075,5,Mix-45,train,test,train,train,train
C/30605/2523610126/1775580190.csv,2523610126,5,Mix-45,train,test,train,train,train
C/30605/2523610134/1775580190.csv,2523610134,5,Mix-45,train,test,train,train,train
C/30605/2523610432/1775580190.csv,2523610432,5,Mix-45,test,test,train,train,train
C/30605/2524610033/1775580190.csv,2524610033,5,Mix-45,train,test,train,train,train
C/30605/2524610041/1775580189.csv,2524610041,5,Mix-45,train,test,train,train,train
C/30605/2524610074/1775580190.csv,2524610074,5,Mix-45,train,test,test,train,test
C/30605/2524610082/1775580190.csv,2524610082,5,Mix-45,train,test,train,train,train
C/30605/2546610759/1775580190.csv,2546610759,5,Mix-45,train,test,train,train,train
C/30605/2548610286/1775580190.csv,2548610286,5,Mix-45,train,test,train,train,train
C/40001/2521610325/1775578176.csv,2521610325,1,Mix-45,train,train,train,train,train
C/40001/2523610003/1775578175.csv,2523610003,1,Mix-45,train,train,test,train,train
C/40001/2523610075/1775578176.csv,2523610075,1,Mix-45,test,train,train,train,train
C/40001/2523610126/1775578175.csv,2523610126,1,Mix-45,train,train,train,train,train
C/40001/2523610134/1775578175.csv,2523610134,1,Mix-45,train,train,train,train,train
C/40001/2523610432/1775578175.csv,2523610432,1,Mix-45,train,train,train,train,train
C/40001/2524610033/1775578175.csv,2524610033,1,Mix-45,train,train,train,train,train
C/40001/2524610041/1775578176.csv,2524610041,1,Mix-45,train,train,train,train,train
C/40001/2524610074/1775578176.csv,2524610074,1,Mix-45,train,train,test,train,train
C/40001/2524610082/1775578175.csv,2524610082,1,Mix-45,test,train,train,train,train
C/40001/2546610759/1775578175.csv,2546610759,1,Mix-45,train,train,train,train,train
C/40001/2548610286/1775578175.csv,2548610286,1,Mix-45,train,train,train,train,train
C/40002/2521610325/1775578193.csv,2521610325,2,Mix-45,test,train,train,train,train
C/40002/2523610003/1775578193.csv,2523610003,2,Mix-45,train,train,test,train,train
C/40002/2523610075/1775578194.csv,2523610075,2,Mix-45,train,train,train,train,train
C/40002/2523610126/1775578193.csv,2523610126,2,Mix-45,train,train,train,train,train
C/40002/2523610134/1775578193.csv,2523610134,2,Mix-45,train,train,train,train,train
C/40002/2523610432/1775578193.csv,2523610432,2,Mix-45,train,train,train,train,train
C/40002/2524610033/1775578193.csv,2524610033,2,Mix-45,test,train,train,train,train
C/40002/2524610041/1775578194.csv,2524610041,2,Mix-45,train,train,train,train,train
C/40002/2524610074/1775578193.csv,2524610074,2,Mix-45,train,train,test,train,train
C/40002/2524610082/1775578193.csv,2524610082,2,Mix-45,train,train,train,train,train
C/40002/2546610759/1775578193.csv,2546610759,2,Mix-45,test,train,train,train,train
C/40002/2548610286/1775578193.csv,2548610286,2,Mix-45,train,train,train,train,train
C/40003/2521610325/1775578212.csv,2521610325,3,Mix-45,test,train,train,train,train
C/40003/2523610003/1775578211.csv,2523610003,3,Mix-45,train,train,test,train,train
C/40003/2523610041/1775578212.csv,2523610041,3,Mix-45,train,train,train,train,train
C/40003/2523610075/1775578212.csv,2523610075,3,Mix-45,test,train,train,train,train
C/40003/2523610126/1775578211.csv,2523610126,3,Mix-45,train,train,train,train,train
C/40003/2523610134/1775578211.csv,2523610134,3,Mix-45,train,train,train,train,train
C/40003/2523610432/1775578211.csv,2523610432,3,Mix-45,test,train,train,train,train
C/40003/2524610033/1775578211.csv,2524610033,3,Mix-45,train,train,train,train,train
C/40003/2524610041/1775578212.csv,2524610041,3,Mix-45,train,train,train,train,train
C/40003/2524610049/1775578212.csv,2524610049,3,Mix-45,train,train,train,train,train
C/40003/2524610074/1775578212.csv,2524610074,3,Mix-45,train,train,test,train,train
C/40003/2524610082/1775578211.csv,2524610082,3,Mix-45,train,train,train,train,train
C/40003/2546610759/1775578211.csv,2546610759,3,Mix-45,train,train,train,train,train
C/40003/2548610286/1775578211.csv,2548610286,3,Mix-45,train,train,train,train,train
C/40004/2521610325/1775578229.csv,2521610325,4,Mix-45,test,test,train,train,train
C/40004/2523610003/1775578229.csv,2523610003,4,Mix-45,train,test,test,train,test
C/40004/2523610041/1775578230.csv,2523610041,4,Mix-45,train,test,train,train,train
C/40004/2523610075/1775578230.csv,2523610075,4,Mix-45,train,test,train,train,train
C/40004/2523610126/1775578229.csv,2523610126,4,Mix-45,test,test,train,train,train
C/40004/2523610134/1775578229.csv,2523610134,4,Mix-45,train,test,train,train,train
C/40004/2523610160/1775578227.csv,2523610160,4,Mix-45,test,test,train,train,train
C/40004/2523610432/1775578230.csv,2523610432,4,Mix-45,train,test,train,train,train
C/40004/2524610033/1775578229.csv,2524610033,4,Mix-45,train,test,train,train,train
C/40004/2524610041/1775578230.csv,2524610041,4,Mix-45,test,test,train,train,train
C/40004/2524610049/1775578227.csv,2524610049,4,Mix-45,test,test,train,train,train
C/40004/2524610049/1775578230.csv,2524610049,4,Mix-45,train,test,train,train,train
C/40004/2524610074/1775578230.csv,2524610074,4,Mix-45,train,test,test,train,test
C/40004/2524610082/1775578229.csv,2524610082,4,Mix-45,train,test,train,train,train
C/40004/2546610759/1775578229.csv,2546610759,4,Mix-45,train,test,train,train,train
C/40004/2548610286/1775578229.csv,2548610286,4,Mix-45,test,test,train,train,train
C/40005/2521610325/1775578248.csv,2521610325,5,Mix-45,test,test,train,train,train
C/40005/2523610003/1775578248.csv,2523610003,5,Mix-45,train,test,test,train,test
C/40005/2523610041/1775578248.csv,2523610041,5,Mix-45,train,test,train,train,train
C/40005/2523610075/1775578248.csv,2523610075,5,Mix-45,train,test,train,train,train
C/40005/2523610126/1775578248.csv,2523610126,5,Mix-45,train,test,train,train,train
C/40005/2523610134/1775578248.csv,2523610134,5,Mix-45,train,test,train,train,train
C/40005/2523610432/1775578248.csv,2523610432,5,Mix-45,train,test,train,train,train
C/40005/2524610033/1775578248.csv,2524610033,5,Mix-45,train,test,train,train,train
C/40005/2524610041/1775578248.csv,2524610041,5,Mix-45,train,test,train,train,train
C/40005/2524610049/1775578248.csv,2524610049,5,Mix-45,test,test,train,train,train
C/40005/2524610074/1775578248.csv,2524610074,5,Mix-45,train,test,test,train,test
C/40005/2524610082/1775578248.csv,2524610082,5,Mix-45,train,test,train,train,train
C/40005/2546610759/1775578248.csv,2546610759,5,Mix-45,train,test,train,train,train
C/40005/2548610286/1775578248.csv,2548610286,5,Mix-45,train,test,train,train,train
C/401/2521610325/1775560929.csv,2521610325,1,Mix-45,train,train,train,train,train
C/401/2521610325/1775560939.csv,2521610325,1,Mix-45,train,train,train,train,train
C/401/2521610325/1775560949.csv,2521610325,1,Mix-45,train,train,train,train,train
C/401/2521610325/1775560959.csv,2521610325,1,Mix-45,train,train,train,train,train
C/401/2521610325/1775560969.csv,2521610325,1,Mix-45,test,train,train,train,train
C/401/2521610325/1775560980.csv,2521610325,1,Mix-45,train,train,train,train,train
C/401/2523610003/1775560929.csv,2523610003,1,Mix-45,train,train,test,train,train
C/401/2523610003/1775560939.csv,2523610003,1,Mix-45,train,train,test,train,train
C/401/2523610003/1775560949.csv,2523610003,1,Mix-45,test,train,test,train,train
C/401/2523610003/1775560959.csv,2523610003,1,Mix-45,train,train,test,train,train
C/401/2523610003/1775560969.csv,2523610003,1,Mix-45,test,train,test,train,train
C/401/2523610003/1775560979.csv,2523610003,1,Mix-45,train,train,test,train,train
C/401/2523610041/1775560929.csv,2523610041,1,Mix-45,train,train,train,train,train
C/401/2523610041/1775560939.csv,2523610041,1,Mix-45,train,train,train,train,train
C/401/2523610041/1775560949.csv,2523610041,1,Mix-45,train,train,train,train,train
C/401/2523610041/1775560959.csv,2523610041,1,Mix-45,train,train,train,train,train
C/401/2523610041/1775560969.csv,2523610041,1,Mix-45,train,train,train,train,train
C/401/2523610041/1775560979.csv,2523610041,1,Mix-45,train,train,train,train,train
C/401/2523610075/1775560929.csv,2523610075,1,Mix-45,train,train,train,train,train
C/401/2523610126/1775560929.csv,2523610126,1,Mix-45,train,train,train,train,train
C/401/2523610126/1775560939.csv,2523610126,1,Mix-45,train,train,train,train,train
C/401/2523610126/1775560949.csv,2523610126,1,Mix-45,train,train,train,train,train
C/401/2523610126/1775560959.csv,2523610126,1,Mix-45,train,train,train,train,train
C/401/2523610126/1775560969.csv,2523610126,1,Mix-45,test,train,train,train,train
C/401/2523610126/1775560979.csv,2523610126,1,Mix-45,train,train,train,train,train
C/401/2523610134/1775560929.csv,2523610134,1,Mix-45,test,train,train,train,train
C/401/2523610134/1775560939.csv,2523610134,1,Mix-45,train,train,train,train,train
C/401/2523610134/1775560950.csv,2523610134,1,Mix-45,train,train,train,train,train
C/401/2523610134/1775560960.csv,2523610134,1,Mix-45,test,train,train,train,train
C/401/2523610134/1775560970.csv,2523610134,1,Mix-45,train,train,train,train,train
C/401/2523610134/1775560980.csv,2523610134,1,Mix-45,train,train,train,train,train
C/401/2523610432/1775560929.csv,2523610432,1,Mix-45,train,train,train,train,train
C/401/2523610432/1775560939.csv,2523610432,1,Mix-45,train,train,train,train,train
C/401/2523610432/1775560949.csv,2523610432,1,Mix-45,train,train,train,train,train
C/401/2523610432/1775560960.csv,2523610432,1,Mix-45,train,train,train,train,train
C/401/2523610432/1775560970.csv,2523610432,1,Mix-45,train,train,train,train,train
C/401/2523610432/1775560981.csv,2523610432,1,Mix-45,train,train,train,train,train
C/401/2524610033/1775560929.csv,2524610033,1,Mix-45,train,train,train,train,train
C/401/2524610033/1775560939.csv,2524610033,1,Mix-45,train,train,train,train,train
C/401/2524610033/1775560949.csv,2524610033,1,Mix-45,train,train,train,train,train
C/401/2524610033/1775560958.csv,2524610033,1,Mix-45,train,train,train,train,train
C/401/2524610033/1775560968.csv,2524610033,1,Mix-45,train,train,train,train,train
C/401/2524610033/1775560978.csv,2524610033,1,Mix-45,train,train,train,train,train
C/401/2524610041/1775560929.csv,2524610041,1,Mix-45,train,train,train,train,train
C/401/2524610041/1775560939.csv,2524610041,1,Mix-45,train,train,train,train,train
C/401/2524610041/1775560949.csv,2524610041,1,Mix-45,train,train,train,train,train
C/401/2524610041/1775560959.csv,2524610041,1,Mix-45,test,train,train,train,train
C/401/2524610041/1775560969.csv,2524610041,1,Mix-45,train,train,train,train,train
C/401/2524610041/1775560980.csv,2524610041,1,Mix-45,train,train,train,train,train
C/401/2524610074/1775560929.csv,2524610074,1,Mix-45,train,train,test,train,train
C/401/2524610074/1775560939.csv,2524610074,1,Mix-45,test,train,test,train,train
C/401/2524610074/1775560949.csv,2524610074,1,Mix-45,train,train,test,train,train
C/401/2524610074/1775560959.csv,2524610074,1,Mix-45,train,train,test,train,train
C/401/2524610074/1775560969.csv,2524610074,1,Mix-45,train,train,test,train,train
C/401/2524610074/1775560979.csv,2524610074,1,Mix-45,train,train,test,train,train
C/401/2524610082/1775560929.csv,2524610082,1,Mix-45,test,train,train,train,train
C/401/2524610082/1775560939.csv,2524610082,1,Mix-45,train,train,train,train,train
C/401/2524610082/1775560949.csv,2524610082,1,Mix-45,train,train,train,train,train
C/401/2524610082/1775560959.csv,2524610082,1,Mix-45,train,train,train,train,train
C/401/2524610082/1775560969.csv,2524610082,1,Mix-45,test,train,train,train,train
C/401/2524610082/1775560979.csv,2524610082,1,Mix-45,train,train,train,train,train
C/401/2546610759/1775560929.csv,2546610759,1,Mix-45,test,train,train,train,train
C/401/2546610759/1775560939.csv,2546610759,1,Mix-45,train,train,train,train,train
C/401/2546610759/1775560949.csv,2546610759,1,Mix-45,train,train,train,train,train
C/401/2546610759/1775560959.csv,2546610759,1,Mix-45,train,train,train,train,train
C/401/2546610759/1775560969.csv,2546610759,1,Mix-45,train,train,train,train,train
C/401/2546610759/1775560980.csv,2546610759,1,Mix-45,test,train,train,train,train
C/401/2548610286/1775560929.csv,2548610286,1,Mix-45,train,train,train,train,train
C/401/2548610286/1775560944.csv,2548610286,1,Mix-45,train,train,train,train,train
C/40101/2521610325/1775580208.csv,2521610325,1,Mix-45,train,train,train,train,train
C/40101/2523610003/1775580208.csv,2523610003,1,Mix-45,train,train,test,train,train
C/40101/2523610075/1775580208.csv,2523610075,1,Mix-45,train,train,train,train,train
C/40101/2523610126/1775580208.csv,2523610126,1,Mix-45,train,train,train,train,train
C/40101/2523610134/1775580208.csv,2523610134,1,Mix-45,train,train,train,train,train
C/40101/2523610432/1775580208.csv,2523610432,1,Mix-45,train,train,train,train,train
C/40101/2524610033/1775580208.csv,2524610033,1,Mix-45,train,train,train,train,train
C/40101/2524610041/1775580205.csv,2524610041,1,Mix-45,train,train,train,train,train
C/40101/2524610074/1775580208.csv,2524610074,1,Mix-45,train,train,test,train,train
C/40101/2524610082/1775580208.csv,2524610082,1,Mix-45,train,train,train,train,train
C/40101/2546610759/1775580208.csv,2546610759,1,Mix-45,train,train,train,train,train
C/40101/2548610286/1775580208.csv,2548610286,1,Mix-45,train,train,train,train,train
C/40102/2521610325/1775580226.csv,2521610325,2,Mix-45,train,train,train,train,train
C/40102/2523610003/1775580226.csv,2523610003,2,Mix-45,test,train,test,train,train
C/40102/2523610041/1775580226.csv,2523610041,2,Mix-45,train,train,train,train,train
C/40102/2523610075/1775580226.csv,2523610075,2,Mix-45,train,train,train,train,train
C/40102/2523610126/1775580226.csv,2523610126,2,Mix-45,train,train,train,train,train
C/40102/2523610134/1775580226.csv,2523610134,2,Mix-45,train,train,train,train,train
C/40102/2523610160/1775580224.csv,2523610160,2,Mix-45,train,train,train,train,train
C/40102/2523610432/1775580226.csv,2523610432,2,Mix-45,train,train,train,train,train
C/40102/2524610033/1775580226.csv,2524610033,2,Mix-45,train,train,train,train,train
C/40102/2524610041/1775580223.csv,2524610041,2,Mix-45,train,train,train,train,train
C/40102/2524610049/1775580225.csv,2524610049,2,Mix-45,train,train,train,train,train
C/40102/2524610074/1775580226.csv,2524610074,2,Mix-45,train,train,test,train,train
C/40102/2524610082/1775580226.csv,2524610082,2,Mix-45,train,train,train,train,train
C/40102/2546610759/1775580226.csv,2546610759,2,Mix-45,train,train,train,train,train
C/40102/2548610286/1775580226.csv,2548610286,2,Mix-45,train,train,train,train,train
C/40103/2521610325/1775580243.csv,2521610325,3,Mix-45,train,train,train,train,train
C/40103/2523610003/1775580243.csv,2523610003,3,Mix-45,test,train,test,train,train
C/40103/2523610041/1775580244.csv,2523610041,3,Mix-45,train,train,train,train,train
C/40103/2523610075/1775580243.csv,2523610075,3,Mix-45,train,train,train,train,train
C/40103/2523610126/1775580243.csv,2523610126,3,Mix-45,test,train,train,train,train
C/40103/2523610134/1775580243.csv,2523610134,3,Mix-45,train,train,train,train,train
C/40103/2523610160/1775580242.csv,2523610160,3,Mix-45,train,train,train,train,train
C/40103/2523610432/1775580242.csv,2523610432,3,Mix-45,train,train,train,train,train
C/40103/2524610033/1775580243.csv,2524610033,3,Mix-45,train,train,train,train,train
C/40103/2524610041/1775580242.csv,2524610041,3,Mix-45,train,train,train,train,train
C/40103/2524610049/1775580243.csv,2524610049,3,Mix-45,train,train,train,train,train
C/40103/2524610074/1775580242.csv,2524610074,3,Mix-45,train,train,test,train,train
C/40103/2524610082/1775580243.csv,2524610082,3,Mix-45,train,train,train,train,train
C/40103/2546610759/1775580243.csv,2546610759,3,Mix-45,train,train,train,train,train
C/40103/2548610286/1775580243.csv,2548610286,3,Mix-45,train,train,train,train,train
C/40104/2521610325/1775580261.csv,2521610325,4,Mix-45,train,test,train,train,train
C/40104/2523610003/1775580261.csv,2523610003,4,Mix-45,test,test,test,train,test
C/40104/2523610041/1775580263.csv,2523610041,4,Mix-45,train,test,train,train,train
C/40104/2523610075/1775580261.csv,2523610075,4,Mix-45,test,test,train,train,train
C/40104/2523610126/1775580261.csv,2523610126,4,Mix-45,train,test,train,train,train
C/40104/2523610134/1775580261.csv,2523610134,4,Mix-45,train,test,train,train,train
C/40104/2523610160/1775580260.csv,2523610160,4,Mix-45,train,test,train,train,train
C/40104/2523610432/1775580260.csv,2523610432,4,Mix-45,train,test,train,train,train
C/40104/2524610033/1775580261.csv,2524610033,4,Mix-45,train,test,train,train,train
C/40104/2524610041/1775580260.csv,2524610041,4,Mix-45,test,test,train,train,train
C/40104/2524610049/1775580263.csv,2524610049,4,Mix-45,train,test,train,train,train
C/40104/2524610074/1775580260.csv,2524610074,4,Mix-45,train,test,test,train,test
C/40104/2524610082/1775580261.csv,2524610082,4,Mix-45,train,test,train,train,train
C/40104/2546610759/1775580261.csv,2546610759,4,Mix-45,train,test,train,train,train
C/40104/2548610286/1775580261.csv,2548610286,4,Mix-45,train,test,train,train,train
C/40105/2521610325/1775580280.csv,2521610325,5,Mix-45,test,test,train,train,train
C/40105/2523610003/1775580280.csv,2523610003,5,Mix-45,train,test,test,train,test
C/40105/2523610041/1775580281.csv,2523610041,5,Mix-45,train,test,train,train,train
C/40105/2523610075/1775580280.csv,2523610075,5,Mix-45,train,test,train,train,train
C/40105/2523610126/1775580280.csv,2523610126,5,Mix-45,train,test,train,train,train
C/40105/2523610134/1775580280.csv,2523610134,5,Mix-45,test,test,train,train,train
C/40105/2523610160/1775580278.csv,2523610160,5,Mix-45,test,test,train,train,train
C/40105/2523610432/1775580279.csv,2523610432,5,Mix-45,train,test,train,train,train
C/40105/2524610033/1775580280.csv,2524610033,5,Mix-45,test,test,train,train,train
C/40105/2524610041/1775580279.csv,2524610041,5,Mix-45,train,test,train,train,train
C/40105/2524610049/1775580281.csv,2524610049,5,Mix-45,train,test,train,train,train
C/40105/2524610074/1775580279.csv,2524610074,5,Mix-45,train,test,test,train,test
C/40105/2524610082/1775580280.csv,2524610082,5,Mix-45,train,test,train,train,train
C/40105/2546610759/1775580280.csv,2546610759,5,Mix-45,train,test,train,train,train
C/40105/2548610286/1775580280.csv,2548610286,5,Mix-45,train,test,train,train,train
C/40201/2521610325/1775580298.csv,2521610325,1,Mix-45,train,train,train,test,train
C/40201/2523610003/1775580298.csv,2523610003,1,Mix-45,test,train,test,test,train
C/40201/2523610041/1775580299.csv,2523610041,1,Mix-45,test,train,train,test,train
C/40201/2523610075/1775580298.csv,2523610075,1,Mix-45,train,train,train,test,train
C/40201/2523610126/1775580298.csv,2523610126,1,Mix-45,train,train,train,test,train
C/40201/2523610134/1775580298.csv,2523610134,1,Mix-45,train,train,train,test,train
C/40201/2523610160/1775580298.csv,2523610160,1,Mix-45,train,train,train,test,train
C/40201/2523610432/1775580297.csv,2523610432,1,Mix-45,train,train,train,test,train
C/40201/2524610033/1775580298.csv,2524610033,1,Mix-45,train,train,train,test,train
C/40201/2524610041/1775580297.csv,2524610041,1,Mix-45,train,train,train,test,train
C/40201/2524610049/1775580299.csv,2524610049,1,Mix-45,train,train,train,test,train
C/40201/2524610074/1775580297.csv,2524610074,1,Mix-45,train,train,test,test,train
C/40201/2524610082/1775580298.csv,2524610082,1,Mix-45,train,train,train,test,train
C/40201/2546610759/1775580298.csv,2546610759,1,Mix-45,test,train,train,test,train
C/40201/2548610286/1775580298.csv,2548610286,1,Mix-45,train,train,train,test,train
C/40202/2521610325/1775580316.csv,2521610325,2,Mix-45,train,train,train,test,train
C/40202/2523610003/1775580316.csv,2523610003,2,Mix-45,train,train,test,test,train
C/40202/2523610041/1775580317.csv,2523610041,2,Mix-45,train,train,train,test,train
C/40202/2523610075/1775580316.csv,2523610075,2,Mix-45,train,train,train,test,train
C/40202/2523610126/1775580316.csv,2523610126,2,Mix-45,train,train,train,test,train
C/40202/2523610134/1775580316.csv,2523610134,2,Mix-45,train,train,train,test,train
C/40202/2523610160/1775580316.csv,2523610160,2,Mix-45,train,train,train,test,train
C/40202/2523610432/1775580316.csv,2523610432,2,Mix-45,train,train,train,test,train
C/40202/2524610033/1775580316.csv,2524610033,2,Mix-45,train,train,train,test,train
C/40202/2524610041/1775580315.csv,2524610041,2,Mix-45,train,train,train,test,train
C/40202/2524610049/1775580317.csv,2524610049,2,Mix-45,train,train,train,test,train
C/40202/2524610074/1775580316.csv,2524610074,2,Mix-45,train,train,test,test,train
C/40202/2524610082/1775580316.csv,2524610082,2,Mix-45,train,train,train,test,train
C/40202/2546610759/1775580316.csv,2546610759,2,Mix-45,train,train,train,test,train
C/40202/2548610286/1775580316.csv,2548610286,2,Mix-45,train,train,train,test,train
C/40203/2521610325/1775580334.csv,2521610325,3,Mix-45,train,train,train,test,train
C/40203/2523610003/1775580334.csv,2523610003,3,Mix-45,train,train,test,test,train
C/40203/2523610041/1775580336.csv,2523610041,3,Mix-45,train,train,train,test,train
C/40203/2523610075/1775580334.csv,2523610075,3,Mix-45,train,train,train,test,train
C/40203/2523610126/1775580334.csv,2523610126,3,Mix-45,train,train,train,test,train
C/40203/2523610134/1775580334.csv,2523610134,3,Mix-45,test,train,train,test,train
C/40203/2523610160/1775580334.csv,2523610160,3,Mix-45,test,train,train,test,train
C/40203/2523610432/1775580334.csv,2523610432,3,Mix-45,test,train,train,test,train
C/40203/2524610033/1775580334.csv,2524610033,3,Mix-45,train,train,train,test,train
C/40203/2524610041/1775580333.csv,2524610041,3,Mix-45,train,train,train,test,train
C/40203/2524610049/1775580337.csv,2524610049,3,Mix-45,train,train,train,test,train
C/40203/2524610074/1775580334.csv,2524610074,3,Mix-45,train,train,test,test,train
C/40203/2524610082/1775580334.csv,2524610082,3,Mix-45,train,train,train,test,train
C/40203/2546610759/1775580334.csv,2546610759,3,Mix-45,train,train,train,test,train
C/40203/2548610286/1775580334.csv,2548610286,3,Mix-45,train,train,train,test,train
C/40204/2521610325/1775580352.csv,2521610325,4,Mix-45,train,test,train,test,train
C/40204/2523610003/1775580352.csv,2523610003,4,Mix-45,train,test,test,test,test
C/40204/2523610041/1775580354.csv,2523610041,4,Mix-45,train,test,train,test,train
C/40204/2523610075/1775580352.csv,2523610075,4,Mix-45,test,test,train,test,train
C/40204/2523610126/1775580352.csv,2523610126,4,Mix-45,train,test,train,test,train
C/40204/2523610134/1775580352.csv,2523610134,4,Mix-45,train,test,train,test,train
C/40204/2523610160/1775580352.csv,2523610160,4,Mix-45,test,test,train,test,train
C/40204/2523610432/1775580352.csv,2523610432,4,Mix-45,train,test,train,test,train
C/40204/2524610033/1775580352.csv,2524610033,4,Mix-45,train,test,train,test,train
C/40204/2524610041/1775580351.csv,2524610041,4,Mix-45,train,test,train,test,train
C/40204/2524610049/1775580355.csv,2524610049,4,Mix-45,train,test,train,test,train
C/40204/2524610074/1775580352.csv,2524610074,4,Mix-45,train,test,test,test,test
C/40204/2524610082/1775580352.csv,2524610082,4,Mix-45,test,test,train,test,train
C/40204/2546610759/1775580352.csv,2546610759,4,Mix-45,train,test,train,test,train
C/40204/2548610286/1775580352.csv,2548610286,4,Mix-45,test,test,train,test,train
C/40205/2521610325/1775580370.csv,2521610325,5,Mix-45,test,test,train,test,train
C/40205/2523610003/1775580370.csv,2523610003,5,Mix-45,train,test,test,test,test
C/40205/2523610041/1775580372.csv,2523610041,5,Mix-45,train,test,train,test,train
C/40205/2523610075/1775580370.csv,2523610075,5,Mix-45,train,test,train,test,train
C/40205/2523610126/1775580370.csv,2523610126,5,Mix-45,train,test,train,test,train
C/40205/2523610134/1775580370.csv,2523610134,5,Mix-45,train,test,train,test,train
C/40205/2523610160/1775580370.csv,2523610160,5,Mix-45,train,test,train,test,train
C/40205/2523610432/1775580370.csv,2523610432,5,Mix-45,test,test,train,test,train
C/40205/2524610033/1775580370.csv,2524610033,5,Mix-45,train,test,train,test,train
C/40205/2524610041/1775580369.csv,2524610041,5,Mix-45,train,test,train,test,train
C/40205/2524610049/1775580374.csv,2524610049,5,Mix-45,train,test,train,test,train
C/40205/2524610074/1775580370.csv,2524610074,5,Mix-45,train,test,test,test,test
C/40205/2524610082/1775580370.csv,2524610082,5,Mix-45,train,test,train,test,train
C/40205/2546610759/1775580370.csv,2546610759,5,Mix-45,train,test,train,test,train
C/40205/2548610286/1775580370.csv,2548610286,5,Mix-45,train,test,train,test,train
C/40301/2521610325/1775580388.csv,2521610325,1,Mix-45,train,train,train,train,train
C/40301/2523610003/1775580388.csv,2523610003,1,Mix-45,train,train,test,train,train
C/40301/2523610041/1775580390.csv,2523610041,1,Mix-45,train,train,train,train,train
C/40301/2523610075/1775580388.csv,2523610075,1,Mix-45,train,train,train,train,train
C/40301/2523610126/1775580388.csv,2523610126,1,Mix-45,test,train,train,train,train
C/40301/2523610134/1775580388.csv,2523610134,1,Mix-45,train,train,train,train,train
C/40301/2523610160/1775580388.csv,2523610160,1,Mix-45,test,train,train,train,train
C/40301/2523610432/1775580388.csv,2523610432,1,Mix-45,train,train,train,train,train
C/40301/2524610033/1775580388.csv,2524610033,1,Mix-45,train,train,train,train,train
C/40301/2524610041/1775580387.csv,2524610041,1,Mix-45,train,train,train,train,train
C/40301/2524610049/1775580392.csv,2524610049,1,Mix-45,train,train,train,train,train
C/40301/2524610074/1775580388.csv,2524610074,1,Mix-45,train,train,test,train,train
C/40301/2524610082/1775580388.csv,2524610082,1,Mix-45,train,train,train,train,train
C/40301/2546610759/1775580388.csv,2546610759,1,Mix-45,test,train,train,train,train
C/40301/2548610286/1775580388.csv,2548610286,1,Mix-45,train,train,train,train,train
C/40302/2521610325/1775580406.csv,2521610325,2,Mix-45,train,train,train,train,train
C/40302/2523610003/1775580406.csv,2523610003,2,Mix-45,train,train,test,train,train
C/40302/2523610041/1775580409.csv,2523610041,2,Mix-45,train,train,train,train,train
C/40302/2523610075/1775580406.csv,2523610075,2,Mix-45,train,train,train,train,train
C/40302/2523610126/1775580406.csv,2523610126,2,Mix-45,train,train,train,train,train
C/40302/2523610134/1775580406.csv,2523610134,2,Mix-45,train,train,train,train,train
C/40302/2523610160/1775580406.csv,2523610160,2,Mix-45,train,train,train,train,train
C/40302/2523610432/1775580406.csv,2523610432,2,Mix-45,train,train,train,train,train
C/40302/2524610033/1775580406.csv,2524610033,2,Mix-45,train,train,train,train,train
C/40302/2524610041/1775580405.csv,2524610041,2,Mix-45,train,train,train,train,train
C/40302/2524610074/1775580406.csv,2524610074,2,Mix-45,train,train,test,train,train
C/40302/2524610082/1775580406.csv,2524610082,2,Mix-45,test,train,train,train,train
C/40302/2546610759/1775580406.csv,2546610759,2,Mix-45,train,train,train,train,train
C/40302/2548610286/1775580406.csv,2548610286,2,Mix-45,test,train,train,train,train
C/40303/2521610325/1775580424.csv,2521610325,3,Mix-45,train,train,train,train,train
C/40303/2523610003/1775580424.csv,2523610003,3,Mix-45,train,train,test,train,train
C/40303/2523610041/1775580427.csv,2523610041,3,Mix-45,train,train,train,train,train
C/40303/2523610075/1775580424.csv,2523610075,3,Mix-45,train,train,train,train,train
C/40303/2523610126/1775580424.csv,2523610126,3,Mix-45,train,train,train,train,train
C/40303/2523610134/1775580424.csv,2523610134,3,Mix-45,train,train,train,train,train
C/40303/2523610160/1775580424.csv,2523610160,3,Mix-45,train,train,train,train,train
C/40303/2523610432/1775580424.csv,2523610432,3,Mix-45,test,train,train,train,train
C/40303/2524610033/1775580424.csv,2524610033,3,Mix-45,train,train,train,train,train
C/40303/2524610041/1775580423.csv,2524610041,3,Mix-45,train,train,train,train,train
C/40303/2524610074/1775580424.csv,2524610074,3,Mix-45,train,train,test,train,train
C/40303/2524610082/1775580424.csv,2524610082,3,Mix-45,train,train,train,train,train
C/40303/2546610759/1775580424.csv,2546610759,3,Mix-45,train,train,train,train,train
C/40303/2548610286/1775580424.csv,2548610286,3,Mix-45,train,train,train,train,train
C/40304/2521610325/1775580442.csv,2521610325,4,Mix-45,train,test,train,train,train
C/40304/2523610003/1775580442.csv,2523610003,4,Mix-45,train,test,test,train,test
C/40304/2523610041/1775580442.csv,2523610041,4,Mix-45,train,test,train,train,train
C/40304/2523610075/1775580442.csv,2523610075,4,Mix-45,train,test,train,train,train
C/40304/2523610126/1775580442.csv,2523610126,4,Mix-45,train,test,train,train,train
C/40304/2523610134/1775580442.csv,2523610134,4,Mix-45,train,test,train,train,train
C/40304/2523610160/1775580442.csv,2523610160,4,Mix-45,train,test,train,train,train
C/40304/2523610432/1775580442.csv,2523610432,4,Mix-45,test,test,train,train,train
C/40304/2524610033/1775580442.csv,2524610033,4,Mix-45,train,test,train,train,train
C/40304/2524610041/1775580441.csv,2524610041,4,Mix-45,train,test,train,train,train
C/40304/2524610049/1775580442.csv,2524610049,4,Mix-45,test,test,train,train,train
C/40304/2524610074/1775580442.csv,2524610074,4,Mix-45,train,test,test,train,test
C/40304/2524610082/1775580442.csv,2524610082,4,Mix-45,train,test,train,train,train
C/40304/2546610759/1775580442.csv,2546610759,4,Mix-45,train,test,train,train,train
C/40304/2548610286/1775580442.csv,2548610286,4,Mix-45,test,test,train,train,train
C/40305/2521610325/1775580460.csv,2521610325,5,Mix-45,test,test,train,train,train
C/40305/2523610003/1775580460.csv,2523610003,5,Mix-45,train,test,test,train,test
C/40305/2523610041/1775580460.csv,2523610041,5,Mix-45,train,test,train,train,train
C/40305/2523610075/1775580460.csv,2523610075,5,Mix-45,train,test,train,train,train
C/40305/2523610126/1775580460.csv,2523610126,5,Mix-45,train,test,train,train,train
C/40305/2523610134/1775580460.csv,2523610134,5,Mix-45,train,test,train,train,train
C/40305/2523610160/1775580460.csv,2523610160,5,Mix-45,train,test,train,train,train
C/40305/2523610432/1775580460.csv,2523610432,5,Mix-45,train,test,train,train,train
C/40305/2524610033/1775580460.csv,2524610033,5,Mix-45,train,test,train,train,train
C/40305/2524610041/1775580459.csv,2524610041,5,Mix-45,train,test,train,train,train
C/40305/2524610049/1775580460.csv,2524610049,5,Mix-45,train,test,train,train,train
C/40305/2524610074/1775580460.csv,2524610074,5,Mix-45,test,test,test,train,test
C/40305/2524610082/1775580460.csv,2524610082,5,Mix-45,train,test,train,train,train
C/40305/2546610759/1775580460.csv,2546610759,5,Mix-45,train,test,train,train,train
C/40305/2548610286/1775580460.csv,2548610286,5,Mix-45,test,test,train,train,train
C/40401/2521610325/1775580478.csv,2521610325,1,Mix-45,train,train,train,train,train
C/40401/2523610003/1775580478.csv,2523610003,1,Mix-45,train,train,test,train,train
C/40401/2523610041/1775580478.csv,2523610041,1,Mix-45,test,train,train,train,train
C/40401/2523610075/1775580478.csv,2523610075,1,Mix-45,train,train,train,train,train
C/40401/2523610126/1775580478.csv,2523610126,1,Mix-45,train,train,train,train,train
C/40401/2523610134/1775580478.csv,2523610134,1,Mix-45,test,train,train,train,train
C/40401/2523610160/1775580478.csv,2523610160,1,Mix-45,train,train,train,train,train
C/40401/2523610432/1775580478.csv,2523610432,1,Mix-45,train,train,train,train,train
C/40401/2524610033/1775580478.csv,2524610033,1,Mix-45,test,train,train,train,train
C/40401/2524610041/1775580478.csv,2524610041,1,Mix-45,train,train,train,train,train
C/40401/2524610049/1775580479.csv,2524610049,1,Mix-45,test,train,train,train,train
C/40401/2524610074/1775580478.csv,2524610074,1,Mix-45,train,train,test,train,train
C/40401/2524610082/1775580478.csv,2524610082,1,Mix-45,train,train,train,train,train
C/40401/2546610759/1775580478.csv,2546610759,1,Mix-45,train,train,train,train,train
C/40401/2548610286/1775580478.csv,2548610286,1,Mix-45,train,train,train,train,train
C/40402/2521610325/1775580496.csv,2521610325,2,Mix-45,test,train,train,train,train
C/40402/2523610003/1775580496.csv,2523610003,2,Mix-45,train,train,test,train,train
C/40402/2523610041/1775580496.csv,2523610041,2,Mix-45,train,train,train,train,train
C/40402/2523610075/1775580496.csv,2523610075,2,Mix-45,train,train,train,train,train
C/40402/2523610126/1775580496.csv,2523610126,2,Mix-45,test,train,train,train,train
C/40402/2523610134/1775580496.csv,2523610134,2,Mix-45,train,train,train,train,train
C/40402/2523610160/1775580494.csv,2523610160,2,Mix-45,train,train,train,train,train
C/40402/2523610432/1775580496.csv,2523610432,2,Mix-45,train,train,train,train,train
C/40402/2524610033/1775580496.csv,2524610033,2,Mix-45,train,train,train,train,train
C/40402/2524610041/1775580496.csv,2524610041,2,Mix-45,test,train,train,train,train
C/40402/2524610049/1775580497.csv,2524610049,2,Mix-45,test,train,train,train,train
C/40402/2524610074/1775580496.csv,2524610074,2,Mix-45,train,train,test,train,train
C/40402/2524610082/1775580496.csv,2524610082,2,Mix-45,train,train,train,train,train
C/40402/2546610759/1775580496.csv,2546610759,2,Mix-45,train,train,train,train,train
C/40402/2548610286/1775580496.csv,2548610286,2,Mix-45,train,train,train,train,train
C/40403/2521610325/1775580514.csv,2521610325,3,Mix-45,train,train,train,train,train
C/40403/2523610003/1775580514.csv,2523610003,3,Mix-45,train,train,test,train,train
C/40403/2523610041/1775580514.csv,2523610041,3,Mix-45,train,train,train,train,train
C/40403/2523610075/1775580514.csv,2523610075,3,Mix-45,test,train,train,train,train
C/40403/2523610126/1775580514.csv,2523610126,3,Mix-45,train,train,train,train,train
C/40403/2523610134/1775580514.csv,2523610134,3,Mix-45,train,train,train,train,train
C/40403/2523610160/1775580512.csv,2523610160,3,Mix-45,train,train,train,train,train
C/40403/2523610432/1775580514.csv,2523610432,3,Mix-45,train,train,train,train,train
C/40403/2524610033/1775580514.csv,2524610033,3,Mix-45,train,train,train,train,train
C/40403/2524610041/1775580514.csv,2524610041,3,Mix-45,train,train,train,train,train
C/40403/2524610049/1775580516.csv,2524610049,3,Mix-45,train,train,train,train,train
C/40403/2524610074/1775580514.csv,2524610074,3,Mix-45,train,train,test,train,train
C/40403/2524610082/1775580514.csv,2524610082,3,Mix-45,test,train,train,train,train
C/40403/2546610759/1775580514.csv,2546610759,3,Mix-45,test,train,train,train,train
C/40403/2548610286/1775580514.csv,2548610286,3,Mix-45,train,train,train,train,train
C/40404/2521610325/1775580532.csv,2521610325,4,Mix-45,train,test,train,train,train
C/40404/2523610003/1775580532.csv,2523610003,4,Mix-45,train,test,test,train,test
C/40404/2523610041/1775580532.csv,2523610041,4,Mix-45,train,test,train,train,train
C/40404/2523610075/1775580532.csv,2523610075,4,Mix-45,test,test,train,train,train
C/40404/2523610126/1775580532.csv,2523610126,4,Mix-45,test,test,train,train,train
C/40404/2523610134/1775580532.csv,2523610134,4,Mix-45,train,test,train,train,train
C/40404/2523610432/1775580532.csv,2523610432,4,Mix-45,train,test,train,train,train
C/40404/2524610033/1775580532.csv,2524610033,4,Mix-45,train,test,train,train,train
C/40404/2524610041/1775580532.csv,2524610041,4,Mix-45,train,test,train,train,train
C/40404/2524610049/1775580534.csv,2524610049,4,Mix-45,test,test,train,train,train
C/40404/2524610074/1775580532.csv,2524610074,4,Mix-45,train,test,test,train,test
C/40404/2524610082/1775580532.csv,2524610082,4,Mix-45,train,test,train,train,train
C/40404/2546610759/1775580532.csv,2546610759,4,Mix-45,train,test,train,train,train
C/40404/2548610286/1775580532.csv,2548610286,4,Mix-45,train,test,train,train,train
C/40405/2521610325/1775580550.csv,2521610325,5,Mix-45,train,test,train,train,train
C/40405/2523610003/1775580550.csv,2523610003,5,Mix-45,test,test,test,train,test
C/40405/2523610075/1775580550.csv,2523610075,5,Mix-45,train,test,train,train,train
C/40405/2523610126/1775580550.csv,2523610126,5,Mix-45,train,test,train,train,train
C/40405/2523610134/1775580550.csv,2523610134,5,Mix-45,train,test,train,train,train
C/40405/2523610432/1775580550.csv,2523610432,5,Mix-45,train,test,train,train,train
C/40405/2524610033/1775580550.csv,2524610033,5,Mix-45,train,test,train,train,train
C/40405/2524610041/1775580550.csv,2524610041,5,Mix-45,train,test,train,train,train
C/40405/2524610074/1775580550.csv,2524610074,5,Mix-45,train,test,test,train,test
C/40405/2524610082/1775580550.csv,2524610082,5,Mix-45,train,test,train,train,train
C/40405/2546610759/1775580550.csv,2546610759,5,Mix-45,test,test,train,train,train
C/40405/2548610286/1775580550.csv,2548610286,5,Mix-45,train,test,train,train,train
C/40501/2521610325/1775580568.csv,2521610325,1,Mix-45,test,train,train,train,train
C/40501/2523610003/1775580568.csv,2523610003,1,Mix-45,train,train,test,train,train
C/40501/2523610041/1775580569.csv,2523610041,1,Mix-45,train,train,train,train,train
C/40501/2523610075/1775580568.csv,2523610075,1,Mix-45,train,train,train,train,train
C/40501/2523610126/1775580568.csv,2523610126,1,Mix-45,train,train,train,train,train
C/40501/2523610134/1775580568.csv,2523610134,1,Mix-45,train,train,train,train,train
C/40501/2523610160/1775580567.csv,2523610160,1,Mix-45,train,train,train,train,train
C/40501/2523610432/1775580568.csv,2523610432,1,Mix-45,train,train,train,train,train
C/40501/2524610033/1775580568.csv,2524610033,1,Mix-45,train,train,train,train,train
C/40501/2524610041/1775580568.csv,2524610041,1,Mix-45,train,train,train,train,train
C/40501/2524610049/1775580570.csv,2524610049,1,Mix-45,test,train,train,train,train
C/40501/2524610074/1775580568.csv,2524610074,1,Mix-45,train,train,test,train,train
C/40501/2524610082/1775580568.csv,2524610082,1,Mix-45,test,train,train,train,train
C/40501/2546610759/1775580568.csv,2546610759,1,Mix-45,test,train,train,train,train
C/40501/2548610286/1775580568.csv,2548610286,1,Mix-45,test,train,train,train,train
C/40502/2521610325/1775580586.csv,2521610325,2,Mix-45,train,train,train,train,train
C/40502/2523610003/1775580586.csv,2523610003,2,Mix-45,train,train,test,train,train
C/40502/2523610041/1775580587.csv,2523610041,2,Mix-45,train,train,train,train,train
C/40502/2523610075/1775580586.csv,2523610075,2,Mix-45,train,train,train,train,train
C/40502/2523610126/1775580586.csv,2523610126,2,Mix-45,train,train,train,train,train
C/40502/2523610134/1775580586.csv,2523610134,2,Mix-45,train,train,train,train,train
C/40502/2523610160/1775580585.csv,2523610160,2,Mix-45,train,train,train,train,train
C/40502/2523610432/1775580586.csv,2523610432,2,Mix-45,train,train,train,train,train
C/40502/2524610033/1775580586.csv,2524610033,2,Mix-45,train,train,train,train,train
C/40502/2524610041/1775580586.csv,2524610041,2,Mix-45,train,train,train,train,train
C/40502/2524610049/1775580588.csv,2524610049,2,Mix-45,test,train,train,train,train
C/40502/2524610074/1775580586.csv,2524610074,2,Mix-45,train,train,test,train,train
C/40502/2524610082/1775580586.csv,2524610082,2,Mix-45,train,train,train,train,train
C/40502/2546610759/1775580586.csv,2546610759,2,Mix-45,train,train,train,train,train
C/40502/2548610286/1775580586.csv,2548610286,2,Mix-45,train,train,train,train,train
C/40503/2521610325/1775580604.csv,2521610325,3,Mix-45,train,train,train,train,train
C/40503/2523610003/1775580604.csv,2523610003,3,Mix-45,train,train,test,train,train
C/40503/2523610075/1775580604.csv,2523610075,3,Mix-45,train,train,train,train,train
C/40503/2523610126/1775580604.csv,2523610126,3,Mix-45,train,train,train,train,train
C/40503/2523610134/1775580604.csv,2523610134,3,Mix-45,train,train,train,train,train
C/40503/2523610160/1775580601.csv,2523610160,3,Mix-45,train,train,train,train,train
C/40503/2523610432/1775580604.csv,2523610432,3,Mix-45,train,train,train,train,train
C/40503/2524610033/1775580604.csv,2524610033,3,Mix-45,train,train,train,train,train
C/40503/2524610041/1775580604.csv,2524610041,3,Mix-45,train,train,train,train,train
C/40503/2524610049/1775580607.csv,2524610049,3,Mix-45,train,train,train,train,train
C/40503/2524610074/1775580604.csv,2524610074,3,Mix-45,train,train,test,train,train
C/40503/2524610082/1775580604.csv,2524610082,3,Mix-45,train,train,train,train,train
C/40503/2546610759/1775580604.csv,2546610759,3,Mix-45,train,train,train,train,train
C/40503/2548610286/1775580604.csv,2548610286,3,Mix-45,test,train,train,train,train
C/40504/2521610325/1775580622.csv,2521610325,4,Mix-45,train,test,train,train,train
C/40504/2523610003/1775580622.csv,2523610003,4,Mix-45,train,test,test,train,test
C/40504/2523610075/1775580622.csv,2523610075,4,Mix-45,train,test,train,train,train
C/40504/2523610126/1775580622.csv,2523610126,4,Mix-45,test,test,train,train,train
C/40504/2523610134/1775580622.csv,2523610134,4,Mix-45,test,test,train,train,train
C/40504/2523610432/1775580622.csv,2523610432,4,Mix-45,train,test,train,train,train
C/40504/2524610033/1775580622.csv,2524610033,4,Mix-45,train,test,train,train,train
C/40504/2524610041/1775580622.csv,2524610041,4,Mix-45,train,test,train,train,train
C/40504/2524610049/1775580625.csv,2524610049,4,Mix-45,train,test,train,train,train
C/40504/2524610074/1775580622.csv,2524610074,4,Mix-45,train,test,test,train,test
C/40504/2524610082/1775580622.csv,2524610082,4,Mix-45,train,test,train,train,train
C/40504/2546610759/1775580622.csv,2546610759,4,Mix-45,test,test,train,train,train
C/40504/2548610286/1775580622.csv,2548610286,4,Mix-45,test,test,train,train,train
C/40505/2521610325/1775580640.csv,2521610325,5,Mix-45,train,test,train,train,train
C/40505/2523610003/1775580640.csv,2523610003,5,Mix-45,test,test,test,train,test
C/40505/2523610075/1775580640.csv,2523610075,5,Mix-45,train,test,train,train,train
C/40505/2523610126/1775580640.csv,2523610126,5,Mix-45,train,test,train,train,train
C/40505/2523610134/1775580640.csv,2523610134,5,Mix-45,test,test,train,train,train
C/40505/2523610432/1775580640.csv,2523610432,5,Mix-45,train,test,train,train,train
C/40505/2524610033/1775580640.csv,2524610033,5,Mix-45,train,test,train,train,train
C/40505/2524610041/1775580640.csv,2524610041,5,Mix-45,train,test,train,train,train
C/40505/2524610074/1775580640.csv,2524610074,5,Mix-45,train,test,test,train,test
C/40505/2524610082/1775580640.csv,2524610082,5,Mix-45,train,test,train,train,train
C/40505/2546610759/1775580640.csv,2546610759,5,Mix-45,train,test,train,train,train
C/40505/2548610286/1775580640.csv,2548610286,5,Mix-45,train,test,train,train,train
C/40601/2521610325/1775580658.csv,2521610325,1,Mix-45,train,train,train,train,train
C/40601/2523610003/1775580658.csv,2523610003,1,Mix-45,train,train,test,train,train
C/40601/2523610075/1775580658.csv,2523610075,1,Mix-45,train,train,train,train,train
C/40601/2523610126/1775580658.csv,2523610126,1,Mix-45,train,train,train,train,train
C/40601/2523610134/1775580658.csv,2523610134,1,Mix-45,train,train,train,train,train
C/40601/2523610432/1775580658.csv,2523610432,1,Mix-45,train,train,train,train,train
C/40601/2524610033/1775580658.csv,2524610033,1,Mix-45,train,train,train,train,train
C/40601/2524610041/1775580658.csv,2524610041,1,Mix-45,train,train,train,train,train
C/40601/2524610074/1775580658.csv,2524610074,1,Mix-45,test,train,test,train,train
C/40601/2524610082/1775580658.csv,2524610082,1,Mix-45,train,train,train,train,train
C/40601/2546610759/1775580658.csv,2546610759,1,Mix-45,train,train,train,train,train
C/40601/2548610286/1775580658.csv,2548610286,1,Mix-45,train,train,train,train,train
C/40602/2521610325/1775580676.csv,2521610325,2,Mix-45,train,train,train,train,train
C/40602/2523610003/1775580676.csv,2523610003,2,Mix-45,train,train,test,train,train
C/40602/2523610075/1775580676.csv,2523610075,2,Mix-45,train,train,train,train,train
C/40602/2523610126/1775580676.csv,2523610126,2,Mix-45,train,train,train,train,train
C/40602/2523610134/1775580676.csv,2523610134,2,Mix-45,test,train,train,train,train
C/40602/2523610432/1775580676.csv,2523610432,2,Mix-45,train,train,train,train,train
C/40602/2524610033/1775580676.csv,2524610033,2,Mix-45,test,train,train,train,train
C/40602/2524610041/1775580676.csv,2524610041,2,Mix-45,train,train,train,train,train
C/40602/2524610074/1775580676.csv,2524610074,2,Mix-45,test,train,test,train,train
C/40602/2524610082/1775580676.csv,2524610082,2,Mix-45,test,train,train,train,train
C/40602/2546610759/1775580676.csv,2546610759,2,Mix-45,train,train,train,train,train
C/40602/2548610286/1775580676.csv,2548610286,2,Mix-45,train,train,train,train,train
C/40603/2521610325/1775580694.csv,2521610325,3,Mix-45,train,train,train,train,train
C/40603/2523610003/1775580694.csv,2523610003,3,Mix-45,train,train,test,train,train
C/40603/2523610075/1775580694.csv,2523610075,3,Mix-45,train,train,train,train,train
C/40603/2523610126/1775580694.csv,2523610126,3,Mix-45,train,train,train,train,train
C/40603/2523610134/1775580694.csv,2523610134,3,Mix-45,test,train,train,train,train
C/40603/2523610160/1775580694.csv,2523610160,3,Mix-45,train,train,train,train,train
C/40603/2523610432/1775580694.csv,2523610432,3,Mix-45,train,train,train,train,train
C/40603/2524610033/1775580694.csv,2524610033,3,Mix-45,train,train,train,train,train
C/40603/2524610041/1775580694.csv,2524610041,3,Mix-45,train,train,train,train,train
C/40603/2524610074/1775580694.csv,2524610074,3,Mix-45,train,train,test,train,train
C/40603/2524610082/1775580694.csv,2524610082,3,Mix-45,train,train,train,train,train
C/40603/2546610759/1775580694.csv,2546610759,3,Mix-45,train,train,train,train,train
C/40603/2548610286/1775580694.csv,2548610286,3,Mix-45,train,train,train,train,train
C/40604/2521610325/1775580712.csv,2521610325,4,Mix-45,train,test,train,train,train
C/40604/2523610003/1775580712.csv,2523610003,4,Mix-45,train,test,test,train,test
C/40604/2523610041/1775580711.csv,2523610041,4,Mix-45,train,test,train,train,train
C/40604/2523610075/1775580712.csv,2523610075,4,Mix-45,train,test,train,train,train
C/40604/2523610126/1775580712.csv,2523610126,4,Mix-45,test,test,train,train,train
C/40604/2523610134/1775580712.csv,2523610134,4,Mix-45,test,test,train,train,train
C/40604/2523610160/1775580712.csv,2523610160,4,Mix-45,train,test,train,train,train
C/40604/2523610432/1775580712.csv,2523610432,4,Mix-45,train,test,train,train,train
C/40604/2524610033/1775580712.csv,2524610033,4,Mix-45,train,test,train,train,train
C/40604/2524610041/1775580712.csv,2524610041,4,Mix-45,train,test,train,train,train
C/40604/2524610074/1775580712.csv,2524610074,4,Mix-45,train,test,test,train,test
C/40604/2524610082/1775580712.csv,2524610082,4,Mix-45,train,test,train,train,train
C/40604/2546610759/1775580712.csv,2546610759,4,Mix-45,train,test,train,train,train
C/40604/2548610286/1775580712.csv,2548610286,4,Mix-45,train,test,train,train,train
C/40605/2521610325/1775580730.csv,2521610325,5,Mix-45,train,test,train,train,train
C/40605/2523610003/1775580730.csv,2523610003,5,Mix-45,train,test,test,train,test
C/40605/2523610041/1775580734.csv,2523610041,5,Mix-45,train,test,train,train,train
C/40605/2523610075/1775580730.csv,2523610075,5,Mix-45,train,test,train,train,train
C/40605/2523610126/1775580730.csv,2523610126,5,Mix-45,train,test,train,train,train
C/40605/2523610134/1775580730.csv,2523610134,5,Mix-45,train,test,train,train,train
C/40605/2523610432/1775580730.csv,2523610432,5,Mix-45,train,test,train,train,train
C/40605/2524610033/1775580730.csv,2524610033,5,Mix-45,train,test,train,train,train
C/40605/2524610041/1775580730.csv,2524610041,5,Mix-45,test,test,train,train,train
C/40605/2524610074/1775580730.csv,2524610074,5,Mix-45,train,test,test,train,test
C/40605/2524610082/1775580730.csv,2524610082,5,Mix-45,test,test,train,train,train
C/40605/2546610759/1775580730.csv,2546610759,5,Mix-45,train,test,train,train,train
C/40605/2548610286/1775580730.csv,2548610286,5,Mix-45,train,test,train,train,train
C/50001/2521610325/1775578266.csv,2521610325,1,Mix-45,train,train,train,train,train
C/50001/2523610003/1775578266.csv,2523610003,1,Mix-45,train,train,test,train,train
C/50001/2523610041/1775578266.csv,2523610041,1,Mix-45,train,train,train,train,train
C/50001/2523610075/1775578266.csv,2523610075,1,Mix-45,test,train,train,train,train
C/50001/2523610126/1775578266.csv,2523610126,1,Mix-45,train,train,train,train,train
C/50001/2523610134/1775578266.csv,2523610134,1,Mix-45,train,train,train,train,train
C/50001/2523610432/1775578266.csv,2523610432,1,Mix-45,train,train,train,train,train
C/50001/2524610033/1775578266.csv,2524610033,1,Mix-45,train,train,train,train,train
C/50001/2524610041/1775578266.csv,2524610041,1,Mix-45,train,train,train,train,train
C/50001/2524610049/1775578266.csv,2524610049,1,Mix-45,train,train,train,train,train
C/50001/2524610074/1775578266.csv,2524610074,1,Mix-45,train,train,test,train,train
C/50001/2524610082/1775578266.csv,2524610082,1,Mix-45,train,train,train,train,train
C/50001/2546610759/1775578266.csv,2546610759,1,Mix-45,train,train,train,train,train
C/50001/2548610286/1775578266.csv,2548610286,1,Mix-45,train,train,train,train,train
C/50002/2521610325/1775578283.csv,2521610325,2,Mix-45,test,train,train,train,train
C/50002/2523610003/1775578284.csv,2523610003,2,Mix-45,train,train,test,train,train
C/50002/2523610075/1775578284.csv,2523610075,2,Mix-45,train,train,train,train,train
C/50002/2523610126/1775578284.csv,2523610126,2,Mix-45,train,train,train,train,train
C/50002/2523610134/1775578284.csv,2523610134,2,Mix-45,train,train,train,train,train
C/50002/2523610432/1775578284.csv,2523610432,2,Mix-45,train,train,train,train,train
C/50002/2524610033/1775578284.csv,2524610033,2,Mix-45,train,train,train,train,train
C/50002/2524610041/1775578284.csv,2524610041,2,Mix-45,train,train,train,train,train
C/50002/2524610074/1775578284.csv,2524610074,2,Mix-45,train,train,test,train,train
C/50002/2524610082/1775578283.csv,2524610082,2,Mix-45,train,train,train,train,train
C/50002/2546610759/1775578284.csv,2546610759,2,Mix-45,train,train,train,train,train
C/50002/2548610286/1775578284.csv,2548610286,2,Mix-45,train,train,train,train,train
C/50003/2521610325/1775578302.csv,2521610325,3,Mix-45,train,train,train,train,train
C/50003/2523610003/1775578302.csv,2523610003,3,Mix-45,train,train,test,train,train
C/50003/2523610075/1775578302.csv,2523610075,3,Mix-45,train,train,train,train,train
C/50003/2523610126/1775578302.csv,2523610126,3,Mix-45,test,train,train,train,train
C/50003/2523610134/1775578302.csv,2523610134,3,Mix-45,train,train,train,train,train
C/50003/2523610160/1775578304.csv,2523610160,3,Mix-45,train,train,train,train,train
C/50003/2523610432/1775578302.csv,2523610432,3,Mix-45,train,train,train,train,train
C/50003/2524610033/1775578302.csv,2524610033,3,Mix-45,train,train,train,train,train
C/50003/2524610041/1775578302.csv,2524610041,3,Mix-45,train,train,train,train,train
C/50003/2524610074/1775578302.csv,2524610074,3,Mix-45,train,train,test,train,train
C/50003/2524610082/1775578302.csv,2524610082,3,Mix-45,train,train,train,train,train
C/50003/2546610759/1775578302.csv,2546610759,3,Mix-45,train,train,train,train,train
C/50003/2548610286/1775578302.csv,2548610286,3,Mix-45,train,train,train,train,train
C/50004/2521610325/1775578320.csv,2521610325,4,Mix-45,test,test,train,train,train
C/50004/2523610003/1775578320.csv,2523610003,4,Mix-45,train,test,test,train,test
C/50004/2523610041/1775578318.csv,2523610041,4,Mix-45,train,test,train,train,train
C/50004/2523610075/1775578320.csv,2523610075,4,Mix-45,train,test,train,train,train
C/50004/2523610126/1775578320.csv,2523610126,4,Mix-45,test,test,train,train,train
C/50004/2523610134/1775578320.csv,2523610134,4,Mix-45,train,test,train,train,train
C/50004/2523610160/1775578322.csv,2523610160,4,Mix-45,test,test,train,train,train
C/50004/2523610432/1775578320.csv,2523610432,4,Mix-45,test,test,train,train,train
C/50004/2524610033/1775578320.csv,2524610033,4,Mix-45,train,test,train,train,train
C/50004/2524610041/1775578320.csv,2524610041,4,Mix-45,train,test,train,train,train
C/50004/2524610074/1775578320.csv,2524610074,4,Mix-45,train,test,test,train,test
C/50004/2524610082/1775578320.csv,2524610082,4,Mix-45,train,test,train,train,train
C/50004/2546610759/1775578320.csv,2546610759,4,Mix-45,train,test,train,train,train
C/50004/2548610286/1775578320.csv,2548610286,4,Mix-45,test,test,train,train,train
C/50005/2521610325/1775578338.csv,2521610325,5,Mix-45,train,test,train,train,train
C/50005/2523610003/1775578338.csv,2523610003,5,Mix-45,train,test,test,train,test
C/50005/2523610041/1775578336.csv,2523610041,5,Mix-45,train,test,train,train,train
C/50005/2523610075/1775578338.csv,2523610075,5,Mix-45,train,test,train,train,train
C/50005/2523610126/1775578338.csv,2523610126,5,Mix-45,test,test,train,train,train
C/50005/2523610134/1775578338.csv,2523610134,5,Mix-45,train,test,train,train,train
C/50005/2523610160/1775578340.csv,2523610160,5,Mix-45,train,test,train,train,train
C/50005/2523610432/1775578338.csv,2523610432,5,Mix-45,test,test,train,train,train
C/50005/2524610033/1775578338.csv,2524610033,5,Mix-45,test,test,train,train,train
C/50005/2524610041/1775578338.csv,2524610041,5,Mix-45,train,test,train,train,train
C/50005/2524610074/1775578338.csv,2524610074,5,Mix-45,train,test,test,train,test
C/50005/2524610082/1775578338.csv,2524610082,5,Mix-45,train,test,train,train,train
C/50005/2546610759/1775578338.csv,2546610759,5,Mix-45,train,test,train,train,train
C/50005/2548610286/1775578338.csv,2548610286,5,Mix-45,train,test,train,train,train
C/501/2524610033/1775561004.csv,2524610033,1,Mix-45,train,train,train,test,train
C/501/2524610033/1775561014.csv,2524610033,1,Mix-45,test,train,train,test,train
C/501/2524610033/1775561025.csv,2524610033,1,Mix-45,train,train,train,test,train
C/501/2524610033/1775561035.csv,2524610033,1,Mix-45,test,train,train,test,train
C/501/2524610033/1775561045.csv,2524610033,1,Mix-45,test,train,train,test,train
C/501/2524610033/1775561056.csv,2524610033,1,Mix-45,train,train,train,test,train
C/50101/2521610325/1775580748.csv,2521610325,1,Mix-45,train,train,train,train,train
C/50101/2523610003/1775580748.csv,2523610003,1,Mix-45,train,train,test,train,train
C/50101/2523610041/1775580752.csv,2523610041,1,Mix-45,train,train,train,train,train
C/50101/2523610075/1775580748.csv,2523610075,1,Mix-45,train,train,train,train,train
C/50101/2523610126/1775580748.csv,2523610126,1,Mix-45,train,train,train,train,train
C/50101/2523610134/1775580748.csv,2523610134,1,Mix-45,train,train,train,train,train
C/50101/2523610432/1775580748.csv,2523610432,1,Mix-45,train,train,train,train,train
C/50101/2524610033/1775580748.csv,2524610033,1,Mix-45,train,train,train,train,train
C/50101/2524610041/1775580748.csv,2524610041,1,Mix-45,train,train,train,train,train
C/50101/2524610049/1775580745.csv,2524610049,1,Mix-45,train,train,train,train,train
C/50101/2524610074/1775580748.csv,2524610074,1,Mix-45,train,train,test,train,train
C/50101/2524610082/1775580748.csv,2524610082,1,Mix-45,test,train,train,train,train
C/50101/2546610759/1775580748.csv,2546610759,1,Mix-45,test,train,train,train,train
C/50101/2548610286/1775580748.csv,2548610286,1,Mix-45,train,train,train,train,train
C/50102/2521610325/1775580766.csv,2521610325,2,Mix-45,train,train,train,train,train
C/50102/2523610003/1775580766.csv,2523610003,2,Mix-45,train,train,test,train,train
C/50102/2523610075/1775580766.csv,2523610075,2,Mix-45,train,train,train,train,train
C/50102/2523610126/1775580766.csv,2523610126,2,Mix-45,train,train,train,train,train
C/50102/2523610134/1775580766.csv,2523610134,2,Mix-45,train,train,train,train,train
C/50102/2523610432/1775580766.csv,2523610432,2,Mix-45,test,train,train,train,train
C/50102/2524610033/1775580766.csv,2524610033,2,Mix-45,train,train,train,train,train
C/50102/2524610041/1775580766.csv,2524610041,2,Mix-45,train,train,train,train,train
C/50102/2524610049/1775580763.csv,2524610049,2,Mix-45,test,train,train,train,train
C/50102/2524610074/1775580766.csv,2524610074,2,Mix-45,train,train,test,train,train
C/50102/2524610082/1775580766.csv,2524610082,2,Mix-45,train,train,train,train,train
C/50102/2546610759/1775580766.csv,2546610759,2,Mix-45,test,train,train,train,train
C/50102/2548610286/1775580766.csv,2548610286,2,Mix-45,train,train,train,train,train
C/50103/2521610325/1775580784.csv,2521610325,3,Mix-45,train,train,train,train,train
C/50103/2523610003/1775580784.csv,2523610003,3,Mix-45,train,train,test,train,train
C/50103/2523610075/1775580784.csv,2523610075,3,Mix-45,test,train,train,train,train
C/50103/2523610126/1775580784.csv,2523610126,3,Mix-45,train,train,train,train,train
C/50103/2523610134/1775580784.csv,2523610134,3,Mix-45,train,train,train,train,train
C/50103/2523610432/1775580784.csv,2523610432,3,Mix-45,train,train,train,train,train
C/50103/2524610033/1775580784.csv,2524610033,3,Mix-45,train,train,train,train,train
C/50103/2524610041/1775580784.csv,2524610041,3,Mix-45,train,train,train,train,train
C/50103/2524610049/1775580784.csv,2524610049,3,Mix-45,train,train,train,train,train
C/50103/2524610074/1775580784.csv,2524610074,3,Mix-45,train,train,test,train,train
C/50103/2524610082/1775580784.csv,2524610082,3,Mix-45,train,train,train,train,train
C/50103/2546610759/1775580784.csv,2546610759,3,Mix-45,train,train,train,train,train
C/50103/2548610286/1775580784.csv,2548610286,3,Mix-45,train,train,train,train,train
C/50104/2521610325/1775580802.csv,2521610325,4,Mix-45,train,test,train,train,train
C/50104/2523610003/1775580802.csv,2523610003,4,Mix-45,train,test,test,train,test
C/50104/2523610075/1775580802.csv,2523610075,4,Mix-45,train,test,train,train,train
C/50104/2523610126/1775580802.csv,2523610126,4,Mix-45,test,test,train,train,train
C/50104/2523610134/1775580802.csv,2523610134,4,Mix-45,test,test,train,train,train
C/50104/2523610432/1775580802.csv,2523610432,4,Mix-45,train,test,train,train,train
C/50104/2524610033/1775580802.csv,2524610033,4,Mix-45,train,test,train,train,train
C/50104/2524610041/1775580802.csv,2524610041,4,Mix-45,train,test,train,train,train
C/50104/2524610074/1775580802.csv,2524610074,4,Mix-45,train,test,test,train,test
C/50104/2524610082/1775580802.csv,2524610082,4,Mix-45,train,test,train,train,train
C/50104/2546610759/1775580802.csv,2546610759,4,Mix-45,test,test,train,train,train
C/50104/2548610286/1775580802.csv,2548610286,4,Mix-45,train,test,train,train,train
C/50105/2521610325/1775580819.csv,2521610325,5,Mix-45,train,test,train,train,train
C/50105/2523610003/1775580819.csv,2523610003,5,Mix-45,test,test,test,train,test
C/50105/2523610041/1775580823.csv,2523610041,5,Mix-45,train,test,train,train,train
C/50105/2523610075/1775580819.csv,2523610075,5,Mix-45,train,test,train,train,train
C/50105/2523610126/1775580819.csv,2523610126,5,Mix-45,train,test,train,train,train
C/50105/2523610134/1775580819.csv,2523610134,5,Mix-45,train,test,train,train,train
C/50105/2523610432/1775580819.csv,2523610432,5,Mix-45,test,test,train,train,train
C/50105/2524610033/1775580819.csv,2524610033,5,Mix-45,train,test,train,train,train
C/50105/2524610041/1775580820.csv,2524610041,5,Mix-45,train,test,train,train,train
C/50105/2524610049/1775580821.csv,2524610049,5,Mix-45,train,test,train,train,train
C/50105/2524610074/1775580819.csv,2524610074,5,Mix-45,test,test,test,train,test
C/50105/2524610082/1775580819.csv,2524610082,5,Mix-45,train,test,train,train,train
C/50105/2546610759/1775580819.csv,2546610759,5,Mix-45,train,test,train,train,train
C/50105/2548610286/1775580818.csv,2548610286,5,Mix-45,train,test,train,train,train
C/50201/2521610325/1775580837.csv,2521610325,1,Mix-45,test,train,train,test,train
C/50201/2523610003/1775580837.csv,2523610003,1,Mix-45,train,train,test,test,train
C/50201/2523610041/1775580837.csv,2523610041,1,Mix-45,train,train,train,test,train
C/50201/2523610041/1775580841.csv,2523610041,1,Mix-45,test,train,train,test,train
C/50201/2523610075/1775580837.csv,2523610075,1,Mix-45,train,train,train,test,train
C/50201/2523610126/1775580837.csv,2523610126,1,Mix-45,train,train,train,test,train
C/50201/2523610134/1775580837.csv,2523610134,1,Mix-45,train,train,train,test,train
C/50201/2523610432/1775580837.csv,2523610432,1,Mix-45,train,train,train,test,train
C/50201/2524610033/1775580837.csv,2524610033,1,Mix-45,train,train,train,test,train
C/50201/2524610041/1775580838.csv,2524610041,1,Mix-45,train,train,train,test,train
C/50201/2524610049/1775580839.csv,2524610049,1,Mix-45,train,train,train,test,train
C/50201/2524610074/1775580837.csv,2524610074,1,Mix-45,train,train,test,test,train
C/50201/2524610082/1775580837.csv,2524610082,1,Mix-45,train,train,train,test,train
C/50201/2546610759/1775580837.csv,2546610759,1,Mix-45,test,train,train,test,train
C/50201/2548610286/1775580836.csv,2548610286,1,Mix-45,train,train,train,test,train
C/50202/2521610325/1775580855.csv,2521610325,2,Mix-45,train,train,train,test,train
C/50202/2523610003/1775580855.csv,2523610003,2,Mix-45,train,train,test,test,train
C/50202/2523610041/1775580859.csv,2523610041,2,Mix-45,train,train,train,test,train
C/50202/2523610075/1775580855.csv,2523610075,2,Mix-45,train,train,train,test,train
C/50202/2523610126/1775580855.csv,2523610126,2,Mix-45,train,train,train,test,train
C/50202/2523610134/1775580855.csv,2523610134,2,Mix-45,train,train,train,test,train
C/50202/2523610432/1775580855.csv,2523610432,2,Mix-45,train,train,train,test,train
C/50202/2524610033/1775580855.csv,2524610033,2,Mix-45,train,train,train,test,train
C/50202/2524610041/1775580856.csv,2524610041,2,Mix-45,test,train,train,test,train
C/50202/2524610049/1775580857.csv,2524610049,2,Mix-45,test,train,train,test,train
C/50202/2524610074/1775580855.csv,2524610074,2,Mix-45,train,train,test,test,train
C/50202/2524610082/1775580855.csv,2524610082,2,Mix-45,train,train,train,test,train
C/50202/2546610759/1775580855.csv,2546610759,2,Mix-45,train,train,train,test,train
C/50202/2548610286/1775580855.csv,2548610286,2,Mix-45,train,train,train,test,train
C/50203/2521610325/1775580873.csv,2521610325,3,Mix-45,test,train,train,test,train
C/50203/2523610003/1775580873.csv,2523610003,3,Mix-45,test,train,test,test,train
C/50203/2523610041/1775580877.csv,2523610041,3,Mix-45,train,train,train,test,train
C/50203/2523610075/1775580873.csv,2523610075,3,Mix-45,test,train,train,test,train
C/50203/2523610126/1775580873.csv,2523610126,3,Mix-45,train,train,train,test,train
C/50203/2523610134/1775580873.csv,2523610134,3,Mix-45,test,train,train,test,train
C/50203/2523610432/1775580873.csv,2523610432,3,Mix-45,train,train,train,test,train
C/50203/2524610033/1775580873.csv,2524610033,3,Mix-45,train,train,train,test,train
C/50203/2524610041/1775580874.csv,2524610041,3,Mix-45,train,train,train,test,train
C/50203/2524610074/1775580873.csv,2524610074,3,Mix-45,test,train,test,test,train
C/50203/2524610082/1775580873.csv,2524610082,3,Mix-45,train,train,train,test,train
C/50203/2546610759/1775580873.csv,2546610759,3,Mix-45,train,train,train,test,train
C/50203/2548610286/1775580873.csv,2548610286,3,Mix-45,train,train,train,test,train
C/50204/2521610325/1775580891.csv,2521610325,4,Mix-45,train,test,train,test,train
C/50204/2523610003/1775580891.csv,2523610003,4,Mix-45,test,test,test,test,test
C/50204/2523610075/1775580891.csv,2523610075,4,Mix-45,train,test,train,test,train
C/50204/2523610126/1775580891.csv,2523610126,4,Mix-45,train,test,train,test,train
C/50204/2523610134/1775580891.csv,2523610134,4,Mix-45,train,test,train,test,train
C/50204/2523610432/1775580891.csv,2523610432,4,Mix-45,train,test,train,test,train
C/50204/2524610033/1775580891.csv,2524610033,4,Mix-45,train,test,train,test,train
C/50204/2524610041/1775580892.csv,2524610041,4,Mix-45,train,test,train,test,train
C/50204/2524610074/1775580891.csv,2524610074,4,Mix-45,train,test,test,test,test
C/50204/2524610082/1775580891.csv,2524610082,4,Mix-45,train,test,train,test,train
C/50204/2546610759/1775580891.csv,2546610759,4,Mix-45,train,test,train,test,train
C/50204/2548610286/1775580891.csv,2548610286,4,Mix-45,train,test,train,test,train
C/50205/2521610325/1775580909.csv,2521610325,5,Mix-45,train,test,train,test,train
C/50205/2523610003/1775580909.csv,2523610003,5,Mix-45,test,test,test,test,test
C/50205/2523610041/1775580911.csv,2523610041,5,Mix-45,test,test,train,test,train
C/50205/2523610075/1775580909.csv,2523610075,5,Mix-45,train,test,train,test,train
C/50205/2523610126/1775580909.csv,2523610126,5,Mix-45,train,test,train,test,train
C/50205/2523610134/1775580909.csv,2523610134,5,Mix-45,test,test,train,test,train
C/50205/2523610160/1775580910.csv,2523610160,5,Mix-45,train,test,train,test,train
C/50205/2523610432/1775580909.csv,2523610432,5,Mix-45,train,test,train,test,train
C/50205/2524610033/1775580909.csv,2524610033,5,Mix-45,train,test,train,test,train
C/50205/2524610041/1775580910.csv,2524610041,5,Mix-45,train,test,train,test,train
C/50205/2524610074/1775580909.csv,2524610074,5,Mix-45,train,test,test,test,test
C/50205/2524610082/1775580909.csv,2524610082,5,Mix-45,train,test,train,test,train
C/50205/2546610759/1775580909.csv,2546610759,5,Mix-45,train,test,train,test,train
C/50205/2548610286/1775580909.csv,2548610286,5,Mix-45,test,test,train,test,train
C/50301/2521610325/1775580927.csv,2521610325,1,Mix-45,train,train,train,train,train
C/50301/2523610003/1775580927.csv,2523610003,1,Mix-45,train,train,test,train,train
C/50301/2523610041/1775580929.csv,2523610041,1,Mix-45,train,train,train,train,train
C/50301/2523610075/1775580927.csv,2523610075,1,Mix-45,train,train,train,train,train
C/50301/2523610126/1775580927.csv,2523610126,1,Mix-45,train,train,train,train,train
C/50301/2523610134/1775580927.csv,2523610134,1,Mix-45,train,train,train,train,train
C/50301/2523610160/1775580926.csv,2523610160,1,Mix-45,train,train,train,train,train
C/50301/2523610432/1775580927.csv,2523610432,1,Mix-45,train,train,train,train,train
C/50301/2524610033/1775580927.csv,2524610033,1,Mix-45,test,train,train,train,train
C/50301/2524610041/1775580928.csv,2524610041,1,Mix-45,train,train,train,train,train
C/50301/2524610049/1775580929.csv,2524610049,1,Mix-45,test,train,train,train,train
C/50301/2524610074/1775580927.csv,2524610074,1,Mix-45,train,train,test,train,train
C/50301/2524610082/1775580927.csv,2524610082,1,Mix-45,train,train,train,train,train
C/50301/2546610759/1775580927.csv,2546610759,1,Mix-45,train,train,train,train,train
C/50301/2548610286/1775580927.csv,2548610286,1,Mix-45,train,train,train,train,train
C/50302/2521610325/1775580945.csv,2521610325,2,Mix-45,train,train,train,train,train
C/50302/2523610003/1775580945.csv,2523610003,2,Mix-45,train,train,test,train,train
C/50302/2523610041/1775580947.csv,2523610041,2,Mix-45,train,train,train,train,train
C/50302/2523610075/1775580945.csv,2523610075,2,Mix-45,train,train,train,train,train
C/50302/2523610126/1775580945.csv,2523610126,2,Mix-45,test,train,train,train,train
C/50302/2523610134/1775580945.csv,2523610134,2,Mix-45,train,train,train,train,train
C/50302/2523610160/1775580944.csv,2523610160,2,Mix-45,train,train,train,train,train
C/50302/2523610432/1775580945.csv,2523610432,2,Mix-45,test,train,train,train,train
C/50302/2524610033/1775580945.csv,2524610033,2,Mix-45,test,train,train,train,train
C/50302/2524610041/1775580946.csv,2524610041,2,Mix-45,train,train,train,train,train
C/50302/2524610049/1775580947.csv,2524610049,2,Mix-45,train,train,train,train,train
C/50302/2524610074/1775580945.csv,2524610074,2,Mix-45,train,train,test,train,train
C/50302/2524610082/1775580945.csv,2524610082,2,Mix-45,train,train,train,train,train
C/50302/2546610759/1775580945.csv,2546610759,2,Mix-45,train,train,train,train,train
C/50302/2548610286/1775580945.csv,2548610286,2,Mix-45,train,train,train,train,train
C/50303/2521610325/1775580963.csv,2521610325,3,Mix-45,train,train,train,train,train
C/50303/2523610003/1775580963.csv,2523610003,3,Mix-45,train,train,test,train,train
C/50303/2523610041/1775580967.csv,2523610041,3,Mix-45,test,train,train,train,train
C/50303/2523610075/1775580963.csv,2523610075,3,Mix-45,test,train,train,train,train
C/50303/2523610126/1775580963.csv,2523610126,3,Mix-45,test,train,train,train,train
C/50303/2523610134/1775580963.csv,2523610134,3,Mix-45,train,train,train,train,train
C/50303/2523610432/1775580963.csv,2523610432,3,Mix-45,train,train,train,train,train
C/50303/2524610033/1775580963.csv,2524610033,3,Mix-45,train,train,train,train,train
C/50303/2524610041/1775580964.csv,2524610041,3,Mix-45,train,train,train,train,train
C/50303/2524610049/1775580966.csv,2524610049,3,Mix-45,train,train,train,train,train
C/50303/2524610074/1775580963.csv,2524610074,3,Mix-45,train,train,test,train,train
C/50303/2524610082/1775580963.csv,2524610082,3,Mix-45,train,train,train,train,train
C/50303/2546610759/1775580963.csv,2546610759,3,Mix-45,train,train,train,train,train
C/50303/2548610286/1775580963.csv,2548610286,3,Mix-45,train,train,train,train,train
C/50304/2521610325/1775580981.csv,2521610325,4,Mix-45,train,test,train,train,train
C/50304/2523610003/1775580981.csv,2523610003,4,Mix-45,train,test,test,train,test
C/50304/2523610075/1775580981.csv,2523610075,4,Mix-45,train,test,train,train,train
C/50304/2523610126/1775580981.csv,2523610126,4,Mix-45,test,test,train,train,train
C/50304/2523610134/1775580981.csv,2523610134,4,Mix-45,train,test,train,train,train
C/50304/2523610432/1775580981.csv,2523610432,4,Mix-45,train,test,train,train,train
C/50304/2524610033/1775580981.csv,2524610033,4,Mix-45,test,test,train,train,train
C/50304/2524610041/1775580982.csv,2524610041,4,Mix-45,train,test,train,train,train
C/50304/2524610049/1775580984.csv,2524610049,4,Mix-45,train,test,train,train,train
C/50304/2524610074/1775580981.csv,2524610074,4,Mix-45,train,test,test,train,test
C/50304/2524610082/1775580981.csv,2524610082,4,Mix-45,train,test,train,train,train
C/50304/2546610759/1775580981.csv,2546610759,4,Mix-45,train,test,train,train,train
C/50304/2548610286/1775580981.csv,2548610286,4,Mix-45,test,test,train,train,train
C/50305/2521610325/1775580999.csv,2521610325,5,Mix-45,test,test,train,train,train
C/50305/2523610003/1775581000.csv,2523610003,5,Mix-45,train,test,test,train,test
C/50305/2523610075/1775580999.csv,2523610075,5,Mix-45,train,test,train,train,train
C/50305/2523610126/1775580999.csv,2523610126,5,Mix-45,train,test,train,train,train
C/50305/2523610134/1775580999.csv,2523610134,5,Mix-45,train,test,train,train,train
C/50305/2523610432/1775580999.csv,2523610432,5,Mix-45,train,test,train,train,train
C/50305/2524610033/1775580999.csv,2524610033,5,Mix-45,train,test,train,train,train
C/50305/2524610041/1775581000.csv,2524610041,5,Mix-45,test,test,train,train,train
C/50305/2524610049/1775581003.csv,2524610049,5,Mix-45,train,test,train,train,train
C/50305/2524610074/1775580999.csv,2524610074,5,Mix-45,train,test,test,train,test
C/50305/2524610082/1775581000.csv,2524610082,5,Mix-45,train,test,train,train,train
C/50305/2546610759/1775580999.csv,2546610759,5,Mix-45,train,test,train,train,train
C/50305/2548610286/1775580999.csv,2548610286,5,Mix-45,train,test,train,train,train
C/50401/2521610325/1775581017.csv,2521610325,1,Mix-45,train,train,train,train,train
C/50401/2523610003/1775581018.csv,2523610003,1,Mix-45,train,train,test,train,train
C/50401/2523610075/1775581017.csv,2523610075,1,Mix-45,test,train,train,train,train
C/50401/2523610126/1775581017.csv,2523610126,1,Mix-45,train,train,train,train,train
C/50401/2523610134/1775581017.csv,2523610134,1,Mix-45,test,train,train,train,train
C/50401/2523610432/1775581017.csv,2523610432,1,Mix-45,train,train,train,train,train
C/50401/2524610033/1775581017.csv,2524610033,1,Mix-45,train,train,train,train,train
C/50401/2524610041/1775581018.csv,2524610041,1,Mix-45,train,train,train,train,train
C/50401/2524610049/1775581021.csv,2524610049,1,Mix-45,train,train,train,train,train
C/50401/2524610074/1775581017.csv,2524610074,1,Mix-45,train,train,test,train,train
C/50401/2524610082/1775581017.csv,2524610082,1,Mix-45,train,train,train,train,train
C/50401/2546610759/1775581017.csv,2546610759,1,Mix-45,train,train,train,train,train
C/50401/2548610286/1775581017.csv,2548610286,1,Mix-45,train,train,train,train,train
C/50402/2521610325/1775581035.csv,2521610325,2,Mix-45,test,train,train,train,train
C/50402/2523610003/1775581036.csv,2523610003,2,Mix-45,test,train,test,train,train
C/50402/2523610075/1775581035.csv,2523610075,2,Mix-45,train,train,train,train,train
C/50402/2523610126/1775581035.csv,2523610126,2,Mix-45,train,train,train,train,train
C/50402/2523610134/1775581035.csv,2523610134,2,Mix-45,test,train,train,train,train
C/50402/2523610160/1775581037.csv,2523610160,2,Mix-45,train,train,train,train,train
C/50402/2523610432/1775581035.csv,2523610432,2,Mix-45,train,train,train,train,train
C/50402/2524610033/1775581035.csv,2524610033,2,Mix-45,train,train,train,train,train
C/50402/2524610041/1775581036.csv,2524610041,2,Mix-45,train,train,train,train,train
C/50402/2524610049/1775581040.csv,2524610049,2,Mix-45,train,train,train,train,train
C/50402/2524610074/1775581035.csv,2524610074,2,Mix-45,train,train,test,train,train
C/50402/2524610082/1775581036.csv,2524610082,2,Mix-45,train,train,train,train,train
C/50402/2546610759/1775581035.csv,2546610759,2,Mix-45,train,train,train,train,train
C/50402/2548610286/1775581035.csv,2548610286,2,Mix-45,train,train,train,train,train
C/50403/2521610325/1775581053.csv,2521610325,3,Mix-45,train,train,train,train,train
C/50403/2523610003/1775581054.csv,2523610003,3,Mix-45,train,train,test,train,train
C/50403/2523610075/1775581053.csv,2523610075,3,Mix-45,test,train,train,train,train
C/50403/2523610126/1775581054.csv,2523610126,3,Mix-45,test,train,train,train,train
C/50403/2523610134/1775581053.csv,2523610134,3,Mix-45,train,train,train,train,train
C/50403/2523610160/1775581055.csv,2523610160,3,Mix-45,train,train,train,train,train
C/50403/2523610432/1775581053.csv,2523610432,3,Mix-45,train,train,train,train,train
C/50403/2524610033/1775581053.csv,2524610033,3,Mix-45,train,train,train,train,train
C/50403/2524610041/1775581054.csv,2524610041,3,Mix-45,train,train,train,train,train
C/50403/2524610049/1775581058.csv,2524610049,3,Mix-45,train,train,train,train,train
C/50403/2524610074/1775581054.csv,2524610074,3,Mix-45,train,train,test,train,train
C/50403/2524610082/1775581054.csv,2524610082,3,Mix-45,train,train,train,train,train
C/50403/2546610759/1775581053.csv,2546610759,3,Mix-45,test,train,train,train,train
C/50403/2548610286/1775581053.csv,2548610286,3,Mix-45,train,train,train,train,train
C/50404/2521610325/1775581071.csv,2521610325,4,Mix-45,train,test,train,train,train
C/50404/2523610003/1775581072.csv,2523610003,4,Mix-45,train,test,test,train,test
C/50404/2523610075/1775581071.csv,2523610075,4,Mix-45,train,test,train,train,train
C/50404/2523610126/1775581072.csv,2523610126,4,Mix-45,train,test,train,train,train
C/50404/2523610134/1775581071.csv,2523610134,4,Mix-45,train,test,train,train,train
C/50404/2523610432/1775581071.csv,2523610432,4,Mix-45,train,test,train,train,train
C/50404/2524610033/1775581071.csv,2524610033,4,Mix-45,train,test,train,train,train
C/50404/2524610041/1775581072.csv,2524610041,4,Mix-45,train,test,train,train,train
C/50404/2524610074/1775581072.csv,2524610074,4,Mix-45,train,test,test,train,test
C/50404/2524610082/1775581072.csv,2524610082,4,Mix-45,train,test,train,train,train
C/50404/2546610759/1775581071.csv,2546610759,4,Mix-45,train,test,train,train,train
C/50404/2548610286/1775581071.csv,2548610286,4,Mix-45,train,test,train,train,train
C/50405/2521610325/1775581089.csv,2521610325,5,Mix-45,train,test,train,train,train
C/50405/2523610003/1775581090.csv,2523610003,5,Mix-45,train,test,test,train,test
C/50405/2523610041/1775581088.csv,2523610041,5,Mix-45,train,test,train,train,train
C/50405/2523610075/1775581089.csv,2523610075,5,Mix-45,train,test,train,train,train
C/50405/2523610126/1775581089.csv,2523610126,5,Mix-45,train,test,train,train,train
C/50405/2523610134/1775581089.csv,2523610134,5,Mix-45,test,test,train,train,train
C/50405/2523610432/1775581089.csv,2523610432,5,Mix-45,train,test,train,train,train
C/50405/2524610033/1775581089.csv,2524610033,5,Mix-45,test,test,train,train,train
C/50405/2524610041/1775581090.csv,2524610041,5,Mix-45,train,test,train,train,train
C/50405/2524610049/1775581094.csv,2524610049,5,Mix-45,train,test,train,train,train
C/50405/2524610074/1775581089.csv,2524610074,5,Mix-45,test,test,test,train,test
C/50405/2524610082/1775581089.csv,2524610082,5,Mix-45,train,test,train,train,train
C/50405/2546610759/1775581089.csv,2546610759,5,Mix-45,train,test,train,train,train
C/50405/2548610286/1775581089.csv,2548610286,5,Mix-45,test,test,train,train,train
C/50501/2521610325/1775581107.csv,2521610325,1,Mix-45,train,train,train,train,train
C/50501/2523610003/1775581108.csv,2523610003,1,Mix-45,train,train,test,train,train
C/50501/2523610041/1775581106.csv,2523610041,1,Mix-45,train,train,train,train,train
C/50501/2523610075/1775581107.csv,2523610075,1,Mix-45,train,train,train,train,train
C/50501/2523610126/1775581108.csv,2523610126,1,Mix-45,train,train,train,train,train
C/50501/2523610134/1775581107.csv,2523610134,1,Mix-45,train,train,train,train,train
C/50501/2523610432/1775581107.csv,2523610432,1,Mix-45,test,train,train,train,train
C/50501/2524610033/1775581107.csv,2524610033,1,Mix-45,train,train,train,train,train
C/50501/2524610041/1775581108.csv,2524610041,1,Mix-45,train,train,train,train,train
C/50501/2524610074/1775581108.csv,2524610074,1,Mix-45,train,train,test,train,train
C/50501/2524610082/1775581108.csv,2524610082,1,Mix-45,train,train,train,train,train
C/50501/2546610759/1775581107.csv,2546610759,1,Mix-45,test,train,train,train,train
C/50501/2548610286/1775581107.csv,2548610286,1,Mix-45,train,train,train,train,train
C/50502/2521610325/1775581125.csv,2521610325,2,Mix-45,train,train,train,train,train
C/50502/2523610003/1775581126.csv,2523610003,2,Mix-45,test,train,test,train,train
C/50502/2523610041/1775581128.csv,2523610041,2,Mix-45,test,train,train,train,train
C/50502/2523610075/1775581125.csv,2523610075,2,Mix-45,test,train,train,train,train
C/50502/2523610126/1775581126.csv,2523610126,2,Mix-45,train,train,train,train,train
C/50502/2523610134/1775581125.csv,2523610134,2,Mix-45,train,train,train,train,train
C/50502/2523610432/1775581125.csv,2523610432,2,Mix-45,train,train,train,train,train
C/50502/2524610033/1775581125.csv,2524610033,2,Mix-45,train,train,train,train,train
C/50502/2524610041/1775581126.csv,2524610041,2,Mix-45,test,train,train,train,train
C/50502/2524610074/1775581126.csv,2524610074,2,Mix-45,train,train,test,train,train
C/50502/2524610082/1775581126.csv,2524610082,2,Mix-45,train,train,train,train,train
C/50502/2546610759/1775581125.csv,2546610759,2,Mix-45,test,train,train,train,train
C/50502/2548610286/1775581125.csv,2548610286,2,Mix-45,test,train,train,train,train
C/50503/2521610325/1775581143.csv,2521610325,3,Mix-45,train,train,train,train,train
C/50503/2523610003/1775581144.csv,2523610003,3,Mix-45,test,train,test,train,train
C/50503/2523610075/1775581143.csv,2523610075,3,Mix-45,train,train,train,train,train
C/50503/2523610126/1775581144.csv,2523610126,3,Mix-45,train,train,train,train,train
C/50503/2523610134/1775581143.csv,2523610134,3,Mix-45,train,train,train,train,train
C/50503/2523610432/1775581143.csv,2523610432,3,Mix-45,test,train,train,train,train
C/50503/2524610033/1775581143.csv,2524610033,3,Mix-45,test,train,train,train,train
C/50503/2524610041/1775581144.csv,2524610041,3,Mix-45,train,train,train,train,train
C/50503/2524610074/1775581144.csv,2524610074,3,Mix-45,train,train,test,train,train
C/50503/2524610082/1775581144.csv,2524610082,3,Mix-45,train,train,train,train,train
C/50503/2546610759/1775581143.csv,2546610759,3,Mix-45,train,train,train,train,train
C/50503/2548610286/1775581143.csv,2548610286,3,Mix-45,test,train,train,train,train
C/50504/2521610325/1775581161.csv,2521610325,4,Mix-45,train,test,train,train,train
C/50504/2523610003/1775581162.csv,2523610003,4,Mix-45,train,test,test,train,test
C/50504/2523610075/1775581161.csv,2523610075,4,Mix-45,train,test,train,train,train
C/50504/2523610126/1775581161.csv,2523610126,4,Mix-45,train,test,train,train,train
C/50504/2523610134/1775581161.csv,2523610134,4,Mix-45,train,test,train,train,train
C/50504/2523610432/1775581161.csv,2523610432,4,Mix-45,test,test,train,train,train
C/50504/2524610033/1775581161.csv,2524610033,4,Mix-45,train,test,train,train,train
C/50504/2524610041/1775581162.csv,2524610041,4,Mix-45,train,test,train,train,train
C/50504/2524610074/1775581162.csv,2524610074,4,Mix-45,train,test,test,train,test
C/50504/2524610082/1775581161.csv,2524610082,4,Mix-45,test,test,train,train,train
C/50504/2546610759/1775581161.csv,2546610759,4,Mix-45,test,test,train,train,train
C/50504/2548610286/1775581161.csv,2548610286,4,Mix-45,test,test,train,train,train
C/50505/2521610325/1775581179.csv,2521610325,5,Mix-45,train,test,train,train,train
C/50505/2523610003/1775581180.csv,2523610003,5,Mix-45,test,test,test,train,test
C/50505/2523610041/1775581183.csv,2523610041,5,Mix-45,train,test,train,train,train
C/50505/2523610075/1775581179.csv,2523610075,5,Mix-45,train,test,train,train,train
C/50505/2523610126/1775581180.csv,2523610126,5,Mix-45,train,test,train,train,train
C/50505/2523610134/1775581179.csv,2523610134,5,Mix-45,train,test,train,train,train
C/50505/2523610160/1775581178.csv,2523610160,5,Mix-45,test,test,train,train,train
C/50505/2523610432/1775581179.csv,2523610432,5,Mix-45,test,test,train,train,train
C/50505/2524610033/1775581179.csv,2524610033,5,Mix-45,train,test,train,train,train
C/50505/2524610041/1775581180.csv,2524610041,5,Mix-45,train,test,train,train,train
C/50505/2524610049/1775581180.csv,2524610049,5,Mix-45,test,test,train,train,train
C/50505/2524610074/1775581180.csv,2524610074,5,Mix-45,test,test,test,train,test
C/50505/2524610082/1775581180.csv,2524610082,5,Mix-45,train,test,train,train,train
C/50505/2546610759/1775581179.csv,2546610759,5,Mix-45,train,test,train,train,train
C/50505/2548610286/1775581179.csv,2548610286,5,Mix-45,train,test,train,train,train
C/50601/2521610325/1775581197.csv,2521610325,1,Mix-45,test,train,train,train,train
C/50601/2523610003/1775581198.csv,2523610003,1,Mix-45,train,train,test,train,train
C/50601/2523610041/1775581201.csv,2523610041,1,Mix-45,train,train,train,train,train
C/50601/2523610075/1775581197.csv,2523610075,1,Mix-45,train,train,train,train,train
C/50601/2523610126/1775581198.csv,2523610126,1,Mix-45,train,train,train,train,train
C/50601/2523610134/1775581197.csv,2523610134,1,Mix-45,train,train,train,train,train
C/50601/2523610160/1775581196.csv,2523610160,1,Mix-45,test,train,train,train,train
C/50601/2523610432/1775581197.csv,2523610432,1,Mix-45,train,train,train,train,train
C/50601/2524610033/1775581197.csv,2524610033,1,Mix-45,train,train,train,train,train
C/50601/2524610041/1775581197.csv,2524610041,1,Mix-45,train,train,train,train,train
C/50601/2524610049/1775581198.csv,2524610049,1,Mix-45,test,train,train,train,train
C/50601/2524610074/1775581198.csv,2524610074,1,Mix-45,train,train,test,train,train
C/50601/2524610082/1775581198.csv,2524610082,1,Mix-45,train,train,train,train,train
C/50601/2546610759/1775581197.csv,2546610759,1,Mix-45,train,train,train,train,train
C/50601/2548610286/1775581197.csv,2548610286,1,Mix-45,train,train,train,train,train
C/50602/2521610325/1775581215.csv,2521610325,2,Mix-45,train,train,train,train,train
C/50602/2523610003/1775581216.csv,2523610003,2,Mix-45,train,train,test,train,train
C/50602/2523610041/1775581219.csv,2523610041,2,Mix-45,test,train,train,train,train
C/50602/2523610075/1775581215.csv,2523610075,2,Mix-45,test,train,train,train,train
C/50602/2523610126/1775581216.csv,2523610126,2,Mix-45,train,train,train,train,train
C/50602/2523610134/1775581215.csv,2523610134,2,Mix-45,test,train,train,train,train
C/50602/2523610432/1775581215.csv,2523610432,2,Mix-45,train,train,train,train,train
C/50602/2524610033/1775581215.csv,2524610033,2,Mix-45,train,train,train,train,train
C/50602/2524610041/1775581215.csv,2524610041,2,Mix-45,test,train,train,train,train
C/50602/2524610049/1775581218.csv,2524610049,2,Mix-45,train,train,train,train,train
C/50602/2524610074/1775581216.csv,2524610074,2,Mix-45,train,train,test,train,train
C/50602/2524610082/1775581216.csv,2524610082,2,Mix-45,train,train,train,train,train
C/50602/2546610759/1775581215.csv,2546610759,2,Mix-45,train,train,train,train,train
C/50602/2548610286/1775581215.csv,2548610286,2,Mix-45,test,train,train,train,train
C/50603/2521610325/1775581233.csv,2521610325,3,Mix-45,train,train,train,train,train
C/50603/2523610003/1775581234.csv,2523610003,3,Mix-45,train,train,test,train,train
C/50603/2523610041/1775581237.csv,2523610041,3,Mix-45,train,train,train,train,train
C/50603/2523610075/1775581233.csv,2523610075,3,Mix-45,test,train,train,train,train
C/50603/2523610126/1775581233.csv,2523610126,3,Mix-45,train,train,train,train,train
C/50603/2523610134/1775581233.csv,2523610134,3,Mix-45,train,train,train,train,train
C/50603/2523610432/1775581233.csv,2523610432,3,Mix-45,train,train,train,train,train
C/50603/2524610033/1775581233.csv,2524610033,3,Mix-45,train,train,train,train,train
C/50603/2524610041/1775581233.csv,2524610041,3,Mix-45,train,train,train,train,train
C/50603/2524610049/1775581236.csv,2524610049,3,Mix-45,train,train,train,train,train
C/50603/2524610074/1775581233.csv,2524610074,3,Mix-45,train,train,test,train,train
C/50603/2524610082/1775581233.csv,2524610082,3,Mix-45,train,train,train,train,train
C/50603/2546610759/1775581233.csv,2546610759,3,Mix-45,test,train,train,train,train
C/50603/2548610286/1775581233.csv,2548610286,3,Mix-45,train,train,train,train,train
C/50604/2521610325/1775581251.csv,2521610325,4,Mix-45,train,test,train,train,train
C/50604/2523610003/1775581252.csv,2523610003,4,Mix-45,train,test,test,train,test
C/50604/2523610041/1775581253.csv,2523610041,4,Mix-45,train,test,train,train,train
C/50604/2523610075/1775581251.csv,2523610075,4,Mix-45,train,test,train,train,train
C/50604/2523610126/1775581252.csv,2523610126,4,Mix-45,train,test,train,train,train
C/50604/2523610134/1775581251.csv,2523610134,4,Mix-45,train,test,train,train,train
C/50604/2523610160/1775581251.csv,2523610160,4,Mix-45,train,test,train,train,train
C/50604/2523610432/1775581251.csv,2523610432,4,Mix-45,train,test,train,train,train
C/50604/2524610033/1775581251.csv,2524610033,4,Mix-45,train,test,train,train,train
C/50604/2524610041/1775581251.csv,2524610041,4,Mix-45,test,test,train,train,train
C/50604/2524610049/1775581251.csv,2524610049,4,Mix-45,train,test,train,train,train
C/50604/2524610074/1775581252.csv,2524610074,4,Mix-45,test,test,test,train,test
C/50604/2524610082/1775581252.csv,2524610082,4,Mix-45,train,test,train,train,train
C/50604/2546610759/1775581251.csv,2546610759,4,Mix-45,train,test,train,train,train
C/50604/2548610286/1775581252.csv,2548610286,4,Mix-45,train,test,train,train,train
C/50605/2521610325/1775581270.csv,2521610325,5,Mix-45,train,test,train,train,train
C/50605/2523610003/1775581270.csv,2523610003,5,Mix-45,train,test,test,train,test
C/50605/2523610041/1775581271.csv,2523610041,5,Mix-45,train,test,train,train,train
C/50605/2523610075/1775581270.csv,2523610075,5,Mix-45,test,test,train,train,train
C/50605/2523610126/1775581270.csv,2523610126,5,Mix-45,train,test,train,train,train
C/50605/2523610134/1775581270.csv,2523610134,5,Mix-45,test,test,train,train,train
C/50605/2523610160/1775581269.csv,2523610160,5,Mix-45,train,test,train,train,train
C/50605/2523610432/1775581271.csv,2523610432,5,Mix-45,train,test,train,train,train
C/50605/2524610033/1775581270.csv,2524610033,5,Mix-45,train,test,train,train,train
C/50605/2524610041/1775581269.csv,2524610041,5,Mix-45,train,test,train,train,train
C/50605/2524610049/1775581269.csv,2524610049,5,Mix-45,test,test,train,train,train
C/50605/2524610074/1775581270.csv,2524610074,5,Mix-45,test,test,test,train,test
C/50605/2524610082/1775581270.csv,2524610082,5,Mix-45,test,test,train,train,train
C/50605/2546610759/1775581270.csv,2546610759,5,Mix-45,test,test,train,train,train
C/50605/2548610286/1775581270.csv,2548610286,5,Mix-45,train,test,train,train,train
C/60001/2521610325/1775578356.csv,2521610325,1,Mix-45,train,train,train,train,train
C/60001/2523610003/1775578356.csv,2523610003,1,Mix-45,test,train,test,train,train
C/60001/2523610041/1775578360.csv,2523610041,1,Mix-45,train,train,train,train,train
C/60001/2523610075/1775578356.csv,2523610075,1,Mix-45,test,train,train,train,train
C/60001/2523610126/1775578356.csv,2523610126,1,Mix-45,train,train,train,train,train
C/60001/2523610134/1775578356.csv,2523610134,1,Mix-45,train,train,train,train,train
C/60001/2523610160/1775578356.csv,2523610160,1,Mix-45,train,train,train,train,train
C/60001/2523610432/1775578356.csv,2523610432,1,Mix-45,train,train,train,train,train
C/60001/2524610033/1775578356.csv,2524610033,1,Mix-45,train,train,train,train,train
C/60001/2524610041/1775578356.csv,2524610041,1,Mix-45,train,train,train,train,train
C/60001/2524610049/1775578355.csv,2524610049,1,Mix-45,train,train,train,train,train
C/60001/2524610074/1775578356.csv,2524610074,1,Mix-45,train,train,test,train,train
C/60001/2524610082/1775578356.csv,2524610082,1,Mix-45,train,train,train,train,train
C/60001/2546610759/1775578356.csv,2546610759,1,Mix-45,train,train,train,train,train
C/60001/2548610286/1775578356.csv,2548610286,1,Mix-45,train,train,train,train,train
C/60002/2521610325/1775578374.csv,2521610325,2,Mix-45,test,train,train,train,train
C/60002/2523610003/1775578374.csv,2523610003,2,Mix-45,train,train,test,train,train
C/60002/2523610075/1775578374.csv,2523610075,2,Mix-45,train,train,train,train,train
C/60002/2523610126/1775578374.csv,2523610126,2,Mix-45,train,train,train,train,train
C/60002/2523610134/1775578374.csv,2523610134,2,Mix-45,train,train,train,train,train
C/60002/2523610160/1775578374.csv,2523610160,2,Mix-45,train,train,train,train,train
C/60002/2523610432/1775578374.csv,2523610432,2,Mix-45,train,train,train,train,train
C/60002/2524610033/1775578374.csv,2524610033,2,Mix-45,train,train,train,train,train
C/60002/2524610041/1775578374.csv,2524610041,2,Mix-45,train,train,train,train,train
C/60002/2524610049/1775578375.csv,2524610049,2,Mix-45,train,train,train,train,train
C/60002/2524610074/1775578374.csv,2524610074,2,Mix-45,train,train,test,train,train
C/60002/2524610082/1775578374.csv,2524610082,2,Mix-45,train,train,train,train,train
C/60002/2546610759/1775578374.csv,2546610759,2,Mix-45,train,train,train,train,train
C/60002/2548610286/1775578374.csv,2548610286,2,Mix-45,train,train,train,train,train
C/60003/2521610325/1775578392.csv,2521610325,3,Mix-45,train,train,train,train,train
C/60003/2523610003/1775578392.csv,2523610003,3,Mix-45,train,train,test,train,train
C/60003/2523610075/1775578392.csv,2523610075,3,Mix-45,train,train,train,train,train
C/60003/2523610126/1775578392.csv,2523610126,3,Mix-45,train,train,train,train,train
C/60003/2523610134/1775578392.csv,2523610134,3,Mix-45,train,train,train,train,train
C/60003/2523610160/1775578392.csv,2523610160,3,Mix-45,train,train,train,train,train
C/60003/2523610432/1775578392.csv,2523610432,3,Mix-45,test,train,train,train,train
C/60003/2524610033/1775578392.csv,2524610033,3,Mix-45,train,train,train,train,train
C/60003/2524610041/1775578392.csv,2524610041,3,Mix-45,train,train,train,train,train
C/60003/2524610049/1775578393.csv,2524610049,3,Mix-45,train,train,train,train,train
C/60003/2524610074/1775578392.csv,2524610074,3,Mix-45,test,train,test,train,train
C/60003/2524610082/1775578392.csv,2524610082,3,Mix-45,train,train,train,train,train
C/60003/2546610759/1775578392.csv,2546610759,3,Mix-45,train,train,train,train,train
C/60003/2548610286/1775578392.csv,2548610286,3,Mix-45,test,train,train,train,train
C/60004/2521610325/1775578410.csv,2521610325,4,Mix-45,train,test,train,train,train
C/60004/2523610003/1775578410.csv,2523610003,4,Mix-45,train,test,test,train,test
C/60004/2523610075/1775578410.csv,2523610075,4,Mix-45,train,test,train,train,train
C/60004/2523610126/1775578410.csv,2523610126,4,Mix-45,train,test,train,train,train
C/60004/2523610134/1775578410.csv,2523610134,4,Mix-45,train,test,train,train,train
C/60004/2523610160/1775578408.csv,2523610160,4,Mix-45,train,test,train,train,train
C/60004/2523610432/1775578410.csv,2523610432,4,Mix-45,train,test,train,train,train
C/60004/2524610033/1775578410.csv,2524610033,4,Mix-45,train,test,train,train,train
C/60004/2524610041/1775578410.csv,2524610041,4,Mix-45,train,test,train,train,train
C/60004/2524610049/1775578412.csv,2524610049,4,Mix-45,test,test,train,train,train
C/60004/2524610074/1775578410.csv,2524610074,4,Mix-45,train,test,test,train,test
C/60004/2524610082/1775578410.csv,2524610082,4,Mix-45,train,test,train,train,train
C/60004/2546610759/1775578410.csv,2546610759,4,Mix-45,train,test,train,train,train
C/60004/2548610286/1775578410.csv,2548610286,4,Mix-45,train,test,train,train,train
C/60005/2521610325/1775578428.csv,2521610325,5,Mix-45,train,test,train,train,train
C/60005/2523610003/1775578428.csv,2523610003,5,Mix-45,train,test,test,train,test
C/60005/2523610075/1775578428.csv,2523610075,5,Mix-45,train,test,train,train,train
C/60005/2523610126/1775578428.csv,2523610126,5,Mix-45,test,test,train,train,train
C/60005/2523610134/1775578428.csv,2523610134,5,Mix-45,test,test,train,train,train
C/60005/2523610432/1775578428.csv,2523610432,5,Mix-45,train,test,train,train,train
C/60005/2524610033/1775578428.csv,2524610033,5,Mix-45,train,test,train,train,train
C/60005/2524610041/1775578428.csv,2524610041,5,Mix-45,train,test,train,train,train
C/60005/2524610049/1775578430.csv,2524610049,5,Mix-45,train,test,train,train,train
C/60005/2524610074/1775578428.csv,2524610074,5,Mix-45,train,test,test,train,test
C/60005/2524610082/1775578428.csv,2524610082,5,Mix-45,test,test,train,train,train
C/60005/2546610759/1775578428.csv,2546610759,5,Mix-45,test,test,train,train,train
C/60005/2548610286/1775578428.csv,2548610286,5,Mix-45,train,test,train,train,train
C/601/2521610325/1775561080.csv,2521610325,1,Mix-45,test,train,train,train,train
C/601/2521610325/1775561090.csv,2521610325,1,Mix-45,test,train,train,train,train
C/601/2521610325/1775561100.csv,2521610325,1,Mix-45,train,train,train,train,train
C/601/2521610325/1775561110.csv,2521610325,1,Mix-45,test,train,train,train,train
C/601/2521610325/1775561121.csv,2521610325,1,Mix-45,train,train,train,train,train
C/601/2521610325/1775561131.csv,2521610325,1,Mix-45,train,train,train,train,train
C/601/2523610003/1775561080.csv,2523610003,1,Mix-45,train,train,test,train,train
C/601/2523610003/1775561090.csv,2523610003,1,Mix-45,train,train,test,train,train
C/601/2523610003/1775561100.csv,2523610003,1,Mix-45,train,train,test,train,train
C/601/2523610003/1775561111.csv,2523610003,1,Mix-45,test,train,test,train,train
C/601/2523610003/1775561121.csv,2523610003,1,Mix-45,train,train,test,train,train
C/601/2523610003/1775561131.csv,2523610003,1,Mix-45,train,train,test,train,train
C/601/2523610041/1775561080.csv,2523610041,1,Mix-45,train,train,train,train,train
C/601/2523610041/1775561090.csv,2523610041,1,Mix-45,train,train,train,train,train
C/601/2523610041/1775561100.csv,2523610041,1,Mix-45,train,train,train,train,train
C/601/2523610041/1775561110.csv,2523610041,1,Mix-45,train,train,train,train,train
C/601/2523610041/1775561121.csv,2523610041,1,Mix-45,test,train,train,train,train
C/601/2523610041/1775561131.csv,2523610041,1,Mix-45,train,train,train,train,train
C/601/2523610126/1775561080.csv,2523610126,1,Mix-45,train,train,train,train,train
C/601/2523610126/1775561090.csv,2523610126,1,Mix-45,train,train,train,train,train
C/601/2523610126/1775561100.csv,2523610126,1,Mix-45,train,train,train,train,train
C/601/2523610126/1775561110.csv,2523610126,1,Mix-45,test,train,train,train,train
C/601/2523610126/1775561121.csv,2523610126,1,Mix-45,train,train,train,train,train
C/601/2523610126/1775561131.csv,2523610126,1,Mix-45,train,train,train,train,train
C/601/2523610134/1775561079.csv,2523610134,1,Mix-45,train,train,train,train,train
C/601/2523610134/1775561090.csv,2523610134,1,Mix-45,test,train,train,train,train
C/601/2523610134/1775561100.csv,2523610134,1,Mix-45,train,train,train,train,train
C/601/2523610134/1775561110.csv,2523610134,1,Mix-45,train,train,train,train,train
C/601/2523610134/1775561121.csv,2523610134,1,Mix-45,train,train,train,train,train
C/601/2523610134/1775561131.csv,2523610134,1,Mix-45,train,train,train,train,train
C/601/2523610432/1775561079.csv,2523610432,1,Mix-45,train,train,train,train,train
C/601/2523610432/1775561090.csv,2523610432,1,Mix-45,train,train,train,train,train
C/601/2523610432/1775561100.csv,2523610432,1,Mix-45,train,train,train,train,train
C/601/2523610432/1775561110.csv,2523610432,1,Mix-45,test,train,train,train,train
C/601/2523610432/1775561120.csv,2523610432,1,Mix-45,train,train,train,train,train
C/601/2523610432/1775561130.csv,2523610432,1,Mix-45,test,train,train,train,train
C/601/2524610033/1775561080.csv,2524610033,1,Mix-45,train,train,train,train,train
C/601/2524610033/1775561090.csv,2524610033,1,Mix-45,train,train,train,train,train
C/601/2524610033/1775561100.csv,2524610033,1,Mix-45,train,train,train,train,train
C/601/2524610033/1775561110.csv,2524610033,1,Mix-45,train,train,train,train,train
C/601/2524610033/1775561121.csv,2524610033,1,Mix-45,train,train,train,train,train
C/601/2524610033/1775561131.csv,2524610033,1,Mix-45,train,train,train,train,train
C/601/2524610041/1775561080.csv,2524610041,1,Mix-45,train,train,train,train,train
C/601/2524610041/1775561090.csv,2524610041,1,Mix-45,train,train,train,train,train
C/601/2524610041/1775561100.csv,2524610041,1,Mix-45,train,train,train,train,train
C/601/2524610041/1775561110.csv,2524610041,1,Mix-45,test,train,train,train,train
C/601/2524610041/1775561120.csv,2524610041,1,Mix-45,train,train,train,train,train
C/601/2524610041/1775561131.csv,2524610041,1,Mix-45,train,train,train,train,train
C/601/2524610074/1775561080.csv,2524610074,1,Mix-45,train,train,test,train,train
C/601/2524610074/1775561090.csv,2524610074,1,Mix-45,test,train,test,train,train
C/601/2524610074/1775561100.csv,2524610074,1,Mix-45,train,train,test,train,train
C/601/2524610074/1775561110.csv,2524610074,1,Mix-45,train,train,test,train,train
C/601/2524610074/1775561121.csv,2524610074,1,Mix-45,train,train,test,train,train
C/601/2524610074/1775561131.csv,2524610074,1,Mix-45,train,train,test,train,train
C/601/2524610082/1775561079.csv,2524610082,1,Mix-45,train,train,train,train,train
C/601/2524610082/1775561090.csv,2524610082,1,Mix-45,train,train,train,train,train
C/601/2524610082/1775561100.csv,2524610082,1,Mix-45,test,train,train,train,train
C/601/2524610082/1775561110.csv,2524610082,1,Mix-45,train,train,train,train,train
C/601/2524610082/1775561121.csv,2524610082,1,Mix-45,train,train,train,train,train
C/601/2524610082/1775561131.csv,2524610082,1,Mix-45,train,train,train,train,train
C/601/2546610759/1775561079.csv,2546610759,1,Mix-45,train,train,train,train,train
C/601/2546610759/1775561090.csv,2546610759,1,Mix-45,train,train,train,train,train
C/601/2546610759/1775561100.csv,2546610759,1,Mix-45,train,train,train,train,train
C/601/2546610759/1775561110.csv,2546610759,1,Mix-45,train,train,train,train,train
C/601/2546610759/1775561120.csv,2546610759,1,Mix-45,train,train,train,train,train
C/601/2546610759/1775561130.csv,2546610759,1,Mix-45,train,train,train,train,train
C/60101/2521610325/1775581288.csv,2521610325,1,Mix-45,test,train,train,train,train
C/60101/2523610003/1775581288.csv,2523610003,1,Mix-45,train,train,test,train,train
C/60101/2523610041/1775581291.csv,2523610041,1,Mix-45,train,train,train,train,train
C/60101/2523610075/1775581288.csv,2523610075,1,Mix-45,train,train,train,train,train
C/60101/2523610126/1775581289.csv,2523610126,1,Mix-45,train,train,train,train,train
C/60101/2523610134/1775581288.csv,2523610134,1,Mix-45,train,train,train,train,train
C/60101/2523610160/1775581285.csv,2523610160,1,Mix-45,test,train,train,train,train
C/60101/2523610432/1775581289.csv,2523610432,1,Mix-45,train,train,train,train,train
C/60101/2524610033/1775581288.csv,2524610033,1,Mix-45,train,train,train,train,train
C/60101/2524610041/1775581287.csv,2524610041,1,Mix-45,train,train,train,train,train
C/60101/2524610049/1775581288.csv,2524610049,1,Mix-45,test,train,train,train,train
C/60101/2524610074/1775581288.csv,2524610074,1,Mix-45,train,train,test,train,train
C/60101/2524610082/1775581289.csv,2524610082,1,Mix-45,test,train,train,train,train
C/60101/2546610759/1775581288.csv,2546610759,1,Mix-45,train,train,train,train,train
C/60101/2548610286/1775581288.csv,2548610286,1,Mix-45,train,train,train,train,train
C/60102/2521610325/1775581306.csv,2521610325,2,Mix-45,train,train,train,train,train
C/60102/2523610003/1775581306.csv,2523610003,2,Mix-45,train,train,test,train,train
C/60102/2523610075/1775581306.csv,2523610075,2,Mix-45,train,train,train,train,train
C/60102/2523610126/1775581307.csv,2523610126,2,Mix-45,train,train,train,train,train
C/60102/2523610134/1775581306.csv,2523610134,2,Mix-45,train,train,train,train,train
C/60102/2523610160/1775581303.csv,2523610160,2,Mix-45,train,train,train,train,train
C/60102/2523610432/1775581307.csv,2523610432,2,Mix-45,train,train,train,train,train
C/60102/2524610033/1775581306.csv,2524610033,2,Mix-45,test,train,train,train,train
C/60102/2524610041/1775581306.csv,2524610041,2,Mix-45,train,train,train,train,train
C/60102/2524610049/1775581306.csv,2524610049,2,Mix-45,train,train,train,train,train
C/60102/2524610074/1775581306.csv,2524610074,2,Mix-45,train,train,test,train,train
C/60102/2524610082/1775581307.csv,2524610082,2,Mix-45,train,train,train,train,train
C/60102/2546610759/1775581306.csv,2546610759,2,Mix-45,train,train,train,train,train
C/60102/2548610286/1775581306.csv,2548610286,2,Mix-45,train,train,train,train,train
C/60103/2521610325/1775581324.csv,2521610325,3,Mix-45,train,train,train,train,train
C/60103/2523610003/1775581324.csv,2523610003,3,Mix-45,train,train,test,train,train
C/60103/2523610075/1775581324.csv,2523610075,3,Mix-45,train,train,train,train,train
C/60103/2523610126/1775581325.csv,2523610126,3,Mix-45,train,train,train,train,train
C/60103/2523610134/1775581324.csv,2523610134,3,Mix-45,test,train,train,train,train
C/60103/2523610432/1775581325.csv,2523610432,3,Mix-45,train,train,train,train,train
C/60103/2524610033/1775581324.csv,2524610033,3,Mix-45,train,train,train,train,train
C/60103/2524610041/1775581324.csv,2524610041,3,Mix-45,train,train,train,train,train
C/60103/2524610049/1775581325.csv,2524610049,3,Mix-45,train,train,train,train,train
C/60103/2524610074/1775581324.csv,2524610074,3,Mix-45,train,train,test,train,train
C/60103/2524610082/1775581325.csv,2524610082,3,Mix-45,train,train,train,train,train
C/60103/2546610759/1775581324.csv,2546610759,3,Mix-45,test,train,train,train,train
C/60103/2548610286/1775581324.csv,2548610286,3,Mix-45,train,train,train,train,train
C/60104/2521610325/1775581342.csv,2521610325,4,Mix-45,train,test,train,train,train
C/60104/2523610003/1775581342.csv,2523610003,4,Mix-45,train,test,test,train,test
C/60104/2523610075/1775581342.csv,2523610075,4,Mix-45,train,test,train,train,train
C/60104/2523610126/1775581343.csv,2523610126,4,Mix-45,train,test,train,train,train
C/60104/2523610134/1775581343.csv,2523610134,4,Mix-45,train,test,train,train,train
C/60104/2523610160/1775581345.csv,2523610160,4,Mix-45,train,test,train,train,train
C/60104/2523610432/1775581343.csv,2523610432,4,Mix-45,train,test,train,train,train
C/60104/2524610033/1775581342.csv,2524610033,4,Mix-45,train,test,train,train,train
C/60104/2524610041/1775581342.csv,2524610041,4,Mix-45,train,test,train,train,train
C/60104/2524610049/1775581344.csv,2524610049,4,Mix-45,train,test,train,train,train
C/60104/2524610074/1775581342.csv,2524610074,4,Mix-45,train,test,test,train,test
C/60104/2524610082/1775581343.csv,2524610082,4,Mix-45,train,test,train,train,train
C/60104/2546610759/1775581342.csv,2546610759,4,Mix-45,train,test,train,train,train
C/60104/2548610286/1775581342.csv,2548610286,4,Mix-45,train,test,train,train,train
C/60105/2521610325/1775581360.csv,2521610325,5,Mix-45,train,test,train,train,train
C/60105/2523610003/1775581360.csv,2523610003,5,Mix-45,train,test,test,train,test
C/60105/2523610075/1775581360.csv,2523610075,5,Mix-45,train,test,train,train,train
C/60105/2523610126/1775581361.csv,2523610126,5,Mix-45,train,test,train,train,train
C/60105/2523610134/1775581361.csv,2523610134,5,Mix-45,test,test,train,train,train
C/60105/2523610160/1775581363.csv,2523610160,5,Mix-45,test,test,train,train,train
C/60105/2523610432/1775581361.csv,2523610432,5,Mix-45,train,test,train,train,train
C/60105/2524610033/1775581360.csv,2524610033,5,Mix-45,train,test,train,train,train
C/60105/2524610041/1775581360.csv,2524610041,5,Mix-45,train,test,train,train,train
C/60105/2524610049/1775581362.csv,2524610049,5,Mix-45,train,test,train,train,train
C/60105/2524610074/1775581360.csv,2524610074,5,Mix-45,train,test,test,train,test
C/60105/2524610082/1775581361.csv,2524610082,5,Mix-45,train,test,train,train,train
C/60105/2546610759/1775581360.csv,2546610759,5,Mix-45,train,test,train,train,train
C/60105/2548610286/1775581360.csv,2548610286,5,Mix-45,train,test,train,train,train
C/60201/2521610325/1775581378.csv,2521610325,1,Mix-45,train,train,train,train,train
C/60201/2523610003/1775581378.csv,2523610003,1,Mix-45,train,train,test,train,train
C/60201/2523610075/1775581378.csv,2523610075,1,Mix-45,train,train,train,train,train
C/60201/2523610126/1775581379.csv,2523610126,1,Mix-45,test,train,train,train,train
C/60201/2523610134/1775581379.csv,2523610134,1,Mix-45,train,train,train,train,train
C/60201/2523610160/1775581376.csv,2523610160,1,Mix-45,train,train,train,train,train
C/60201/2523610432/1775581379.csv,2523610432,1,Mix-45,train,train,train,train,train
C/60201/2524610033/1775581378.csv,2524610033,1,Mix-45,train,train,train,train,train
C/60201/2524610041/1775581378.csv,2524610041,1,Mix-45,train,train,train,train,train
C/60201/2524610049/1775581380.csv,2524610049,1,Mix-45,train,train,train,train,train
C/60201/2524610074/1775581378.csv,2524610074,1,Mix-45,test,train,test,train,train
C/60201/2524610082/1775581379.csv,2524610082,1,Mix-45,train,train,train,train,train
C/60201/2546610759/1775581378.csv,2546610759,1,Mix-45,train,train,train,train,train
C/60201/2548610286/1775581378.csv,2548610286,1,Mix-45,train,train,train,train,train
C/60202/2521610325/1775581396.csv,2521610325,2,Mix-45,test,train,train,train,train
C/60202/2523610003/1775581396.csv,2523610003,2,Mix-45,train,train,test,train,train
C/60202/2523610075/1775581396.csv,2523610075,2,Mix-45,test,train,train,train,train
C/60202/2523610126/1775581397.csv,2523610126,2,Mix-45,train,train,train,train,train
C/60202/2523610134/1775581397.csv,2523610134,2,Mix-45,train,train,train,train,train
C/60202/2523610160/1775581394.csv,2523610160,2,Mix-45,test,train,train,train,train
C/60202/2523610432/1775581397.csv,2523610432,2,Mix-45,train,train,train,train,train
C/60202/2524610033/1775581396.csv,2524610033,2,Mix-45,train,train,train,train,train
C/60202/2524610041/1775581396.csv,2524610041,2,Mix-45,test,train,train,train,train
C/60202/2524610049/1775581398.csv,2524610049,2,Mix-45,train,train,train,train,train
C/60202/2524610074/1775581396.csv,2524610074,2,Mix-45,train,train,test,train,train
C/60202/2524610082/1775581397.csv,2524610082,2,Mix-45,test,train,train,train,train
C/60202/2546610759/1775581396.csv,2546610759,2,Mix-45,test,train,train,train,train
C/60202/2548610286/1775581396.csv,2548610286,2,Mix-45,test,train,train,train,train
C/60203/2521610325/1775581414.csv,2521610325,3,Mix-45,test,train,train,train,train
C/60203/2523610003/1775581414.csv,2523610003,3,Mix-45,train,train,test,train,train
C/60203/2523610041/1775581414.csv,2523610041,3,Mix-45,test,train,train,train,train
C/60203/2523610075/1775581414.csv,2523610075,3,Mix-45,train,train,train,train,train
C/60203/2523610126/1775581415.csv,2523610126,3,Mix-45,train,train,train,train,train
C/60203/2523610134/1775581415.csv,2523610134,3,Mix-45,train,train,train,train,train
C/60203/2523610432/1775581415.csv,2523610432,3,Mix-45,test,train,train,train,train
C/60203/2524610033/1775581414.csv,2524610033,3,Mix-45,train,train,train,train,train
C/60203/2524610041/1775581414.csv,2524610041,3,Mix-45,test,train,train,train,train
C/60203/2524610074/1775581414.csv,2524610074,3,Mix-45,train,train,test,train,train
C/60203/2524610082/1775581415.csv,2524610082,3,Mix-45,train,train,train,train,train
C/60203/2546610759/1775581414.csv,2546610759,3,Mix-45,train,train,train,train,train
C/60203/2548610286/1775581414.csv,2548610286,3,Mix-45,train,train,train,train,train
C/60204/2521610325/1775581432.csv,2521610325,4,Mix-45,train,test,train,train,train
C/60204/2523610003/1775581432.csv,2523610003,4,Mix-45,train,test,test,train,test
C/60204/2523610041/1775581432.csv,2523610041,4,Mix-45,train,test,train,train,train
C/60204/2523610075/1775581432.csv,2523610075,4,Mix-45,train,test,train,train,train
C/60204/2523610126/1775581433.csv,2523610126,4,Mix-45,train,test,train,train,train
C/60204/2523610134/1775581433.csv,2523610134,4,Mix-45,train,test,train,train,train
C/60204/2523610432/1775581433.csv,2523610432,4,Mix-45,train,test,train,train,train
C/60204/2524610033/1775581433.csv,2524610033,4,Mix-45,train,test,train,train,train
C/60204/2524610041/1775581432.csv,2524610041,4,Mix-45,train,test,train,train,train
C/60204/2524610074/1775581432.csv,2524610074,4,Mix-45,train,test,test,train,test
C/60204/2524610082/1775581433.csv,2524610082,4,Mix-45,train,test,train,train,train
C/60204/2546610759/1775581432.csv,2546610759,4,Mix-45,train,test,train,train,train
C/60204/2548610286/1775581432.csv,2548610286,4,Mix-45,train,test,train,train,train
C/60205/2521610325/1775581450.csv,2521610325,5,Mix-45,train,test,train,train,train
C/60205/2523610003/1775581450.csv,2523610003,5,Mix-45,train,test,test,train,test
C/60205/2523610075/1775581450.csv,2523610075,5,Mix-45,train,test,train,train,train
C/60205/2523610126/1775581451.csv,2523610126,5,Mix-45,train,test,train,train,train
C/60205/2523610134/1775581451.csv,2523610134,5,Mix-45,test,test,train,train,train
C/60205/2523610432/1775581451.csv,2523610432,5,Mix-45,train,test,train,train,train
C/60205/2524610033/1775581451.csv,2524610033,5,Mix-45,train,test,train,train,train
C/60205/2524610041/1775581450.csv,2524610041,5,Mix-45,test,test,train,train,train
C/60205/2524610074/1775581450.csv,2524610074,5,Mix-45,train,test,test,train,test
C/60205/2524610082/1775581451.csv,2524610082,5,Mix-45,train,test,train,train,train
C/60205/2546610759/1775581450.csv,2546610759,5,Mix-45,test,test,train,train,train
C/60205/2548610286/1775581450.csv,2548610286,5,Mix-45,train,test,train,train,train
C/60301/2521610325/1775581469.csv,2521610325,1,Mix-45,test,train,train,train,train
C/60301/2523610003/1775581468.csv,2523610003,1,Mix-45,train,train,test,train,train
C/60301/2523610075/1775581468.csv,2523610075,1,Mix-45,train,train,train,train,train
C/60301/2523610126/1775581469.csv,2523610126,1,Mix-45,train,train,train,train,train
C/60301/2523610134/1775581469.csv,2523610134,1,Mix-45,train,train,train,train,train
C/60301/2523610432/1775581469.csv,2523610432,1,Mix-45,test,train,train,train,train
C/60301/2524610033/1775581469.csv,2524610033,1,Mix-45,train,train,train,train,train
C/60301/2524610041/1775581468.csv,2524610041,1,Mix-45,train,train,train,train,train
C/60301/2524610074/1775581468.csv,2524610074,1,Mix-45,train,train,test,train,train
C/60301/2524610082/1775581469.csv,2524610082,1,Mix-45,train,train,train,train,train
C/60301/2546610759/1775581468.csv,2546610759,1,Mix-45,train,train,train,train,train
C/60301/2548610286/1775581468.csv,2548610286,1,Mix-45,test,train,train,train,train
C/60302/2521610325/1775581487.csv,2521610325,2,Mix-45,train,train,train,train,train
C/60302/2523610003/1775581486.csv,2523610003,2,Mix-45,test,train,test,train,train
C/60302/2523610075/1775581486.csv,2523610075,2,Mix-45,train,train,train,train,train
C/60302/2523610126/1775581487.csv,2523610126,2,Mix-45,train,train,train,train,train
C/60302/2523610134/1775581487.csv,2523610134,2,Mix-45,train,train,train,train,train
C/60302/2523610432/1775581487.csv,2523610432,2,Mix-45,train,train,train,train,train
C/60302/2524610033/1775581487.csv,2524610033,2,Mix-45,train,train,train,train,train
C/60302/2524610041/1775581486.csv,2524610041,2,Mix-45,train,train,train,train,train
C/60302/2524610074/1775581486.csv,2524610074,2,Mix-45,train,train,test,train,train
C/60302/2524610082/1775581487.csv,2524610082,2,Mix-45,test,train,train,train,train
C/60302/2546610759/1775581486.csv,2546610759,2,Mix-45,test,train,train,train,train
C/60302/2548610286/1775581486.csv,2548610286,2,Mix-45,test,train,train,train,train
C/60303/2521610325/1775581503.csv,2521610325,3,Mix-45,test,train,train,train,train
C/60303/2523610003/1775581503.csv,2523610003,3,Mix-45,train,train,test,train,train
C/60303/2523610041/1775581505.csv,2523610041,3,Mix-45,train,train,train,train,train
C/60303/2523610075/1775581504.csv,2523610075,3,Mix-45,test,train,train,train,train
C/60303/2523610126/1775581505.csv,2523610126,3,Mix-45,test,train,train,train,train
C/60303/2523610134/1775581504.csv,2523610134,3,Mix-45,test,train,train,train,train
C/60303/2523610432/1775581503.csv,2523610432,3,Mix-45,train,train,train,train,train
C/60303/2524610033/1775581505.csv,2524610033,3,Mix-45,train,train,train,train,train
C/60303/2524610041/1775581504.csv,2524610041,3,Mix-45,test,train,train,train,train
C/60303/2524610049/1775581504.csv,2524610049,3,Mix-45,test,train,train,train,train
C/60303/2524610074/1775581503.csv,2524610074,3,Mix-45,train,train,test,train,train
C/60303/2524610082/1775581504.csv,2524610082,3,Mix-45,test,train,train,train,train
C/60303/2546610759/1775581504.csv,2546610759,3,Mix-45,train,train,train,train,train
C/60303/2548610286/1775581504.csv,2548610286,3,Mix-45,test,train,train,train,train
C/60304/2521610325/1775581521.csv,2521610325,4,Mix-45,train,test,train,train,train
C/60304/2523610003/1775581521.csv,2523610003,4,Mix-45,test,test,test,train,test
C/60304/2523610041/1775581519.csv,2523610041,4,Mix-45,train,test,train,train,train
C/60304/2523610041/1775581523.csv,2523610041,4,Mix-45,train,test,train,train,train
C/60304/2523610075/1775581522.csv,2523610075,4,Mix-45,train,test,train,train,train
C/60304/2523610126/1775581523.csv,2523610126,4,Mix-45,train,test,train,train,train
C/60304/2523610134/1775581522.csv,2523610134,4,Mix-45,train,test,train,train,train
C/60304/2523610160/1775581519.csv,2523610160,4,Mix-45,test,test,train,train,train
C/60304/2523610432/1775581521.csv,2523610432,4,Mix-45,train,test,train,train,train
C/60304/2524610033/1775581523.csv,2524610033,4,Mix-45,test,test,train,train,train
C/60304/2524610041/1775581522.csv,2524610041,4,Mix-45,train,test,train,train,train
C/60304/2524610049/1775581522.csv,2524610049,4,Mix-45,train,test,train,train,train
C/60304/2524610074/1775581521.csv,2524610074,4,Mix-45,train,test,test,train,test
C/60304/2524610082/1775581522.csv,2524610082,4,Mix-45,train,test,train,train,train
C/60304/2546610759/1775581522.csv,2546610759,4,Mix-45,train,test,train,train,train
C/60304/2548610286/1775581522.csv,2548610286,4,Mix-45,test,test,train,train,train
C/60305/2521610325/1775581539.csv,2521610325,5,Mix-45,test,test,train,train,train
C/60305/2523610003/1775581539.csv,2523610003,5,Mix-45,train,test,test,train,test
C/60305/2523610041/1775581541.csv,2523610041,5,Mix-45,test,test,train,train,train
C/60305/2523610075/1775581540.csv,2523610075,5,Mix-45,train,test,train,train,train
C/60305/2523610126/1775581541.csv,2523610126,5,Mix-45,train,test,train,train,train
C/60305/2523610134/1775581540.csv,2523610134,5,Mix-45,train,test,train,train,train
C/60305/2523610160/1775581537.csv,2523610160,5,Mix-45,train,test,train,train,train
C/60305/2523610432/1775581539.csv,2523610432,5,Mix-45,train,test,train,train,train
C/60305/2524610033/1775581541.csv,2524610033,5,Mix-45,train,test,train,train,train
C/60305/2524610041/1775581540.csv,2524610041,5,Mix-45,train,test,train,train,train
C/60305/2524610049/1775581541.csv,2524610049,5,Mix-45,train,test,train,train,train
C/60305/2524610074/1775581539.csv,2524610074,5,Mix-45,train,test,test,train,test
C/60305/2524610082/1775581540.csv,2524610082,5,Mix-45,train,test,train,train,train
C/60305/2546610759/1775581540.csv,2546610759,5,Mix-45,train,test,train,train,train
C/60305/2548610286/1775581540.csv,2548610286,5,Mix-45,test,test,train,train,train
C/60401/2521610325/1775581557.csv,2521610325,1,Mix-45,train,train,train,train,train
C/60401/2523610003/1775581557.csv,2523610003,1,Mix-45,train,train,test,train,train
C/60401/2523610041/1775581559.csv,2523610041,1,Mix-45,train,train,train,train,train
C/60401/2523610075/1775581558.csv,2523610075,1,Mix-45,train,train,train,train,train
C/60401/2523610126/1775581559.csv,2523610126,1,Mix-45,train,train,train,train,train
C/60401/2523610134/1775581558.csv,2523610134,1,Mix-45,test,train,train,train,train
C/60401/2523610160/1775581557.csv,2523610160,1,Mix-45,train,train,train,train,train
C/60401/2523610432/1775581557.csv,2523610432,1,Mix-45,train,train,train,train,train
C/60401/2524610033/1775581559.csv,2524610033,1,Mix-45,train,train,train,train,train
C/60401/2524610041/1775581558.csv,2524610041,1,Mix-45,train,train,train,train,train
C/60401/2524610049/1775581559.csv,2524610049,1,Mix-45,train,train,train,train,train
C/60401/2524610074/1775581557.csv,2524610074,1,Mix-45,train,train,test,train,train
C/60401/2524610082/1775581558.csv,2524610082,1,Mix-45,test,train,train,train,train
C/60401/2546610759/1775581558.csv,2546610759,1,Mix-45,train,train,train,train,train
C/60401/2548610286/1775581558.csv,2548610286,1,Mix-45,train,train,train,train,train
C/60402/2521610325/1775581575.csv,2521610325,2,Mix-45,train,train,train,train,train
C/60402/2523610003/1775581575.csv,2523610003,2,Mix-45,test,train,test,train,train
C/60402/2523610041/1775581578.csv,2523610041,2,Mix-45,train,train,train,train,train
C/60402/2523610075/1775581575.csv,2523610075,2,Mix-45,train,train,train,train,train
C/60402/2523610126/1775581575.csv,2523610126,2,Mix-45,test,train,train,train,train
C/60402/2523610134/1775581576.csv,2523610134,2,Mix-45,train,train,train,train,train
C/60402/2523610160/1775581575.csv,2523610160,2,Mix-45,test,train,train,train,train
C/60402/2523610432/1775581576.csv,2523610432,2,Mix-45,train,train,train,train,train
C/60402/2524610033/1775581575.csv,2524610033,2,Mix-45,train,train,train,train,train
C/60402/2524610041/1775581576.csv,2524610041,2,Mix-45,test,train,train,train,train
C/60402/2524610049/1775581579.csv,2524610049,2,Mix-45,train,train,train,train,train
C/60402/2524610074/1775581575.csv,2524610074,2,Mix-45,train,train,test,train,train
C/60402/2524610082/1775581576.csv,2524610082,2,Mix-45,train,train,train,train,train
C/60402/2546610759/1775581576.csv,2546610759,2,Mix-45,train,train,train,train,train
C/60402/2548610286/1775581575.csv,2548610286,2,Mix-45,test,train,train,train,train
C/60403/2521610325/1775581593.csv,2521610325,3,Mix-45,train,train,train,train,train
C/60403/2523610003/1775581593.csv,2523610003,3,Mix-45,test,train,test,train,train
C/60403/2523610041/1775581596.csv,2523610041,3,Mix-45,train,train,train,train,train
C/60403/2523610075/1775581593.csv,2523610075,3,Mix-45,train,train,train,train,train
C/60403/2523610126/1775581593.csv,2523610126,3,Mix-45,train,train,train,train,train
C/60403/2523610134/1775581594.csv,2523610134,3,Mix-45,train,train,train,train,train
C/60403/2523610432/1775581594.csv,2523610432,3,Mix-45,test,train,train,train,train
C/60403/2524610033/1775581593.csv,2524610033,3,Mix-45,train,train,train,train,train
C/60403/2524610041/1775581594.csv,2524610041,3,Mix-45,train,train,train,train,train
C/60403/2524610049/1775581597.csv,2524610049,3,Mix-45,train,train,train,train,train
C/60403/2524610074/1775581593.csv,2524610074,3,Mix-45,train,train,test,train,train
C/60403/2524610082/1775581594.csv,2524610082,3,Mix-45,test,train,train,train,train
C/60403/2546610759/1775581594.csv,2546610759,3,Mix-45,train,train,train,train,train
C/60403/2548610286/1775581593.csv,2548610286,3,Mix-45,train,train,train,train,train
C/60404/2521610325/1775581612.csv,2521610325,4,Mix-45,train,test,train,train,train
C/60404/2523610003/1775581612.csv,2523610003,4,Mix-45,train,test,test,train,test
C/60404/2523610075/1775581611.csv,2523610075,4,Mix-45,test,test,train,train,train
C/60404/2523610126/1775581611.csv,2523610126,4,Mix-45,train,test,train,train,train
C/60404/2523610134/1775581612.csv,2523610134,4,Mix-45,train,test,train,train,train
C/60404/2523610432/1775581612.csv,2523610432,4,Mix-45,train,test,train,train,train
C/60404/2524610033/1775581611.csv,2524610033,4,Mix-45,train,test,train,train,train
C/60404/2524610041/1775581612.csv,2524610041,4,Mix-45,test,test,train,train,train
C/60404/2524610074/1775581611.csv,2524610074,4,Mix-45,train,test,test,train,test
C/60404/2524610082/1775581612.csv,2524610082,4,Mix-45,train,test,train,train,train
C/60404/2546610759/1775581612.csv,2546610759,4,Mix-45,train,test,train,train,train
C/60404/2548610286/1775581611.csv,2548610286,4,Mix-45,test,test,train,train,train
C/60405/2521610325/1775581630.csv,2521610325,5,Mix-45,test,test,train,train,train
C/60405/2523610003/1775581630.csv,2523610003,5,Mix-45,train,test,test,train,test
C/60405/2523610075/1775581629.csv,2523610075,5,Mix-45,train,test,train,train,train
C/60405/2523610126/1775581629.csv,2523610126,5,Mix-45,train,test,train,train,train
C/60405/2523610134/1775581630.csv,2523610134,5,Mix-45,train,test,train,train,train
C/60405/2523610432/1775581630.csv,2523610432,5,Mix-45,train,test,train,train,train
C/60405/2524610033/1775581629.csv,2524610033,5,Mix-45,test,test,train,train,train
C/60405/2524610041/1775581630.csv,2524610041,5,Mix-45,test,test,train,train,train
C/60405/2524610074/1775581629.csv,2524610074,5,Mix-45,train,test,test,train,test
C/60405/2524610082/1775581630.csv,2524610082,5,Mix-45,train,test,train,train,train
C/60405/2546610759/1775581630.csv,2546610759,5,Mix-45,train,test,train,train,train
C/60405/2548610286/1775581629.csv,2548610286,5,Mix-45,train,test,train,train,train
C/60501/2521610325/1775581648.csv,2521610325,1,Mix-45,train,train,train,test,train
C/60501/2523610003/1775581648.csv,2523610003,1,Mix-45,train,train,test,test,train
C/60501/2523610075/1775581647.csv,2523610075,1,Mix-45,test,train,train,test,train
C/60501/2523610126/1775581648.csv,2523610126,1,Mix-45,train,train,train,test,train
C/60501/2523610134/1775581648.csv,2523610134,1,Mix-45,test,train,train,test,train
C/60501/2523610432/1775581648.csv,2523610432,1,Mix-45,train,train,train,test,train
C/60501/2524610033/1775581647.csv,2524610033,1,Mix-45,train,train,train,test,train
C/60501/2524610041/1775581648.csv,2524610041,1,Mix-45,train,train,train,test,train
C/60501/2524610074/1775581648.csv,2524610074,1,Mix-45,test,train,test,test,train
C/60501/2524610082/1775581648.csv,2524610082,1,Mix-45,train,train,train,test,train
C/60501/2546610759/1775581649.csv,2546610759,1,Mix-45,train,train,train,test,train
C/60501/2548610286/1775581647.csv,2548610286,1,Mix-45,train,train,train,test,train
C/60502/2521610325/1775581666.csv,2521610325,2,Mix-45,train,train,train,test,train
C/60502/2523610003/1775581666.csv,2523610003,2,Mix-45,train,train,test,test,train
C/60502/2523610041/1775581668.csv,2523610041,2,Mix-45,train,train,train,test,train
C/60502/2523610075/1775581665.csv,2523610075,2,Mix-45,train,train,train,test,train
C/60502/2523610126/1775581666.csv,2523610126,2,Mix-45,test,train,train,test,train
C/60502/2523610134/1775581666.csv,2523610134,2,Mix-45,train,train,train,test,train
C/60502/2523610160/1775581664.csv,2523610160,2,Mix-45,train,train,train,test,train
C/60502/2523610432/1775581665.csv,2523610432,2,Mix-45,train,train,train,test,train
C/60502/2524610033/1775581665.csv,2524610033,2,Mix-45,train,train,train,test,train
C/60502/2524610041/1775581666.csv,2524610041,2,Mix-45,test,train,train,test,train
C/60502/2524610049/1775581668.csv,2524610049,2,Mix-45,train,train,train,test,train
C/60502/2524610074/1775581665.csv,2524610074,2,Mix-45,train,train,test,test,train
C/60502/2524610082/1775581666.csv,2524610082,2,Mix-45,test,train,train,test,train
C/60502/2546610759/1775581666.csv,2546610759,2,Mix-45,train,train,train,test,train
C/60502/2548610286/1775581665.csv,2548610286,2,Mix-45,train,train,train,test,train
C/60503/2521610325/1775581684.csv,2521610325,3,Mix-45,train,train,train,test,train
C/60503/2523610003/1775581684.csv,2523610003,3,Mix-45,train,train,test,test,train
C/60503/2523610041/1775581686.csv,2523610041,3,Mix-45,train,train,train,test,train
C/60503/2523610075/1775581683.csv,2523610075,3,Mix-45,train,train,train,test,train
C/60503/2523610126/1775581684.csv,2523610126,3,Mix-45,train,train,train,test,train
C/60503/2523610134/1775581684.csv,2523610134,3,Mix-45,train,train,train,test,train
C/60503/2523610432/1775581684.csv,2523610432,3,Mix-45,test,train,train,test,train
C/60503/2524610033/1775581683.csv,2524610033,3,Mix-45,train,train,train,test,train
C/60503/2524610041/1775581684.csv,2524610041,3,Mix-45,train,train,train,test,train
C/60503/2524610049/1775581686.csv,2524610049,3,Mix-45,train,train,train,test,train
C/60503/2524610074/1775581684.csv,2524610074,3,Mix-45,train,train,test,test,train
C/60503/2524610082/1775581684.csv,2524610082,3,Mix-45,train,train,train,test,train
C/60503/2546610759/1775581685.csv,2546610759,3,Mix-45,train,train,train,test,train
C/60503/2548610286/1775581683.csv,2548610286,3,Mix-45,test,train,train,test,train
C/60504/2521610325/1775581702.csv,2521610325,4,Mix-45,test,test,train,test,train
C/60504/2523610003/1775581702.csv,2523610003,4,Mix-45,test,test,test,test,test
C/60504/2523610075/1775581701.csv,2523610075,4,Mix-45,train,test,train,test,train
C/60504/2523610126/1775581702.csv,2523610126,4,Mix-45,train,test,train,test,train
C/60504/2523610134/1775581702.csv,2523610134,4,Mix-45,train,test,train,test,train
C/60504/2523610432/1775581702.csv,2523610432,4,Mix-45,train,test,train,test,train
C/60504/2524610033/1775581701.csv,2524610033,4,Mix-45,train,test,train,test,train
C/60504/2524610041/1775581702.csv,2524610041,4,Mix-45,train,test,train,test,train
C/60504/2524610074/1775581702.csv,2524610074,4,Mix-45,train,test,test,test,test
C/60504/2524610082/1775581702.csv,2524610082,4,Mix-45,train,test,train,test,train
C/60504/2546610759/1775581701.csv,2546610759,4,Mix-45,train,test,train,test,train
C/60504/2548610286/1775581701.csv,2548610286,4,Mix-45,train,test,train,test,train
C/60505/2521610325/1775581720.csv,2521610325,5,Mix-45,train,test,train,test,train
C/60505/2523610003/1775581720.csv,2523610003,5,Mix-45,train,test,test,test,test
C/60505/2523610075/1775581719.csv,2523610075,5,Mix-45,train,test,train,test,train
C/60505/2523610126/1775581720.csv,2523610126,5,Mix-45,train,test,train,test,train
C/60505/2523610134/1775581720.csv,2523610134,5,Mix-45,test,test,train,test,train
C/60505/2523610432/1775581720.csv,2523610432,5,Mix-45,train,test,train,test,train
C/60505/2524610033/1775581719.csv,2524610033,5,Mix-45,train,test,train,test,train
C/60505/2524610041/1775581720.csv,2524610041,5,Mix-45,train,test,train,test,train
C/60505/2524610074/1775581720.csv,2524610074,5,Mix-45,train,test,test,test,test
C/60505/2524610082/1775581720.csv,2524610082,5,Mix-45,test,test,train,test,train
C/60505/2546610759/1775581719.csv,2546610759,5,Mix-45,train,test,train,test,train
C/60505/2548610286/1775581719.csv,2548610286,5,Mix-45,test,test,train,test,train
C/60601/2521610325/1775581738.csv,2521610325,1,Mix-45,test,train,train,train,train
C/60601/2523610003/1775581738.csv,2523610003,1,Mix-45,train,train,test,train,train
C/60601/2523610075/1775581738.csv,2523610075,1,Mix-45,train,train,train,train,train
C/60601/2523610126/1775581738.csv,2523610126,1,Mix-45,train,train,train,train,train
C/60601/2523610134/1775581738.csv,2523610134,1,Mix-45,train,train,train,train,train
C/60601/2523610432/1775581738.csv,2523610432,1,Mix-45,train,train,train,train,train
C/60601/2524610033/1775581737.csv,2524610033,1,Mix-45,train,train,train,train,train
C/60601/2524610041/1775581738.csv,2524610041,1,Mix-45,train,train,train,train,train
C/60601/2524610074/1775581738.csv,2524610074,1,Mix-45,train,train,test,train,train
C/60601/2524610082/1775581738.csv,2524610082,1,Mix-45,train,train,train,train,train
C/60601/2546610759/1775581737.csv,2546610759,1,Mix-45,train,train,train,train,train
C/60601/2548610286/1775581737.csv,2548610286,1,Mix-45,test,train,train,train,train
C/60602/2521610325/1775581756.csv,2521610325,2,Mix-45,train,train,train,train,train
C/60602/2523610003/1775581756.csv,2523610003,2,Mix-45,train,train,test,train,train
C/60602/2523610041/1775581754.csv,2523610041,2,Mix-45,test,train,train,train,train
C/60602/2523610075/1775581756.csv,2523610075,2,Mix-45,train,train,train,train,train
C/60602/2523610126/1775581756.csv,2523610126,2,Mix-45,train,train,train,train,train
C/60602/2523610134/1775581756.csv,2523610134,2,Mix-45,train,train,train,train,train
C/60602/2523610432/1775581756.csv,2523610432,2,Mix-45,train,train,train,train,train
C/60602/2524610033/1775581755.csv,2524610033,2,Mix-45,test,train,train,train,train
C/60602/2524610041/1775581756.csv,2524610041,2,Mix-45,train,train,train,train,train
C/60602/2524610074/1775581756.csv,2524610074,2,Mix-45,train,train,test,train,train
C/60602/2524610082/1775581756.csv,2524610082,2,Mix-45,train,train,train,train,train
C/60602/2546610759/1775581755.csv,2546610759,2,Mix-45,train,train,train,train,train
C/60602/2548610286/1775581755.csv,2548610286,2,Mix-45,train,train,train,train,train
C/60603/2521610325/1775581774.csv,2521610325,3,Mix-45,train,train,train,train,train
C/60603/2523610003/1775581774.csv,2523610003,3,Mix-45,train,train,test,train,train
C/60603/2523610041/1775581776.csv,2523610041,3,Mix-45,train,train,train,train,train
C/60603/2523610075/1775581774.csv,2523610075,3,Mix-45,train,train,train,train,train
C/60603/2523610126/1775581774.csv,2523610126,3,Mix-45,test,train,train,train,train
C/60603/2523610134/1775581774.csv,2523610134,3,Mix-45,train,train,train,train,train
C/60603/2523610160/1775581776.csv,2523610160,3,Mix-45,train,train,train,train,train
C/60603/2523610432/1775581774.csv,2523610432,3,Mix-45,train,train,train,train,train
C/60603/2524610033/1775581773.csv,2524610033,3,Mix-45,test,train,train,train,train
C/60603/2524610041/1775581774.csv,2524610041,3,Mix-45,train,train,train,train,train
C/60603/2524610074/1775581774.csv,2524610074,3,Mix-45,test,train,test,train,train
C/60603/2524610082/1775581774.csv,2524610082,3,Mix-45,train,train,train,train,train
C/60603/2546610759/1775581774.csv,2546610759,3,Mix-45,test,train,train,train,train
C/60603/2548610286/1775581773.csv,2548610286,3,Mix-45,test,train,train,train,train
C/60604/2521610325/1775581792.csv,2521610325,4,Mix-45,train,test,train,train,train
C/60604/2523610003/1775581792.csv,2523610003,4,Mix-45,train,test,test,train,test
C/60604/2523610041/1775581794.csv,2523610041,4,Mix-45,train,test,train,train,train
C/60604/2523610075/1775581792.csv,2523610075,4,Mix-45,train,test,train,train,train
C/60604/2523610126/1775581792.csv,2523610126,4,Mix-45,train,test,train,train,train
C/60604/2523610134/1775581792.csv,2523610134,4,Mix-45,train,test,train,train,train
C/60604/2523610160/1775581794.csv,2523610160,4,Mix-45,test,test,train,train,train
C/60604/2523610432/1775581792.csv,2523610432,4,Mix-45,train,test,train,train,train
C/60604/2524610033/1775581791.csv,2524610033,4,Mix-45,train,test,train,train,train
C/60604/2524610041/1775581792.csv,2524610041,4,Mix-45,train,test,train,train,train
C/60604/2524610074/1775581792.csv,2524610074,4,Mix-45,train,test,test,train,test
C/60604/2524610082/1775581792.csv,2524610082,4,Mix-45,train,test,train,train,train
C/60604/2546610759/1775581792.csv,2546610759,4,Mix-45,train,test,train,train,train
C/60604/2548610286/1775581791.csv,2548610286,4,Mix-45,train,test,train,train,train
C/60605/2521610325/1775581810.csv,2521610325,5,Mix-45,test,test,train,train,train
C/60605/2523610003/1775581810.csv,2523610003,5,Mix-45,train,test,test,train,test
C/60605/2523610075/1775581810.csv,2523610075,5,Mix-45,test,test,train,train,train
C/60605/2523610126/1775581810.csv,2523610126,5,Mix-45,train,test,train,train,train
C/60605/2523610134/1775581810.csv,2523610134,5,Mix-45,train,test,train,train,train
C/60605/2523610432/1775581810.csv,2523610432,5,Mix-45,train,test,train,train,train
C/60605/2524610033/1775581809.csv,2524610033,5,Mix-45,train,test,train,train,train
C/60605/2524610041/1775581810.csv,2524610041,5,Mix-45,test,test,train,train,train
C/60605/2524610074/1775581810.csv,2524610074,5,Mix-45,train,test,test,train,test
C/60605/2524610082/1775581810.csv,2524610082,5,Mix-45,train,test,train,train,train
C/60605/2546610759/1775581810.csv,2546610759,5,Mix-45,test,test,train,train,train
C/60605/2548610286/1775581809.csv,2548610286,5,Mix-45,train,test,train,train,train
